station_id,datetime_utc,wind_speed_mps,wave_height_m,dominant_period_s,mean_wave_dir_deg,atm_pressure_hpa,air_temp_c,sea_surface_temp_c
46011,2017-01-01,5.054,2.243,11.88,304.5,1014.808,10.925,12.996
46011,2017-01-08,7.301,1.712,9.879,266.19,1018.021,12.518,13.066
46011,2017-01-15,5.767,2.343,11.111,282.156,1017.981,12.616,13.063
46011,2017-01-22,6.119,3.598,14.905,284.163,1013.912,12.251,12.991
46011,2017-01-29,5.274,3.318,14.539,294.149,1024.173,11.551,12.906
46011,2017-02-05,4.622,1.985,12.88,278.383,1018.847,12.921,13.123
46011,2017-02-12,5.532,2.179,11.398,268.226,1018.391,13.411,13.493
46011,2017-02-19,6.916,2.679,13.313,272.85,1011.763,12.876,13.319
46011,2017-02-26,7.808,2.541,12.539,287.655,1020.908,11.518,12.805
46011,2017-03-05,5.899,1.932,13.266,294.839,1018.965,12.129,12.792
46011,2017-03-12,7.708,1.994,12.247,290.554,1020.939,12.484,12.083
46011,2017-03-19,4.309,1.215,11.712,278.383,1018.716,12.216,13.151
46011,2017-03-26,6.751,1.974,12.103,275.114,1020.01,13.217,13.841
46011,2017-04-02,7.985,3.019,12.982,299.891,1017.914,12.615,12.881
46011,2017-04-09,5.789,2.448,13.69,292.22,1016.785,12.264,13.053
46011,2017-04-16,6.08,2.122,12.45,294.357,1018.101,12.687,12.878
46011,2017-04-23,7.378,2.064,13.305,267.696,1018.58,13.705,13.52
46011,2017-04-30,10.109,2.616,9.864,304.994,1016.599,12.574,11.882
46011,2017-05-07,6.72,2.544,12.685,268.765,1013.344,12.783,13.325
46011,2017-05-14,6.687,2.459,10.688,312.386,1016.469,12.007,11.861
46011,2017-05-21,6.9,1.822,8.795,304.881,1015.339,11.386,11.347
46011,2017-05-28,4.124,1.262,12.472,254.915,1015.224,12.207,12.485
46011,2017-06-04,9.007,2.12,7.791,303.582,1013.204,12.387,12.254
46011,2017-06-11,6.46,1.777,10.051,271.402,1014.451,12.624,12.643
46011,2017-06-18,8.827,2.224,8.146,305.44,1013.879,13.021,12.495
46011,2017-06-25,5.104,1.763,11.934,259.671,1011.823,13.337,13.739
46011,2017-07-02,8.434,1.923,9.418,286.754,1014.231,13.584,14.075
46011,2017-07-09,6.657,1.598,9.837,267.39,1014.715,13.976,14.408
46011,2017-07-16,4.956,1.665,12.231,228.573,1014.637,13.935,14.447
46011,2017-07-23,6.896,1.963,8.16,308.636,1014.074,14.273,15.335
46011,2017-07-30,3.618,1.341,9.122,301.643,1015.292,14.267,15.681
46011,2017-08-06,4.56,1.189,13.091,199.798,1014.321,15.676,16.166
46011,2017-08-13,7.121,1.357,8.072,286.321,1013.578,14.968,14.83
46011,2017-08-20,3.453,1.442,10.818,268.143,1014.678,15.596,15.431
46011,2017-08-27,4.663,1.498,9.529,287.743,1013.887,15.962,17.087
46011,2017-09-03,5.751,1.642,9.68,282.006,1010.049,16.553,16.577
46011,2017-09-10,3.923,1.365,13.489,261.5,1014.208,18.078,18.109
46011,2017-09-17,4.145,1.392,10.658,283.696,1013.264,17.784,18.149
46011,2017-09-24,8.025,1.927,9.9,311.935,1012.806,16.099,15.69
46011,2017-10-01,6.176,1.606,8.347,302.345,1011.959,16.527,17.073
46011,2017-10-08,7.312,2.104,11.595,285.5,1011.755,15.539,15.561
46011,2017-10-15,5.193,2.307,10.852,303.298,1014.134,16.066,16.026
46011,2017-10-22,6.749,2.38,14.292,269.369,1017.822,15.427,14.954
46011,2017-10-29,4.255,2.351,13.943,286.935,1014.398,15.541,14.385
46011,2017-11-05,3.262,1.542,12.732,292.149,1015.507,15.03,15.514
46011,2017-11-12,5.02,1.67,11.619,285.685,1017.999,15.243,16.117
46011,2017-11-19,4.862,1.822,11.938,285.0,1018.69,14.97,15.14
46011,2017-11-26,5.082,1.486,12.391,295.613,1016.837,16.818,16.615
46011,2017-12-03,6.493,3.259,15.491,307.236,1016.84,14.995,15.442
46011,2017-12-10,4.952,1.699,13.904,284.257,1022.474,14.878,15.066
46011,2017-12-17,5.14,2.497,13.545,288.545,1017.403,15.276,14.989
46011,2017-12-24,4.339,1.624,12.344,297.131,1022.263,12.98,14.329
46011,2017-12-31,4.273,1.491,13.177,284.512,1019.606,13.87,13.903
46011,2018-01-07,3.422,1.474,13.35,283.018,1020.004,14.012,14.52
46011,2018-01-14,6.51,2.495,13.954,285.625,1017.068,14.654,14.618
46011,2018-01-21,6.614,3.517,15.231,290.565,1020.661,13.485,14.534
46011,2018-01-28,6.146,2.697,13.582,301.738,1023.381,13.199,13.791
46011,2018-02-04,3.477,1.497,10.947,303.527,1017.733,14.887,13.801
46011,2018-02-11,4.808,1.503,12.558,277.587,1016.296,13.708,14.151
46011,2018-02-18,6.218,2.163,10.324,310.182,1018.205,13.1,13.712
46011,2018-02-25,8.683,2.646,12.209,309.904,1022.657,10.426,12.644
46011,2018-03-04,6.329,2.607,11.971,299.952,1018.799,10.965,12.553
46011,2018-03-11,3.913,1.424,13.201,284.869,1017.942,12.761,13.424
46011,2018-03-18,4.813,1.921,12.084,300.563,1017.219,12.534,13.763
46011,2018-03-25,7.014,1.955,11.402,279.898,1017.403,12.653,13.523
46011,2018-04-01,5.404,1.788,10.535,298.22,1018.639,12.193,13.645
46011,2018-04-08,6.626,1.536,12.016,261.446,1016.38,13.167,13.639
46011,2018-04-15,7.641,2.809,13.101,300.304,1019.738,12.95,12.691
46011,2018-04-22,7.07,2.4,11.664,299.125,1018.82,12.04,12.132
46011,2018-04-29,5.891,1.935,13.548,291.512,1017.295,12.312,12.655
46011,2018-05-06,7.408,1.87,9.399,305.976,1017.875,12.203,12.154
46011,2018-05-13,7.944,2.346,9.082,314.395,1015.01,12.396,12.757
46011,2018-05-20,6.421,1.731,10.294,285.964,1016.247,12.967,13.017
46011,2018-05-27,5.288,1.826,11.919,262.72,1016.249,12.46,12.721
46011,2018-06-03,5.454,1.953,9.254,305.814,1013.796,12.42,12.267
46011,2018-06-10,9.104,2.294,8.773,305.649,1014.352,12.386,12.115
46011,2018-06-17,5.92,2.194,9.814,301.452,1010.778,12.217,12.021
46011,2018-06-24,6.307,1.864,10.146,286.946,1013.809,12.548,12.4
46011,2018-07-01,4.745,1.668,10.814,279.018,1014.833,13.812,14.452
46011,2018-07-08,5.77,1.845,10.36,277.935,1014.908,15.283,15.576
46011,2018-07-15,6.504,1.732,9.45,290.274,1014.933,14.829,14.841
46011,2018-07-22,3.868,1.207,11.116,278.774,1015.748,14.841,15.939
46011,2018-07-29,8.389,1.993,11.055,270.208,1014.915,14.19,14.701
46011,2018-08-05,6.729,1.768,7.646,307.101,1013.55,13.224,13.517
46011,2018-08-12,5.444,1.515,9.52,253.868,1013.445,13.25,14.216
46011,2018-08-19,6.023,1.376,15.036,195.315,1015.498,15.108,17.129
46011,2018-08-26,5.411,1.194,10.545,275.345,1015.596,16.137,17.74
46011,2018-09-02,7.255,1.553,8.658,305.292,1014.352,16.367,17.521
46011,2018-09-09,5.176,1.628,9.503,273.131,1013.68,15.462,16.49
46011,2018-09-16,8.561,2.071,11.377,262.376,1012.324,15.005,15.285
46011,2018-09-23,6.735,1.476,11.195,260.234,1012.884,14.198,15.271
46011,2018-09-30,3.799,1.151,12.346,240.946,1013.312,14.563,15.65
46011,2018-10-07,5.985,1.838,11.992,259.405,1012.306,16.346,17.131
46011,2018-10-14,3.09,1.939,12.158,273.319,1010.508,16.62,17.568
46011,2018-10-21,5.824,1.619,14.159,264.214,1016.882,16.652,17.896
46011,2018-10-28,8.076,2.194,12.136,285.15,1015.178,15.828,16.332
46011,2018-11-04,7.024,2.409,10.485,295.733,1016.914,16.062,15.618
46011,2018-11-11,4.87,1.81,10.568,296.756,1014.773,15.782,16.376
46011,2018-11-18,2.851,1.336,13.012,256.82,1020.605,16.408,17.5
46011,2018-11-25,5.782,1.755,11.886,274.685,1018.101,16.262,17.009
46011,2018-12-02,7.335,3.048,13.463,292.018,1015.601,15.335,16.554
46011,2018-12-09,5.243,1.917,13.127,278.31,1017.45,14.532,15.237
46011,2018-12-16,5.001,2.613,13.935,298.645,1020.282,14.328,14.951
46011,2018-12-23,6.186,3.327,15.066,297.747,1020.431,14.771,15.308
46011,2018-12-30,8.104,3.01,12.628,306.768,1019.537,13.361,14.229
46011,2019-01-06,5.277,2.367,12.813,305.051,1017.498,12.282,13.535
46011,2019-01-13,6.152,2.956,12.205,273.619,1017.893,13.289,13.688
46011,2019-01-20,7.871,3.241,14.077,266.398,1018.227,14.26,14.184
46011,2019-01-27,5.605,2.231,12.216,300.251,1022.811,14.163,14.759
46011,2019-02-03,7.059,2.264,13.1,278.419,1011.807,13.732,14.309
46011,2019-02-10,6.377,2.676,13.884,297.345,1016.533,11.495,13.904
46011,2019-02-17,8.869,3.277,12.839,271.747,1016.038,12.277,13.715
46011,2019-02-24,6.882,2.691,11.356,308.595,1018.243,11.086,13.161
46011,2019-03-03,5.386,1.706,12.409,285.881,1017.716,12.729,13.172
46011,2019-03-10,5.574,1.806,11.144,273.449,1016.023,12.076,13.209
46011,2019-03-17,6.854,2.855,13.864,304.815,1017.664,12.941,13.201
46011,2019-03-24,4.348,2.419,14.554,280.994,1018.547,12.933,13.666
46011,2019-03-31,5.223,2.183,12.846,294.814,1020.506,13.657,13.786
46011,2019-04-07,4.208,1.763,15.294,280.083,1017.6,13.877,14.286
46011,2019-04-14,9.82,3.383,11.447,310.778,1018.449,13.047,13.337
46011,2019-04-21,6.65,1.993,12.947,294.196,1016.783,12.364,13.332
46011,2019-04-28,3.514,1.522,10.156,297.411,1015.428,12.82,13.8
46011,2019-05-05,4.257,1.253,13.426,247.982,1014.09,13.176,14.148
46011,2019-05-12,3.675,1.136,13.584,223.667,1013.972,13.843,14.64
46011,2019-05-19,6.16,1.937,14.494,234.036,1015.162,13.654,13.694
46011,2019-05-26,5.422,2.741,11.903,297.821,1013.377,13.362,13.41
46011,2019-06-02,5.429,1.586,12.387,253.607,1013.986,12.572,12.689
46011,2019-06-09,4.679,1.854,10.206,290.761,1013.695,13.064,13.023
46011,2019-06-16,2.818,1.15,11.875,233.667,1014.854,14.142,14.545
46011,2019-06-23,0.669,1.804,10.615,309.739,1013.943,14.193,14.949
46011,2019-06-30,3.113,1.637,8.049,301.119,1015.324,14.265,14.482
46011,2019-07-07,,1.886,8.88,288.629,1015.538,13.368,13.387
46011,2019-07-14,,1.673,11.434,254.946,1015.338,13.135,12.892
46011,2019-07-21,,1.577,11.476,269.792,1014.001,14.235,14.283
46011,2019-07-28,,1.358,9.588,276.149,1015.66,14.203,14.983
46011,2019-08-04,,1.754,7.893,300.449,1014.973,14.102,14.993
46011,2019-08-11,,1.345,10.425,250.542,1014.629,14.358,14.253
46011,2019-08-18,,1.468,9.568,281.101,1013.914,14.68,14.942
46011,2019-08-25,,1.591,10.825,274.238,1012.93,15.547,15.283
46011,2019-09-01,,1.09,10.172,272.18,1013.706,15.641,15.804
46011,2019-09-08,,1.648,10.605,289.863,1014.592,15.517,15.265
46011,2019-09-15,,1.746,11.19,274.417,1013.43,15.767,15.157
46011,2019-09-22,,1.815,10.664,292.673,1013.057,16.089,16.008
46011,2019-09-29,,2.276,10.51,304.53,1012.087,15.954,16.057
46011,2019-10-06,,1.965,9.957,293.905,1014.839,14.691,14.821
46011,2019-10-13,,1.545,10.726,284.988,1012.689,13.742,14.517
46011,2019-10-20,,2.395,12.568,295.917,1014.971,14.064,15.04
46011,2019-10-27,3.932,1.855,11.627,295.437,1012.591,15.748,15.106
46011,2019-11-03,3.325,1.339,13.463,273.571,1017.041,15.136,15.672
46011,2019-11-10,5.61,1.138,9.596,283.095,1017.553,13.815,16.023
46011,2019-11-17,4.151,1.769,13.366,279.754,1017.797,14.103,15.384
46011,2019-11-24,4.677,2.599,12.514,297.377,1013.218,14.834,15.137
46011,2019-12-01,7.491,2.962,12.113,283.333,1011.287,12.495,14.686
46011,2019-12-08,6.681,2.24,12.406,274.802,1016.887,14.902,14.848
46011,2019-12-15,6.671,2.508,13.762,292.97,1021.716,14.102,15.548
46011,2019-12-22,5.689,2.538,13.913,297.982,1020.112,13.753,14.735
46011,2019-12-29,5.081,2.41,13.518,301.827,1014.382,12.493,14.258
46011,2020-01-05,6.432,2.817,14.893,292.161,1021.339,13.56,14.109
46011,2020-01-12,7.793,2.695,11.647,303.269,1022.668,12.859,13.693
46011,2020-01-19,5.83,2.413,12.593,299.012,1020.759,11.921,13.411
46011,2020-01-26,5.012,2.77,14.595,290.305,1020.44,13.079,13.571
46011,2020-02-02,7.026,2.966,13.608,290.819,1023.502,13.197,13.564
46011,2020-02-09,7.951,2.926,11.365,309.006,1019.138,11.667,12.888
46011,2020-02-16,4.607,2.106,13.677,303.193,1018.455,12.396,13.02
46011,2020-02-23,5.82,1.859,12.656,293.437,1018.259,12.951,13.323
46011,2020-03-01,5.422,2.296,13.584,293.452,1021.789,13.765,14.019
46011,2020-03-08,3.823,2.56,12.467,306.44,1017.24,12.537,14.097
46011,2020-03-15,4.98,1.843,11.33,278.006,1015.297,13.519,14.085
46011,2020-03-22,4.346,1.3,13.66,239.216,1016.992,12.263,14.138
46011,2020-03-29,6.235,1.664,12.777,296.648,1020.39,12.645,14.384
46011,2020-04-05,9.165,2.16,8.98,293.333,1016.946,12.712,13.336
46011,2020-04-12,4.444,1.637,13.488,249.198,1016.301,11.887,12.699
46011,2020-04-19,4.532,1.285,12.991,259.935,1018.454,12.843,13.901
46011,2020-04-26,9.116,2.184,12.401,297.179,1019.126,13.397,13.507
46011,2020-05-03,9.145,2.133,10.982,299.97,1017.425,12.886,12.912
46011,2020-05-10,7.022,2.017,10.798,299.488,1015.532,13.151,13.321
46011,2020-05-17,5.609,1.668,12.847,249.756,1016.607,14.182,14.711
46011,2020-05-24,7.262,2.228,10.393,300.488,1015.777,,13.561
46011,2020-05-31,3.024,1.592,13.877,250.571,1013.875,,14.525
46011,2020-06-07,5.806,1.798,11.438,271.821,1013.863,,14.779
46011,2020-06-14,7.248,1.771,9.884,282.161,1017.3,,12.944
46011,2020-06-21,5.189,1.936,9.731,293.292,1014.78,,13.557
46011,2020-06-28,3.305,1.394,10.473,281.257,1013.064,,15.174
46011,2020-07-05,4.501,2.016,12.6,266.065,1014.09,,15.653
46011,2020-07-12,7.478,2.039,8.199,310.253,1014.17,,13.713
46011,2020-07-19,2.821,1.287,8.881,304.161,1014.988,,15.108
46011,2020-07-26,4.727,1.225,9.314,298.988,1014.144,,15.492
46011,2020-08-02,6.819,1.445,9.48,277.667,1014.763,,15.517
46011,2020-08-09,5.731,1.708,8.114,305.837,1015.177,,14.005
46011,2020-08-16,3.263,1.446,10.064,297.226,1012.739,,14.822
46011,2020-08-23,5.404,1.703,8.744,288.405,1011.129,,15.053
46011,2020-08-30,4.319,1.61,9.053,301.714,1011.423,,17.078
46011,2020-09-06,5.03,1.647,9.06,307.0,1013.944,,16.089
46011,2020-09-13,3.741,1.164,13.665,225.875,1011.957,,15.788
46011,2020-09-20,6.525,1.243,10.114,248.708,1014.823,,16.408
46011,2020-09-27,6.241,2.058,11.423,297.5,1014.546,,15.417
46011,2020-10-04,4.813,1.895,12.488,290.488,1013.55,,15.985
46011,2020-10-11,4.447,1.415,11.531,267.72,1015.129,,16.989
46011,2020-10-18,4.474,1.928,10.794,294.589,1014.701,,16.775
46011,2020-10-25,3.134,1.465,11.256,274.54,1013.393,,18.364
46011,2020-11-01,4.334,1.233,10.961,294.084,1017.289,,17.441
46011,2020-11-08,7.687,2.712,13.409,301.336,1013.564,,15.711
46011,2020-11-15,6.333,1.981,12.192,296.478,1020.032,,13.451
46011,2020-11-22,4.635,2.042,12.73,294.768,1018.158,,13.51
46011,2020-11-29,6.18,2.426,12.61,304.161,1019.471,,13.437
46011,2020-12-06,5.064,2.481,15.27,297.899,1021.989,,12.648
46011,2020-12-13,5.378,2.801,13.659,294.821,1019.102,,13.373
46011,2020-12-20,6.708,2.952,14.184,297.006,1022.711,,13.191
46011,2020-12-27,4.34,2.054,13.329,291.149,1019.782,,12.996
46011,2021-01-03,5.884,3.386,15.638,294.102,1020.342,,13.516
46011,2021-01-10,5.938,3.476,15.824,297.928,1022.079,,13.082
46011,2021-01-17,5.767,3.206,15.075,298.317,1022.071,,12.723
46011,2021-01-24,4.984,2.579,14.255,294.539,1013.565,,13.211
46011,2021-01-31,7.672,3.632,12.721,286.22,1014.907,,12.788
46011,2021-02-07,5.816,2.282,12.365,307.375,1019.325,,12.716
46011,2021-02-14,6.924,1.873,11.972,300.772,1017.152,,12.613
46011,2021-02-21,8.201,2.832,13.477,296.904,1023.444,,12.271
46011,2021-02-28,6.843,3.079,11.48,311.53,1019.889,,12.53
46011,2021-03-07,4.413,2.309,14.385,302.258,1018.471,,12.585
46011,2021-03-14,4.703,3.107,14.068,304.195,1022.347,,12.434
46011,2021-03-21,5.998,2.592,11.806,296.596,1021.124,,12.697
46011,2021-03-28,7.917,2.634,10.008,316.613,1018.615,,12.297
46011,2021-04-04,5.702,1.78,12.583,286.783,1017.479,,12.713
46011,2021-04-11,10.243,2.385,8.429,319.042,1017.924,,11.634
46011,2021-04-18,6.589,1.906,12.608,293.928,1015.712,,11.076
46011,2021-04-25,5.391,2.02,12.31,269.952,1016.459,,11.319
46011,2021-05-02,7.627,1.982,10.24,272.702,1017.581,,11.212
46011,2021-05-09,6.992,2.445,11.769,287.156,1014.945,,12.415
46011,2021-05-16,3.61,1.99,11.323,290.214,1015.602,,13.023
46011,2021-05-23,8.675,2.589,11.116,277.262,1017.809,,12.291
46011,2021-05-30,8.815,2.037,9.304,285.179,1017.171,,11.639
46011,2021-06-06,3.968,1.779,12.503,254.868,1014.293,,12.48
46011,2021-06-13,7.738,1.892,9.609,295.494,1017.017,,12.705
46011,2021-06-20,5.439,2.003,9.583,300.497,1012.365,,13.84
46011,2021-06-27,5.268,1.534,12.832,229.485,1013.946,,15.752
46011,2021-07-04,6.089,1.9,9.462,295.714,1012.634,,14.883
46011,2021-07-11,6.116,2.014,10.612,284.958,1013.713,,15.175
46011,2021-07-18,5.149,1.907,9.872,297.738,1014.816,,15.84
46011,2021-07-25,5.617,1.702,9.447,294.958,1016.048,,15.739
46011,2021-08-01,3.16,1.024,12.579,216.363,1016.136,,15.883
46011,2021-08-08,6.26,1.583,9.206,283.679,1015.35,,15.263
46011,2021-08-15,3.604,1.25,12.128,246.917,1015.68,,14.932
46011,2021-08-22,3.048,1.813,12.679,252.417,1011.469,,16.279
46011,2021-08-29,4.072,1.532,8.884,301.94,1011.627,,16.618
46011,2021-09-05,4.1,1.414,9.425,305.583,1012.097,,17.006
46011,2021-09-12,4.11,1.495,10.186,278.228,1013.892,,15.917
46011,2021-09-19,3.61,1.88,12.913,260.808,1014.641,,15.518
46011,2021-09-26,3.356,2.066,13.119,300.03,1015.842,,15.153
46011,2021-10-03,5.673,2.487,12.535,296.317,1015.341,,15.142
46011,2021-10-10,5.184,1.726,12.759,290.446,1016.713,,
46011,2021-10-17,6.277,2.923,11.643,305.238,1015.437,,
46011,2021-10-24,4.155,2.679,12.9,295.012,1016.787,,
46011,2021-10-31,5.733,3.393,14.271,301.286,1016.747,,
46011,2021-11-07,6.435,2.395,12.978,296.798,1018.678,,
46011,2021-11-14,5.351,2.006,12.026,288.419,1020.012,,
46011,2021-11-21,4.2,1.626,11.83,281.095,1018.695,,
46011,2021-11-28,3.452,1.592,12.11,288.244,1019.729,,
46011,2021-12-05,3.795,1.872,12.845,289.833,1019.665,,
46011,2021-12-12,5.399,1.912,10.079,294.048,1018.325,,
46011,2021-12-19,6.025,2.805,13.642,299.351,1019.078,,
46011,2021-12-26,5.537,2.004,12.599,283.833,1016.286,,
46011,2022-01-02,6.031,2.237,11.315,303.232,1014.658,,
46011,2022-01-09,5.645,1.92,13.439,292.946,1020.864,,
46011,2022-01-16,3.159,2.206,14.11,285.417,1022.768,,
46011,2022-01-23,4.679,1.613,13.161,283.911,1020.237,,
46011,2022-01-30,4.684,1.899,14.567,282.619,1020.565,,
46011,2022-02-06,5.366,2.083,12.349,299.433,1021.37,,
46011,2022-02-13,3.304,1.785,14.295,283.476,1020.622,,
46011,2022-02-20,5.497,2.319,13.147,288.399,1019.511,,
46011,2022-02-27,7.249,2.238,12.738,299.417,1021.342,,
46011,2022-03-06,6.872,2.829,13.573,294.685,1019.072,,
46011,2022-03-13,5.798,1.766,11.523,298.331,1021.834,,
46011,2022-03-20,7.975,2.716,13.919,293.089,1020.719,,
46011,2022-03-27,6.277,2.286,12.025,293.78,1017.804,,
46011,2022-04-03,8.036,2.649,10.709,290.815,1014.601,,
46011,2022-04-10,8.165,3.202,12.652,309.515,1015.929,,
46011,2022-04-17,8.522,2.274,10.837,283.988,1019.252,,
46011,2022-04-24,6.414,2.13,13.383,293.077,1018.354,,
46011,2022-05-01,9.723,2.921,10.646,302.861,1016.252,,
46011,2022-05-08,8.493,2.733,12.357,297.792,1015.897,,
46011,2022-05-15,9.16,2.357,8.546,304.733,1019.697,,
46011,2022-05-22,7.096,2.637,9.413,303.205,1014.899,,
46011,2022-05-29,5.005,1.601,11.357,256.5,1014.009,,
46011,2022-06-05,7.701,2.312,11.861,269.88,1013.091,,
46011,2022-06-12,7.583,1.92,8.849,291.725,1012.395,,
46011,2022-06-19,9.399,2.305,9.296,291.685,1013.394,,
46011,2022-06-26,5.029,1.59,12.681,266.515,1013.92,,
46011,2022-07-03,7.79,1.706,8.999,286.298,1016.899,,
46011,2022-07-10,6.017,1.258,7.788,293.904,1016.904,,
46011,2022-07-17,5.366,1.748,9.571,292.446,1014.304,,
46011,2022-07-24,6.581,1.86,12.78,253.321,1015.03,,
46011,2022-07-31,4.627,1.107,11.825,250.69,1014.713,,
46011,2022-08-07,4.227,1.284,12.354,204.673,1015.489,,
46011,2022-08-14,7.629,1.655,6.6,305.597,1015.968,15.874,15.048
46011,2022-08-21,5.125,1.589,8.938,296.4,1012.992,14.429,14.647
46011,2022-08-28,5.198,1.643,11.379,267.03,1012.946,14.587,15.157
46011,2022-09-04,6.4,1.674,9.855,267.108,1011.448,16.255,16.676
46011,2022-09-11,2.988,1.585,10.967,274.187,1008.912,18.26,17.39
46011,2022-09-18,7.036,1.498,11.753,229.677,1012.658,17.174,17.358
46011,2022-09-25,4.843,1.537,13.014,263.259,1013.488,17.81,18.275
46011,2022-10-02,5.489,1.679,11.131,285.47,1013.454,16.367,16.264
46011,2022-10-09,5.462,1.508,13.031,261.649,1016.053,15.445,14.87
46011,2022-10-16,3.804,1.138,13.69,227.731,1014.926,15.95,17.55
46011,2022-10-23,4.64,1.85,13.04,280.952,1013.647,16.868,16.947
46011,2022-10-30,7.482,2.44,12.657,305.036,1018.619,14.566,14.454
46011,2022-11-06,5.559,2.3,12.998,312.815,1017.916,13.08,12.384
46011,2022-11-13,5.083,2.125,11.113,305.238,1016.223,12.864,12.465
46011,2022-11-20,4.314,1.392,13.852,287.7,1020.317,13.279,12.755
46011,2022-11-27,4.126,1.766,14.802,269.125,1020.048,14.143,13.606
46011,2022-12-04,5.937,2.125,12.456,293.685,1015.816,13.216,13.773
46011,2022-12-11,4.038,1.748,11.932,287.413,1018.864,13.439,14.328
46011,2022-12-18,3.807,2.062,12.792,294.943,1017.449,12.551,13.932
46011,2022-12-25,5.409,1.323,14.85,270.845,1022.134,13.658,13.41
46011,2023-01-01,5.459,2.83,13.263,283.64,1014.906,13.637,13.254
46011,2023-01-08,6.44,3.711,13.93,275.935,1016.195,13.488,13.057
46011,2023-01-15,6.681,3.939,15.028,277.295,1015.533,14.265,13.542
46011,2023-01-22,6.913,3.125,13.723,291.651,1018.376,12.473,13.561
46011,2023-01-29,4.857,2.504,14.575,293.737,1020.989,12.709,13.298
46011,2023-02-05,4.25,1.924,14.178,294.11,1020.703,12.728,13.282
46011,2023-02-12,5.856,2.941,13.037,299.11,1021.514,12.665,12.958
46011,2023-02-19,5.504,3.052,13.868,306.887,1017.616,11.831,12.334
46011,2023-02-26,6.303,3.179,12.577,305.91,1012.62,11.026,12.098
46011,2023-03-05,7.219,2.992,12.89,306.536,,,12.489
46011,2023-03-12,5.411,2.179,11.215,279.72,,,12.334
46011,2023-03-19,5.969,1.721,10.561,260.134,,,12.662
46011,2023-03-26,8.602,3.064,10.362,279.527,,,12.297
46011,2023-04-02,6.449,1.941,9.874,300.982,,,12.153
46011,2023-04-09,7.442,2.038,9.23,305.292,,,11.677
46011,2023-04-16,8.464,2.483,10.415,309.901,,,11.812
46011,2023-04-23,8.904,2.212,10.45,311.982,,,11.082
46011,2023-04-30,6.119,1.767,12.601,261.31,,,11.28
46011,2023-05-07,4.759,2.021,13.283,285.388,,,12.07
46011,2023-05-14,6.83,1.736,12.623,256.397,,,12.469
46011,2023-05-21,5.427,1.757,13.58,234.179,,,12.582
46011,2023-05-28,4.351,1.571,12.161,272.79,,,13.286
46011,2023-06-04,4.445,1.803,11.935,272.259,,,14.17
46011,2023-06-11,2.821,1.4,13.776,230.186,,,14.672
46011,2023-06-18,2.965,1.463,11.447,280.42,,,16.002
46011,2023-06-25,7.325,1.756,8.652,301.576,,,14.049
46011,2023-07-02,6.32,1.541,8.616,300.637,,,13.675
46011,2023-07-09,6.464,1.52,12.013,249.783,,,14.306
46011,2023-07-16,6.135,1.581,7.439,307.997,,,13.437
46011,2023-07-23,4.824,1.606,8.684,310.519,,,14.832
46011,2023-07-30,7.673,1.802,7.441,312.824,,,14.535
46011,2023-08-06,8.553,1.94,7.435,315.321,,,13.9
46011,2023-08-13,3.416,1.292,11.902,246.926,,,16.275
46011,2023-08-20,3.507,1.291,11.609,271.293,,,17.645
46011,2023-08-27,5.181,1.382,11.128,267.123,,,18.206
46011,2023-09-03,5.975,2.046,10.722,278.051,,,16.371
46011,2023-09-10,5.067,1.577,12.841,240.237,,,17.344
46011,2023-09-17,4.818,1.662,10.408,270.152,,,17.127
46011,2023-09-24,3.533,1.791,11.915,282.784,,,17.46
46011,2023-10-01,6.301,2.688,11.76,297.787,,,15.895
46011,2023-10-08,3.784,1.669,12.266,281.851,,,17.074
46011,2023-10-15,5.963,2.123,12.651,266.454,,,16.68
46011,2023-10-22,4.926,2.627,15.746,291.116,,,16.48
46011,2023-10-29,7.269,1.904,10.301,290.246,,,15.689
46011,2023-11-05,3.234,1.056,13.38,236.25,,,15.829
46011,2023-11-12,5.552,2.051,12.409,298.485,,,15.816
46011,2023-11-19,6.157,2.089,11.606,264.61,,,15.695
46011,2023-11-26,4.585,2.241,13.464,295.251,,,16.055
46011,2023-12-03,5.489,2.114,12.211,291.054,,,15.896
46011,2023-12-10,5.947,3.075,14.645,305.033,,,15.504
46011,2023-12-17,3.863,1.54,11.23,294.14,,,14.733
46011,2023-12-24,6.04,2.389,11.64,278.649,,,15.699
46011,2023-12-31,4.757,3.806,15.884,282.958,,,16.106
46011,2024-01-07,6.369,3.736,14.845,298.381,,,15.746
46011,2024-01-14,7.343,2.758,13.562,308.494,,,14.43
46011,2024-01-21,5.68,1.887,12.314,275.099,,,13.796
46011,2024-01-28,5.19,2.111,13.019,281.682,,,14.198
46011,2024-02-04,5.765,3.123,13.196,277.199,,,14.307
46011,2024-02-11,6.153,3.074,13.271,291.609,,,14.18
46011,2024-02-18,4.839,2.043,13.867,284.802,,,14.083
46011,2024-02-25,4.865,2.676,14.203,288.518,,,14.258
46011,2024-03-03,4.988,2.558,13.517,307.012,,,14.437
46011,2024-03-10,6.074,2.268,12.025,301.684,,,14.243
46011,2024-03-17,4.846,3.048,14.922,302.817,,,13.555
46011,2024-03-24,5.757,2.032,14.826,291.907,,,13.592
46011,2024-03-31,7.093,2.833,13.862,301.931,,,13.045
46011,2024-04-07,6.64,2.439,11.362,308.161,,,13.114
46011,2024-04-14,6.668,2.252,12.314,303.533,,,12.826
46011,2024-04-21,6.36,1.645,12.769,253.612,,,13.171
46011,2024-04-28,6.185,1.876,10.098,296.913,,,12.891
46011,2024-05-05,9.12,2.663,9.002,307.101,,,10.984
46011,2024-05-12,5.441,1.998,11.608,287.83,,,11.071
46011,2024-05-19,3.076,1.491,13.007,277.03,,,12.896
46011,2024-05-26,6.726,2.214,9.412,311.521,,,12.713
46011,2024-06-02,7.367,2.113,8.882,309.713,,,12.173
46011,2024-06-09,4.913,2.063,11.26,293.621,,,12.594
46011,2024-06-16,6.606,2.487,10.192,308.675,,,13.169
46011,2024-06-23,7.804,2.008,7.872,309.601,,,11.953
46011,2024-06-30,5.48,1.743,9.767,294.455,,,13.219
46011,2024-07-07,5.002,1.937,12.002,261.505,,,13.118
46011,2024-07-14,3.986,1.412,10.344,267.336,,,14.017
46011,2024-07-21,6.116,1.542,13.115,248.348,,,14.455
46011,2024-07-28,4.887,1.69,9.396,310.431,,,14.724
46011,2024-08-04,6.428,1.374,8.19,286.539,,,14.21
46011,2024-08-11,5.958,1.671,8.353,298.331,,,13.371
46011,2024-08-18,7.08,1.574,9.227,285.155,,,13.339
46011,2024-08-25,6.349,1.36,10.655,283.875,,,14.413
46011,2024-09-01,5.156,1.281,10.529,294.03,,,15.175
46011,2024-09-08,6.725,1.538,11.304,298.345,,,15.063
46011,2024-09-15,5.154,1.499,9.413,285.075,,,14.48
46011,2024-09-22,5.424,1.33,10.153,288.481,,,15.361
46011,2024-09-29,3.431,1.755,11.891,305.189,,,16.156
46011,2024-10-06,2.98,1.626,11.973,297.74,,,16.417
46011,2024-10-13,4.932,1.637,13.022,289.543,,,16.186
46011,2024-10-20,6.131,2.338,11.941,297.988,,,15.53
46011,2024-10-27,5.434,1.556,10.447,282.233,,,15.598
46011,2024-11-03,7.759,2.712,12.523,311.521,,,14.132
46011,2024-11-10,3.9,2.286,13.594,300.312,,,13.297
46011,2024-11-17,6.236,3.229,13.515,300.662,,,13.005
46011,2024-11-24,4.454,2.446,11.813,294.542,,,12.551
46011,2024-12-01,3.764,1.268,13.824,227.104,,,12.689
46011,2024-12-08,4.014,1.678,14.015,290.92,,,13.856
46011,2024-12-15,4.122,2.663,14.295,298.149,,,13.529
46011,2024-12-22,3.811,2.385,14.68,296.33,,,13.293
46011,2024-12-29,5.388,3.759,15.843,295.322,,,13.364
46011,2025-01-05,6.382,2.6,13.422,296.78,,,12.762
46011,2025-01-12,5.101,2.389,14.85,292.562,,,12.588
46011,2025-01-19,3.738,1.89,15.459,294.896,,,13.08
46011,2025-01-26,4.235,1.905,14.627,297.893,,,12.916
46011,2025-02-02,3.679,1.194,10.745,299.022,,,12.84
46011,2025-02-09,7.104,2.112,10.179,271.651,,,12.951
46011,2025-02-16,8.352,2.717,10.972,286.666,,,12.54
46011,2025-02-23,7.114,2.487,14.017,296.679,,,12.608
46011,2025-03-02,5.926,2.999,13.939,294.167,,,12.538
46011,2025-03-09,6.669,2.494,11.868,300.318,,,12.547
46011,2025-03-16,5.473,2.51,13.06,295.19,,,13.078
46011,2025-03-23,8.623,2.635,12.343,302.11,,,12.57
46011,2025-03-30,4.936,2.764,14.524,293.167,,,12.378
46011,2025-04-06,7.135,2.072,10.454,292.679,,,12.337
46011,2025-04-13,7.61,2.487,12.479,298.748,,,11.518
46011,2025-04-20,3.32,1.558,11.952,283.408,,,12.628
46011,2025-04-27,3.952,1.621,11.814,279.946,,,12.459
46011,2025-05-04,7.458,2.311,12.127,275.836,,,13.544
46011,2025-05-11,5.004,2.242,11.259,296.837,,,13.946
46011,2025-05-18,7.454,2.49,9.387,306.981,1015.5,12.6,13.001
46011,2025-05-25,9.382,2.511,9.362,300.418,1015.967,12.247,12.335
46011,2025-06-01,6.116,1.912,9.649,291.277,1015.714,12.054,12.418
46011,2025-06-08,2.479,1.764,12.035,283.476,1014.785,13.309,13.01
46011,2025-06-15,8.558,1.984,11.296,278.577,1014.427,12.94,13.602
46011,2025-06-22,10.354,2.676,8.584,309.182,1013.466,12.518,12.442
46011,2025-06-29,5.251,1.724,8.688,300.321,1015.397,11.448,12.247
46011,2025-07-06,5.936,1.765,10.199,288.232,1014.989,12.6,13.185
46011,2025-07-13,4.708,1.646,10.719,272.792,1016.633,13.127,
46011,2025-07-20,3.545,1.454,13.672,225.257,1015.477,14.018,
46011,2025-07-27,4.456,0.947,13.37,211.699,1017.46,14.866,
46011,2025-08-03,8.502,1.581,6.853,304.929,1018.441,14.614,
46011,2025-08-10,6.547,1.697,9.384,286.235,1015.541,14.085,
46011,2025-08-17,6.391,1.469,12.47,250.435,1015.584,14.476,
46011,2025-08-24,7.096,1.62,8.414,300.491,1014.04,14.869,
46011,2025-08-31,3.22,1.074,14.3,205.714,1015.309,16.17,
46011,2025-09-07,4.855,1.256,14.477,210.693,1014.423,16.615,
46011,2025-09-14,5.006,1.484,13.402,265.961,1014.819,16.895,
46011,2025-09-21,3.696,1.697,11.744,278.845,1013.263,16.0,
46011,2025-09-28,2.914,1.801,11.457,302.554,1013.167,16.684,
46011,2025-10-05,4.826,2.369,11.647,298.494,1015.555,17.141,
46011,2025-10-12,4.703,1.533,10.917,295.589,1012.254,16.096,
46011,2025-10-19,5.026,2.21,13.41,301.973,1013.48,14.538,15.25
46011,2025-10-26,5.387,2.84,15.083,301.658,1017.922,14.885,
46011,2025-11-02,6.411,2.627,12.959,306.221,1016.758,14.741,
46011,2025-11-09,4.766,2.87,13.596,295.125,1018.387,14.624,
46011,2025-11-16,4.297,2.186,12.886,278.83,1015.659,14.732,
46011,2025-11-23,5.477,2.505,12.285,300.003,1015.294,14.355,
46011,2025-11-30,5.66,1.884,14.404,287.898,1018.448,15.654,
46011,2025-12-07,4.87,1.852,12.532,288.096,1018.573,15.038,
46011,2025-12-14,4.391,1.83,12.281,295.908,1018.293,15.462,15.936
46011,2025-12-21,6.913,1.694,10.716,298.711,1019.522,15.071,
46011,2025-12-28,6.949,2.56,10.25,260.711,1014.935,14.806,
46011,2026-01-04,3.192,1.108,10.359,310.861,1019.048,15.461,
46011,2026-03-08,4.481,1.749,10.406,310.5,1017.435,14.541,
46011,2026-03-15,7.852,2.141,12.277,272.309,1018.294,13.954,
46011,2026-03-22,4.003,1.416,13.525,234.568,1014.981,15.654,15.755
46011,2026-03-29,5.505,1.977,10.503,303.689,1015.001,14.006,14.511
46011,2026-04-05,4.423,1.439,11.736,277.043,1015.79,14.728,15.328
46011,2026-04-12,6.294,1.556,12.596,253.397,1015.538,14.142,15.235
46011,2026-04-19,6.659,2.037,9.93,292.707,1016.733,14.044,15.112
46011,2026-04-26,4.229,0.859,13.787,196.884,1014.551,14.801,15.668
46012,2017-01-01,8.471,2.881,10.652,311.458,1014.329,10.838,12.338
46012,2017-01-08,8.401,2.427,10.165,240.024,1014.585,11.161,12.388
46012,2017-01-15,6.583,2.601,12.314,269.643,1016.061,11.764,12.599
46012,2017-01-22,7.636,4.14,14.351,268.839,1010.185,11.639,12.752
46012,2017-01-29,5.45,3.447,14.145,291.554,1024.214,11.39,12.404
46012,2017-02-05,7.217,2.355,11.997,256.401,1016.115,12.7,12.574
46012,2017-02-12,7.341,2.489,10.083,254.125,1015.568,13.062,12.893
46012,2017-02-19,6.948,2.771,12.991,271.827,1010.477,12.571,13.093
46012,2017-02-26,6.832,2.741,12.562,280.244,1019.742,11.109,12.632
46012,2017-03-05,7.643,2.054,12.729,304.107,1019.495,11.011,12.458
46012,2017-03-12,6.059,1.944,12.295,290.359,1022.943,11.949,12.689
46012,2017-03-19,4.57,1.453,11.062,286.119,1018.489,12.62,13.268
46012,2017-03-26,6.253,2.309,11.531,256.714,1017.968,12.752,12.926
46012,2017-04-02,10.451,3.27,13.034,301.315,1019.274,12.444,12.701
46012,2017-04-09,6.481,3.08,13.048,279.048,1015.3,11.753,12.056
46012,2017-04-16,6.087,2.436,12.591,286.096,1017.468,11.886,12.044
46012,2017-04-23,4.851,2.106,13.035,256.667,1019.383,12.967,13.239
46012,2017-04-30,7.993,2.337,9.696,299.292,1018.358,12.635,12.629
46012,2017-05-07,9.292,2.875,10.058,306.262,1013.355,11.68,11.712
46012,2017-05-14,6.362,2.43,11.152,302.291,1016.656,11.42,11.368
46012,2017-05-21,7.28,2.159,8.907,309.796,1015.138,11.269,11.396
46012,2017-05-28,3.404,1.562,11.349,285.101,1014.305,11.952,12.435
46012,2017-06-04,7.108,1.866,9.486,292.092,1014.92,12.523,12.371
46012,2017-06-11,6.611,1.858,9.642,292.795,1014.461,12.99,13.227
46012,2017-06-18,9.306,2.222,7.842,312.899,1015.681,12.929,12.392
46012,2017-06-25,4.532,2.3,11.507,276.327,1011.16,13.079,13.045
46012,2017-07-02,6.618,2.027,10.235,285.667,1015.004,13.473,13.504
46012,2017-07-09,5.988,1.537,9.794,272.988,1016.033,13.264,14.346
46012,2017-07-16,5.928,1.961,9.686,292.994,1014.889,13.241,12.927
46012,2017-07-23,6.746,1.87,7.737,316.833,1014.882,13.386,13.17
46012,2017-07-30,4.754,1.868,9.144,317.72,1014.463,13.614,14.018
46012,2017-08-06,2.454,1.252,13.77,195.601,1014.203,14.701,15.58
46012,2017-08-13,5.52,1.348,8.768,282.744,1014.451,15.543,15.443
46012,2017-08-20,3.77,1.925,9.442,307.315,1013.586,15.711,16.324
46012,2017-08-27,4.22,1.65,9.239,300.838,1013.963,15.276,15.644
46012,2017-09-03,4.312,1.555,9.03,292.393,1010.671,15.831,15.212
46012,2017-09-10,4.263,1.495,12.644,261.423,1013.344,17.542,17.768
46012,2017-09-17,4.902,1.632,9.288,306.144,1012.605,16.656,17.123
46012,2017-09-24,6.222,1.926,10.032,305.607,1013.689,16.114,16.32
46012,2017-10-01,6.504,1.688,8.762,300.744,1013.022,15.949,16.408
46012,2017-10-08,7.364,2.083,11.059,300.089,1013.173,13.64,14.711
46012,2017-10-15,6.868,2.56,10.207,312.571,1015.649,13.673,13.252
46012,2017-10-22,4.769,2.549,13.435,283.929,1019.208,13.846,14.023
46012,2017-10-29,5.674,2.653,13.796,294.095,1015.518,14.565,15.048
46012,2017-11-05,4.933,1.617,12.245,298.673,1014.678,13.948,14.606
46012,2017-11-12,3.921,1.841,11.529,267.102,1017.599,14.401,14.756
46012,2017-11-19,4.808,1.972,11.741,288.578,1018.758,14.198,15.233
46012,2017-11-26,4.252,1.692,11.817,289.226,1017.403,15.297,15.074
46012,2017-12-03,7.151,3.457,15.178,302.393,1018.776,13.837,15.198
46012,2017-12-10,5.196,1.801,13.57,288.577,1024.039,14.2,13.612
46012,2017-12-17,6.738,2.488,13.437,290.095,1019.329,13.502,13.944
46012,2017-12-24,4.714,1.672,12.371,301.405,1022.547,12.109,13.926
46012,2017-12-31,6.602,1.628,12.917,286.202,1020.974,12.452,13.876
46012,2018-01-07,4.707,1.801,13.003,289.108,1019.462,13.519,13.843
46012,2018-01-14,6.353,2.621,13.318,281.565,1017.684,12.785,13.495
46012,2018-01-21,5.095,3.949,15.027,288.766,1020.92,12.754,13.58
46012,2018-01-28,4.918,2.971,13.203,299.327,1024.111,12.153,13.351
46012,2018-02-04,5.696,1.741,10.417,306.392,1019.548,13.567,13.236
46012,2018-02-11,5.654,1.751,11.735,288.042,1017.629,13.59,13.542
46012,2018-02-18,7.625,2.372,10.742,309.455,1019.384,11.594,12.406
46012,2018-02-25,9.136,2.746,12.435,308.167,1023.422,9.223,11.361
46012,2018-03-04,6.496,2.695,11.623,300.792,1016.922,10.152,11.058
46012,2018-03-11,3.445,1.456,13.008,285.494,1018.19,10.906,11.795
46012,2018-03-18,5.168,2.253,11.718,294.744,1015.388,11.217,12.317
46012,2018-03-25,6.79,2.321,10.642,262.464,1016.056,11.59,12.245
46012,2018-04-01,6.462,1.977,8.675,312.565,1019.242,11.982,12.579
46012,2018-04-08,6.133,1.931,10.666,265.494,1016.269,12.314,12.708
46012,2018-04-15,6.485,2.883,12.827,297.696,1021.198,11.948,12.523
46012,2018-04-22,7.234,2.507,11.736,304.268,1019.304,11.305,12.039
46012,2018-04-29,3.48,1.939,13.592,290.952,1017.433,12.287,13.268
46012,2018-05-06,6.537,1.925,10.892,288.173,1018.293,11.364,11.793
46012,2018-05-13,7.084,2.183,10.138,297.204,1015.953,12.134,12.01
46012,2018-05-20,4.673,1.558,10.53,285.363,1016.653,12.335,12.197
46012,2018-05-27,5.427,2.017,11.421,274.446,1015.724,12.192,12.376
46012,2018-06-03,7.402,2.589,9.086,315.167,1013.865,12.315,12.153
46012,2018-06-10,7.805,2.253,9.919,309.81,1016.142,12.354,11.477
46012,2018-06-17,5.899,2.757,9.868,308.03,1010.649,12.123,11.035
46012,2018-06-24,5.612,1.845,10.647,288.747,1015.484,12.766,12.127
46012,2018-07-01,5.806,2.319,9.459,309.345,1015.143,13.372,13.399
46012,2018-07-08,5.196,1.748,10.049,284.762,1017.16,13.711,13.97
46012,2018-07-15,5.027,1.527,9.489,296.893,1016.736,14.315,14.304
46012,2018-07-22,3.12,1.542,9.968,303.452,1015.996,14.566,16.035
46012,2018-07-29,6.452,1.579,11.99,266.321,1017.706,13.986,14.462
46012,2018-08-05,6.923,1.703,7.244,317.452,1015.873,13.18,13.441
46012,2018-08-12,5.785,1.475,9.116,284.323,1015.454,13.159,13.828
46012,2018-08-19,3.507,1.485,12.923,233.952,1016.252,14.86,15.36
46012,2018-08-26,2.886,1.392,9.629,303.429,1015.497,14.807,15.442
46012,2018-09-02,3.5,1.59,8.467,316.243,1015.2,14.931,14.939
46012,2019-11-17,4.176,2.058,13.508,288.104,1019.118,12.987,14.178
46012,2019-11-24,6.741,2.826,12.759,297.887,1014.394,13.452,13.981
46012,2019-12-01,8.757,3.592,12.003,275.702,1010.355,10.807,12.439
46012,2019-12-08,7.471,2.619,11.703,267.982,1015.001,13.44,13.142
46012,2019-12-15,5.256,2.82,13.621,288.452,1022.612,12.826,13.855
46012,2019-12-22,6.454,3.146,13.338,283.53,1019.257,13.095,13.7
46012,2019-12-29,7.326,3.085,13.702,300.321,1015.156,11.972,13.544
46012,2020-01-05,7.308,3.058,14.409,294.054,1023.546,12.549,13.343
46012,2020-01-12,7.439,2.881,11.82,302.633,1024.873,11.879,13.024
46012,2020-01-19,5.233,2.709,12.443,297.168,1021.231,11.282,12.79
46012,2020-01-26,3.474,2.813,14.562,284.565,1021.159,12.407,12.525
46012,2020-02-02,6.829,2.959,13.086,292.771,1026.151,12.187,12.625
46012,2020-02-09,8.819,3.218,11.011,315.461,1021.693,10.934,11.777
46012,2020-02-16,5.352,2.428,13.082,303.53,1019.938,11.381,11.717
46012,2020-02-23,6.417,2.048,12.598,295.964,1019.851,11.188,11.783
46012,2020-03-01,7.008,2.619,12.221,301.018,1023.491,11.03,11.834
46012,2020-03-08,5.313,2.857,12.02,308.257,1017.418,11.292,12.069
46012,2020-03-15,4.732,2.02,11.147,289.631,1015.056,11.748,12.535
46012,2020-03-22,2.833,1.233,13.856,244.571,1017.032,11.284,13.081
46012,2020-03-29,5.285,1.79,12.81,287.917,1020.581,11.429,13.233
46012,2020-04-05,7.926,2.152,9.828,290.695,1018.314,11.587,12.907
46012,2020-04-12,4.035,1.835,12.87,263.935,1016.453,11.086,12.055
46012,2020-04-19,4.128,1.547,10.977,286.881,1018.747,12.187,13.023
46012,2020-04-26,7.571,2.078,12.712,292.077,1022.085,12.407,12.932
46012,2020-05-03,6.304,2.021,11.716,293.56,1020.513,11.965,11.821
46012,2020-05-10,5.709,2.275,11.007,294.946,1018.145,12.004,11.765
46012,2020-05-17,4.109,1.86,13.245,259.79,1016.688,13.387,12.86
46012,2020-05-24,7.538,2.557,9.794,305.353,1016.757,13.118,13.098
46012,2020-05-31,4.439,1.95,11.26,291.857,1013.806,12.605,11.944
46012,2020-06-07,5.675,1.973,10.189,291.69,1015.151,12.959,12.813
46012,2020-06-14,5.854,1.701,9.269,297.583,1019.662,13.029,
46012,2020-06-21,6.029,2.077,8.968,301.321,1015.884,13.152,
46012,2020-06-28,4.491,2.061,9.8,299.661,1012.483,13.338,
46012,2020-07-05,5.43,2.67,9.984,304.671,1014.54,12.586,
46012,2020-07-12,8.427,2.361,7.782,317.372,1016.055,12.9,
46012,2020-07-19,4.626,1.762,8.92,308.756,1014.513,13.577,
46012,2020-07-26,3.754,1.511,8.722,311.065,1014.101,13.81,
46012,2020-08-02,4.761,1.178,9.355,290.196,1016.158,13.969,
46012,2020-08-09,5.715,1.905,8.099,314.138,1015.669,14.317,
46012,2020-08-16,3.786,1.469,10.311,291.214,1013.361,15.828,
46012,2020-08-23,7.128,1.602,8.201,302.101,1013.813,15.004,
46012,2020-08-30,3.348,1.572,9.071,309.06,1011.719,13.533,
46012,2020-09-06,4.674,1.37,9.818,305.429,1015.227,14.789,
46012,2020-09-13,3.87,1.145,12.125,250.299,1012.718,14.104,
46012,2020-09-20,3.192,1.148,9.878,262.185,1016.341,15.786,
46012,2020-09-27,6.661,2.179,11.061,300.25,1016.817,16.15,
46012,2020-10-04,5.072,2.047,12.409,290.304,1015.471,14.771,
46012,2020-10-11,4.14,1.576,11.565,265.81,1016.049,14.391,
46012,2020-10-18,5.8,2.366,10.248,313.077,1016.797,15.431,
46012,2020-10-25,3.49,2.415,9.933,302.707,1013.778,13.675,
46012,2020-11-01,4.022,1.412,10.849,298.869,1018.806,13.009,
46012,2020-11-08,7.594,2.893,13.364,301.25,1015.062,12.436,
46012,2020-11-15,4.834,2.229,11.697,308.758,1021.754,11.819,
46012,2020-11-22,5.341,2.369,12.279,295.673,1019.755,12.585,
46012,2020-11-29,6.314,2.493,13.12,307.44,1021.79,11.764,
46012,2020-12-06,5.371,2.368,14.844,295.946,1023.862,11.191,
46012,2020-12-13,6.078,3.08,13.952,294.323,1020.449,12.256,
46012,2020-12-20,5.988,3.377,13.79,299.149,1024.967,11.355,
46012,2020-12-27,5.662,2.38,12.971,293.113,1020.945,11.554,
46012,2021-01-03,4.793,3.649,15.705,296.375,1021.39,11.06,
46012,2021-01-10,4.102,3.846,15.556,298.351,1023.868,11.548,
46012,2021-01-17,4.839,3.32,14.639,289.554,1024.988,11.802,
46012,2021-01-24,6.065,2.795,13.699,296.024,1015.644,11.837,
46012,2021-01-31,7.341,3.686,13.079,286.661,1013.01,10.597,
46012,2021-02-07,6.067,2.564,11.811,305.31,1020.828,11.468,
46012,2021-02-14,5.579,1.745,12.947,294.333,1018.195,11.235,
46012,2021-02-21,7.384,2.752,13.645,293.91,1025.184,11.097,
46012,2021-02-28,9.437,3.334,10.93,312.78,1023.359,10.16,
46012,2021-03-07,4.51,2.479,14.04,297.867,1018.923,8.983,
46012,2021-03-14,5.578,3.617,14.119,305.049,1021.718,10.086,
46012,2021-03-21,6.948,2.825,11.193,293.37,1021.701,9.661,
46012,2021-03-28,7.888,2.689,9.738,309.62,1020.159,9.86,
46012,2021-04-04,4.047,1.852,12.522,292.37,1018.983,10.921,
46012,2021-04-11,8.008,2.395,9.389,309.982,1020.432,9.751,
46012,2021-04-18,5.382,2.174,12.059,296.024,1016.347,9.597,
46012,2021-04-25,5.973,2.423,11.768,274.783,1016.41,10.015,
46012,2021-05-02,6.985,1.958,11.047,278.275,1019.433,10.672,
46012,2021-05-09,9.252,2.921,10.312,304.47,1016.689,10.542,
46012,2021-05-16,5.173,2.421,9.869,311.162,1015.339,10.314,
46012,2021-05-23,8.189,2.448,10.509,280.708,1018.968,10.592,
46012,2021-05-30,6.493,2.057,9.48,290.185,1019.048,10.532,
46012,2021-06-06,5.487,2.367,10.976,279.383,1014.185,11.534,
46012,2021-06-13,4.103,1.719,10.858,278.464,1018.601,12.539,
46012,2021-06-20,6.223,2.194,9.208,307.138,1013.63,12.839,
46012,2021-06-27,4.724,1.518,13.549,229.653,1014.768,13.716,
46012,2021-07-04,4.462,1.863,9.84,298.56,1013.471,13.591,
46012,2021-07-11,6.416,2.03,9.721,305.323,1015.156,12.87,
46012,2021-07-18,6.124,2.198,8.906,314.577,1015.233,12.276,
46012,2021-07-25,5.255,1.937,8.333,314.554,1016.78,12.409,
46012,2021-08-01,2.82,1.169,11.381,237.75,1016.106,13.413,
46012,2021-08-08,4.894,1.493,9.812,276.689,1016.306,13.903,
46012,2021-08-15,3.36,1.429,11.384,265.162,1016.089,14.268,
46012,2021-08-22,4.962,2.486,9.552,308.946,1011.39,14.729,
46012,2021-08-29,3.759,1.897,8.621,312.868,1012.195,14.086,
46012,2021-09-05,3.362,1.749,8.501,313.635,1012.442,13.563,
46012,2021-09-12,5.612,1.765,9.036,299.792,1014.829,14.442,
46012,2021-09-19,4.075,2.181,11.495,277.536,1014.872,13.945,
46012,2021-09-26,3.283,2.134,12.898,293.768,1016.33,14.632,
46012,2021-10-03,5.341,2.884,12.391,299.685,1016.817,14.213,
46012,2021-10-10,5.156,2.143,11.972,298.095,1017.638,13.645,
46012,2021-10-17,6.856,3.012,11.804,307.467,1017.368,12.771,
46012,2021-10-24,6.778,2.952,12.384,282.548,1015.174,13.784,
46012,2021-10-31,4.543,3.395,13.822,296.5,1017.426,14.117,
46012,2021-11-07,5.174,2.486,12.709,285.304,1020.41,14.372,
46012,2021-11-14,6.418,2.285,11.435,283.375,1022.198,13.997,
46012,2021-11-21,4.646,1.888,10.748,296.202,1020.129,13.694,
46012,2021-11-28,5.462,1.936,11.842,295.875,1021.875,14.058,
46012,2021-12-05,4.676,2.175,12.864,295.327,1020.988,12.713,
46012,2021-12-12,6.922,2.121,10.239,299.685,1019.035,12.03,
46012,2021-12-19,6.444,3.512,13.99,299.677,1017.842,11.023,
46012,2021-12-26,7.524,2.594,12.567,282.732,1014.073,12.066,
46012,2022-01-02,6.822,2.492,10.982,306.578,1014.837,10.476,
46012,2022-01-09,4.449,2.297,12.804,292.762,1021.889,11.887,
46012,2022-01-16,4.529,2.511,13.664,283.405,1024.538,13.065,
46012,2022-01-23,4.21,1.753,12.928,284.719,1021.807,12.511,
46012,2022-01-30,3.973,1.919,14.378,282.143,1022.129,12.026,
46012,2022-02-06,7.523,2.436,11.976,300.311,1023.82,11.767,
46012,2022-02-13,4.345,1.951,14.149,283.539,1022.313,11.686,
46012,2022-02-20,7.158,2.535,12.784,292.696,1020.721,11.372,
46012,2022-02-27,6.441,2.389,12.755,302.238,1022.468,9.953,
46012,2022-03-06,6.843,3.216,13.209,293.69,1020.677,12.265,
46012,2022-03-13,5.547,1.783,11.677,301.898,1023.247,10.904,
46012,2022-03-20,5.99,2.786,13.535,296.503,1022.598,11.485,
46012,2022-03-27,7.598,2.3,11.96,296.766,1019.059,11.01,
46012,2022-04-03,8.691,3.035,9.96,295.928,1015.582,10.958,
46012,2022-04-10,8.561,3.365,12.514,306.762,1019.497,11.441,
46012,2022-04-17,6.524,2.073,10.106,282.31,1020.171,10.304,
46012,2022-04-24,5.381,2.463,13.047,290.994,1018.726,11.676,
46012,2022-05-01,8.876,2.433,10.618,304.631,1018.913,11.151,
46012,2022-05-08,6.768,2.72,12.515,301.754,1018.001,11.176,
46012,2022-05-15,6.733,1.918,9.406,311.141,1022.455,10.995,
46012,2022-05-22,8.907,2.871,9.214,313.834,1016.85,11.107,
46012,2022-05-29,6.144,1.829,11.379,258.036,1014.79,11.412,
46012,2022-06-05,6.24,2.155,11.419,277.461,1014.643,11.644,
46012,2022-06-12,6.033,1.782,9.397,292.042,1015.249,13.045,
46012,2022-06-19,7.939,2.054,8.435,303.4,1015.923,12.358,
46012,2022-06-26,4.357,1.846,11.082,288.543,1014.515,12.416,
46012,2022-07-03,5.449,1.574,9.753,282.713,1018.268,12.791,
46012,2022-07-10,3.831,1.098,9.106,270.703,1017.822,14.454,
46012,2022-07-17,5.264,1.869,8.699,309.922,1014.957,13.799,
46012,2022-07-24,5.265,1.92,12.625,259.545,1016.203,12.901,
46012,2022-07-31,2.696,1.248,10.683,267.113,1015.007,13.923,
46012,2022-08-07,4.159,1.445,11.716,208.527,1015.857,16.12,
46012,2022-08-14,4.752,1.202,9.077,284.566,1017.703,16.762,
46012,2022-08-21,5.54,1.952,8.269,308.307,1012.88,14.186,
46012,2022-08-28,5.337,1.86,9.489,292.369,1013.861,15.174,
46012,2022-09-04,5.481,1.495,11.418,248.342,1014.079,15.167,
46012,2022-09-11,3.627,1.845,10.543,285.891,1010.104,15.67,
46012,2022-09-18,5.344,1.46,11.033,231.922,1013.545,16.223,
46012,2022-09-25,4.596,1.624,12.374,266.353,1014.709,16.087,
46012,2022-10-02,4.467,1.573,12.567,259.911,1015.213,15.372,
46012,2022-10-09,4.361,1.559,13.004,269.545,1018.021,14.174,
46012,2022-10-16,3.895,1.335,13.022,239.315,1015.848,14.81,
46012,2022-10-23,5.787,2.295,12.657,277.073,1015.45,14.976,
46012,2022-10-30,6.42,2.407,12.563,308.97,1021.188,13.57,
46012,2022-11-06,4.629,2.52,12.636,308.509,1019.238,13.192,
46012,2022-11-13,4.985,2.31,11.51,301.857,1017.111,,
46012,2022-11-20,4.984,1.747,13.779,287.892,1022.79,,
46012,2022-11-27,4.819,2.121,14.392,280.892,1022.258,,
46012,2022-12-04,6.203,2.376,12.461,303.513,1016.51,,
46012,2022-12-11,4.904,2.238,11.607,293.051,1017.675,,
46012,2022-12-18,5.104,2.016,13.053,291.269,1019.106,,
46012,2022-12-25,4.011,1.331,14.724,266.923,1024.523,,
46012,2023-01-01,6.835,3.461,12.994,279.815,1013.86,,
46012,2023-01-08,9.157,4.218,13.51,259.119,1013.38,,
46012,2023-01-15,9.067,4.146,14.495,264.125,1011.967,,
46012,2023-01-22,7.585,3.277,13.806,299.324,1019.991,,
46012,2023-01-29,5.862,2.618,13.585,300.185,1022.933,,
46012,2023-02-05,5.965,2.313,13.239,284.92,1021.082,,
46012,2023-02-12,8.974,3.202,12.721,300.767,1028.521,,
46012,2023-02-19,4.171,3.231,14.13,308.914,1018.957,,
46012,2023-02-26,11.882,3.147,12.302,308.609,1007.075,,
46012,2023-03-05,7.62,2.178,12.337,299.087,1014.16,,
46012,2026-03-08,4.062,1.796,9.521,,1019.081,14.033,13.508
46012,2026-03-15,8.899,2.218,8.435,,1020.749,12.249,13.129
46012,2026-03-22,6.071,1.392,9.673,,1016.822,12.683,13.124
46012,2026-03-29,5.994,1.696,9.446,,1017.404,12.418,12.764
46012,2026-04-05,4.56,1.379,9.315,,1016.387,13.433,13.072
46012,2026-04-12,4.696,1.128,10.44,,1014.633,13.336,13.972
46012,2026-04-19,5.685,1.524,8.429,,1018.279,13.111,14.027
46012,2026-04-26,8.16,1.376,7.24,,1011.94,13.936,13.908
46013,2017-01-01,11.231,2.67,10.674,308.261,1014.2,10.218,10.901
46013,2017-01-08,8.099,2.237,10.422,232.665,1014.876,10.031,11.012
46013,2017-01-15,6.17,2.532,12.171,264.693,1016.232,10.972,11.94
46013,2017-01-22,7.575,3.981,14.479,269.065,1010.143,10.728,11.866
46013,2017-01-29,4.285,3.378,14.014,287.875,1025.152,10.478,11.562
46013,2017-02-05,6.965,2.282,11.901,255.137,1016.788,12.111,12.112
46013,2017-02-12,7.631,2.581,9.683,246.832,1015.57,12.712,12.663
46013,2017-02-19,6.672,2.62,12.881,274.101,1010.958,12.198,12.775
46013,2017-02-26,8.198,2.604,12.292,275.407,1019.909,10.646,12.435
46013,2017-03-05,8.093,2.05,12.864,303.584,1020.039,10.552,12.082
46013,2017-03-12,6.445,1.923,12.107,286.982,1023.617,11.451,11.974
46013,2017-03-19,4.696,1.402,10.738,282.359,1019.196,11.998,11.931
46013,2017-03-26,6.642,2.208,10.848,258.137,1018.127,12.457,12.9
46013,2017-04-02,12.035,2.978,12.418,300.284,1020.271,11.981,11.91
46013,2017-04-09,7.057,2.821,12.836,278.506,1015.635,10.681,10.629
46013,2017-04-16,6.424,2.259,11.934,286.542,1017.867,11.473,11.895
46013,2017-04-23,5.075,2.223,12.785,260.246,1019.914,12.336,12.325
46013,2017-04-30,9.46,2.368,9.42,301.151,1019.019,12.054,11.413
46013,2017-05-07,11.233,2.635,9.465,310.94,1014.035,10.783,9.509
46013,2017-05-14,7.859,2.262,11.088,296.859,1016.76,10.394,9.212
46013,2017-05-21,9.111,2.073,8.708,303.031,1015.308,10.598,9.414
46013,2017-05-28,3.237,1.337,11.688,266.461,1014.607,10.8,10.534
46013,2017-06-04,10.614,1.988,9.348,294.612,1014.684,11.774,10.432
46013,2017-06-11,7.588,1.92,9.501,297.371,1014.468,11.496,10.014
46013,2017-06-18,11.504,2.104,8.422,309.366,1016.2,12.033,9.682
46013,2017-06-25,5.776,1.796,11.535,263.44,1011.287,11.935,10.469
46013,2017-07-02,9.863,2.01,9.563,288.251,1014.456,12.305,11.291
46013,2017-07-09,6.594,1.436,9.613,266.91,1016.353,11.152,10.169
46013,2017-07-16,7.428,1.904,8.457,292.315,1014.592,11.616,10.448
46013,2017-07-23,10.382,2.064,7.277,311.299,1014.403,12.043,10.169
46013,2017-07-30,5.021,1.643,8.672,311.107,1014.692,12.362,12.33
46013,2017-08-06,2.352,1.081,13.467,197.202,1014.724,13.589,13.996
46013,2017-08-13,8.143,1.397,8.3,279.114,1014.074,14.012,13.464
46013,2017-08-20,3.899,1.711,9.424,300.395,1013.63,12.917,11.968
46013,2017-08-27,5.118,1.598,9.402,291.717,1014.221,13.81,13.528
46013,2017-09-03,6.975,1.474,8.312,299.617,1010.923,14.251,13.003
46013,2017-09-10,3.878,1.338,12.457,260.982,1013.792,15.514,14.631
46013,2017-09-17,5.581,1.761,8.42,306.577,1012.676,15.436,15.062
46013,2017-09-24,7.304,1.951,10.043,304.372,1014.06,15.016,14.431
46013,2017-10-01,7.969,1.688,8.058,303.208,1013.613,14.511,14.23
46013,2017-10-08,7.386,2.013,10.079,304.928,1013.914,12.049,11.296
46013,2017-10-15,7.103,2.439,9.792,307.578,1016.693,12.349,11.158
46013,2017-10-22,3.915,2.339,13.697,277.633,1019.885,12.308,11.553
46013,2017-10-29,5.186,2.503,13.634,282.12,1016.548,12.445,12.403
46013,2017-11-05,4.71,1.599,12.004,296.982,1015.007,12.199,11.994
46013,2017-11-12,4.113,1.878,11.15,275.179,1017.921,13.641,14.134
46013,2017-11-19,4.461,1.994,11.739,290.695,1019.387,13.339,14.258
46013,2017-11-26,5.123,1.832,11.92,291.238,1018.099,14.318,13.641
46013,2017-12-03,6.552,3.448,14.858,296.133,1019.587,12.746,13.217
46013,2017-12-10,4.411,1.6,13.453,284.22,1025.532,12.963,13.197
46013,2017-12-17,6.283,2.429,12.929,289.437,1020.728,12.816,12.743
46013,2017-12-24,4.996,1.665,12.045,297.857,1023.473,11.168,12.144
46013,2017-12-31,4.573,1.547,12.902,281.551,1022.278,11.2,12.522
46013,2018-01-07,5.493,1.836,12.951,290.071,1020.193,12.987,13.43
46013,2018-01-14,6.823,2.51,13.146,282.923,1018.575,12.268,13.536
46013,2018-01-21,5.992,3.721,14.55,285.873,1021.423,12.299,13.136
46013,2018-01-28,5.03,2.982,12.781,295.271,1024.534,11.584,12.755
46013,2018-02-04,4.809,1.676,10.422,300.204,1020.802,12.941,12.642
46013,2018-02-11,6.211,1.7,11.636,285.774,1018.528,12.767,12.19
46013,2018-02-18,8.183,2.197,10.588,301.817,1020.199,10.825,10.983
46013,2018-02-25,10.115,2.546,12.888,304.066,1024.217,8.519,10.133
46013,2018-03-04,6.944,2.599,11.527,302.335,1017.037,9.332,10.193
46013,2018-03-11,3.615,1.449,12.7,280.856,1019.008,10.369,10.632
46013,2018-03-18,5.113,2.131,11.345,289.345,1015.533,10.567,11.378
46013,2018-03-25,6.719,2.341,10.835,267.928,1016.424,11.053,11.585
46013,2018-04-01,8.064,1.973,8.241,310.645,1019.868,11.342,11.231
46013,2018-04-08,6.603,1.913,10.389,269.149,1016.35,11.232,10.516
46013,2018-04-15,6.659,3.011,12.663,290.76,1021.699,11.366,10.963
46013,2018-04-22,7.913,2.596,10.694,300.893,1019.661,10.762,10.279
46013,2018-04-29,3.35,1.92,13.308,292.476,1017.627,11.691,11.688
46013,2018-05-06,8.009,1.989,10.813,301.524,1018.426,11.023,10.293
46013,2018-05-13,9.319,2.152,10.207,306.102,1016.146,11.787,
46013,2018-05-20,7.82,1.62,10.388,286.982,1016.476,12.252,
46013,2018-05-27,8.275,2.034,10.857,301.657,1015.493,12.155,
46013,2018-06-03,10.905,2.528,8.585,317.641,1013.629,11.75,
46013,2018-06-10,12.042,2.165,9.727,322.982,1015.977,12.342,
46013,2018-06-17,10.472,2.676,9.234,317.485,1010.16,12.142,
46013,2018-06-24,7.854,1.876,9.983,291.589,1014.437,12.129,10.148
46013,2018-07-01,7.529,2.292,9.2,302.048,1013.689,,10.213
46013,2018-07-08,5.197,1.772,9.735,283.838,1016.382,,11.933
46013,2018-07-15,5.609,1.533,9.434,293.174,1015.951,,11.477
46013,2018-07-22,2.506,1.515,9.853,294.119,1015.378,,13.649
46013,2018-07-29,8.585,1.882,10.932,276.357,1016.698,,12.747
46013,2018-08-05,11.091,2.005,6.709,311.689,1014.279,,10.331
46013,2018-08-12,9.567,1.628,7.358,309.539,1014.323,,11.247
46013,2018-08-19,4.412,1.498,12.158,257.827,1015.634,,11.891
46013,2018-08-26,2.459,1.423,9.36,293.696,1015.225,,12.414
46013,2018-09-02,5.679,1.656,8.672,306.881,1014.318,,13.12
46013,2018-09-09,5.855,1.714,8.438,303.299,1014.366,,12.293
46013,2018-09-16,8.88,1.824,11.466,262.602,1013.628,,10.847
46013,2018-09-23,6.786,1.614,10.254,275.06,1013.517,,10.8
46013,2018-09-30,2.536,1.459,10.103,289.661,1012.949,,11.684
46013,2018-10-07,5.617,1.698,12.06,258.94,1013.233,,13.552
46013,2018-10-14,4.388,2.094,10.144,295.548,1010.778,,12.582
46013,2018-10-21,4.217,1.445,13.791,270.796,1018.392,,14.289
46013,2018-10-28,5.401,1.888,12.245,284.856,1017.477,,14.05
46013,2018-11-04,9.479,2.484,9.812,298.402,1020.071,,12.543
46013,2018-11-11,5.799,1.902,9.789,304.679,1017.309,,11.328
46013,2018-11-18,3.07,1.343,12.833,267.279,1021.796,,12.779
46013,2018-11-25,5.336,2.01,11.569,272.75,1016.917,,13.915
46013,2018-12-02,6.668,3.312,12.96,286.946,1014.466,,14.066
46013,2018-12-09,6.368,1.911,12.393,256.244,1018.49,,13.744
46013,2018-12-16,7.896,3.104,13.353,289.656,1020.454,,13.95
46013,2018-12-23,4.334,3.638,14.961,291.394,1022.092,,14.429
46013,2018-12-30,9.282,3.071,12.315,300.084,1021.62,,13.686
46013,2019-01-06,7.126,2.62,12.22,288.792,1016.847,,12.932
46013,2019-01-13,7.691,3.203,11.66,254.404,1015.442,,12.955
46013,2019-01-20,7.35,3.437,14.143,264.289,1015.819,,12.919
46013,2019-01-27,5.655,2.147,12.382,289.301,1025.012,,12.876
46013,2019-02-03,6.66,2.337,12.778,265.63,1009.674,,12.988
46013,2019-02-10,7.766,2.868,13.604,295.138,1014.314,,12.598
46013,2019-02-17,9.034,3.768,12.698,260.786,1012.809,,12.538
46013,2019-02-24,8.003,2.596,11.867,306.524,1019.452,,12.278
46013,2019-03-03,6.751,2.346,12.118,258.756,1014.602,,12.112
46013,2019-03-10,7.148,2.177,11.135,264.03,1013.443,,12.274
46013,2019-03-17,7.483,2.734,13.934,301.637,1020.203,,12.112
46013,2019-03-24,4.311,2.507,14.375,280.488,1017.795,,12.523
46013,2019-03-31,5.676,2.273,12.682,282.006,1020.284,,13.098
46013,2019-04-07,4.429,2.042,15.177,271.524,1016.754,,13.386
46013,2019-04-14,10.879,2.935,10.993,309.796,1020.933,,11.493
46013,2019-04-21,7.786,2.362,12.235,300.405,1017.022,,10.329
46013,2019-04-28,7.53,2.058,8.934,308.03,1014.983,,9.882
46013,2019-05-05,4.051,1.541,11.219,283.222,1013.778,,12.521
46013,2019-05-12,3.335,1.314,12.534,256.732,1013.707,,13.013
46013,2019-05-19,5.767,2.231,13.294,236.756,1013.337,,12.565
46013,2019-05-26,8.354,3.257,10.734,298.024,1012.053,,11.714
46013,2019-06-02,7.741,2.076,8.179,308.566,1013.603,,10.189
46013,2019-06-09,9.647,2.322,7.972,313.569,1014.661,,10.092
46013,2019-06-16,4.727,1.34,10.649,262.381,1014.124,,11.587
46013,2019-06-23,4.71,2.321,9.559,309.015,1012.667,,12.595
46013,2019-06-30,8.719,1.502,8.062,283.662,1015.634,,13.155
46013,2019-07-07,10.693,2.041,7.643,302.651,1014.864,,10.08
46013,2019-07-14,8.263,1.641,10.874,266.431,1015.614,,10.343
46013,2019-07-21,5.993,1.699,9.687,285.994,1013.59,,10.434
46013,2019-07-28,5.384,1.516,8.196,294.533,1015.346,,11.583
46013,2019-08-04,8.453,1.605,6.757,313.072,1014.727,,11.54
46013,2019-08-11,5.738,1.215,11.005,250.697,1014.75,,11.699
46013,2019-08-18,6.291,1.692,7.756,308.43,1013.04,,11.729
46013,2019-08-25,4.997,1.479,11.166,278.317,1013.072,,12.375
46013,2019-09-01,3.738,1.055,10.008,275.796,1014.03,,14.54
46013,2019-09-08,7.595,1.546,10.945,274.435,1015.215,,12.637
46013,2019-09-15,7.156,1.695,10.049,286.345,1014.563,,12.143
46013,2019-09-22,4.832,1.723,10.041,309.048,1014.275,,12.661
46013,2019-09-29,6.113,2.194,9.797,310.964,1012.032,,11.506
46013,2019-10-06,5.884,1.643,10.813,299.369,1016.866,,11.12
46013,2019-10-13,4.483,1.697,10.347,289.024,1013.52,,11.65
46013,2019-10-20,4.335,2.368,13.453,297.934,1016.836,,11.781
46013,2019-10-27,6.766,2.124,10.638,301.488,1016.448,,11.808
46013,2019-11-03,2.83,1.284,12.86,280.479,1018.466,,11.238
46013,2019-11-10,3.998,1.045,9.434,288.887,1018.574,,12.102
46013,2019-11-17,3.45,1.669,13.428,280.364,1019.045,11.358,11.998
46013,2019-11-24,5.631,2.34,12.454,294.161,1014.39,11.649,11.368
46013,2019-12-01,8.565,3.132,11.574,276.317,1009.972,9.748,10.924
46013,2019-12-08,7.439,2.393,10.76,249.485,1014.605,12.471,12.54
46013,2019-12-15,5.207,2.493,13.239,286.175,1022.218,12.203,13.038
46013,2019-12-22,6.996,2.86,12.61,277.726,1018.618,,12.978
46013,2019-12-29,7.551,2.752,13.682,299.738,1014.992,,12.534
46013,2020-01-05,7.429,2.834,13.76,291.911,1023.432,,12.426
46013,2020-01-12,7.307,2.751,11.609,299.417,1024.611,,12.094
46013,2020-01-19,5.909,2.688,12.142,295.25,1020.752,,11.729
46013,2020-01-26,4.03,2.717,13.998,285.292,1020.821,,12.06
46013,2020-02-02,6.954,3.024,13.03,290.194,1026.025,,12.404
46013,2020-02-09,8.82,2.883,11.36,301.155,1021.939,,10.835
46013,2020-02-16,5.88,2.298,13.302,299.228,1019.758,,10.343
46013,2020-02-23,6.766,1.937,12.927,292.91,1019.577,,10.744
46013,2020-03-01,7.55,2.49,12.146,298.411,1023.359,,10.736
46013,2020-03-08,5.437,2.612,11.637,302.766,1017.346,,10.659
46013,2020-03-15,4.233,1.828,10.636,285.06,1014.654,,11.142
46013,2020-03-22,3.472,1.111,12.974,258.845,1016.887,,11.897
46013,2020-03-29,5.855,1.537,12.775,284.295,1020.014,,12.446
46013,2020-04-05,8.293,1.916,9.799,285.94,1017.708,,11.479
46013,2020-04-12,4.628,1.648,12.568,258.75,1016.082,,11.081
46013,2020-04-19,4.045,1.474,10.483,297.479,1018.118,,11.29
46013,2020-04-26,9.997,1.965,12.563,288.473,1021.423,,10.98
46013,2020-05-03,8.633,1.947,11.652,293.084,1019.727,,10.063
46013,2020-05-10,7.345,1.939,11.148,296.554,1017.579,,10.129
46013,2020-05-17,4.48,1.728,12.024,262.807,1015.669,12.608,12.338
46013,2020-05-24,9.3,2.404,9.065,304.066,1015.517,12.241,11.713
46013,2020-05-31,5.781,1.888,10.598,292.72,1012.787,11.35,10.313
46013,2020-06-07,7.648,1.872,9.637,298.095,1013.819,11.734,11.106
46013,2020-06-14,7.21,1.703,8.955,301.274,1018.604,11.972,10.43
46013,2020-06-21,7.737,1.974,8.869,311.607,1014.776,12.327,10.881
46013,2020-06-28,5.508,1.777,9.481,293.024,1010.835,11.527,11.188
46013,2020-07-05,8.027,2.418,8.792,307.435,1013.084,11.834,11.601
46013,2020-07-12,11.45,2.204,7.076,313.059,1014.082,11.58,9.775
46013,2020-07-19,3.752,1.526,8.786,308.119,1013.471,11.776,11.026
46013,2020-07-26,3.65,1.469,8.64,307.274,1013.015,12.383,12.644
46013,2020-08-02,6.298,1.245,8.983,291.352,1014.933,12.543,13.348
46013,2020-08-09,7.586,2.068,7.558,313.5,1013.937,12.461,10.7
46013,2020-08-16,2.985,1.495,9.579,305.333,1012.712,13.176,12.843
46013,2020-08-23,8.181,1.626,6.956,306.375,1012.659,12.988,11.627
46013,2020-08-30,2.769,1.513,8.711,309.476,1010.787,11.449,11.679
46013,2020-09-06,4.271,1.342,10.142,304.81,1014.575,13.214,12.346
46013,2020-09-13,3.795,1.051,12.453,243.844,1011.938,12.687,12.692
46013,2020-09-20,3.371,1.117,9.639,264.226,1015.512,14.428,13.56
46013,2020-09-27,7.693,2.064,11.267,298.387,1015.762,14.075,12.253
46013,2020-10-04,4.963,1.989,12.45,294.677,1014.755,13.179,12.087
46013,2020-10-11,2.972,1.345,11.285,266.381,1015.289,12.455,11.855
46013,2020-10-18,6.039,2.044,10.104,308.649,1016.429,13.83,11.895
46013,2020-10-25,4.089,2.169,9.699,307.524,1013.043,12.456,12.587
46013,2020-11-01,3.318,1.302,10.852,299.631,1018.409,11.682,12.945
46013,2020-11-08,7.666,2.648,13.515,301.514,1014.248,11.562,12.753
46013,2020-11-15,4.061,2.042,11.166,304.236,1021.038,10.647,10.895
46013,2020-11-22,3.856,2.161,12.333,288.31,1019.147,11.358,11.092
46013,2020-11-29,5.865,2.344,13.067,302.887,1021.362,10.883,11.052
46013,2020-12-06,4.346,2.271,14.657,293.143,1023.466,10.588,10.959
46013,2020-12-13,4.976,2.954,13.834,290.138,1019.816,11.193,10.824
46013,2020-12-20,5.498,3.077,13.534,294.837,1024.345,10.593,10.809
46013,2020-12-27,5.467,2.192,11.501,277.262,1020.258,10.621,10.659
46013,2021-01-03,4.654,2.94,15.459,286.946,1020.66,10.638,10.982
46013,2021-01-10,4.157,3.359,15.277,287.94,1023.091,10.625,11.392
46013,2021-01-17,4.257,2.869,14.347,284.113,1024.558,11.06,11.651
46013,2021-01-24,5.175,2.371,13.954,291.966,1015.526,11.428,11.48
46013,2022-05-01,10.533,1.932,7.673,300.373,1017.564,10.951,10.176
46013,2022-05-08,7.676,2.732,11.919,298.293,1017.817,10.362,9.678
46013,2022-05-15,7.693,1.975,9.425,309.579,1022.233,10.466,10.05
46013,2022-05-22,12.556,2.799,8.338,316.093,1016.44,10.737,9.138
46013,2022-05-29,7.403,1.682,10.785,267.363,1014.522,10.344,8.755
46013,2022-06-05,8.238,1.947,11.471,275.214,1014.119,10.747,9.323
46013,2022-06-12,8.398,1.483,9.375,278.464,1014.85,12.162,10.099
46013,2022-06-19,9.681,2.046,7.961,305.228,1015.538,11.308,9.326
46013,2022-06-26,4.077,1.75,10.703,286.036,1014.452,11.286,10.094
46013,2022-07-03,8.0,1.478,9.335,281.899,1017.132,11.843,10.575
46013,2022-07-10,4.92,1.071,8.19,279.97,1017.382,12.36,10.761
46013,2022-07-17,6.885,1.972,8.126,312.393,1014.104,12.171,10.829
46013,2022-07-24,7.631,1.968,11.699,272.689,1015.251,11.127,10.345
46013,2022-07-31,3.57,1.208,10.265,274.377,1014.506,12.233,11.25
46013,2022-08-07,3.466,1.287,10.84,243.935,1015.593,13.964,12.648
46013,2022-08-14,6.367,1.28,7.699,319.254,1017.173,15.067,13.508
46013,2022-08-21,7.193,1.8,7.865,305.387,1012.086,12.654,10.881
46013,2022-08-28,5.868,1.648,8.764,296.423,1013.089,13.583,11.602
46013,2022-09-04,6.01,1.369,10.813,255.727,1013.979,14.812,12.578
46013,2022-09-11,4.286,1.629,11.142,274.832,1010.043,14.394,12.016
46013,2022-09-18,6.382,1.315,11.969,220.202,1012.856,13.823,11.941
46013,2022-09-25,3.897,1.455,10.953,275.655,1014.82,14.707,13.53
46013,2022-10-02,5.167,1.671,11.656,289.113,1015.104,14.686,14.488
46013,2022-10-09,5.147,1.432,12.946,270.821,1017.851,13.144,13.706
46013,2022-10-16,3.612,1.242,12.246,260.958,1015.849,12.976,12.542
46013,2022-10-23,5.635,1.797,12.769,278.917,1015.785,13.288,12.132
46013,2022-10-30,6.98,2.496,12.655,312.863,1021.17,12.443,11.018
46013,2022-11-06,5.619,2.616,12.617,306.964,1018.763,12.206,11.555
46013,2022-11-13,4.907,2.072,11.475,293.938,1016.968,11.809,12.828
46013,2022-11-20,4.681,1.643,13.677,289.019,1023.337,12.479,13.923
46013,2022-11-27,4.635,2.106,14.144,285.859,1022.688,12.783,13.464
46013,2022-12-04,6.957,2.509,12.481,307.636,1016.567,10.652,11.816
46013,2022-12-11,5.36,2.11,11.24,293.363,1017.153,11.56,12.188
46013,2022-12-18,4.087,1.789,12.883,290.858,1019.812,10.25,11.362
46013,2022-12-25,4.515,1.367,13.632,264.328,1025.159,10.847,12.361
46013,2023-01-01,6.904,3.23,12.733,282.555,1013.565,12.325,12.102
46013,2023-01-08,9.386,4.181,13.371,254.657,1012.831,11.592,11.473
46013,2023-01-15,8.682,4.255,14.243,261.269,1010.907,12.792,12.318
46013,2023-01-22,7.419,2.94,13.709,290.065,1020.38,11.212,12.103
46013,2023-01-29,5.825,2.501,13.461,294.072,1023.17,11.686,11.937
46013,2023-02-05,5.307,2.259,12.872,277.307,1021.105,11.081,11.255
46013,2023-02-12,6.797,3.112,12.781,292.657,1024.331,10.752,11.074
46013,2023-02-19,7.258,3.137,13.764,298.089,1020.07,9.801,10.132
46013,2023-02-26,6.555,2.988,12.332,308.506,1012.697,8.137,9.769
46013,2023-03-05,8.762,3.146,12.466,302.068,1015.18,8.775,9.343
46013,2023-03-12,5.306,2.449,10.756,272.348,1016.973,9.485,9.822
46013,2023-03-19,7.104,1.965,10.262,254.827,1015.246,10.399,10.352
46013,2023-03-26,8.263,2.651,10.567,282.248,1018.317,9.639,10.554
46013,2023-04-02,5.254,1.887,11.187,271.919,1018.792,9.953,10.225
46013,2023-04-09,6.687,1.855,9.996,296.93,1021.548,9.97,10.33
46013,2023-04-16,9.275,2.355,10.82,302.339,1018.255,9.868,9.788
46013,2023-04-23,9.076,2.204,10.026,308.635,1021.235,10.327,9.892
46013,2023-04-30,6.567,1.855,11.683,278.787,1015.855,9.94,9.857
46013,2023-05-07,4.809,2.194,12.917,290.414,1013.799,10.942,10.385
46013,2023-05-14,6.812,1.726,12.516,269.762,1016.27,11.568,11.296
46013,2023-05-21,8.134,1.923,11.994,263.738,1016.568,11.468,11.152
46013,2023-05-28,5.818,2.018,10.31,288.644,1012.809,10.921,10.288
46013,2023-06-04,8.044,2.276,10.107,290.608,1013.326,11.214,11.273
46013,2023-06-11,3.295,1.593,12.925,255.255,1013.22,11.845,11.043
46013,2023-06-18,3.919,1.867,9.769,307.263,1014.349,12.493,12.311
46013,2023-06-25,6.777,1.507,9.437,293.455,1017.104,12.01,11.172
46013,2023-07-02,7.535,1.863,7.779,309.774,1013.394,11.142,10.701
46013,2023-07-09,5.91,1.677,9.294,299.521,1013.385,12.142,11.517
46013,2023-07-16,8.695,1.662,7.606,308.054,1014.369,11.614,10.614
46013,2023-07-23,9.095,2.026,7.691,310.991,1013.25,11.928,10.527
46013,2023-07-30,9.689,1.57,6.15,318.29,1015.884,12.717,11.292
46013,2023-08-06,9.481,1.589,6.752,309.393,1016.019,12.79,10.598
46013,2023-08-13,3.633,1.385,10.309,254.506,1014.436,12.874,10.958
46013,2023-08-20,1.794,1.335,10.783,288.775,1011.975,14.693,
46013,2023-08-27,4.449,1.345,11.52,260.413,1013.866,15.478,
46013,2023-09-03,8.098,1.937,9.059,289.735,1012.8,13.929,
46013,2023-09-10,4.602,1.507,13.158,237.28,1015.315,13.128,
46013,2023-09-17,5.383,1.643,10.111,262.738,1014.196,14.493,
46013,2023-09-24,3.013,1.978,11.63,285.126,1014.292,14.403,
46013,2023-10-01,6.808,2.551,11.481,296.492,1014.194,14.529,
46013,2023-10-08,3.791,1.687,11.139,293.823,1014.325,13.653,
46013,2023-10-15,3.945,1.923,12.592,274.628,1012.844,14.345,
46013,2023-10-22,4.062,2.241,15.028,282.348,1014.322,14.855,
46013,2023-10-29,6.908,1.773,10.857,287.877,1016.226,13.332,
46013,2023-11-05,2.927,1.206,12.913,246.119,1018.985,13.575,
46013,2023-11-12,4.513,2.3,12.199,293.269,1019.286,13.959,
46013,2023-11-19,6.672,2.305,10.688,244.315,1013.412,14.846,
46013,2023-11-26,5.063,2.298,13.195,298.048,1019.856,13.905,
46013,2023-12-03,5.648,2.099,12.57,291.946,1019.414,13.646,
46013,2023-12-10,4.54,2.901,14.133,293.946,1023.154,13.457,
46013,2023-12-17,5.931,1.678,11.883,278.065,1018.01,13.401,
46013,2023-12-24,7.218,2.638,11.169,275.405,1012.506,13.695,
46013,2023-12-31,5.92,4.009,14.905,271.708,1018.36,13.58,
46013,2024-01-07,6.849,3.366,14.255,285.295,1021.467,13.013,
46013,2024-01-14,7.112,2.649,13.435,303.232,1021.402,12.024,
46013,2024-01-21,6.002,2.319,12.202,270.735,1014.155,12.629,
46013,2024-01-28,4.584,2.454,12.712,271.606,1018.077,13.42,
46013,2024-02-04,7.011,3.447,12.896,261.086,1009.938,12.981,
46013,2024-02-11,7.959,3.056,13.236,283.749,1012.839,11.783,
46013,2024-02-18,5.133,2.476,12.619,276.582,1017.234,12.835,
46013,2024-02-25,4.787,2.678,13.771,276.91,1016.776,13.341,
46013,2024-03-03,7.61,3.042,12.676,303.107,1014.312,11.656,
46013,2024-03-10,6.509,2.282,11.746,297.97,1017.466,11.909,
46013,2024-03-17,5.912,2.878,14.397,295.824,1017.517,12.788,
46013,2024-03-24,5.81,1.993,14.432,284.654,1016.153,12.035,
46013,2024-03-31,6.806,2.78,13.259,289.119,1012.683,11.902,
46013,2024-04-07,6.392,2.464,10.964,302.863,1018.077,11.096,
46013,2024-04-14,8.642,2.444,10.348,298.062,1015.477,10.677,
46013,2024-04-21,6.457,1.923,11.107,273.0,1017.628,11.25,
46013,2024-04-28,7.009,1.778,9.731,300.235,1016.42,11.927,
46013,2024-05-05,11.153,2.236,7.18,311.822,1015.627,10.572,
46013,2024-05-12,5.191,1.74,11.347,293.688,1015.515,11.492,
46013,2024-05-19,3.751,1.881,10.91,299.705,1013.634,11.0,
46013,2024-05-26,10.896,2.559,7.997,314.501,1014.017,10.444,
46013,2024-06-02,10.64,2.323,7.723,310.631,1015.067,10.821,
46013,2024-06-09,8.592,2.325,11.677,293.241,1012.041,11.356,
46013,2024-06-16,10.626,2.738,8.871,309.702,1013.609,10.857,
46013,2024-06-23,8.69,1.75,7.918,303.042,1010.818,10.48,
46013,2024-06-30,8.394,2.009,8.366,307.896,1012.477,11.231,
46013,2024-07-07,5.108,1.969,11.189,276.545,1011.875,12.084,
46013,2024-07-14,4.533,1.673,10.579,273.682,1011.916,12.456,
46013,2024-07-21,7.659,1.618,9.981,284.283,1015.479,13.233,
46013,2024-07-28,4.314,1.798,8.8,303.414,1013.396,11.952,
46013,2024-08-04,6.776,1.307,8.583,275.688,1015.1,12.803,
46013,2024-08-11,6.636,1.59,7.327,310.339,1013.697,11.902,
46013,2024-08-18,7.935,1.286,7.506,290.63,1014.631,12.875,
46013,2024-08-25,4.971,1.06,11.436,261.089,1016.346,14.254,
46013,2024-09-01,3.252,1.398,9.772,305.698,1015.682,14.605,
46013,2024-09-08,4.339,1.252,11.111,299.14,1014.104,14.19,
46013,2024-09-15,6.7,1.689,8.232,304.048,1010.543,13.207,
46013,2024-09-22,2.991,1.874,9.261,309.796,1012.105,12.635,
46013,2024-09-29,3.978,1.937,11.547,306.204,1010.871,13.718,
46013,2024-10-06,4.158,1.84,11.207,299.518,1012.182,13.174,
46013,2024-10-13,5.65,1.962,12.553,284.568,1014.858,13.59,
46013,2024-10-20,6.705,2.011,10.964,301.973,1016.728,13.402,
46013,2024-10-27,3.963,1.465,10.469,278.815,1018.013,12.984,
46013,2024-11-03,5.806,2.757,12.133,307.407,1017.153,13.317,
46013,2024-11-10,5.133,2.167,13.287,302.376,1018.342,13.356,
46013,2024-11-17,5.904,3.035,12.866,298.516,1017.602,13.343,
46013,2024-11-24,8.289,3.273,11.088,270.065,1015.184,13.058,
46013,2024-12-01,4.845,1.357,12.995,241.634,1019.029,13.023,
46013,2024-12-08,4.95,1.701,13.282,285.958,1021.118,13.887,
46013,2024-12-15,6.458,2.895,13.455,282.092,1018.715,12.102,
46013,2024-12-22,5.769,2.76,13.347,275.946,1020.866,11.793,
46013,2024-12-29,5.767,4.023,15.333,279.0,1018.838,13.117,
46013,2025-01-05,4.727,2.516,12.892,285.77,1022.002,12.149,
46013,2025-01-12,5.331,2.371,13.663,289.066,1023.244,12.512,
46013,2025-01-19,3.616,1.975,14.53,290.084,1023.609,11.099,
46013,2025-01-26,3.831,1.921,13.864,292.134,1021.694,11.558,
46013,2025-02-02,5.42,1.406,10.19,280.227,1019.671,11.6,
46013,2025-02-09,7.754,2.281,9.302,260.125,1014.891,11.075,
46013,2025-02-16,7.211,2.612,11.413,275.768,1015.824,10.678,
46013,2025-02-23,4.638,2.473,13.861,288.616,1021.9,11.495,
46013,2025-03-02,4.717,2.896,13.724,282.554,1018.005,12.01,
46013,2025-03-09,7.042,2.516,11.984,292.352,1019.257,10.613,
46013,2025-03-16,5.51,2.877,12.699,279.833,1011.855,11.02,
46013,2025-03-23,6.929,2.817,12.301,294.607,1022.501,11.122,
46013,2025-03-30,5.25,2.942,13.732,287.358,1015.007,12.376,
46013,2025-04-06,7.391,2.252,11.047,279.322,1017.722,11.534,
46013,2025-04-13,6.696,2.514,11.53,302.797,1019.487,11.738,
46013,2025-04-20,2.536,1.729,11.062,298.238,1015.651,11.124,
46013,2025-04-27,6.986,2.035,10.523,296.967,1013.827,10.905,
46013,2025-05-04,8.642,2.391,10.287,300.084,1015.36,10.653,
46013,2025-05-11,6.85,2.05,10.374,296.616,1014.656,10.704,
46013,2025-05-18,9.529,2.594,9.223,298.399,1015.142,11.367,
46013,2025-05-25,11.319,2.273,8.399,309.116,1016.585,11.309,
46013,2025-06-01,8.58,2.052,9.457,304.173,1014.616,11.969,
46013,2025-06-08,2.841,2.001,10.916,294.353,1013.074,12.335,
46013,2025-06-15,9.798,2.1,8.143,306.97,1014.132,11.724,
46013,2025-06-22,12.069,2.446,7.812,313.461,1014.119,11.633,
46013,2025-06-29,8.567,1.831,7.779,305.727,1013.958,11.413,
46013,2025-11-23,5.0,,,,1017.392,12.797,14.051
46013,2025-11-30,4.271,,,,1021.478,11.14,13.82
46013,2025-12-07,4.319,,,,1020.819,11.528,13.695
46013,2025-12-14,4.693,1.94,12.388,289.03,1020.931,9.924,13.518
46013,2025-12-21,4.574,1.848,11.176,289.233,1019.766,12.749,13.581
46013,2025-12-28,7.734,3.083,10.65,260.461,1011.366,12.889,13.425
46013,2026-01-04,5.68,1.275,10.485,304.778,1021.613,11.265,13.344
46013,2026-03-08,6.714,2.086,9.883,302.842,1018.706,12.69,
46013,2026-03-15,10.923,2.5,9.937,304.843,1020.529,10.688,
46013,2026-03-22,7.072,1.674,11.872,260.589,1016.717,10.896,
46013,2026-03-29,6.623,1.883,10.661,297.184,1016.958,10.911,
46013,2026-04-05,3.926,1.574,11.066,279.723,1015.975,11.921,
46013,2026-04-12,5.252,1.496,12.702,242.062,1014.047,12.506,
46013,2026-04-19,6.785,1.757,10.204,281.393,1017.84,12.028,
46013,2026-04-26,5.69,1.712,10.708,246.118,1010.91,12.817,
46014,2017-01-01,9.329,3.086,9.549,312.727,1014.985,10.021,
46014,2017-01-08,7.204,2.424,10.513,238.15,1013.927,9.619,
46014,2017-01-15,5.074,2.57,12.36,254.176,1015.736,10.409,
46014,2017-01-22,7.537,4.352,14.59,269.701,1008.486,10.724,
46014,2017-01-29,3.389,3.626,14.264,278.869,1025.284,9.764,
46014,2017-02-05,6.697,2.381,11.336,249.796,1015.809,11.581,
46014,2017-02-12,7.332,2.782,9.704,244.589,1014.731,12.157,
46014,2017-02-19,7.036,2.861,12.901,276.139,1010.517,11.757,
46014,2017-02-26,6.851,2.767,12.54,275.635,1019.539,10.047,
46014,2017-03-05,5.524,2.358,12.715,312.59,1020.376,9.758,
46014,2017-03-12,4.438,2.011,11.812,287.952,1024.217,10.877,
46014,2017-03-19,4.253,1.624,10.746,280.988,1019.454,11.877,
46014,2017-03-26,6.69,2.439,11.099,250.581,1017.283,12.09,
46014,2017-04-02,9.144,3.109,13.124,307.196,1022.152,11.774,
46014,2017-04-09,6.197,3.159,12.927,287.988,1015.476,10.424,
46014,2017-04-16,5.639,2.591,12.05,277.246,1017.483,10.744,
46014,2017-04-23,4.377,2.125,12.43,258.411,1019.843,12.113,
46014,2017-04-30,6.846,2.214,9.639,304.443,1020.175,11.968,
46014,2017-05-07,8.84,2.789,9.393,311.63,1015.903,10.891,
46014,2017-05-14,6.629,2.448,10.759,303.491,1017.559,10.641,
46014,2017-05-21,7.641,2.306,8.683,315.557,1016.534,11.133,
46014,2017-05-28,2.864,1.742,10.475,302.11,1014.697,10.795,
46014,2017-06-04,6.333,1.786,9.376,287.979,1016.109,12.26,
46014,2017-06-11,5.557,1.97,9.31,294.193,1015.096,12.155,
46014,2017-06-18,7.386,2.025,8.95,310.904,1018.294,12.907,
46014,2017-06-25,6.021,2.362,10.691,286.964,1011.926,12.498,
46014,2017-07-02,7.483,2.039,8.984,292.114,1015.613,12.894,
46014,2017-07-09,5.583,1.577,8.899,289.417,1017.141,11.626,
46014,2017-07-16,7.621,2.207,7.413,323.626,1015.648,12.491,
46014,2017-07-23,8.084,2.047,6.943,326.669,1015.96,13.267,
46014,2017-07-30,5.065,2.124,8.502,321.267,1015.046,,
46014,2017-08-06,2.217,1.144,11.044,252.982,1014.605,,
46014,2017-08-13,5.67,1.26,7.623,286.593,1014.659,,
46014,2017-08-20,4.663,2.13,8.943,311.506,1013.614,,
46014,2017-08-27,3.82,1.77,8.746,308.466,1014.624,,
46014,2017-09-03,4.752,1.575,8.452,308.994,1011.955,,
46014,2017-09-10,4.366,1.594,12.476,264.392,1013.855,,
46014,2017-09-17,4.5,1.752,8.458,308.545,1013.025,,
46014,2017-09-24,4.238,2.165,10.516,304.85,1014.846,,
46014,2017-10-01,5.948,1.739,8.034,303.741,1014.861,,
46014,2017-10-08,6.43,2.148,9.834,308.311,1015.145,,
46014,2017-10-15,6.232,2.478,10.309,315.297,1018.036,,
46014,2017-10-22,3.115,2.568,12.987,287.648,1019.981,,
46014,2017-10-29,5.127,2.574,13.258,297.951,1017.257,,
46014,2017-11-05,4.545,1.719,11.879,302.03,1015.054,,
46014,2017-11-12,4.888,1.973,11.025,269.323,1017.273,,
46014,2017-11-19,4.257,2.1,11.296,283.066,1019.041,,
46014,2017-11-26,5.47,2.067,11.211,274.226,1017.411,,
46014,2017-12-03,5.024,3.717,15.329,298.908,1020.197,,
46014,2017-12-10,3.405,1.733,13.515,291.916,1025.906,,
46014,2017-12-17,5.453,2.559,12.852,294.772,1021.554,,
46014,2017-12-24,3.739,1.863,12.175,296.078,1023.761,,
46014,2017-12-31,3.23,1.644,12.586,280.03,1022.779,,
46014,2018-01-07,4.463,2.062,12.897,277.382,1020.026,,
46014,2018-01-14,5.053,2.816,14.096,283.565,1018.552,,
46014,2018-01-21,5.127,3.964,14.848,282.449,1021.064,,
46014,2018-01-28,5.525,3.42,12.995,289.461,1023.963,,
46014,2018-02-04,4.903,2.015,9.829,300.896,1021.758,,
46014,2018-02-11,6.589,2.037,10.085,296.506,1019.754,,
46014,2018-02-18,7.591,2.596,11.18,304.669,1021.27,,
46014,2018-02-25,7.799,2.881,13.011,306.0,1025.104,,
46014,2018-03-04,7.26,3.045,12.336,308.903,1016.571,,
46014,2018-03-11,3.788,1.598,12.133,272.64,1018.791,,
46014,2018-03-18,5.312,2.399,11.246,293.25,1014.66,,
46014,2018-03-25,6.336,2.485,11.181,275.72,1015.752,,
46014,2018-04-01,7.731,2.109,7.992,319.988,1021.163,,
46014,2018-04-08,5.895,1.998,10.299,262.006,1016.27,,
46014,2018-04-15,4.827,2.902,12.656,288.599,1022.08,,
46014,2018-04-22,7.012,2.507,11.414,296.934,1020.573,,
46014,2018-04-29,3.109,1.995,13.321,299.229,1017.437,,
46014,2018-05-06,6.417,1.861,10.913,299.404,1019.096,,
46014,2018-05-13,6.637,2.056,10.74,286.187,1017.419,,
46014,2018-05-20,5.375,1.523,10.016,290.874,1017.096,,
46014,2018-05-27,6.732,1.975,10.848,275.065,1015.88,,
46014,2018-06-03,9.04,2.629,8.384,312.066,1015.15,,
46014,2018-06-10,6.762,2.052,9.428,308.341,1017.543,,
46014,2018-06-17,9.428,2.77,8.742,311.429,1011.454,,
46014,2018-06-24,6.314,1.775,10.073,288.633,1015.441,12.078,11.397
46014,2018-07-01,8.831,2.589,8.058,316.671,1014.307,12.078,10.892
46014,2018-07-08,6.044,2.021,9.761,288.102,1016.701,12.781,12.533
46014,2018-07-15,5.1,1.72,8.634,314.539,1016.15,13.919,14.376
46014,2018-07-22,4.589,2.119,9.127,317.76,1014.969,13.145,13.564
46014,2018-07-29,6.655,1.624,11.29,272.19,1017.436,12.2,13.31
46014,2018-08-05,7.254,1.706,6.493,317.395,1015.811,12.359,11.017
46014,2018-08-12,6.076,1.448,10.039,278.301,1015.454,12.513,11.926
46014,2018-08-19,3.261,1.802,9.983,291.054,1015.595,13.221,12.158
46014,2018-08-26,3.581,1.719,8.693,308.857,1014.821,13.111,12.655
46014,2018-09-02,4.682,1.871,8.583,312.107,1014.49,13.263,12.781
46014,2018-09-09,4.86,1.854,7.849,319.589,1014.737,12.431,12.589
46014,2018-09-16,5.255,1.614,11.323,275.275,1014.678,12.964,12.101
46014,2018-09-23,6.786,1.935,9.075,294.518,1014.194,13.134,13.126
46014,2018-09-30,3.935,1.636,9.827,292.455,1012.363,12.793,13.607
46014,2018-10-07,5.862,1.91,12.26,265.542,1013.505,15.389,15.758
46014,2018-10-14,5.945,2.374,9.207,307.405,1010.944,12.429,12.055
46014,2018-10-21,3.644,1.735,13.29,273.886,1018.414,12.665,14.34
46014,2018-10-28,2.859,2.0,12.076,285.217,1017.894,14.048,14.851
46014,2018-11-04,8.042,2.565,10.026,303.395,1021.627,13.769,13.149
46014,2018-11-11,6.095,2.169,9.26,311.078,1018.029,11.664,11.772
46014,2018-11-18,2.262,1.597,12.43,279.152,1021.69,11.592,12.945
46014,2018-11-25,5.402,2.106,11.313,268.542,1015.947,13.136,13.183
46014,2018-12-02,5.835,3.346,12.869,281.595,1013.8,12.631,13.351
46014,2018-12-09,4.89,2.111,12.594,264.411,1018.097,12.563,13.225
46014,2018-12-16,7.341,3.362,13.589,286.684,1019.798,13.087,13.519
46014,2018-12-23,5.112,4.225,15.078,286.655,1021.596,12.91,13.96
46014,2018-12-30,8.507,3.095,13.048,296.149,1022.301,12.191,13.364
46014,2019-01-06,7.058,2.871,12.569,286.968,1016.206,11.044,11.875
46014,2019-01-13,8.443,3.264,11.925,247.821,1013.825,12.899,12.606
46014,2019-01-20,8.304,3.6,14.292,265.145,1014.161,12.772,12.789
46014,2019-01-27,5.412,2.279,12.399,290.627,1025.437,11.73,12.606
46014,2019-02-03,5.616,2.315,12.961,265.982,1009.08,12.394,12.726
46014,2019-02-10,6.113,2.889,13.267,299.935,1013.883,8.798,12.616
46014,2019-02-17,9.113,3.849,12.715,264.351,1011.155,10.221,12.407
46014,2019-02-24,8.309,2.69,11.064,317.898,1019.874,9.843,11.954
46014,2019-03-03,5.856,2.304,12.085,258.389,1013.333,10.939,11.673
46014,2019-03-10,6.452,2.077,11.575,263.577,1012.698,10.275,11.65
46014,2019-03-17,6.187,2.922,14.641,302.146,1020.867,10.576,11.87
46014,2019-03-24,4.65,2.58,14.339,277.262,1017.004,11.326,12.112
46014,2019-03-31,5.691,2.32,12.589,278.713,1019.658,11.716,12.332
46014,2019-04-07,5.54,2.134,15.06,270.533,1015.802,12.504,12.716
46014,2019-04-14,9.671,2.945,11.221,305.946,1022.109,11.773,12.074
46014,2019-04-21,6.275,2.623,11.873,299.133,1017.418,10.73,10.092
46014,2019-04-28,7.586,2.446,8.375,316.435,1015.973,10.655,9.778
46014,2019-05-05,3.926,1.854,10.374,302.347,1013.581,10.511,11.04
46014,2019-05-12,2.998,1.661,10.835,292.089,1013.436,11.373,13.01
46014,2019-05-19,6.091,2.346,13.021,230.006,1012.055,12.222,12.97
46014,2019-05-26,8.899,3.169,10.399,305.518,1012.149,12.094,12.066
46014,2019-06-02,7.384,2.135,8.53,311.434,1013.99,11.317,10.956
46014,2019-06-09,8.966,2.416,7.496,319.839,1016.109,11.562,10.531
46014,2019-06-16,4.988,1.627,9.944,282.238,1013.932,12.826,11.773
46014,2019-06-23,8.653,3.147,8.94,319.823,1012.784,11.712,10.704
46014,2019-06-30,5.135,1.421,8.385,284.91,1016.506,12.452,11.985
46014,2019-07-07,8.847,2.045,7.314,312.083,1015.974,12.819,11.584
46014,2019-07-14,4.644,1.561,11.3,263.156,1016.447,13.535,12.428
46014,2019-07-21,5.252,1.911,10.224,285.756,1014.046,13.036,11.996
46014,2019-07-28,6.556,1.923,7.224,314.861,1015.642,12.907,11.794
46014,2019-08-04,5.692,1.561,7.091,305.163,1015.52,13.404,11.744
46014,2019-08-11,4.156,1.126,11.4,243.415,1014.972,13.597,11.702
46014,2019-08-18,5.898,1.818,7.973,303.199,1013.643,14.076,12.083
46014,2019-08-25,2.711,1.598,11.574,276.036,1013.454,13.779,12.74
46014,2019-09-01,2.417,1.112,10.378,277.113,1014.123,14.901,14.231
46014,2019-09-08,4.604,1.575,11.258,283.899,1015.824,14.97,14.216
46014,2019-09-15,6.186,1.677,10.812,286.161,1015.182,16.028,15.983
46014,2019-09-22,4.502,2.21,10.112,311.719,1014.379,16.55,16.155
46014,2019-09-29,6.015,2.839,10.25,309.685,1012.558,13.243,11.793
46014,2019-10-06,5.196,1.873,10.976,299.202,1017.41,13.493,14.092
46014,2019-10-13,5.498,1.886,9.939,299.737,1013.937,13.999,14.789
46014,2019-10-20,3.855,2.866,13.009,305.488,1016.845,13.788,14.636
46014,2019-10-27,7.176,2.604,10.29,312.275,1017.645,14.823,13.767
46014,2019-11-03,2.559,1.742,11.415,303.81,1018.494,12.759,13.287
46014,2019-11-10,3.816,1.33,8.846,302.869,1018.548,11.394,13.345
46014,2019-11-17,4.442,1.988,13.122,291.807,1018.612,12.643,13.598
46014,2019-11-24,5.448,2.771,12.455,297.774,1014.732,11.971,11.842
46014,2019-12-01,8.023,3.577,12.212,278.476,1009.239,9.694,11.482
46014,2019-12-08,6.965,2.496,11.185,252.304,1013.059,12.894,12.071
46014,2019-12-15,5.451,2.683,13.573,289.512,1021.235,12.002,12.774
46014,2019-12-22,7.834,3.246,13.448,287.845,1016.872,12.067,12.351
46014,2019-12-29,6.32,2.878,13.642,305.268,1015.055,10.741,12.054
46014,2020-01-05,6.025,3.175,14.071,300.904,1023.755,11.581,11.897
46014,2020-01-12,6.144,3.006,11.936,303.929,1024.445,10.78,11.912
46014,2020-01-19,5.897,3.018,11.951,290.455,1019.469,10.126,11.57
46014,2020-01-26,4.589,2.952,14.371,282.262,1019.627,11.632,11.445
46014,2020-02-02,4.793,3.019,13.216,290.224,1026.191,11.269,11.905
46014,2020-02-09,10.006,3.402,11.101,312.994,1022.913,10.193,10.834
46014,2020-02-16,6.519,2.763,11.588,308.916,1020.148,10.481,10.435
46014,2020-02-23,6.15,2.192,11.82,300.369,1020.025,10.208,10.906
46014,2020-03-01,7.662,2.903,11.651,304.214,1024.031,10.046,10.906
46014,2020-03-08,6.276,3.05,11.517,308.214,1017.599,9.977,10.099
46014,2020-03-15,5.266,2.472,10.566,302.036,1013.95,10.155,10.859
46014,2020-03-22,3.56,1.335,11.286,289.994,1016.31,9.883,11.303
46014,2020-03-29,4.836,1.661,12.599,291.897,1019.53,10.078,11.82
46014,2020-04-05,7.592,1.982,10.735,283.693,1017.554,10.461,11.179
46014,2020-04-12,4.996,2.175,11.25,295.333,1015.625,10.8,11.507
46014,2020-04-19,4.921,1.886,10.275,303.887,1017.626,11.588,11.628
46014,2020-04-26,5.779,1.664,13.711,295.042,1022.719,11.647,11.686
46014,2020-05-03,4.613,2.146,11.672,293.251,1020.42,11.961,11.98
46014,2020-05-10,5.429,2.081,11.081,303.398,1017.942,11.926,11.614
46014,2020-05-17,4.986,1.801,11.943,259.429,1014.66,12.623,12.183
46014,2020-05-24,8.596,2.386,8.867,311.899,1016.292,12.691,12.073
46014,2020-05-31,5.209,1.995,10.344,300.524,1013.451,11.724,10.605
46014,2020-06-07,5.976,2.135,9.255,304.988,1014.676,11.668,10.523
46014,2020-06-14,4.173,1.563,10.067,297.262,1019.537,12.335,11.626
46014,2020-06-21,5.971,1.996,8.957,309.802,1015.803,,11.679
46014,2020-06-28,6.297,2.278,8.362,317.738,1011.135,,10.953
46014,2020-07-05,8.822,2.66,8.355,312.214,1014.088,,10.123
46014,2020-07-12,8.992,2.028,6.651,320.696,1016.086,,10.244
46014,2020-07-19,3.805,2.16,8.852,322.749,1013.503,,11.057
46014,2020-07-26,4.297,1.798,8.213,320.917,1012.766,,11.692
46014,2020-08-02,3.861,1.188,8.63,304.78,1015.421,,12.029
46014,2020-08-09,6.948,2.145,7.068,320.452,1014.63,,12.368
46014,2020-08-16,3.116,1.835,8.774,323.583,1012.683,,13.39
46014,2020-08-23,4.872,1.472,9.224,291.844,1014.038,,12.646
46014,2020-08-30,4.091,2.122,8.744,315.608,1010.572,,12.878
46014,2020-09-06,3.454,1.647,9.946,313.868,1014.908,,12.938
46014,2020-09-13,3.879,1.211,11.903,261.731,1011.953,,14.505
46014,2020-09-20,3.521,1.239,9.665,259.786,1015.501,,16.822
46014,2020-09-27,5.251,2.231,11.42,305.461,1016.798,,16.146
46014,2020-10-04,5.438,2.042,13.02,294.22,1015.284,,
46014,2020-10-11,3.994,1.568,11.204,277.077,1015.215,,
46014,2020-10-18,5.175,2.349,9.89,317.75,1017.692,,
46014,2020-10-25,6.071,2.59,8.931,313.122,1013.545,,
46014,2020-11-01,3.108,1.557,10.304,307.821,1018.71,,
46014,2020-11-08,6.129,2.934,13.658,299.906,1014.988,,
46014,2020-11-15,4.692,2.54,11.356,309.197,1021.024,,
46014,2020-11-22,4.493,2.421,12.391,289.845,1018.836,,
46014,2020-11-29,4.433,2.784,13.379,306.405,1022.15,,
46014,2020-12-06,3.381,2.594,14.701,295.702,1023.888,,
46014,2020-12-13,6.127,3.166,13.709,286.935,1020.037,,
46014,2020-12-20,5.458,3.38,13.608,297.149,1024.648,,
46014,2020-12-27,5.762,2.553,12.113,287.268,1019.858,,
46014,2021-01-03,4.527,3.45,15.626,289.351,1020.65,,
46014,2021-01-10,5.341,3.863,15.525,286.661,1022.521,,
46014,2021-01-17,5.152,3.147,14.709,285.904,1024.892,,
46014,2021-01-24,5.963,2.887,13.948,292.521,1015.783,,
46014,2021-01-31,8.578,3.579,12.973,282.071,1010.784,,
46014,2021-02-07,7.787,2.92,11.048,304.982,1020.069,,
46014,2021-02-14,4.996,1.886,11.674,297.167,1017.247,,
46014,2021-02-21,6.98,2.803,13.336,292.452,1024.721,,
46014,2021-02-28,10.997,3.371,11.287,316.554,1025.288,,
46014,2021-03-07,5.11,2.621,14.227,302.608,1017.721,,
46014,2021-03-14,6.522,3.775,14.437,302.854,1019.297,,
46014,2021-03-21,7.486,2.81,10.703,289.096,1020.819,,
46014,2021-03-28,7.638,2.572,9.347,317.144,1020.627,,
46014,2021-04-04,4.531,2.187,11.79,302.494,1018.632,,
46014,2021-04-11,8.446,2.248,8.809,313.929,1020.019,,
46014,2021-04-18,5.539,2.251,12.348,301.301,1015.536,,
46014,2021-04-25,7.915,2.432,10.351,290.952,1015.17,,
46014,2021-05-02,6.517,1.843,11.154,292.268,1019.441,,
46014,2021-05-09,10.113,2.68,10.392,307.47,1017.99,,
46014,2021-05-16,8.305,2.788,9.203,318.794,1014.685,9.481,10.124
46014,2021-05-23,9.224,2.268,9.589,294.018,1019.644,10.216,10.06
46014,2021-05-30,8.34,2.119,9.558,297.0,1019.479,10.88,11.219
46014,2021-06-06,8.877,2.614,8.511,315.928,1014.506,11.559,10.737
46014,2021-06-13,4.383,1.672,10.591,280.375,1018.413,12.076,11.433
46014,2021-06-20,7.155,2.237,8.801,312.25,1014.729,12.669,12.058
46014,2021-06-27,3.284,1.387,12.243,252.5,1014.995,12.091,12.063
46014,2021-07-04,4.724,1.846,9.686,300.768,1013.093,12.655,12.408
46014,2021-07-11,7.554,2.353,9.861,300.964,1015.39,11.844,11.511
46014,2021-07-18,9.642,2.881,8.474,323.994,1014.608,11.884,11.849
46014,2021-07-25,7.462,2.474,7.803,324.315,1016.593,12.06,11.646
46014,2021-08-01,2.871,1.315,9.687,274.524,1015.993,11.612,12.999
46014,2021-08-08,5.325,1.587,9.518,281.839,1016.365,13.132,12.908
46014,2021-08-15,4.021,1.647,9.778,298.964,1016.132,12.512,13.002
46014,2021-08-22,6.058,2.645,8.576,322.952,1011.533,12.841,12.402
46014,2021-08-29,5.004,2.234,8.364,320.268,1012.541,12.848,12.721
46014,2021-09-05,5.192,2.182,8.279,319.916,1012.319,12.174,12.725
46014,2021-09-12,5.842,1.766,8.947,302.446,1015.192,13.436,13.325
46014,2021-09-19,5.256,2.334,10.443,292.186,1014.614,12.706,12.708
46014,2021-09-26,3.545,2.326,13.287,292.81,1016.629,13.712,13.398
46014,2021-10-03,6.245,2.76,12.313,297.263,1017.688,13.671,13.664
46014,2021-10-10,5.887,2.056,11.611,300.78,1017.839,12.213,12.473
46014,2021-10-17,7.326,2.59,11.792,305.571,1018.839,11.642,11.337
46014,2021-10-24,7.778,3.428,12.092,269.199,1012.899,12.472,11.857
46014,2021-10-31,4.244,3.24,13.667,293.196,1017.092,13.296,13.527
46014,2021-11-07,4.934,2.779,12.698,276.56,1020.182,13.722,14.202
46014,2021-11-14,4.968,2.403,11.257,282.631,1022.818,13.288,13.961
46014,2021-11-21,4.801,2.059,10.337,297.44,1020.706,12.775,13.814
46014,2021-11-28,4.698,2.055,12.285,291.863,1023.388,12.44,13.147
46014,2021-12-05,4.326,2.352,12.862,291.084,1022.137,11.664,13.072
46014,2021-12-12,6.97,2.324,10.593,299.411,1019.189,11.214,12.516
46014,2021-12-19,5.3,3.206,13.608,290.095,1016.853,9.973,12.267
46014,2021-12-26,7.82,2.852,11.626,265.667,1012.413,11.171,11.854
46014,2022-01-02,6.088,2.621,11.743,316.28,1015.169,9.382,11.761
46014,2022-01-09,5.255,2.592,11.921,281.512,1021.116,10.669,11.515
46014,2022-01-16,3.396,2.81,13.68,278.339,1025.627,11.359,11.552
46014,2022-01-23,4.655,1.878,12.288,285.077,1022.84,11.345,11.487
46014,2022-01-30,2.974,2.066,14.292,278.024,1022.965,10.196,11.897
46014,2022-02-06,7.55,2.61,11.099,303.485,1025.782,10.122,10.964
46014,2022-02-13,2.501,2.15,14.051,280.97,1023.278,10.62,11.267
46014,2022-02-20,7.762,2.554,12.349,291.524,1022.121,9.764,10.753
46014,2022-02-27,6.145,2.308,12.709,302.357,1023.006,8.458,9.979
46014,2022-03-06,6.436,3.149,12.802,293.726,1021.455,9.833,10.452
46014,2022-03-13,6.007,1.81,10.045,297.307,1024.107,9.71,10.096
46014,2022-03-20,6.056,2.624,13.534,291.857,1023.241,10.152,10.607
46014,2022-03-27,6.847,2.123,11.74,291.488,1020.044,10.108,10.324
46014,2022-04-03,10.189,2.908,9.719,297.536,1016.719,10.257,10.268
46014,2022-04-10,8.738,3.193,11.969,306.482,1021.822,10.218,9.94
46014,2022-04-17,6.511,1.91,11.197,270.887,1019.549,9.032,9.944
46014,2022-04-24,6.35,2.689,12.734,279.048,1018.019,10.64,11.329
46014,2022-05-01,8.668,2.304,12.344,296.388,1020.063,10.948,10.986
46014,2022-05-08,7.642,2.806,12.58,300.413,1018.641,10.8,10.616
46014,2022-05-15,5.02,1.898,9.86,309.585,1023.322,11.234,11.926
46014,2022-05-22,11.557,2.723,8.096,316.823,1019.081,11.438,10.604
46014,2022-05-29,7.367,1.791,10.046,282.419,1015.938,11.614,11.21
46014,2022-06-05,6.991,2.111,11.611,272.643,1015.255,11.962,11.509
46014,2022-06-12,4.56,1.549,10.042,273.851,1016.707,13.623,13.093
46014,2022-06-19,7.048,2.175,8.491,301.286,1017.367,12.244,11.057
46014,2022-06-26,6.302,2.154,10.213,297.47,1015.049,12.588,12.738
46014,2022-07-03,7.11,1.722,10.572,276.292,1018.065,12.961,12.429
46014,2022-07-10,4.47,1.123,8.499,282.693,1018.011,14.044,13.72
46014,2022-07-17,6.818,2.204,7.964,316.202,1015.126,13.278,12.371
46014,2022-07-24,6.351,1.981,11.697,272.048,1016.162,11.456,10.475
46014,2022-07-31,4.254,1.325,8.764,303.762,1014.702,12.699,11.776
46014,2022-08-07,3.805,1.377,11.125,245.083,1015.841,14.928,14.32
46014,2022-08-14,5.434,1.378,8.471,313.137,1018.245,16.828,16.601
46014,2022-08-21,6.57,1.871,7.485,311.454,1013.35,13.121,11.702
46014,2022-08-28,5.913,1.96,8.834,303.563,1013.824,13.491,12.466
46014,2022-09-04,4.616,1.399,9.838,280.038,1015.085,13.746,13.088
46014,2022-09-11,4.699,2.016,9.923,308.689,1010.732,14.241,13.152
46014,2022-09-18,5.264,1.413,11.855,237.677,1013.514,15.01,14.392
46014,2022-09-25,3.145,1.654,11.342,284.707,1015.287,14.943,14.187
46014,2022-10-02,3.494,1.817,11.591,286.542,1015.747,14.084,13.663
46014,2022-10-09,4.554,1.563,13.248,281.036,1018.527,12.916,14.048
46014,2022-10-16,4.225,1.341,11.484,274.738,1016.036,12.243,12.908
46014,2022-10-23,5.437,2.023,12.771,286.423,1016.742,13.243,13.311
46014,2022-10-30,4.297,2.726,12.885,317.485,1022.474,11.565,10.831
46014,2022-11-06,4.59,2.968,12.987,307.707,1019.006,11.649,11.49
46014,2022-11-13,4.172,2.69,11.7,307.012,1017.029,10.642,11.709
46014,2022-11-20,3.446,1.532,13.023,284.324,1023.983,11.156,12.263
46014,2022-11-27,3.863,2.073,13.964,290.931,1023.392,11.903,12.234
46014,2022-12-04,6.506,2.542,12.741,302.589,1016.583,10.054,11.034
46014,2022-12-11,5.861,2.529,10.922,283.232,1016.342,10.833,12.054
46014,2022-12-18,3.612,2.026,12.74,300.77,1020.352,9.35,11.808
46014,2022-12-25,4.281,1.52,14.101,266.633,1024.96,11.567,11.86
46014,2023-01-01,6.962,3.747,13.049,272.414,1013.06,12.332,12.464
46014,2023-01-08,10.89,4.5,13.582,252.168,1010.907,11.883,12.422
46014,2023-01-15,10.064,4.562,14.345,261.638,1008.837,12.943,12.612
46014,2023-01-22,6.218,3.297,14.227,293.872,1021.221,10.48,11.995
46014,2023-01-29,6.486,2.743,13.719,300.458,1024.013,10.968,11.72
46014,2023-02-05,5.921,2.592,13.009,278.207,1020.549,10.585,10.954
46014,2023-02-12,6.091,3.38,12.818,294.19,1025.306,10.235,10.864
46014,2023-02-19,7.326,3.456,14.284,302.752,1021.07,9.37,9.893
46014,2023-02-26,7.046,3.685,12.443,312.842,1012.821,7.685,9.738
46014,2023-03-05,7.904,3.349,12.889,304.562,1015.026,8.328,9.486
46014,2023-03-12,6.302,2.451,10.744,259.672,1016.121,8.79,9.39
46014,2023-03-19,6.795,1.794,10.124,259.012,1015.099,10.072,10.25
46014,2023-03-26,6.624,2.542,10.561,299.493,1019.444,9.253,10.359
46014,2023-04-02,5.849,2.068,10.526,284.039,1018.349,9.477,10.338
46014,2023-04-09,5.6,1.969,10.062,291.672,1022.028,9.509,10.325
46014,2023-04-16,7.137,2.347,11.086,305.17,1019.632,9.819,10.195
46014,2023-04-23,5.404,2.292,10.581,314.414,1022.933,10.147,10.392
46014,2023-04-30,5.303,1.78,12.744,279.234,1016.906,10.084,10.139
46014,2023-05-07,5.109,2.248,12.545,297.104,1014.174,10.796,10.869
46014,2023-05-14,6.259,1.859,12.173,267.453,1016.499,11.406,11.668
46014,2023-05-21,7.281,1.827,12.806,248.685,1017.278,11.322,11.067
46014,2023-05-28,7.853,2.501,9.638,310.324,1013.032,10.648,10.388
46014,2023-06-04,8.629,2.651,8.814,316.509,1014.034,10.952,10.67
46014,2023-06-11,4.497,1.976,12.093,270.759,1012.978,11.617,11.35
46014,2023-06-18,4.894,2.342,9.131,319.708,1014.4,11.889,11.874
46014,2023-06-25,5.515,1.524,8.837,311.988,1017.582,12.143,12.031
46014,2023-07-02,7.54,2.121,7.579,320.215,1013.932,11.65,11.044
46014,2023-07-09,5.025,1.774,9.305,304.24,1013.69,12.034,12.119
46014,2023-07-16,7.72,1.755,7.819,313.051,1015.444,12.368,11.779
46014,2023-07-23,8.439,2.252,7.382,322.674,1014.564,12.376,10.68
46014,2023-07-30,6.072,1.533,6.563,315.439,1016.991,12.683,11.452
46014,2023-08-06,6.715,1.647,7.243,309.744,1017.237,12.811,11.412
46014,2023-08-13,3.485,1.593,8.774,291.744,1014.563,12.683,12.216
46014,2023-08-20,2.246,1.805,9.813,309.358,1011.82,13.356,14.029
46014,2023-08-27,4.503,1.472,11.013,277.156,1014.108,14.061,14.319
46014,2023-09-03,7.111,1.87,8.384,307.581,1013.86,13.598,12.306
46014,2023-09-10,4.644,1.599,11.797,253.884,1015.588,13.185,13.174
46014,2023-09-17,4.277,1.559,10.435,256.354,1014.625,13.521,12.66
46014,2023-09-24,4.342,2.181,11.505,293.325,1014.203,13.402,12.986
46014,2023-10-01,6.837,2.951,11.391,298.828,1014.613,14.055,13.542
46014,2023-10-08,3.998,1.826,11.067,292.309,1014.833,13.424,13.098
46014,2023-10-15,4.634,2.198,12.684,279.37,1012.762,13.897,14.784
46014,2023-10-22,5.572,2.553,15.204,286.613,1014.297,15.034,16.358
46014,2023-10-29,5.827,2.009,10.477,297.078,1016.917,12.838,13.472
46014,2023-11-05,2.916,1.289,13.057,241.021,1019.091,14.592,15.494
46014,2023-11-12,4.337,2.629,12.256,298.47,1019.575,13.721,14.816
46014,2023-11-19,6.362,2.536,11.57,267.753,1012.871,14.768,14.45
46014,2023-11-26,4.778,2.813,13.504,301.143,1020.413,12.662,13.668
46014,2023-12-03,4.664,2.172,12.522,289.131,1019.13,13.133,13.912
46014,2023-12-10,4.4,3.248,14.381,292.806,1023.157,12.591,13.697
46014,2023-12-17,3.076,1.837,11.717,277.741,1017.96,12.794,13.499
46014,2023-12-24,6.211,2.771,11.404,272.789,1012.342,13.107,13.893
46014,2023-12-31,7.519,4.187,14.638,270.872,1017.468,13.334,13.672
46014,2024-01-07,6.206,3.661,14.954,288.675,1022.209,11.952,13.606
46014,2024-01-14,6.838,3.185,13.402,303.94,1021.675,11.223,12.895
46014,2024-01-21,6.695,2.565,11.405,262.938,1012.975,12.476,12.854
46014,2024-01-28,4.361,2.388,12.659,267.542,1017.637,13.036,12.913
46014,2024-02-04,7.434,3.675,13.033,274.235,1008.904,12.378,12.913
46014,2024-02-11,7.724,3.196,13.745,286.248,1012.796,10.971,12.938
46014,2024-02-18,5.973,2.601,12.216,273.872,1016.288,12.399,12.933
46014,2024-02-25,6.047,2.792,13.872,277.342,1016.063,12.609,12.906
46014,2024-03-03,7.656,3.398,12.93,310.03,1013.679,10.71,12.758
46014,2024-03-10,6.942,2.549,11.467,304.423,1017.195,10.9,12.21
46014,2024-03-17,5.637,3.158,14.828,295.531,1018.056,11.473,12.109
46014,2024-03-24,5.17,2.158,14.353,283.608,1015.83,11.45,12.193
46014,2024-03-31,6.427,2.841,13.196,292.131,1012.52,11.38,12.134
46014,2024-04-07,5.84,2.596,11.242,309.77,1018.407,10.519,12.109
46014,2024-04-14,8.129,2.63,11.98,305.814,1016.381,10.895,11.57
46014,2024-04-21,6.939,2.209,10.85,281.033,1018.54,10.95,11.396
46014,2024-04-28,5.341,1.901,9.47,307.234,1017.007,11.376,11.269
46014,2024-05-05,8.455,2.027,8.629,306.973,1017.328,10.566,10.645
46014,2024-05-12,5.203,2.038,11.285,295.293,1016.24,11.47,11.337
46014,2024-05-19,6.405,2.533,9.66,312.442,1013.679,10.469,10.91
46014,2024-05-26,10.138,2.595,7.576,318.653,1015.628,10.33,9.449
46014,2024-06-02,8.817,2.185,8.115,306.833,1016.838,10.93,9.741
46014,2024-06-09,5.72,2.503,11.946,288.217,1013.651,11.542,10.484
46014,2024-06-16,10.596,2.879,8.172,316.452,1015.453,11.025,9.6
46014,2024-06-23,7.748,2.082,7.268,320.072,1012.017,10.681,9.644
46014,2024-06-30,7.467,2.064,8.495,301.012,1013.905,11.417,10.118
46014,2024-07-07,4.664,2.357,10.695,288.509,1012.786,12.608,11.462
46014,2024-07-14,5.249,2.212,9.256,299.083,1012.271,11.819,11.357
46014,2024-07-21,5.647,1.647,11.433,272.4,1016.941,12.791,12.355
46014,2024-07-28,5.966,2.396,8.34,315.173,1013.654,12.051,11.505
46014,2024-08-04,4.464,1.324,8.017,298.839,1015.687,12.856,12.436
46014,2024-08-11,6.915,1.816,7.356,321.667,1014.31,12.599,12.286
46014,2024-08-18,5.29,1.262,9.466,291.304,1015.837,13.989,13.655
46014,2024-08-25,4.425,1.339,10.927,285.06,1016.867,15.871,16.136
46014,2024-09-01,4.363,1.656,10.128,308.428,1015.992,14.829,15.337
46014,2024-09-08,3.022,1.487,11.31,302.164,1014.519,13.44,13.739
46014,2024-09-15,5.596,1.774,8.14,311.667,1011.349,12.76,12.133
46014,2024-09-22,4.064,2.233,9.12,315.117,1012.091,13.029,14.225
46014,2024-09-29,4.95,2.707,11.467,304.718,1011.227,14.138,14.123
46014,2024-10-06,4.661,2.2,10.56,309.612,1013.092,13.439,12.719
46014,2024-10-13,5.009,2.043,12.258,289.385,1015.645,13.434,13.362
46014,2024-10-20,5.252,2.164,10.85,299.89,1017.912,13.951,13.958
46014,2024-10-27,4.748,1.773,9.524,288.159,1018.493,13.431,13.7
46014,2024-11-03,5.244,3.007,12.296,308.265,1017.448,12.644,12.413
46014,2024-11-10,5.549,2.441,13.753,305.991,1019.115,12.454,12.252
46014,2024-11-17,6.192,3.403,13.117,298.643,1017.487,12.59,14.015
46014,2024-11-24,9.298,3.796,11.314,265.42,1013.561,12.37,13.187
46014,2024-12-01,3.825,1.429,13.247,253.827,1019.293,11.569,13.182
46014,2024-12-08,4.328,1.921,13.337,283.283,1021.923,12.487,13.103
46014,2024-12-15,6.845,3.337,13.631,282.158,1017.94,12.221,13.465
46014,2024-12-22,6.284,3.138,13.826,271.994,1020.081,12.695,13.095
46014,2024-12-29,6.659,4.566,15.401,282.018,1017.692,12.77,12.758
46014,2025-01-05,5.354,2.837,12.934,288.036,1022.03,11.586,12.507
46014,2025-01-12,5.939,2.743,14.002,293.287,1024.37,11.966,12.443
46014,2025-01-19,3.761,2.379,14.737,295.622,1024.03,9.592,11.401
46014,2025-01-26,4.854,2.379,13.571,299.042,1022.185,10.757,11.802
46014,2025-02-02,5.326,1.636,9.699,284.905,1019.205,10.289,11.148
46014,2025-02-09,7.107,2.126,10.965,281.872,1015.204,9.489,11.36
46014,2025-02-16,7.904,2.814,11.665,279.334,1015.531,9.861,10.981
46014,2025-02-23,4.63,2.735,13.906,290.427,1022.294,10.787,11.312
46014,2025-03-02,5.148,3.186,13.808,288.265,1018.377,11.165,11.698
46014,2025-03-09,6.886,2.479,11.888,293.463,1019.858,10.164,11.402
46014,2025-03-16,7.127,3.058,12.745,280.929,1010.874,10.385,10.991
46014,2025-03-23,4.917,2.912,12.618,288.452,1022.929,10.433,10.939
46014,2025-03-30,5.866,3.123,13.949,284.285,1014.382,11.61,11.708
46014,2025-04-06,7.698,2.372,11.072,282.364,1018.007,10.929,11.566
46014,2025-04-13,6.658,2.536,11.407,301.88,1020.36,11.531,11.921
46014,2025-04-20,4.116,2.104,10.668,308.934,1015.743,10.746,11.209
46014,2025-04-27,8.628,2.406,10.209,303.211,1014.378,10.205,9.917
46014,2025-05-04,9.118,2.545,9.588,307.164,1016.672,10.05,9.654
46014,2025-05-11,6.378,2.212,10.296,297.395,1015.848,10.136,9.935
46014,2025-05-18,9.746,2.521,8.571,307.087,1016.491,10.982,10.188
46014,2025-05-25,8.943,2.015,8.572,311.554,1018.503,11.143,10.481
46014,2025-06-01,7.161,2.29,9.064,307.243,1016.058,11.806,11.193
46014,2025-06-08,3.61,2.67,10.008,317.791,1013.252,10.73,11.456
46014,2025-06-15,8.737,2.177,10.078,292.17,1015.283,11.433,11.601
46014,2025-06-22,10.788,2.128,8.874,302.17,1016.352,12.078,11.411
46014,2025-06-29,7.377,1.951,7.314,310.741,1014.856,11.922,11.62
46014,2025-07-06,8.238,2.105,9.685,296.805,1014.451,12.646,13.096
46014,2025-07-13,5.893,1.944,9.867,298.122,1015.622,12.556,13.101
46014,2025-07-20,3.86,2.061,9.485,317.504,1014.175,12.741,13.598
46014,2025-07-27,4.561,1.127,12.877,222.401,1015.83,13.528,14.289
46014,2025-08-03,8.117,1.746,6.691,313.884,1018.225,13.84,13.194
46014,2025-08-10,5.617,1.89,9.64,298.268,1015.784,13.201,12.631
46014,2025-08-17,4.68,1.93,10.675,286.5,1015.084,14.21,14.023
46014,2025-08-24,5.268,1.558,8.617,309.982,1015.355,14.269,14.735
46014,2025-08-31,4.24,1.16,11.906,253.048,1015.299,15.548,16.448
46014,2025-09-07,4.363,1.425,13.066,232.307,1013.992,15.351,15.753
46014,2025-09-14,6.204,1.681,11.928,274.113,1014.057,16.696,17.277
46014,2025-09-21,5.188,2.024,10.184,302.214,1012.93,14.563,14.538
46014,2025-09-28,5.017,2.372,11.142,306.56,1012.203,14.192,13.469
46014,2025-10-05,6.586,2.555,11.09,299.143,1014.366,14.601,14.285
46014,2025-10-12,4.072,1.712,10.73,299.64,1012.134,14.654,14.726
46014,2025-10-19,4.696,2.351,12.191,307.545,1013.427,13.449,13.869
46014,2025-10-26,5.206,3.479,14.462,299.534,1016.982,14.285,14.494
46014,2025-11-02,6.715,2.73,12.93,301.949,1019.858,13.693,13.751
46014,2025-11-09,6.173,3.267,12.972,283.854,1016.834,13.651,13.733
46014,2025-11-16,6.419,2.573,11.312,266.74,1012.54,14.189,14.05
46014,2025-11-23,6.516,3.178,12.656,297.015,1014.549,12.643,13.439
46014,2025-11-30,4.154,2.037,13.819,285.179,1021.26,12.245,13.546
46014,2025-12-07,5.404,2.066,12.585,287.955,1020.64,12.403,13.283
46014,2025-12-14,4.697,1.951,12.378,290.795,1020.791,11.587,12.951
46014,2025-12-21,5.765,2.169,10.759,284.592,1018.448,12.821,12.932
46014,2025-12-28,8.612,3.133,10.501,260.665,1009.95,12.243,13.303
46014,2026-01-04,3.219,1.276,10.475,306.021,1021.214,11.851,13.03
46014,2026-03-08,7.812,2.761,8.695,311.048,1019.818,12.528,12.373
46014,2026-03-15,8.78,2.442,11.063,299.519,1022.099,10.609,10.566
46014,2026-03-22,6.679,1.863,10.746,281.823,1017.544,10.907,10.494
46014,2026-03-29,6.486,2.146,10.714,300.776,1017.559,10.924,10.352
46014,2026-04-05,4.589,1.769,10.353,301.793,1015.559,12.026,11.867
46014,2026-04-12,4.236,1.526,12.525,258.844,1013.045,12.076,12.71
46014,2026-04-19,6.466,1.967,10.212,284.746,1018.124,11.566,12.299
46014,2026-04-26,7.232,1.973,11.362,264.211,1010.379,12.224,12.507
46022,2017-01-01,8.954,3.279,9.362,318.75,1015.488,8.896,10.533
46022,2017-01-08,7.209,2.401,10.319,274.048,1012.177,8.457,10.411
46022,2017-01-15,6.494,2.506,12.222,265.792,1014.295,9.624,10.581
46022,2017-01-22,9.39,4.321,14.607,269.28,1004.985,10.281,10.912
46022,2017-01-29,4.538,3.495,14.132,274.339,1024.765,9.277,11.107
46022,2017-02-05,8.085,2.372,11.055,261.169,1013.478,11.336,11.143
46022,2017-02-12,9.301,2.669,9.857,252.649,1012.717,11.196,11.478
46022,2017-02-19,8.479,2.903,11.975,277.994,1008.665,11.195,11.502
46022,2017-02-26,7.025,2.615,12.855,280.419,1018.054,8.85,11.25
46022,2017-03-05,5.19,2.532,11.605,324.389,1020.029,8.766,10.904
46022,2017-03-12,5.838,2.187,10.802,288.24,1022.907,10.202,10.964
46022,2017-03-19,5.527,1.785,10.391,282.018,1018.613,11.135,11.489
46022,2017-03-26,7.271,2.396,10.868,252.089,1015.149,11.207,11.332
46022,2017-04-02,7.822,2.954,12.9,313.271,1023.599,11.011,11.435
46022,2017-04-09,8.193,3.462,12.777,286.613,1013.878,10.632,10.802
46022,2017-04-16,6.018,2.653,12.035,274.381,1016.104,10.148,10.759
46022,2017-04-23,5.948,2.309,11.028,254.144,1018.425,11.764,11.571
46022,2017-04-30,7.195,2.093,10.268,305.85,1020.606,11.371,11.802
46022,2017-05-07,8.986,2.487,10.611,313.905,1017.996,11.329,11.699
46022,2017-05-14,6.078,2.388,11.272,310.545,1018.119,10.71,10.424
46022,2017-05-21,5.765,1.938,8.869,316.512,1018.273,11.015,10.869
46022,2017-05-28,5.557,2.379,9.202,331.012,1014.633,11.343,11.157
46022,2017-06-04,4.801,1.328,11.288,274.674,1017.323,12.123,11.562
46022,2017-06-11,4.805,1.857,9.62,290.786,1015.076,12.122,11.675
46022,2017-06-18,6.39,1.666,9.659,307.012,1020.001,13.61,13.677
46022,2017-06-25,6.577,2.77,9.54,321.03,1013.961,12.871,12.608
46022,2017-07-02,5.895,1.615,8.438,309.545,1016.921,12.66,11.895
46022,2017-07-09,5.196,1.47,8.327,312.845,1017.961,12.034,12.005
46022,2017-07-16,6.878,1.688,8.177,321.348,1018.245,12.816,12.363
46022,2017-07-23,6.401,1.474,9.234,295.301,1017.706,13.804,13.367
46022,2017-07-30,7.166,2.24,8.002,333.036,1015.778,12.721,12.328
46022,2017-08-06,2.987,1.437,8.845,292.309,1014.199,12.496,13.658
46022,2017-08-13,3.498,0.979,8.273,312.061,1015.418,13.631,12.835
46022,2017-08-20,5.772,2.627,8.802,330.205,1014.127,13.696,12.863
46022,2017-08-27,3.446,1.719,8.504,319.725,1015.071,12.189,11.866
46022,2017-09-03,3.422,1.424,9.386,310.0,1012.961,13.971,13.523
46022,2017-09-10,3.324,1.473,12.798,267.898,1014.611,14.698,13.68
46022,2017-09-17,4.395,1.659,8.435,321.861,1013.634,13.789,13.411
46022,2017-09-24,3.854,2.331,10.232,316.273,1015.018,14.079,14.352
46022,2017-10-01,4.867,1.38,7.973,310.356,1016.3,14.175,14.005
46022,2017-10-08,6.298,1.82,9.789,311.88,1017.027,12.647,12.208
46022,2017-10-15,4.978,2.801,11.142,320.24,1019.822,11.677,10.634
46022,2017-10-22,4.742,2.927,12.392,299.24,1019.251,11.156,10.458
46022,2017-10-29,4.338,2.685,13.118,301.299,1018.836,11.595,10.855
46022,2017-11-05,3.808,1.955,11.58,308.982,1014.892,10.586,11.408
46022,2017-11-12,7.207,2.289,10.194,268.958,1015.082,12.017,11.443
46022,2017-11-19,6.684,2.408,10.703,289.451,1017.325,11.621,12.304
46022,2017-11-26,8.426,2.443,10.904,273.44,1015.087,14.315,12.914
46022,2017-12-03,5.185,3.758,14.786,296.555,1020.285,11.354,13.254
46022,2017-12-10,4.549,1.826,13.248,276.56,1026.112,11.471,12.473
46022,2017-12-17,7.015,2.416,12.432,295.229,1022.731,12.028,12.648
46022,2017-12-24,5.244,2.085,11.909,301.583,1023.389,9.778,11.644
46022,2017-12-31,3.312,1.818,12.314,283.387,1022.37,10.66,11.741
46022,2018-01-07,5.255,2.171,12.81,281.976,1019.405,11.49,11.318
46022,2018-01-14,5.266,2.614,13.868,289.62,1017.613,11.158,11.452
46022,2018-01-21,6.965,4.358,14.573,281.337,1019.007,11.483,11.881
46022,2018-01-28,7.074,3.644,11.777,280.315,1021.939,10.578,11.72
46022,2018-02-04,5.907,1.942,9.645,302.747,1023.711,11.3,11.45
46022,2018-02-11,6.738,1.933,11.091,297.304,1021.796,11.176,11.057
46022,2018-02-18,7.378,2.611,11.561,315.127,1022.327,9.477,10.314
46022,2018-02-25,7.999,3.22,12.56,321.571,1025.088,7.179,9.49
46022,2018-03-04,8.724,3.591,12.459,314.244,1015.32,7.73,9.07
46022,2018-03-11,5.11,1.71,11.711,271.196,1017.787,9.733,9.748
46022,2018-03-18,5.814,2.327,10.651,283.893,1013.064,9.329,10.525
46022,2018-03-25,6.72,2.373,11.26,283.369,1014.332,9.536,10.578
46022,2018-04-01,7.255,1.914,7.539,332.286,1023.679,10.095,10.635
46022,2018-04-08,6.755,2.255,10.156,278.643,1015.199,10.931,10.553
46022,2018-04-15,5.155,3.036,12.58,286.596,1020.847,10.718,11.137
46022,2018-04-22,5.924,2.309,11.568,307.617,1021.505,10.332,11.26
46022,2018-04-29,4.257,2.049,12.835,302.024,1016.768,11.056,11.53
46022,2018-05-06,6.108,1.897,10.525,306.494,1019.623,10.811,11.123
46022,2018-05-13,7.25,1.334,10.82,261.576,1018.564,11.957,11.446
46022,2018-05-20,3.745,,,,1018.236,11.615,11.261
46022,2018-05-27,4.776,,,,1017.587,11.847,11.169
46022,2018-06-03,6.878,,,,1018.787,11.447,10.747
46022,2018-06-10,3.28,,,,1019.428,12.48,12.173
46022,2018-06-17,6.774,,,,1014.854,12.734,11.628
46022,2018-06-24,3.962,,,,1018.231,12.22,11.513
46022,2018-07-01,5.975,,,,1018.805,12.714,12.249
46022,2018-07-08,4.625,,,,1019.594,12.231,10.812
46022,2018-07-15,3.202,,,,1017.96,12.811,12.353
46022,2018-07-22,5.486,,,,1017.26,12.303,11.541
46022,2018-07-29,5.006,,,,1019.366,11.662,12.051
46022,2018-08-05,5.013,,,,1018.78,14.078,14.084
46022,2018-08-12,4.418,,,,1017.713,13.674,13.324
46022,2018-08-19,3.276,,,,1017.354,13.011,11.716
46022,2018-08-26,4.991,,,,1016.477,13.053,12.373
46022,2018-09-02,4.283,,,,1016.314,13.594,13.146
46022,2018-09-09,4.436,,,,1016.985,12.628,12.356
46022,2018-09-16,2.617,,,,1016.9,13.32,13.778
46022,2018-09-23,5.444,,,,1017.412,13.486,12.957
46022,2018-09-30,4.76,,,,1013.162,11.97,11.711
46022,2018-10-07,3.726,,,,1015.555,13.685,12.897
46022,2018-10-14,5.097,,,,1013.569,12.257,12.038
46022,2018-10-21,3.549,,,,1020.114,10.672,11.297
46022,2018-10-28,2.779,,,,1018.743,12.536,12.512
46022,2018-11-04,3.957,,,,1025.165,13.381,13.063
46022,2018-11-11,6.31,,,,1021.125,12.089,11.666
46022,2018-11-18,2.57,,,,1022.782,10.422,11.244
46022,2018-11-25,5.705,,,,1015.822,12.097,11.915
46022,2018-12-02,5.967,,,,1013.873,12.428,12.441
46022,2018-12-09,5.447,,,,1018.69,,12.56
46022,2018-12-16,7.454,,,,1020.049,14.151,12.748
46022,2018-12-23,7.62,,,,1021.556,12.543,12.921
46022,2018-12-30,7.668,,,,1024.412,11.59,12.569
46022,2019-01-06,8.051,,,,1016.778,10.91,11.809
46022,2019-01-13,8.02,,,,1013.164,,11.72
46022,2019-01-20,8.825,,,,1012.968,,12.258
46022,2019-01-27,4.086,,,,1027.423,,11.854
46022,2019-02-03,4.168,,,,1010.067,,11.836
46022,2019-02-10,5.738,,,,1014.218,,11.6
46022,2019-02-17,8.794,,,,1009.993,,11.608
46022,2019-02-24,8.413,,,,1021.557,,11.193
46022,2019-03-03,5.437,,,,1013.559,,10.713
46022,2019-03-10,5.158,,,,1014.048,,10.759
46022,2019-03-17,5.66,,,,1023.113,,10.982
46022,2019-03-24,4.489,,,,1017.353,,11.383
46022,2019-03-31,6.677,,,,1019.822,,11.439
46022,2019-04-07,7.643,,,,1015.098,,11.98
46022,2019-04-14,7.351,,,,1024.279,,12.026
46022,2019-04-21,6.878,,,,1019.38,,12.23
46022,2019-04-28,7.82,,,,1020.018,,11.28
46022,2019-05-05,5.52,,,,1015.423,,9.97
46022,2019-05-12,3.97,,,,1014.698,,10.244
46022,2019-05-19,5.767,,,,1011.543,,11.193
46022,2019-05-26,8.864,,,,1014.126,,11.991
46022,2019-06-02,6.1,,,,1018.064,,12.14
46022,2019-11-03,2.428,,,,1020.842,,11.317
46022,2019-11-10,3.909,,,,1020.102,,12.446
46022,2019-11-17,3.922,2.258,13.668,285.474,1020.081,11.463,11.966
46022,2019-11-24,4.972,2.707,12.671,297.084,1016.643,11.219,11.252
46022,2019-12-01,7.575,3.445,12.064,288.389,1008.427,9.218,10.923
46022,2019-12-08,5.998,2.431,11.254,263.196,1012.504,12.195,11.524
46022,2019-12-15,6.466,3.123,13.046,282.131,1020.503,11.787,12.281
46022,2019-12-22,8.628,3.287,13.343,278.994,1015.817,12.041,12.351
46022,2019-12-29,5.395,2.882,13.61,304.893,1016.189,10.245,12.373
46022,2020-01-05,5.632,3.326,14.367,296.611,1024.692,11.321,11.625
46022,2020-01-12,5.922,3.297,11.791,302.47,1024.388,10.362,11.835
46022,2020-01-19,7.446,3.444,11.62,285.452,1017.98,9.693,11.176
46022,2020-01-26,7.737,2.933,14.134,267.76,1018.328,11.554,11.217
46022,2020-02-02,5.028,3.314,13.222,279.566,1026.148,10.955,11.266
46022,2020-02-09,9.252,3.169,12.214,319.827,1026.248,9.611,10.879
46022,2020-02-16,7.333,3.001,11.998,316.754,1022.892,9.918,9.617
46022,2020-02-23,4.901,2.179,12.462,303.689,1021.854,9.201,9.433
46022,2020-03-01,6.597,2.691,12.057,305.19,1026.921,9.215,9.51
46022,2020-03-08,5.534,2.98,11.988,319.607,1019.897,9.014,9.406
46022,2020-03-15,6.962,2.637,10.282,313.911,1015.196,9.075,9.88
46022,2020-03-22,3.928,1.382,9.602,318.457,1016.718,9.052,10.529
46022,2020-03-29,5.629,1.245,10.923,296.0,1019.625,9.43,10.615
46022,2020-04-05,7.172,1.19,8.522,288.75,1017.521,9.767,10.756
46022,2020-04-12,6.405,2.508,8.595,335.156,1016.683,10.444,11.093
46022,2020-04-19,5.569,1.966,9.271,328.885,1018.683,10.865,11.261
46022,2020-04-26,3.942,1.53,11.863,283.071,1024.017,11.329,11.96
46022,2020-05-03,3.921,2.318,11.42,277.7,1020.892,12.429,12.779
46022,2020-05-10,5.072,1.984,10.734,297.345,1019.381,12.51,13.029
46022,2020-05-17,6.764,2.023,11.176,261.262,1013.902,12.713,13.039
46022,2020-05-24,7.696,2.135,9.097,305.065,1018.971,12.65,13.285
46022,2020-05-31,5.248,2.06,11.487,306.149,1016.41,12.584,12.416
46022,2020-06-07,5.374,2.152,9.262,314.565,1017.472,11.874,11.58
46022,2020-06-14,3.076,1.641,9.35,291.429,1021.097,13.195,13.361
46022,2020-06-21,5.091,1.965,9.316,304.78,1018.639,13.208,13.193
46022,2020-06-28,6.877,2.618,8.157,329.583,1014.169,12.487,11.841
46022,2020-07-05,5.243,2.196,10.572,303.353,1018.478,11.936,11.354
46022,2020-07-12,3.919,1.037,10.897,267.047,1020.124,13.162,12.884
46022,2020-07-19,5.758,2.627,8.629,333.726,1015.323,12.176,11.904
46022,2020-07-26,4.815,1.963,8.001,329.315,1014.489,11.364,10.903
46022,2020-08-02,2.947,1.169,9.008,302.465,1016.96,11.938,11.959
46022,2020-08-09,4.856,1.782,8.097,305.22,1017.765,13.872,13.304
46022,2020-08-16,3.924,2.059,9.015,323.113,1014.264,12.533,12.194
46022,2020-08-23,3.753,1.228,10.684,281.473,1016.533,14.102,14.126
46022,2020-08-30,6.448,2.623,8.514,332.521,1012.892,12.487,11.457
46022,2020-09-06,3.346,1.816,9.944,313.25,1016.834,12.051,11.658
46022,2020-09-13,3.67,1.282,10.738,285.125,1013.113,,13.038
46022,2020-09-20,4.003,1.096,9.0,265.458,1016.553,,14.926
46022,2020-09-27,4.152,2.443,11.486,304.119,1018.867,,16.38
46022,2020-10-04,4.735,2.033,12.48,293.792,1017.415,,14.468
46022,2020-10-11,2.712,1.579,10.855,285.857,1016.377,,13.064
46022,2020-10-18,6.03,2.46,9.485,320.509,1021.888,,14.225
46022,2020-10-25,7.729,2.754,8.317,330.646,1017.572,,11.124
46022,2020-11-01,3.216,1.765,9.782,320.0,1020.711,,10.755
46022,2020-11-08,5.476,3.231,13.584,299.315,1016.467,,11.55
46022,2020-11-15,5.296,2.705,10.376,326.328,1023.348,,10.594
46022,2020-12-06,2.873,2.358,10.853,268.65,1028.889,9.977,10.234
46022,2020-12-13,5.465,3.42,13.889,286.665,1021.221,10.484,10.792
46022,2020-12-20,4.667,3.598,13.402,294.071,1024.784,10.335,10.612
46022,2020-12-27,6.375,2.762,11.651,278.69,1019.664,10.644,10.664
46022,2021-01-03,5.825,3.8,15.439,285.851,1020.323,10.567,10.906
46022,2021-01-10,7.139,4.271,15.413,282.911,1021.317,11.087,11.379
46022,2021-01-17,5.712,3.598,14.139,279.464,1025.183,11.368,11.443
46022,2021-01-24,7.725,3.007,13.504,299.601,1017.61,10.637,11.228
46022,2021-01-31,8.881,3.658,11.771,270.798,1009.326,8.623,10.078
46022,2021-02-07,8.468,2.828,11.614,304.03,1021.477,10.179,10.565
46022,2021-02-14,4.96,2.164,11.356,300.798,1017.291,9.816,10.664
46022,2021-02-21,6.546,3.09,13.074,291.886,1025.175,9.88,10.4
46022,2021-02-28,9.425,3.378,12.158,326.024,1029.217,9.561,10.033
46022,2021-03-07,6.307,3.259,12.984,308.557,1017.48,9.296,10.143
46022,2021-03-14,7.875,4.497,14.448,309.732,1017.853,8.621,10.132
46022,2021-03-21,8.107,3.034,10.579,291.158,1021.107,9.08,10.132
46022,2021-03-28,8.197,2.614,9.534,329.856,1022.976,9.401,9.994
46022,2021-04-04,6.22,2.362,11.83,313.506,1020.308,9.556,9.867
46022,2021-04-11,7.256,2.049,9.359,316.155,1022.133,9.056,10.027
46022,2021-04-18,4.95,2.174,11.689,306.006,1016.899,9.215,9.728
46022,2021-04-25,7.387,2.087,10.033,298.539,1016.788,9.685,10.244
46022,2021-05-02,4.281,1.414,11.741,278.69,1021.315,10.339,10.642
46022,2021-05-09,6.583,2.081,10.652,306.601,1021.48,10.729,10.584
46022,2021-05-16,7.757,2.946,8.665,333.904,1017.074,9.723,9.6
46022,2021-05-23,6.2,1.774,9.895,300.844,1020.978,10.111,9.799
46022,2021-05-30,5.083,1.681,10.192,292.518,1020.614,10.53,10.244
46022,2021-06-06,5.501,2.048,11.446,299.244,1016.884,11.451,10.962
46022,2021-06-13,4.705,1.969,10.328,278.804,1017.241,12.497,11.851
46022,2021-06-20,5.824,2.448,8.959,318.476,1016.117,12.954,12.684
46022,2021-06-27,4.008,1.522,10.897,278.292,1014.418,12.422,13.137
46022,2021-07-04,6.048,2.205,9.604,310.565,1013.087,13.962,13.923
46022,2021-07-11,7.026,2.107,8.805,322.226,1016.829,12.477,11.99
46022,2021-07-18,7.093,2.235,8.571,323.417,1016.598,11.519,10.86
46022,2021-07-25,5.969,1.888,7.332,331.863,1018.365,12.173,11.768
46022,2021-08-01,4.484,1.443,7.354,318.863,1015.627,11.001,10.56
46022,2021-08-08,3.501,1.337,7.801,304.667,1016.973,12.554,12.245
46022,2021-08-15,3.707,1.705,9.897,300.738,1015.982,12.235,12.558
46022,2021-08-22,5.834,2.523,9.718,313.768,1013.594,13.469,11.958
46022,2021-08-29,4.631,2.032,9.115,314.593,1014.031,12.185,11.334
46022,2021-09-05,5.209,2.071,8.064,327.377,1013.468,11.237,10.9
46022,2021-09-12,3.183,1.39,10.128,299.145,1016.446,12.613,12.238
46022,2021-09-19,5.474,2.371,9.351,308.772,1014.941,12.248,11.413
46022,2021-09-26,3.748,2.183,12.734,297.887,1016.635,12.49,11.952
46022,2021-10-03,5.008,2.854,12.367,303.03,1018.653,12.987,12.931
46022,2021-10-10,4.76,2.195,11.703,306.44,1018.326,11.801,11.788
46022,2021-10-17,5.512,2.794,9.148,317.125,1019.892,11.073,11.255
46022,2021-10-24,8.683,,,,1009.64,12.761,11.789
46022,2021-10-31,5.216,,,,1015.403,13.45,13.219
46022,2021-11-07,6.839,,,,1017.981,13.514,13.425
46022,2021-11-14,4.314,,,,1022.177,13.023,13.555
46022,2021-11-21,7.067,,,,1020.689,12.382,13.174
46022,2021-11-28,3.751,,,,1023.801,11.804,12.631
46022,2021-12-05,4.724,,,,1023.034,11.182,12.349
46022,2021-12-12,6.19,2.573,11.669,294.687,1018.503,10.415,12.187
46022,2021-12-19,6.703,4.868,13.901,285.146,1014.551,9.546,11.497
46022,2021-12-26,7.947,,,,1009.855,10.513,11.287
46022,2022-01-02,6.754,,,,1014.206,8.053,10.577
46022,2022-01-09,7.222,,,,1018.648,10.471,10.889
46022,2022-01-16,5.183,3.223,13.043,278.0,1025.12,10.683,11.127
46022,2022-01-23,4.382,,,,1023.712,10.271,10.854
46022,2022-01-30,2.781,,,,1022.523,9.226,10.934
46022,2022-02-06,8.336,,,,1027.551,9.448,10.41
46022,2022-02-13,3.935,,,,1023.609,10.163,10.169
46022,2022-02-20,7.604,,,,1023.42,9.302,10.222
46022,2022-02-27,7.358,,,,1022.337,8.266,9.865
46022,2022-03-06,8.968,2.951,13.624,272.559,1021.188,9.799,9.731
46022,2022-03-13,6.006,,,,1024.177,9.287,9.455
46022,2022-03-20,5.533,2.981,12.076,296.611,1023.07,9.8,9.964
46022,2022-03-27,4.237,,,,1020.597,9.727,10.203
46022,2022-04-03,7.553,,,,1018.418,10.014,9.907
46022,2022-04-10,7.106,,,,1023.751,9.855,9.72
46022,2022-04-17,5.82,,,,1018.335,8.191,9.233
46022,2022-04-24,6.699,,,,1016.1,10.128,9.994
46022,2022-05-01,4.586,,,,1020.573,10.821,11.122
46022,2022-05-08,7.553,,,,1017.74,10.641,10.849
46022,2022-05-15,4.592,,,,1022.089,10.627,11.52
46022,2022-05-22,8.562,,,,1021.792,11.231,11.326
46022,2022-05-29,5.013,,,,1017.026,10.594,10.774
46022,2022-06-05,5.625,,,,1014.836,11.526,11.121
46022,2022-06-12,3.664,,,,1016.362,13.903,13.776
46022,2022-06-19,5.489,1.743,8.626,303.075,1018.115,13.083,13.284
46022,2022-06-26,6.623,,,,1016.037,12.342,12.411
46022,2022-07-03,5.114,1.304,10.757,265.778,1018.357,12.764,12.219
46022,2022-07-10,3.144,0.907,8.724,280.795,1017.559,13.654,13.086
46022,2022-07-17,4.695,1.75,9.184,308.216,1015.945,13.431,13.122
46022,2022-07-24,5.722,1.889,11.702,283.512,1016.575,12.458,12.052
46022,2022-07-31,2.938,1.405,8.708,312.018,1013.923,12.503,12.744
46022,2022-08-07,3.962,1.445,9.728,293.18,1015.266,14.749,15.204
46022,2022-08-14,4.156,1.097,8.122,324.074,1018.165,16.498,17.108
46022,2022-08-21,5.568,1.519,7.493,314.563,1014.346,14.456,14.576
46022,2022-08-28,5.375,1.953,8.824,314.595,1014.401,14.311,13.971
46022,2022-09-04,3.4,1.307,9.658,281.828,1015.218,13.214,13.102
46022,2022-09-11,5.041,2.324,9.159,314.245,1010.904,13.467,12.818
46022,2022-09-18,3.321,1.045,12.013,267.327,1013.392,13.468,14.939
46022,2022-09-25,3.398,1.537,10.699,305.077,1014.917,15.16,16.64
46022,2022-10-02,4.228,1.827,11.097,292.083,1015.113,14.4,15.73
46022,2022-10-09,4.202,1.522,12.561,294.042,1018.378,13.287,13.925
46022,2022-10-16,4.139,1.616,9.938,304.036,1015.002,11.754,12.457
46022,2022-10-23,3.954,2.307,12.481,293.699,1016.905,12.407,12.179
46022,2022-10-30,3.474,2.863,12.803,316.619,1022.501,11.845,12.131
46022,2022-11-06,4.191,3.237,13.021,307.351,1017.807,10.864,11.599
46022,2022-11-13,4.789,2.699,11.657,304.25,1015.713,9.859,11.353
46022,2022-11-20,2.627,1.608,13.344,282.389,1023.481,10.438,12.203
46022,2022-11-27,3.995,2.326,13.768,288.937,1023.433,11.099,11.711
46022,2022-12-04,6.359,3.078,11.89,300.494,1014.62,9.241,10.673
46022,2022-12-11,6.667,2.639,10.784,282.512,1013.914,9.47,11.18
46022,2022-12-18,3.961,2.109,11.715,311.467,1019.873,8.555,10.582
46022,2022-12-25,5.861,1.728,11.282,270.701,1022.915,11.078,11.135
46022,2023-01-01,8.684,3.803,12.748,267.988,1010.292,11.617,11.448
46022,2023-01-08,10.291,4.208,13.555,255.749,1007.141,11.352,11.226
46022,2023-01-15,10.369,4.531,13.922,257.749,1004.652,12.448,12.05
46022,2023-01-22,5.04,3.474,14.112,296.854,1020.854,9.727,11.47
46022,2023-01-29,8.455,3.153,15.065,298.18,1025.21,10.661,11.196
46022,2023-02-05,6.675,,,,1019.396,9.947,10.361
46022,2023-11-05,8.141,2.199,10.992,268.095,1015.613,15.042,14.541
46022,2023-11-12,5.098,2.745,12.183,295.595,1020.539,13.184,14.828
46022,2023-11-19,4.523,2.421,11.382,286.952,1013.604,13.814,13.806
46022,2023-11-26,6.539,2.962,12.788,306.87,1022.215,11.948,13.153
46022,2023-12-03,5.259,2.379,12.489,294.793,1019.108,12.081,12.683
46022,2023-12-10,6.142,3.426,14.153,294.107,1023.009,12.254,12.834
46022,2023-12-17,3.776,1.887,11.236,274.1,1018.832,12.032,12.92
46022,2023-12-24,6.558,,,,1012.979,12.509,13.45
46022,2023-12-31,9.005,,,,1015.901,13.295,13.13
46022,2024-01-07,6.32,,,,1021.929,11.273,13.063
46022,2024-01-14,7.007,,,,1020.548,10.614,12.814
46022,2024-01-21,7.871,,,,1011.796,12.446,12.826
46022,2024-01-28,6.905,2.77,12.051,262.686,1016.873,12.922,12.421
46022,2024-02-04,8.446,3.733,13.047,276.982,1008.274,12.403,12.856
46022,2024-02-11,6.068,3.354,14.491,295.158,1013.748,10.391,12.592
46022,2024-02-18,6.984,3.046,12.084,266.833,1015.485,11.898,12.167
46022,2024-02-25,6.562,2.75,14.158,278.991,1015.999,11.9,12.464
46022,2024-03-03,8.211,3.66,12.65,307.424,1012.949,9.665,12.336
46022,2024-03-10,8.385,2.612,10.972,301.427,1017.097,10.188,11.937
46022,2024-03-17,6.315,3.076,14.735,298.984,1019.116,11.174,11.956
46022,2024-03-24,6.441,2.259,14.102,280.865,1015.475,11.3,12.121
46022,2024-03-31,6.808,3.054,13.181,298.598,1012.986,11.052,11.893
46022,2024-04-07,6.266,2.694,11.266,315.06,1019.878,10.015,11.666
46022,2024-04-14,6.214,2.279,11.957,311.877,1018.769,10.552,11.466
46022,2024-04-21,7.119,2.053,10.399,293.057,1021.103,10.705,11.168
46022,2024-04-28,4.487,1.909,9.62,302.348,1018.457,10.801,10.949
46022,2024-05-05,5.536,1.94,9.171,303.545,1019.285,10.629,11.47
46022,2024-05-12,5.887,2.26,10.05,308.526,1018.298,11.308,11.028
46022,2024-05-19,7.23,2.766,9.151,325.757,1016.464,10.787,10.326
46022,2024-05-26,6.511,2.079,9.09,320.404,1019.469,10.295,9.888
46022,2024-06-02,5.016,1.867,9.733,311.304,1020.546,11.258,10.333
46022,2024-06-09,4.632,2.571,11.82,297.589,1016.32,12.011,11.498
46022,2024-06-16,6.035,2.303,10.188,303.018,1019.813,11.143,10.708
46022,2024-06-23,6.093,1.532,7.205,325.348,1015.344,11.171,10.914
46022,2024-06-30,5.743,1.624,10.083,295.525,1017.296,12.723,12.715
46022,2024-07-07,4.783,2.292,11.231,299.084,1015.716,13.99,13.785
46022,2024-07-14,7.135,2.114,8.926,320.568,1014.278,12.844,13.427
46022,2024-07-21,5.325,1.271,11.908,270.884,1019.236,13.402,13.93
46022,2024-07-28,6.339,2.414,8.267,323.045,1016.639,12.844,11.888
46022,2024-08-04,3.592,1.058,7.811,307.97,1017.71,14.009,13.54
46022,2024-08-11,4.948,1.555,7.424,319.018,1016.861,12.916,12.094
46022,2024-08-18,2.735,1.028,8.986,310.661,1017.977,14.058,13.791
46022,2024-08-25,2.89,1.19,10.622,297.18,1017.984,13.622,12.715
46022,2024-09-01,3.583,1.8,9.612,316.857,1017.602,13.324,13.56
46022,2024-09-08,3.013,1.533,10.661,307.343,1015.773,13.79,14.366
46022,2024-09-15,5.348,1.671,8.716,320.559,1013.602,13.913,14.102
46022,2024-09-22,5.554,2.574,8.905,323.411,1014.198,12.869,12.401
46022,2024-09-29,4.102,2.662,11.391,306.448,1013.832,11.626,11.201
46022,2024-10-06,4.713,2.216,9.784,322.634,1016.269,11.98,11.414
46022,2024-10-13,3.716,1.957,12.157,278.367,1017.41,12.213,11.86
46022,2024-10-20,3.533,2.514,12.893,285.936,1020.57,12.33,11.928
46022,2024-10-27,5.43,,,,1019.795,12.649,11.968
46022,2024-11-03,5.619,,,,1018.167,12.379,12.353
46022,2024-11-10,5.323,,,,1020.831,12.484,12.665
46022,2024-11-17,7.242,,,,1017.374,11.871,12.324
46022,2024-11-24,9.164,,,,1011.865,11.912,12.629
46022,2024-12-01,4.373,,,,1020.461,10.757,12.485
46022,2024-12-08,4.053,,,,1023.965,11.658,12.346
46022,2024-12-15,7.26,,,,1017.352,11.179,11.812
46022,2024-12-22,8.176,,,,1019.008,12.801,12.171
46022,2024-12-29,8.322,,,,1016.005,12.662,12.61
46022,2025-01-05,7.509,,,,1021.676,11.637,12.347
46022,2025-01-12,7.099,,,,1027.129,11.474,12.057
46022,2025-01-19,4.436,,,,1025.557,9.417,11.07
46022,2025-01-26,5.443,,,,1024.622,9.881,10.388
46022,2025-02-02,5.27,,,,1019.578,9.34,9.979
46022,2025-02-09,6.45,,,,1017.113,7.919,10.223
46022,2025-02-16,8.27,,,,1015.669,8.959,10.179
46022,2025-02-23,6.162,,,,1022.496,10.489,10.393
46022,2025-03-02,5.644,,,,1019.155,10.287,10.607
46022,2025-03-09,6.256,,,,1020.915,9.706,10.733
46022,2025-03-16,8.208,,,,1009.6,9.812,10.493
46022,2025-03-23,5.908,3.03,13.441,303.218,1023.216,10.036,10.701
46022,2025-03-30,7.147,3.125,13.239,283.07,1014.018,10.744,11.22
46022,2025-04-06,7.045,2.409,10.22,285.365,1018.498,10.511,11.243
46022,2025-04-13,6.601,2.699,10.846,304.894,1022.065,11.173,11.594
46022,2025-04-20,5.499,2.719,9.295,323.578,1017.289,10.639,11.187
46022,2025-04-27,8.189,2.51,9.619,321.022,1016.833,9.969,10.19
46022,2025-05-04,7.189,2.246,10.524,318.06,1019.927,10.122,9.695
46022,2025-05-11,5.679,2.204,10.135,308.23,1018.617,10.118,9.726
46022,2025-05-18,6.446,2.105,9.496,301.142,1019.246,11.078,10.792
46022,2025-05-25,5.363,1.892,10.061,303.012,1021.333,11.559,11.309
46022,2025-06-01,5.139,2.115,9.701,301.485,1019.036,12.11,11.86
46022,2025-06-08,6.432,3.373,9.447,329.409,1015.687,10.132,9.796
46022,2025-06-15,5.766,1.882,9.081,329.125,1017.663,10.899,10.823
46022,2025-06-22,5.1,1.612,9.396,297.163,1019.818,11.952,11.637
46022,2025-06-29,4.904,1.559,9.524,308.228,1018.133,12.345,11.913
46022,2025-07-06,5.985,1.872,10.005,303.667,1017.111,11.866,11.339
46022,2025-07-13,4.876,2.027,8.654,320.757,1017.652,12.408,12.535
46022,2025-07-20,4.129,2.226,9.147,328.646,1015.615,12.005,11.896
46022,2025-07-27,3.459,1.004,10.357,271.53,1017.356,13.217,13.324
46022,2025-08-03,5.148,1.064,7.799,302.625,1021.129,14.408,14.087
46022,2025-08-10,4.433,1.867,11.128,299.524,1018.493,14.776,14.667
46022,2025-08-17,2.219,1.672,10.421,294.935,1017.096,13.528,12.978
46022,2025-08-24,3.694,1.448,8.737,327.616,1017.255,14.344,14.279
46022,2025-08-31,3.01,1.101,11.928,266.381,1017.015,13.788,13.195
46022,2025-09-07,3.542,1.252,11.346,269.997,1015.877,14.386,13.945
46022,2025-09-14,4.287,1.464,12.035,275.021,1015.56,15.547,15.001
46022,2025-09-21,4.341,2.199,9.61,313.979,1015.057,14.921,14.836
46022,2025-09-28,4.386,2.52,11.043,311.922,1014.308,14.127,13.548
46022,2025-10-05,5.765,2.524,10.965,298.141,1015.491,14.154,13.434
46022,2025-10-12,2.788,1.787,10.144,309.53,1013.473,13.821,13.478
46022,2025-10-19,4.105,2.398,12.29,310.166,1015.35,12.738,12.957
46022,2025-10-26,5.182,3.716,14.44,294.679,1018.068,13.255,13.228
46022,2025-11-02,4.962,2.625,12.888,304.359,1022.247,13.479,14.484
46022,2025-11-09,7.084,3.227,12.69,276.034,1016.381,13.91,14.028
46022,2025-11-16,6.92,2.531,10.236,258.95,1012.924,14.04,14.295
46022,2025-11-23,7.089,3.251,12.038,295.233,1016.261,12.636,13.812
46022,2025-11-30,2.969,2.146,13.135,287.16,1022.958,11.931,13.151
46022,2025-12-07,3.883,2.142,12.829,287.007,1023.098,11.852,12.217
46022,2025-12-14,3.623,2.206,12.121,289.22,1022.734,11.206,11.896
46022,2025-12-21,7.476,2.575,10.383,284.516,1017.832,12.73,13.378
46022,2025-12-28,7.743,3.035,10.686,279.586,1010.226,11.352,12.399
46022,2026-01-04,2.751,1.556,10.497,307.062,1022.531,10.879,11.797
46022,2026-03-08,9.487,2.605,9.921,320.742,1025.887,11.571,12.183
46022,2026-03-15,5.745,2.45,10.891,326.245,1025.472,10.716,11.915
46022,2026-03-22,5.84,1.738,10.907,293.575,1021.092,11.057,12.156
46022,2026-03-29,7.093,2.205,10.53,312.706,1020.475,11.159,11.864
46022,2026-04-05,5.509,1.955,9.498,309.31,1017.311,11.165,11.403
46022,2026-04-12,3.823,1.496,11.747,276.312,1013.794,11.233,11.808
46022,2026-04-19,6.049,1.871,9.598,294.415,1019.936,11.036,11.824
46022,2026-04-26,7.024,1.936,10.769,269.345,1009.5,11.514,11.797
46025,2017-01-01,4.865,1.133,9.401,246.125,1012.347,12.553,14.533
46025,2017-01-08,3.717,0.787,10.939,245.673,1018.692,14.089,14.842
46025,2017-01-15,4.58,1.287,10.128,259.398,1016.974,14.693,15.079
46025,2017-01-22,5.705,2.004,14.472,260.804,1014.592,13.962,14.956
46025,2017-01-29,4.792,1.765,13.945,262.196,1022.741,13.688,14.229
46025,2017-02-05,2.718,1.221,13.07,259.545,1018.869,14.258,14.263
46025,2017-02-12,3.674,1.328,10.515,254.701,1018.065,14.422,14.592
46025,2017-02-19,5.403,1.757,13.009,248.976,1012.016,14.014,14.81
46025,2017-02-26,5.336,1.66,11.654,260.47,1020.301,13.036,14.626
46025,2017-03-05,3.648,0.91,13.265,220.601,1017.196,14.049,14.765
46025,2017-03-12,3.562,1.068,12.034,244.24,1018.142,14.309,14.96
46025,2017-03-19,2.674,0.792,13.627,229.179,1017.523,13.381,15.587
46025,2017-03-26,4.688,1.295,12.756,229.923,1018.828,14.641,15.453
46025,2017-04-02,5.12,1.595,12.244,263.57,1014.233,15.423,15.537
46025,2017-04-09,3.507,1.329,13.376,255.202,1015.883,14.605,16.056
46025,2017-04-16,3.602,1.33,11.195,255.875,1015.982,14.799,15.586
46025,2017-04-23,3.208,1.354,13.529,239.667,1015.724,15.318,15.13
46025,2017-04-30,5.755,1.883,9.574,257.353,1012.071,16.232,15.905
46025,2017-05-07,3.408,1.242,14.103,206.893,1012.247,14.984,17.082
46025,2017-05-14,3.955,1.256,10.295,252.665,1014.128,15.314,16.898
46025,2017-05-21,3.36,1.211,9.241,238.798,1012.941,15.69,16.98
46025,2017-05-28,3.078,0.906,13.409,203.76,1013.949,15.294,17.082
46025,2017-06-04,2.788,1.018,12.595,228.07,1011.858,15.686,17.34
46025,2017-06-11,3.074,1.068,12.093,208.435,1013.011,16.02,17.258
46025,2017-06-18,3.586,1.109,9.185,246.845,1012.233,16.97,17.95
46025,2017-06-25,3.03,1.121,14.401,180.452,1010.314,16.919,19.107
46025,2017-07-02,3.171,1.069,11.238,217.101,1012.239,17.336,18.456
46025,2017-07-09,2.833,0.923,12.716,198.089,1013.328,18.649,19.291
46025,2017-07-16,2.604,1.059,13.524,175.066,1013.689,18.921,20.833
46025,2017-07-23,2.676,0.962,12.015,190.399,1012.973,,21.723
46025,2017-07-30,3.204,0.831,10.334,196.048,1014.198,,21.9
46025,2017-08-06,3.208,0.979,13.885,194.268,1013.043,,21.569
46025,2017-08-13,2.828,0.918,9.851,228.655,1012.123,,20.699
46025,2017-08-20,2.985,0.925,13.444,200.321,1013.573,,21.457
46025,2017-08-27,2.987,0.716,10.71,211.329,1012.94,,21.128
46025,2017-09-03,3.085,0.949,14.056,185.629,1008.344,,20.638
46025,2017-09-10,3.879,1.0,11.56,227.405,1012.919,,21.658
46025,2017-09-17,3.607,0.854,13.773,193.667,1012.289,,19.972
46025,2017-09-24,3.346,0.933,8.849,232.506,1011.197,,19.789
46025,2017-10-01,3.138,0.728,10.517,217.56,1010.408,,20.226
46025,2017-10-08,2.748,0.863,13.691,205.47,1010.097,,20.837
46025,2017-10-15,3.328,0.92,13.465,197.464,1012.927,,20.449
46025,2017-10-22,4.965,1.278,13.134,223.952,1014.623,,20.561
46025,2017-10-29,2.718,1.045,14.818,205.048,1012.863,,19.769
46025,2017-11-05,3.338,0.785,13.146,237.911,1014.754,,19.514
46025,2017-11-12,3.229,0.947,12.949,220.429,1016.928,,19.504
46025,2017-11-19,3.712,0.92,11.862,217.777,1016.831,,18.734
46025,2017-11-26,2.45,0.793,11.787,242.69,1015.361,,17.946
46025,2017-12-03,3.135,1.197,12.253,256.238,1015.426,,17.044
46025,2017-12-10,4.847,1.02,12.337,191.964,1020.537,,16.209
46025,2017-12-17,2.892,1.209,13.261,247.893,1015.643,,16.27
46025,2017-12-24,4.265,0.835,11.454,236.625,1020.602,,16.248
46025,2017-12-31,1.986,0.805,13.491,243.216,1018.772,,15.894
46025,2018-01-07,2.448,0.766,13.332,254.214,1019.392,,16.246
46025,2018-01-14,4.196,1.315,12.011,247.679,1016.342,,16.095
46025,2018-01-21,4.316,1.639,14.246,262.613,1018.618,,16.155
46025,2018-01-28,4.437,1.11,11.617,258.905,1020.794,,15.454
46025,2018-02-04,2.191,0.654,12.806,216.214,1016.701,,15.804
46025,2018-02-11,2.839,0.835,14.016,237.131,1015.567,,15.959
46025,2018-02-18,3.79,0.801,12.348,233.643,1016.998,,15.865
46025,2018-02-25,6.546,1.395,8.538,261.899,1020.319,,15.253
46025,2018-03-04,4.372,1.097,10.096,244.792,1018.459,,14.575
46025,2018-03-11,3.064,0.896,12.004,246.518,1016.726,,14.62
46025,2018-03-18,4.909,1.112,10.898,242.726,1016.781,,14.869
46025,2018-03-25,4.597,1.095,10.969,239.31,1016.917,,14.185
46025,2018-04-01,3.84,0.829,12.303,212.759,1017.082,,14.097
46025,2018-04-08,2.703,0.871,12.42,216.994,1014.743,,
46025,2018-04-15,4.146,1.288,10.709,257.449,1016.75,,
46025,2018-04-22,5.574,1.422,9.33,249.114,1016.927,,
46025,2018-04-29,3.283,1.116,12.627,222.554,1015.608,,
46025,2018-05-06,4.254,1.165,8.155,247.417,1016.003,,
46025,2018-05-13,2.751,1.078,10.565,239.749,1013.735,,
46025,2018-05-20,3.77,1.138,12.277,223.345,1014.608,,
46025,2018-05-27,3.502,1.219,12.099,218.068,1014.859,15.362,16.382
46025,2018-06-03,3.037,0.869,12.709,208.048,1013.0,15.276,16.651
46025,2018-06-10,3.234,1.048,10.978,221.485,1012.36,16.319,17.728
46025,2018-06-17,3.095,1.176,13.64,191.545,1009.809,16.432,18.885
46025,2018-06-24,3.762,0.95,13.116,193.232,1013.13,16.461,18.875
46025,2018-07-01,3.106,0.96,13.572,178.738,1013.798,17.522,19.45
46025,2018-07-08,3.494,0.984,12.811,174.246,1013.341,19.533,19.989
46025,2018-07-15,2.986,0.878,13.669,177.274,1013.792,20.126,21.393
46025,2018-07-22,3.432,0.729,12.361,205.655,1014.774,19.127,21.768
46025,2018-07-29,3.063,1.139,14.137,185.661,1013.049,20.417,21.828
46025,2018-08-05,2.764,0.851,9.105,216.661,1012.474,19.983,22.37
46025,2018-08-12,3.11,1.046,9.994,196.395,1012.156,21.22,22.204
46025,2018-08-19,2.997,0.969,15.017,175.286,1014.425,20.356,22.197
46025,2018-08-26,3.183,0.851,11.314,200.06,1014.045,20.223,22.259
46025,2018-09-02,3.943,1.045,7.171,235.613,1012.114,20.285,22.408
46025,2018-09-09,3.17,0.906,11.025,177.875,1012.823,19.169,21.881
46025,2018-09-16,3.45,1.178,15.084,171.44,1010.797,20.009,21.475
46025,2018-09-23,3.553,0.925,13.966,189.163,1011.477,19.226,21.493
46025,2018-09-30,2.848,0.767,13.669,176.446,1012.214,18.137,20.654
46025,2018-10-07,3.341,1.188,12.52,189.405,1011.38,19.342,20.059
46025,2018-10-14,3.573,1.042,13.746,189.024,1010.394,18.295,20.497
46025,2018-10-21,4.402,0.896,14.861,196.095,1015.275,20.206,19.835
46025,2018-10-28,2.612,0.965,15.132,203.018,1014.013,18.26,19.886
46025,2018-11-04,2.85,1.1,12.464,221.749,1014.933,19.278,19.59
46025,2018-11-11,3.273,0.819,11.776,186.149,1014.035,18.796,19.755
46025,2018-11-18,2.855,0.788,13.774,192.307,1019.746,18.793,19.015
46025,2018-11-25,4.694,1.139,11.089,230.708,1017.146,17.762,18.852
46025,2018-12-02,6.841,1.769,12.28,258.311,1014.45,17.039,18.199
46025,2018-12-09,5.396,1.067,11.883,201.03,1017.308,15.676,16.918
46025,2018-12-16,3.438,1.271,12.638,241.158,1018.99,16.346,16.869
46025,2018-12-23,2.634,1.536,14.81,243.596,1019.293,16.008,16.892
46025,2018-12-30,6.381,1.542,10.692,237.03,1016.754,15.254,16.378
46025,2019-01-06,4.883,1.114,12.087,209.711,1016.951,14.286,15.748
46025,2019-01-13,3.998,1.824,12.546,244.554,1018.99,14.403,15.697
46025,2019-01-20,5.189,1.839,12.558,235.627,1019.184,15.318,15.671
46025,2019-01-27,4.93,1.072,11.527,248.542,1020.924,16.143,15.614
46025,2019-02-03,4.283,1.218,12.146,227.964,1012.828,15.011,15.592
46025,2019-02-10,6.015,1.34,11.588,250.898,1016.663,12.858,15.09
46025,2019-02-17,7.137,1.691,10.722,228.857,1016.873,13.147,14.43
46025,2019-02-24,6.009,1.266,8.994,242.762,1016.448,12.046,13.901
46025,2019-03-03,3.323,0.836,10.832,233.802,1018.355,13.632,13.976
46025,2019-03-10,5.033,1.121,9.06,232.655,1016.087,13.207,14.108
46025,2019-03-17,5.194,1.204,12.012,242.335,1015.05,14.542,13.851
46025,2019-03-24,3.658,1.374,14.563,231.725,1018.13,13.908,14.485
46025,2019-03-31,4.297,1.421,11.672,242.473,1018.806,15.017,15.321
46025,2019-04-07,3.364,1.004,14.107,214.738,1016.614,15.223,15.882
46025,2019-04-14,6.091,1.644,8.864,245.125,1015.028,15.462,15.147
46025,2019-04-21,3.452,1.005,12.498,211.012,1015.736,13.856,15.085
46025,2019-04-28,2.688,0.808,11.551,207.321,1014.761,14.295,15.45
46025,2019-05-05,3.374,0.76,14.413,177.042,1013.547,14.887,15.748
46025,2019-05-12,3.486,0.849,14.573,185.09,1013.159,15.62,16.803
46025,2019-05-19,5.377,1.3,13.89,200.012,1014.3,15.221,16.724
46025,2019-05-26,6.463,1.542,10.976,221.649,1012.073,14.223,15.199
46025,2019-06-02,3.111,0.909,14.416,198.304,1012.871,14.295,14.893
46025,2019-06-09,2.258,0.823,13.916,192.281,1013.526,15.447,16.383
46025,2019-06-16,2.975,0.843,13.202,194.923,1014.316,16.405,17.936
46025,2019-06-23,2.837,0.734,16.276,210.84,1013.858,16.844,18.304
46025,2019-06-30,2.834,0.722,12.463,186.756,1014.772,17.47,19.26
46025,2019-07-07,3.074,1.118,13.575,217.144,1014.353,17.448,18.684
46025,2019-07-14,2.808,1.032,13.863,215.144,1014.663,17.134,18.304
46025,2019-07-21,2.984,0.932,15.318,206.605,1013.315,17.718,19.693
46025,2019-07-28,2.997,0.898,13.463,187.321,1014.452,19.391,21.393
46025,2019-08-04,2.606,0.937,10.221,213.036,1013.788,18.708,20.81
46025,2019-08-11,2.918,1.023,11.385,214.293,1013.481,18.402,20.892
46025,2019-08-18,2.829,0.779,13.791,196.964,1014.011,16.671,20.765
46025,2019-08-25,3.305,0.904,13.115,218.387,1012.018,19.378,20.673
46025,2019-09-01,2.613,0.836,11.478,194.661,1012.656,20.395,22.336
46025,2019-09-08,2.946,1.025,11.551,189.808,1013.14,21.269,22.466
46025,2019-09-15,2.62,0.974,14.554,198.623,1012.632,19.894,20.651
46025,2019-09-22,2.719,0.853,10.982,211.683,1011.966,19.98,21.519
46025,2019-09-29,4.008,0.974,14.162,203.762,1011.671,19.277,21.144
46025,2019-10-06,2.85,0.976,13.127,207.431,1013.695,18.697,20.591
46025,2019-10-13,2.795,0.744,12.739,188.512,1012.049,18.439,19.62
46025,2019-10-20,3.821,0.99,12.346,233.072,1012.347,18.234,19.043
46025,2019-10-27,2.24,0.763,14.136,195.88,1012.901,20.637,19.395
46025,2019-11-03,4.164,0.789,12.848,177.792,1016.348,17.895,18.11
46025,2019-11-10,3.211,0.743,10.75,236.226,1016.154,17.007,18.096
46025,2019-11-17,2.876,0.918,13.127,227.298,1016.849,16.648,18.335
46025,2019-11-24,3.689,1.262,12.825,241.065,1012.457,17.317,17.955
46025,2019-12-01,4.889,1.218,10.52,234.5,1011.48,14.363,16.845
46025,2019-12-08,3.078,1.322,11.481,232.375,1018.347,15.847,16.441
46025,2019-12-15,4.727,1.462,12.115,247.798,1019.426,15.597,16.523
46025,2019-12-22,4.02,1.109,12.505,252.125,1019.974,15.452,15.722
46025,2019-12-29,5.523,1.36,10.155,244.417,1013.667,13.305,15.238
46025,2020-01-05,3.638,1.187,13.73,229.768,1019.449,15.453,15.727
46025,2020-01-12,4.004,1.201,9.255,258.399,1019.794,15.21,15.663
46025,2020-01-19,2.538,1.01,11.437,254.143,1019.47,14.282,15.677
46025,2020-01-26,2.423,1.356,14.448,261.304,1019.184,14.462,15.55
46025,2020-02-02,4.475,1.572,13.003,261.62,1020.178,16.181,15.751
46025,2020-02-09,4.684,1.13,10.969,222.363,1017.368,13.501,15.116
46025,2020-02-16,3.291,0.834,13.499,214.301,1017.279,14.61,15.14
46025,2020-02-23,2.637,0.822,12.855,242.713,1017.327,14.849,15.611
46025,2020-03-01,2.888,0.965,13.308,233.766,1020.545,16.005,15.937
46025,2020-03-08,4.156,0.941,12.776,240.446,1016.463,14.21,15.538
46025,2020-03-15,3.693,0.947,12.758,195.083,1016.049,14.704,15.575
46025,2020-03-22,4.467,0.938,13.226,204.911,1017.333,13.679,15.434
46025,2020-03-29,6.172,1.198,10.238,245.66,1019.286,13.798,15.413
46025,2020-04-05,3.327,1.018,12.365,217.905,1015.139,14.796,15.704
46025,2020-04-12,4.486,1.067,12.186,214.208,1016.05,13.414,15.441
46025,2020-04-19,3.591,0.8,13.677,212.851,1017.559,14.941,15.83
46025,2020-04-26,3.17,1.086,12.126,249.798,1015.987,16.525,16.68
46025,2020-05-03,2.551,1.027,11.515,224.482,1014.955,16.541,17.317
46025,2020-05-10,2.529,1.111,10.203,248.814,1013.091,16.895,17.65
46025,2020-05-17,4.137,1.321,11.549,227.72,1014.231,16.49,17.814
46025,2020-05-24,4.459,1.216,11.877,226.75,1014.058,16.129,17.831
46025,2020-05-31,3.085,0.797,15.737,205.786,1013.741,15.532,18.025
46025,2020-06-07,3.993,1.066,13.541,213.988,1012.296,16.974,17.566
46025,2020-06-14,3.905,1.099,11.96,221.673,1014.76,17.575,18.405
46025,2020-06-21,3.084,0.898,11.995,230.446,1013.95,17.059,18.932
46025,2020-06-28,2.367,0.756,13.853,194.096,1012.262,16.941,19.313
46025,2020-07-05,2.987,0.967,16.27,192.649,1013.182,17.701,20.138
46025,2020-07-12,2.591,0.938,12.822,184.517,1012.476,19.1,21.216
46025,2020-07-19,3.558,0.825,9.414,222.167,1013.867,18.401,21.513
46025,2020-07-26,3.087,0.915,9.863,232.839,1012.759,17.262,19.186
46025,2020-08-02,3.5,0.88,8.382,239.66,1012.978,17.282,19.707
46025,2020-08-09,3.102,0.933,7.344,251.359,1013.964,17.788,20.227
46025,2020-08-16,3.803,0.738,13.096,191.898,1011.946,18.956,20.731
46025,2020-08-23,2.567,0.801,14.024,186.702,1010.389,21.01,21.495
46025,2020-08-30,4.111,1.079,9.558,226.917,1009.851,19.275,21.515
46025,2020-09-06,3.339,0.877,11.341,211.006,1012.468,19.32,20.647
46025,2020-09-13,3.952,0.927,13.885,203.601,1010.722,19.111,19.932
46025,2020-09-20,3.715,0.944,11.216,212.518,1012.933,19.287,20.692
46025,2020-09-27,2.483,0.789,14.211,207.375,1013.611,18.932,20.545
46025,2020-10-04,2.757,0.875,14.902,205.56,1012.192,20.526,21.644
46025,2020-10-11,2.943,0.885,11.812,217.144,1014.013,19.074,21.436
46025,2020-10-18,2.286,0.77,12.668,204.935,1013.646,20.627,21.279
46025,2020-10-25,2.653,0.759,14.064,189.104,1012.857,18.482,21.306
46025,2020-11-01,3.921,0.711,12.498,204.187,1016.178,18.193,19.27
46025,2020-11-08,5.079,1.22,12.044,232.235,1012.545,16.717,19.014
46025,2020-11-15,3.429,1.021,10.993,221.14,1018.049,14.582,15.867
46025,2020-11-22,2.582,0.916,12.22,237.642,1017.342,15.368,15.316
46025,2020-11-29,2.879,0.822,10.914,245.389,1017.663,15.204,15.407
46025,2020-12-06,3.227,0.846,15.672,234.024,1020.44,15.653,15.969
46025,2020-12-13,3.704,1.263,13.061,264.774,1017.585,15.762,16.498
46025,2020-12-20,4.614,1.208,12.164,265.583,1020.342,15.191,15.666
46025,2020-12-27,3.326,0.892,14.403,241.464,1018.728,14.948,15.298
46025,2021-01-03,5.564,1.675,13.434,263.331,1018.788,14.003,14.638
46025,2021-01-10,3.105,1.569,14.457,260.69,1019.694,14.399,14.664
46025,2021-01-17,2.576,1.346,14.248,260.524,1019.924,16.011,
46025,2021-01-24,4.35,1.273,14.095,249.946,1012.559,14.67,15.093
46025,2021-01-31,6.964,1.774,9.448,250.369,1015.929,12.317,13.977
46025,2021-02-07,3.595,0.922,11.784,251.744,1017.656,13.696,14.176
46025,2021-02-14,3.957,1.13,10.582,264.994,1015.205,13.136,14.27
46025,2021-02-21,5.221,1.584,10.599,252.53,1020.009,13.751,13.385
46025,2021-02-28,3.647,1.032,10.628,234.679,1017.594,14.267,
46025,2021-03-07,4.445,1.087,12.963,236.759,1017.52,13.655,14.589
46025,2021-03-14,5.505,1.536,10.419,257.415,1020.402,13.512,
46025,2021-03-21,5.181,1.447,11.491,249.743,1019.1,12.503,13.426
46025,2021-03-28,5.092,1.372,9.11,258.107,1016.672,12.974,12.731
46025,2021-04-04,2.914,0.919,13.528,220.189,1015.972,14.031,14.72
46025,2021-04-11,3.183,1.369,8.064,255.649,1014.431,14.602,15.704
46025,2021-04-18,3.632,1.12,11.451,239.443,1014.0,14.013,15.956
46025,2021-04-25,3.299,1.156,13.126,221.321,1014.82,14.287,16.475
46025,2021-05-02,4.125,1.174,11.808,220.262,1015.217,15.013,16.118
46025,2021-05-09,2.993,1.13,12.462,225.08,1013.806,15.052,17.074
46025,2021-05-16,3.407,0.904,13.523,213.012,1014.597,15.071,17.578
46025,2021-05-23,4.824,1.451,13.033,215.387,1015.007,15.262,17.517
46025,2021-05-30,3.034,1.183,12.978,210.054,1014.893,15.432,16.769
46025,2021-06-06,2.451,0.997,14.403,202.137,1013.622,14.958,16.972
46025,2021-06-13,3.821,1.233,9.405,244.756,1014.6,16.481,17.582
46025,2021-06-20,2.778,1.063,11.519,218.994,1010.156,17.105,18.057
46025,2021-06-27,3.564,1.178,14.013,203.461,1012.709,16.965,18.318
46025,2021-07-04,2.819,1.128,11.288,227.351,1011.126,17.762,19.063
46025,2021-07-11,2.895,1.053,15.268,192.126,1012.392,18.159,19.715
46025,2021-07-18,2.366,0.938,15.252,180.625,1013.565,18.908,20.743
46025,2021-07-25,2.75,0.904,13.503,197.241,1014.633,18.94,20.62
46025,2021-08-01,3.735,0.9,10.805,220.679,1014.777,18.135,20.106
46025,2021-08-08,3.022,1.16,11.107,218.0,1013.292,18.494,20.191
46025,2021-08-15,2.673,0.852,13.807,186.143,1014.508,19.049,21.188
46025,2021-08-22,2.61,1.045,14.597,190.357,1010.612,19.824,21.71
46025,2021-08-29,3.1,0.775,12.544,214.708,1010.32,18.749,20.028
46025,2021-09-05,3.579,0.843,10.156,202.857,1010.743,18.397,19.997
46025,2021-09-12,3.348,0.863,13.613,198.083,1012.583,18.959,20.18
46025,2021-09-19,2.767,1.069,15.816,189.595,1013.623,16.86,19.359
46025,2021-09-26,3.248,0.972,12.286,233.851,1014.825,17.798,19.424
46025,2021-10-03,2.75,1.033,14.113,195.131,1013.768,18.269,19.11
46025,2021-10-10,3.065,0.876,12.719,208.095,1015.428,18.062,18.985
46025,2021-10-17,4.111,1.216,13.231,216.655,1013.445,17.099,17.086
46025,2021-10-24,3.369,1.222,11.627,243.813,1015.566,16.11,17.342
46025,2021-10-31,3.485,1.285,13.894,237.667,1015.255,16.652,17.277
46025,2021-11-07,2.3,1.211,12.573,244.479,1017.309,14.964,16.557
46025,2021-11-14,2.757,1.004,13.908,212.792,1018.244,17.144,16.403
46025,2021-11-21,2.084,0.799,13.863,193.304,1017.718,15.055,16.116
46025,2021-11-28,3.362,0.752,11.677,211.119,1018.347,16.719,15.789
46025,2021-12-05,2.485,0.876,12.049,249.298,1018.703,13.781,16.453
46025,2021-12-12,3.947,1.119,7.841,255.786,1016.87,,16.039
46025,2021-12-19,4.77,0.978,11.857,237.536,1018.969,13.604,14.104
46025,2021-12-26,4.15,1.137,10.204,240.601,1016.68,13.14,13.888
46025,2022-01-02,6.195,1.375,7.558,237.518,1013.661,12.789,13.676
46025,2022-01-09,2.275,0.995,11.607,252.024,1018.684,13.152,13.606
46025,2022-01-16,2.585,1.254,13.953,259.613,1021.635,15.247,14.361
46025,2022-01-23,3.429,1.056,11.823,233.006,1018.808,15.344,14.731
46025,2022-01-30,2.997,1.086,14.337,260.726,1019.185,14.627,14.616
46025,2022-02-06,3.053,0.835,13.075,228.192,1019.499,14.692,14.522
46025,2022-02-13,3.295,0.887,14.214,249.066,1019.089,16.742,14.641
46025,2022-02-20,4.724,1.146,12.502,254.179,1017.598,14.225,14.769
46025,2022-02-27,5.457,1.12,10.99,253.935,1019.598,12.663,14.282
46025,2022-03-06,4.841,1.479,12.767,262.887,1016.947,14.419,14.663
46025,2022-03-13,3.899,0.949,9.68,251.77,1019.651,14.322,14.671
46025,2022-03-20,4.59,1.44,12.045,254.887,1017.473,14.781,14.966
46025,2022-03-27,3.272,1.127,12.311,249.494,1016.034,14.281,15.664
46025,2022-04-03,3.805,1.424,11.314,244.82,1013.559,13.955,15.779
46025,2022-04-10,3.038,1.293,11.861,246.458,1012.788,16.715,17.104
46025,2022-04-17,5.686,1.504,7.874,257.801,1016.216,14.3,16.351
46025,2022-04-24,5.079,1.479,10.21,255.893,1015.902,14.782,15.393
46025,2022-05-01,3.025,1.336,11.376,253.054,1013.486,14.801,15.414
46025,2022-05-08,3.138,1.369,12.708,243.982,1013.479,15.023,16.22
46025,2022-05-15,5.508,1.602,7.138,264.571,1015.984,15.046,16.127
46025,2022-05-22,2.894,1.173,12.508,216.152,1013.416,14.887,16.167
46025,2022-05-29,2.773,0.93,14.008,194.161,1012.991,15.394,16.976
46025,2022-06-05,3.203,1.236,14.845,220.631,1010.787,16.315,17.621
46025,2022-06-12,2.937,1.043,9.525,248.12,1010.972,16.879,18.866
46025,2022-06-19,3.566,1.123,10.216,234.696,1010.954,17.247,18.381
46025,2022-06-26,3.476,0.982,13.261,232.419,1012.476,16.423,18.821
46025,2022-07-03,2.953,1.021,12.255,203.637,1014.88,17.052,19.24
46025,2022-07-10,3.208,0.967,7.448,241.0,1015.098,17.827,20.125
46025,2022-07-17,2.557,0.992,14.23,201.533,1013.153,17.157,19.843
46025,2022-07-24,2.635,1.133,15.29,196.673,1013.571,17.748,19.543
46025,2022-07-31,2.548,0.777,13.742,204.5,1013.428,18.238,20.156
46025,2022-08-07,3.601,1.188,11.018,206.012,1013.869,19.571,21.398
46025,2022-08-14,3.018,1.0,9.107,232.09,1013.989,19.681,20.924
46025,2022-08-21,2.83,0.89,13.0,193.55,1011.776,18.347,21.269
46025,2022-08-28,2.842,0.927,14.403,194.327,1012.642,19.068,21.932
46025,2022-09-04,3.901,1.049,10.903,224.241,1010.449,20.569,22.255
46025,2022-09-11,3.31,1.26,12.595,180.497,1009.015,22.914,22.922
46025,2022-09-18,2.728,1.129,12.49,201.808,1012.087,21.029,23.057
46025,2022-09-25,3.717,0.909,14.598,199.401,1013.543,20.574,22.048
46025,2022-10-02,3.29,0.959,13.032,205.003,1012.668,19.979,22.126
46025,2022-10-09,2.225,0.895,13.911,194.735,1015.738,18.836,20.614
46025,2022-10-16,2.931,0.773,14.801,191.287,1014.886,18.422,21.15
46025,2022-10-23,3.145,0.893,13.819,220.914,1013.442,19.215,20.614
46025,2022-10-30,3.279,0.958,10.446,233.036,1017.498,17.826,18.899
46025,2022-11-06,4.618,1.273,9.649,251.395,1016.521,15.941,17.467
46025,2022-11-13,4.313,1.026,10.414,232.389,1016.36,14.971,16.213
46025,2022-11-20,3.445,0.856,13.01,224.866,1019.639,16.233,16.173
46025,2022-11-27,2.116,0.872,14.889,211.027,1019.852,16.334,16.682
46025,2022-12-04,3.362,0.841,12.211,222.29,1016.91,14.747,16.483
46025,2022-12-11,4.366,0.981,11.365,253.622,1019.768,14.269,16.207
46025,2022-12-18,3.19,1.078,12.799,253.018,1017.647,13.593,15.262
46025,2022-12-25,2.637,0.837,13.564,235.896,1021.376,14.615,15.062
46025,2023-01-01,3.667,1.807,12.571,258.967,1015.673,14.47,15.076
46025,2023-01-08,5.458,2.34,13.702,261.982,1018.512,13.781,14.715
46025,2023-01-15,4.376,2.383,14.441,262.491,1018.513,14.376,14.596
46025,2023-01-22,5.385,1.796,12.869,258.708,1017.994,13.029,14.043
46025,2023-01-29,4.553,1.144,15.356,237.667,1020.569,13.752,13.882
46025,2023-02-05,4.782,1.043,13.048,224.518,1020.469,13.654,14.306
46025,2023-02-12,4.693,1.356,12.059,253.077,1020.311,14.016,14.303
46025,2023-02-19,4.812,1.256,12.168,244.548,1017.228,12.82,13.941
46025,2023-02-26,6.506,1.792,9.018,234.83,1014.249,11.215,12.923
46025,2023-03-05,4.955,1.267,9.924,256.15,1016.853,11.53,12.781
46025,2023-03-12,3.679,1.137,10.928,244.476,1019.897,12.193,13.384
46025,2023-03-19,3.522,1.127,11.678,234.946,1017.126,12.792,13.516
46025,2023-03-26,7.074,1.895,8.054,248.896,1017.524,12.442,13.391
46025,2023-04-02,4.361,1.082,7.924,255.737,1018.67,12.708,14.02
46025,2023-04-09,5.4,1.229,7.388,262.114,1018.426,12.347,13.705
46025,2023-04-16,2.438,1.048,11.093,235.771,1015.681,12.285,14.182
46025,2023-04-23,3.01,1.118,7.957,256.397,1015.797,14.29,14.866
46025,2023-04-30,2.548,0.943,13.415,216.212,1014.384,12.857,14.915
46025,2023-05-07,3.925,1.066,12.182,227.656,1015.133,13.582,15.458
46025,2023-05-14,3.415,1.129,12.573,211.052,1015.429,14.533,16.428
46025,2023-05-21,2.5,1.12,14.448,191.244,1016.282,14.43,16.683
46025,2023-05-28,3.056,0.866,15.221,200.497,1014.35,15.072,16.932
46025,2023-06-04,3.294,0.861,14.882,195.528,1014.398,15.637,17.47
46025,2023-06-11,2.997,0.857,14.527,188.601,1014.36,15.805,17.494
46025,2023-06-18,3.171,0.754,14.509,186.323,1015.316,16.134,17.516
46025,2023-06-25,3.5,1.072,8.624,239.087,1015.847,16.309,17.956
46025,2023-07-02,2.98,0.971,10.409,217.515,1013.171,15.305,17.709
46025,2023-07-09,2.733,1.032,14.022,194.908,1012.975,15.626,17.586
46025,2023-07-16,2.662,0.863,13.001,193.036,1013.461,17.029,19.416
46025,2023-07-23,2.583,0.729,9.849,216.762,1013.645,18.003,20.25
46025,2023-07-30,2.491,0.76,12.155,208.43,1013.785,19.158,20.211
46025,2023-08-06,3.095,1.077,9.095,232.28,1014.117,19.157,20.449
46025,2023-08-13,2.635,0.907,13.316,186.56,1015.49,18.265,20.955
46025,2023-08-20,3.917,0.913,12.935,209.096,1011.653,18.659,20.867
46025,2023-08-27,3.679,0.898,13.025,196.443,1013.416,19.062,19.965
46025,2023-09-03,2.4,0.917,13.525,191.269,1011.878,20.113,21.007
46025,2023-09-10,3.508,1.052,15.193,178.205,1014.203,19.664,20.32
46025,2023-09-17,2.991,0.961,12.497,194.265,1014.193,19.006,20.403
46025,2023-09-24,3.004,0.745,14.002,192.128,1014.647,18.578,19.93
46025,2023-10-01,3.476,1.085,8.115,248.746,1013.13,18.338,19.394
46025,2023-10-08,2.785,0.792,12.279,188.387,1013.17,18.25,18.705
46025,2023-10-15,3.79,1.283,11.05,230.065,1010.888,18.34,19.319
46025,2023-10-22,3.471,1.414,14.151,236.908,1012.763,18.771,20.6
46025,2023-10-29,4.479,1.243,9.786,230.734,1013.581,18.139,19.967
46025,2023-11-05,3.037,0.763,13.326,209.226,1017.028,18.847,19.025
46025,2023-11-12,4.285,1.133,10.021,234.084,1016.534,18.058,18.262
46025,2023-11-19,3.852,1.099,12.16,212.639,1015.936,17.053,17.994
46025,2023-11-26,3.35,0.89,12.667,206.173,1017.12,17.75,17.963
46025,2023-12-03,3.926,1.173,11.691,250.438,1018.129,16.459,17.409
46025,2023-12-10,3.516,1.186,13.05,241.376,1019.515,16.996,17.479
46025,2023-12-17,2.754,0.824,12.682,244.824,1016.886,16.573,17.213
46025,2023-12-24,4.289,1.349,10.861,247.221,1014.254,16.104,16.583
46025,2023-12-31,3.195,2.201,15.255,259.045,1020.593,15.312,16.638
46025,2024-01-07,5.726,1.766,11.878,261.134,1019.686,15.025,16.21
46025,2024-01-14,4.604,1.415,10.049,261.69,1019.541,13.646,15.184
46025,2024-01-21,2.597,1.16,12.871,250.274,1016.57,14.202,15.237
46025,2024-01-28,3.856,1.662,12.503,259.488,1017.812,15.389,15.624
46025,2024-02-04,5.52,1.859,12.167,248.095,1014.964,14.887,15.989
46025,2024-02-11,6.346,1.859,9.517,253.655,1014.166,13.419,15.237
46025,2024-02-18,2.982,1.048,14.027,250.914,1019.631,13.962,15.167
46025,2024-02-25,3.928,1.757,13.294,257.218,1018.943,14.683,15.31
46025,2024-03-03,3.807,0.96,12.83,227.759,1018.043,14.258,15.494
46025,2024-03-10,4.536,1.184,11.052,239.818,1017.299,14.004,15.159
46025,2024-03-17,4.362,1.334,12.533,239.907,1015.778,14.461,14.85
46025,2024-03-24,4.226,1.124,13.679,243.601,1016.234,14.189,15.407
46025,2024-03-31,5.704,1.518,11.29,256.481,1014.155,13.21,13.853
46025,2024-04-07,4.337,1.2,9.075,251.149,1018.493,12.992,14.033
46025,2024-04-14,3.918,0.997,11.167,230.451,1016.095,13.378,13.873
46025,2024-04-21,2.335,0.909,13.51,214.482,1016.787,13.589,14.944
46025,2024-04-28,4.892,1.225,10.804,228.327,1015.919,13.978,15.113
46025,2024-05-05,3.71,1.173,8.701,259.946,1012.532,14.531,15.563
46025,2024-05-12,3.237,1.083,12.739,229.354,1014.081,14.196,15.832
46025,2024-05-19,2.916,0.817,15.009,210.424,1015.122,14.123,15.907
46025,2024-05-26,3.094,1.01,13.578,216.738,1015.294,14.164,16.219
46025,2024-06-02,2.647,0.911,10.549,238.664,1015.56,14.251,16.308
46025,2024-06-09,2.107,0.949,13.598,216.896,1012.829,15.637,16.817
46025,2024-06-16,2.575,1.152,12.657,223.098,1013.073,15.71,17.35
46025,2024-06-23,2.987,1.023,11.3,228.075,1009.406,,18.089
46025,2024-06-30,2.79,0.941,12.919,205.628,1012.715,,18.594
46025,2024-07-07,2.657,0.928,13.209,208.376,1012.012,,18.998
46025,2024-07-14,2.444,0.863,13.01,183.293,1012.545,,19.627
46025,2024-07-21,3.104,1.029,14.043,211.696,1014.877,,20.251
46025,2024-07-28,3.089,1.06,10.407,222.278,1013.699,,21.124
46025,2024-08-04,2.695,1.001,12.023,210.789,1014.612,,19.319
46025,2024-08-11,2.377,,,,1013.242,,
46025,2024-08-18,2.673,,,,1013.463,,
46025,2024-08-25,3.327,,,,1014.708,,
46025,2024-09-01,2.396,,,,1015.522,,
46025,2024-09-08,3.634,,,,1011.086,,
46025,2024-09-15,3.596,,,,1009.89,,
46025,2024-09-22,3.656,,,,1012.678,,
46025,2024-09-29,2.983,,,,1010.885,,
46025,2024-11-10,2.686,1.233,14.13,262.667,1015.4,16.071,16.957
46025,2024-11-17,5.874,1.425,11.607,261.776,1015.559,15.249,16.224
46025,2024-11-24,3.61,0.992,10.19,261.089,1018.056,13.975,15.117
46025,2024-12-01,2.119,0.766,14.196,202.226,1018.431,14.737,15.192
46025,2024-12-08,2.294,0.955,14.439,253.69,1019.573,13.995,15.573
46025,2024-12-15,3.479,1.198,13.118,253.313,1020.559,14.151,15.081
46025,2024-12-22,2.782,1.221,12.196,257.221,1020.234,14.361,15.018
46025,2024-12-29,3.629,2.117,15.557,259.818,1019.036,13.975,15.02
46025,2025-01-05,2.183,1.318,13.207,252.705,1018.698,13.636,15.109
46025,2025-01-12,5.186,1.382,13.193,229.092,1018.922,15.472,14.593
46025,2025-01-19,2.981,0.794,14.479,240.24,1022.785,13.76,14.428
46025,2025-01-26,2.775,0.826,14.571,253.641,1020.79,14.273,14.444
46025,2025-02-02,2.724,0.776,9.699,234.233,1020.773,12.622,14.126
46025,2025-02-09,4.224,1.234,11.187,247.152,1017.419,13.086,13.98
46025,2025-02-16,5.62,1.563,9.626,255.438,1017.272,12.925,13.923
46025,2025-02-23,2.63,1.266,12.379,260.43,1018.297,13.094,13.568
46025,2025-03-02,3.278,1.569,13.648,256.659,1016.558,13.49,14.456
46025,2025-03-09,6.349,1.558,10.095,257.152,1018.799,11.98,13.002
46025,2025-03-16,5.101,1.501,10.755,248.329,1015.443,12.04,12.626
46025,2025-03-23,3.595,1.306,10.382,259.961,1019.921,13.11,13.556
46025,2025-03-30,3.719,1.221,14.201,239.128,1016.918,13.228,14.577
46025,2025-04-06,6.5,1.417,9.223,245.78,1017.339,13.262,13.969
46025,2025-04-13,2.073,1.297,13.923,240.422,1017.287,13.789,13.992
46025,2025-04-20,2.996,0.812,13.886,208.913,1016.862,13.233,13.959
46025,2025-04-27,3.753,0.85,15.126,207.758,1015.516,13.197,15.133
46025,2025-05-04,3.287,1.083,13.922,208.857,1015.356,13.606,15.274
46025,2025-05-11,2.822,1.113,13.484,220.326,1014.153,15.152,16.441
46025,2025-05-18,4.313,1.279,8.992,244.884,1014.851,15.079,17.179
46025,2025-05-25,2.817,1.097,11.613,221.467,1014.12,16.335,18.036
46025,2025-06-01,3.018,1.028,13.68,205.352,1014.865,15.645,17.907
46025,2025-06-08,3.618,0.931,14.702,193.782,1014.316,15.658,18.365
46025,2025-06-15,2.673,0.989,15.153,206.357,1012.903,16.232,17.889
46025,2025-06-22,3.026,1.206,10.633,231.201,1011.01,17.641,19.426
46025,2025-06-29,3.195,0.916,11.71,218.577,1014.481,15.919,18.92
46025,2025-07-06,3.282,0.943,14.397,196.119,1013.89,16.994,20.233
46025,2025-07-13,3.261,1.024,10.855,224.728,1015.321,17.075,19.03
46025,2025-07-20,2.908,0.913,15.176,183.427,1014.768,17.02,19.211
46025,2025-07-27,3.78,0.902,12.442,205.668,1016.264,17.487,20.362
46025,2025-08-03,2.69,0.875,8.929,237.617,1017.015,17.25,19.52
46025,2025-08-10,2.844,1.027,14.006,196.539,1014.062,18.064,20.083
46025,2025-08-17,2.886,1.053,14.263,202.245,1014.171,17.782,19.554
46025,2025-08-24,2.287,0.786,13.815,198.515,1012.72,19.05,19.462
46025,2025-08-31,2.33,0.832,14.156,194.193,1014.398,18.83,19.394
46025,2025-09-07,3.237,0.951,13.829,192.779,1013.077,18.993,20.263
46025,2025-09-14,3.41,0.993,11.112,221.587,1013.53,19.496,21.016
46025,2025-09-21,3.046,0.807,13.348,201.58,1012.471,18.934,19.953
46025,2025-09-28,2.548,0.802,12.185,200.675,1012.754,18.756,20.202
46025,2025-10-05,3.833,1.176,10.167,217.815,1014.409,19.231,20.509
46025,2025-10-12,3.184,0.886,11.528,221.134,1010.719,18.61,20.258
46025,2025-10-19,3.346,1.032,11.524,221.015,1012.655,18.077,19.741
46025,2025-10-26,3.394,0.959,13.014,237.561,1016.526,17.825,19.818
46025,2025-11-02,2.168,1.037,12.433,233.586,1015.359,17.746,18.955
46025,2025-11-09,2.287,1.172,13.143,241.756,1017.572,16.738,18.695
46025,2025-11-16,4.062,1.149,13.208,213.815,1016.12,16.451,18.116
46025,2025-11-23,4.347,1.087,10.736,219.152,1014.607,15.607,17.365
46025,2025-11-30,2.067,0.785,13.925,218.174,1017.644,16.236,17.209
46025,2025-12-07,2.79,0.988,13.6,237.295,1017.94,16.143,17.11
46025,2025-12-14,2.494,0.812,12.689,231.095,1017.449,15.822,16.606
46025,2025-12-21,2.622,0.959,10.082,251.509,1017.402,16.006,17.445
46025,2025-12-28,5.653,1.512,8.982,235.077,1016.32,15.699,16.781
46025,2026-01-04,4.862,0.667,7.703,185.16,1018.547,17.658,16.465
46025,2026-03-08,6.336,0.886,9.896,200.954,1015.265,17.688,15.727
46025,2026-03-15,3.161,0.872,13.943,198.082,1016.533,16.0,16.626
46025,2026-03-22,2.648,0.803,13.964,200.619,1014.465,17.063,17.705
46025,2026-03-29,2.886,0.816,13.787,210.295,1014.632,15.06,16.852
46025,2026-04-05,3.333,0.773,11.562,209.137,1015.256,16.347,17.307
46025,2026-04-12,3.206,1.044,14.3,194.406,1014.632,16.47,17.848
46025,2026-04-19,3.671,1.011,12.882,213.242,1015.253,15.978,16.974
46025,2026-04-26,2.599,0.628,13.783,204.559,1014.778,15.796,17.306
46026,2017-01-01,9.017,2.386,10.023,297.083,1014.083,10.179,10.767
46026,2017-01-08,8.388,2.1,10.454,234.898,1014.921,10.162,10.988
46026,2017-01-15,5.645,2.249,12.07,262.683,1016.327,10.986,11.696
46026,2017-01-22,7.467,3.599,14.418,267.248,1010.717,10.855,11.573
46026,2017-01-29,4.755,2.93,14.277,278.386,1024.84,10.674,11.22
46026,2017-02-05,6.754,2.081,11.266,251.792,1016.723,12.285,11.83
46026,2017-02-12,7.1,2.401,9.674,249.702,1015.705,12.674,12.455
46026,2017-02-19,6.588,2.403,13.339,267.113,1010.781,12.253,12.692
46026,2017-02-26,7.214,2.406,12.398,268.329,1019.913,10.627,12.075
46026,2017-03-05,6.951,1.686,12.523,281.0,1019.866,10.643,12.001
46026,2017-03-12,5.784,1.689,12.45,272.641,1023.31,11.595,12.278
46026,2017-03-19,3.699,1.265,10.6,277.143,1018.903,12.402,12.931
46026,2017-03-26,6.627,2.108,11.235,257.179,1018.219,12.411,12.799
46026,2017-04-02,9.466,2.806,12.779,280.886,1019.573,11.818,11.834
46026,2017-04-09,6.447,2.635,12.985,270.659,1015.547,10.899,11.157
46026,2017-04-16,6.068,2.103,11.689,273.311,1017.772,11.582,12.074
46026,2017-04-23,4.907,1.84,12.629,248.851,1019.713,12.713,13.133
46026,2017-04-30,7.496,2.011,9.693,283.762,1018.526,11.678,11.401
46026,2017-05-07,8.92,2.375,9.815,288.784,1013.377,10.831,10.862
46026,2017-05-14,6.517,2.057,10.895,291.293,1016.596,10.912,11.062
46026,2017-05-21,6.824,1.951,8.806,291.22,1015.054,10.655,10.445
46026,2017-05-28,3.814,1.283,11.113,278.449,1014.51,11.33,12.389
46026,2017-06-04,7.458,1.761,9.353,280.162,1014.687,11.439,10.751
46026,2017-06-11,6.152,1.673,9.305,284.048,1014.395,11.721,11.172
46026,2017-06-18,8.302,1.996,8.029,293.837,1015.675,11.819,10.614
46026,2017-06-25,3.962,1.722,11.715,262.72,1011.263,12.574,12.603
46026,2017-07-02,7.333,1.771,9.943,273.663,1014.665,12.569,12.645
46026,2017-07-09,5.305,1.306,9.472,266.792,1016.12,11.534,11.426
46026,2017-07-16,4.553,1.64,8.943,289.527,1014.742,12.062,12.227
46026,2017-07-23,6.681,1.846,7.564,302.467,1014.501,12.129,11.565
46026,2017-07-30,3.88,1.48,8.8,299.506,1014.698,12.78,12.862
46026,2017-08-06,2.735,0.97,13.286,194.982,1014.52,14.019,14.713
46026,2017-08-13,6.702,1.249,8.452,273.97,1014.268,14.383,14.365
46026,2017-08-20,3.031,1.466,9.954,285.679,1013.81,14.308,14.057
46026,2017-08-27,4.214,1.332,9.594,274.766,1014.261,14.481,15.6
46026,2017-09-03,5.343,1.302,8.46,288.536,1010.837,15.129,14.702
46026,2017-09-10,2.97,1.17,12.208,247.881,1013.805,16.486,16.168
46026,2017-09-17,5.028,1.394,8.467,303.405,1012.665,15.907,16.439
46026,2017-09-24,5.93,1.623,9.939,294.083,1013.744,14.808,14.632
46026,2017-10-01,5.513,1.441,8.487,292.28,1013.292,14.587,15.076
46026,2017-10-08,5.592,1.754,11.077,288.607,1013.483,12.379,13.044
46026,2017-10-15,5.817,2.032,9.671,298.339,1016.146,13.46,12.905
46026,2017-10-22,4.344,1.969,14.024,266.25,1019.543,13.124,12.972
46026,2017-10-29,4.406,2.116,14.173,271.03,1016.038,13.261,13.601
46026,2017-11-05,4.607,1.288,12.317,284.899,1014.914,12.772,13.464
46026,2017-11-12,3.904,1.561,11.309,270.768,1017.91,13.17,13.563
46026,2017-11-19,4.222,1.613,11.676,273.38,1019.147,13.308,14.028
46026,2017-11-26,4.918,1.427,11.457,278.339,1017.798,14.717,14.102
46026,2017-12-03,5.191,2.814,15.184,279.91,1019.169,13.001,13.759
46026,2017-12-10,5.567,1.493,13.726,270.232,1024.832,13.804,13.099
46026,2017-12-17,5.374,2.178,13.122,277.738,1020.026,12.903,12.261
46026,2017-12-24,4.799,1.491,12.142,285.286,1023.038,11.154,12.029
46026,2017-12-31,3.924,1.367,12.884,273.75,1021.668,11.34,11.798
46026,2018-01-07,5.166,1.644,13.053,284.21,1019.949,12.593,12.482
46026,2018-01-14,6.599,2.305,13.374,271.72,1018.124,12.035,12.67
46026,2018-01-21,5.211,3.138,15.019,276.647,1021.169,11.742,12.291
46026,2018-01-28,4.62,2.487,13.254,283.566,1024.43,11.392,12.09
46026,2018-02-04,3.636,1.392,10.338,286.994,1020.213,13.024,12.477
46026,2018-02-11,5.097,1.431,11.935,272.235,1017.906,13.14,12.927
46026,2018-02-18,6.83,1.936,10.408,287.909,1019.675,10.841,11.404
46026,2018-02-25,8.816,2.222,12.525,286.599,1023.535,8.474,10.303
46026,2018-03-04,5.92,2.369,11.132,291.845,1017.019,9.378,10.121
46026,2018-03-11,3.78,1.242,12.92,271.274,1018.627,10.411,11.046
46026,2018-03-18,5.042,1.932,11.475,290.199,1015.49,10.704,11.496
46026,2018-03-25,6.689,2.0,10.679,263.315,1016.302,11.196,11.785
46026,2018-04-01,5.779,1.625,8.508,294.518,1019.435,11.617,12.273
46026,2018-04-08,6.462,1.697,10.8,257.976,1016.258,11.72,11.924
46026,2018-04-15,6.201,2.499,12.651,277.766,1021.319,11.749,12.496
46026,2018-04-22,6.524,2.258,11.061,283.768,1019.39,10.592,11.318
46026,2018-04-29,3.402,1.609,13.314,270.292,1017.589,11.543,12.595
46026,2018-05-06,6.618,1.644,10.448,281.269,1018.165,10.748,11.204
46026,2018-05-13,6.666,1.854,9.822,285.453,1014.6,11.369,10.601
46026,2018-05-20,5.448,1.425,10.663,272.923,1017.107,12.131,11.762
46026,2018-05-27,5.265,1.808,11.196,273.982,1016.164,11.689,11.226
46026,2018-06-03,7.005,2.226,8.759,298.91,1014.178,11.633,11.065
46026,2018-06-10,8.126,2.063,9.418,292.923,1016.417,11.619,10.546
46026,2018-06-17,6.201,2.399,9.692,296.387,1010.901,11.65,10.674
46026,2018-06-24,5.869,1.607,10.34,277.202,1015.177,12.214,11.669
46026,2018-07-01,5.371,2.006,9.094,299.792,1014.546,12.612,12.461
46026,2018-07-08,5.438,1.502,9.779,277.363,1016.835,13.101,13.086
46026,2018-07-15,4.629,1.406,9.237,287.399,1016.515,13.442,12.91
46026,2018-07-22,2.898,1.209,10.05,288.411,1015.957,14.091,14.724
46026,2018-07-29,6.373,1.508,11.836,260.244,1017.443,12.866,13.193
46026,2018-08-05,7.014,1.731,7.24,304.405,1015.322,11.827,11.255
46026,2018-08-12,5.13,1.367,8.291,273.263,1015.219,12.029,11.767
46026,2018-08-19,3.448,1.301,12.342,247.156,1016.382,13.261,13.481
46026,2018-08-26,2.562,1.101,9.624,291.649,1015.829,13.717,13.713
46026,2018-09-02,4.67,1.367,8.577,301.512,1014.994,14.102,14.121
46026,2018-09-09,5.167,1.479,8.851,297.935,1014.946,13.584,14.462
46026,2018-09-16,7.091,1.676,10.665,267.845,1014.171,13.342,13.075
46026,2018-09-23,5.059,1.373,10.91,262.665,1014.141,12.741,12.617
46026,2018-09-30,2.829,1.123,11.319,261.101,1013.502,13.142,13.302
46026,2018-10-07,4.955,1.487,12.367,258.455,1013.558,15.064,14.532
46026,2018-10-14,3.952,1.806,11.465,276.304,1011.137,13.694,13.944
46026,2018-10-21,4.09,1.338,14.598,254.613,1018.716,13.483,14.595
46026,2018-10-28,4.721,1.639,12.982,264.581,1017.915,14.25,14.79
46026,2018-11-04,7.133,2.178,10.178,286.617,1020.243,13.877,13.864
46026,2018-11-11,4.942,1.681,9.974,295.125,1017.402,13.137,13.048
46026,2018-11-18,3.306,1.275,13.112,262.24,1022.001,13.031,12.793
46026,2018-11-25,4.861,1.765,11.371,271.56,1017.716,13.996,13.922
46026,2018-12-02,7.198,2.958,13.159,280.881,1015.178,13.92,14.933
46026,2018-12-09,6.729,1.852,12.663,252.868,1018.884,12.647,14.264
46026,2018-12-16,6.759,2.573,13.587,282.715,1021.113,13.468,13.946
46026,2018-12-23,3.669,3.067,15.268,286.255,1022.606,13.586,14.567
46026,2018-12-30,7.911,2.639,12.259,286.482,1021.781,12.8,13.765
46026,2019-01-06,7.501,2.344,12.279,278.082,1017.383,11.685,12.564
46026,2019-01-13,6.739,2.842,11.908,261.452,1016.45,12.673,12.731
46026,2019-01-20,6.577,3.136,13.7,261.277,1016.878,13.31,13.237
46026,2019-01-27,4.763,1.925,12.485,277.827,1025.287,12.763,13.045
46026,2019-02-03,6.116,2.133,12.934,263.518,1010.461,12.773,13.181
46026,2019-02-10,7.53,2.425,13.629,282.24,1014.975,9.855,12.824
46026,2019-02-17,8.985,3.253,12.516,255.435,1013.862,10.874,12.573
46026,2019-02-24,6.915,2.115,11.688,289.208,1019.735,10.547,12.392
46026,2019-03-03,6.847,2.18,11.597,245.476,1015.696,11.78,12.354
46026,2019-03-10,7.025,2.005,10.924,259.315,1014.329,11.106,12.416
46026,2019-03-17,6.514,2.353,14.102,283.513,1020.332,11.672,12.482
46026,2019-03-24,4.363,2.248,14.361,276.994,1018.511,12.308,13.089
46026,2019-03-31,5.609,2.048,12.442,280.347,1020.974,12.692,13.127
46026,2019-04-07,4.638,1.829,15.375,272.262,1017.58,13.404,13.913
46026,2019-04-14,8.9,2.801,10.968,289.274,1021.16,11.806,11.955
46026,2019-04-21,6.748,2.183,12.337,284.613,1017.686,11.0,11.587
46026,2019-04-28,5.308,1.792,9.106,299.56,1015.802,11.404,11.653
46026,2019-05-05,3.956,1.284,11.962,270.25,1014.47,11.778,12.728
46026,2019-05-12,3.695,1.136,12.666,251.649,1014.407,12.254,13.854
46026,2019-05-19,6.134,2.034,13.078,235.179,1014.385,12.93,13.709
46026,2019-05-26,7.397,2.75,10.797,290.732,1012.907,12.562,13.327
46026,2019-06-02,6.232,1.765,8.805,292.796,1014.497,11.229,11.83
46026,2019-06-09,7.078,2.075,8.283,302.38,1015.118,11.892,11.748
46026,2019-06-16,4.008,1.154,10.731,259.637,1014.951,13.958,13.504
46026,2019-06-23,4.213,1.893,9.784,305.354,1013.459,12.915,13.717
46026,2019-06-30,6.499,1.349,8.077,279.667,1016.509,13.612,14.135
46026,2019-07-07,6.801,1.841,8.351,290.494,1016.015,12.377,12.005
46026,2019-07-14,5.901,1.433,10.979,259.503,1016.73,12.927,12.585
46026,2019-07-21,4.027,1.502,10.352,276.101,1014.471,13.06,12.355
46026,2019-07-28,3.97,1.327,8.527,286.204,1016.176,13.132,14.192
46026,2019-08-04,6.0,1.37,7.273,299.024,1015.9,13.818,13.519
46026,2019-08-11,4.842,1.059,11.265,243.44,1015.627,14.43,14.305
46026,2019-08-18,4.512,1.482,8.075,300.149,1013.721,14.431,14.258
46026,2019-08-25,4.116,1.31,11.651,270.875,1013.903,15.081,14.917
46026,2019-09-01,3.635,0.898,11.509,251.464,1014.78,15.653,16.4
46026,2019-09-08,6.686,1.368,11.994,261.75,1016.134,15.184,15.0
46026,2019-09-15,5.417,1.48,12.247,253.512,1015.161,14.084,13.031
46026,2019-09-22,4.36,1.392,9.832,292.19,1014.91,15.279,14.915
46026,2019-09-29,5.523,1.9,10.026,294.655,1012.634,14.886,14.602
46026,2019-10-06,5.305,1.37,11.356,273.815,1017.372,12.906,12.407
46026,2019-10-13,4.261,1.295,10.634,279.054,1014.016,13.253,13.074
46026,2019-10-20,4.46,2.056,13.377,283.607,1017.407,12.836,12.911
46026,2019-10-27,5.043,1.79,10.593,291.719,1016.812,14.522,12.634
46026,2019-11-03,3.705,1.198,13.18,279.244,1018.827,13.406,12.557
46026,2019-11-10,4.019,0.946,9.805,281.863,1019.114,11.054,12.553
46026,2019-11-17,2.96,1.604,13.498,277.186,1019.211,11.939,12.73
46026,2019-11-24,5.285,2.202,12.72,284.732,1014.458,12.729,12.452
46026,2019-12-01,8.063,2.813,11.757,269.232,1010.438,10.438,11.814
46026,2019-12-08,7.278,2.278,10.426,245.801,1015.274,13.164,12.604
46026,2019-12-15,4.83,2.316,13.471,279.107,1022.616,12.492,13.275
46026,2019-12-22,6.269,2.648,12.902,275.119,1019.422,12.474,12.712
46026,2019-12-29,6.268,2.366,13.522,290.202,1015.244,11.621,13.042
46026,2020-01-05,6.785,2.635,14.437,280.464,1023.603,12.333,12.886
46026,2020-01-12,6.069,2.442,11.811,289.036,1024.885,11.562,12.392
46026,2020-01-19,5.835,2.383,12.025,288.69,1021.287,10.854,11.98
46026,2020-01-26,4.098,2.458,14.307,282.464,1021.262,12.184,12.29
46026,2020-02-02,5.94,2.69,13.109,282.988,1026.158,12.1,12.354
46026,2020-02-09,7.276,2.423,10.61,294.601,1021.754,10.603,11.492
46026,2020-02-16,4.408,1.969,13.453,291.234,1019.92,11.282,11.392
46026,2020-02-23,5.802,1.747,12.796,282.719,1019.711,11.108,11.533
46026,2020-03-01,6.604,2.186,12.262,286.202,1023.35,10.938,11.499
46026,2020-03-08,4.418,2.258,11.684,297.251,1017.474,11.063,11.372
46026,2020-03-15,4.404,1.601,10.667,272.138,1015.081,11.464,12.243
46026,2020-03-22,3.341,1.022,13.367,248.935,1017.164,11.102,12.651
46026,2020-03-29,5.362,1.453,12.706,279.692,1020.433,11.245,12.888
46026,2020-04-05,7.713,1.808,8.973,284.78,1018.099,11.327,12.238
46026,2020-04-12,4.033,1.511,12.903,252.613,1016.429,10.952,11.519
46026,2020-04-19,3.772,1.317,10.785,288.881,1018.597,12.165,12.697
46026,2020-04-26,7.793,1.825,13.163,275.28,1021.741,11.934,12.035
46026,2020-05-03,6.613,1.991,11.524,277.0,1020.225,11.643,11.124
46026,2020-05-10,5.931,1.875,10.951,282.691,1018.024,11.45,11.005
46026,2020-05-17,4.369,1.613,12.533,253.786,1016.42,12.534,12.323
46026,2020-05-24,7.326,2.217,9.254,293.892,1016.213,12.433,12.497
46026,2020-05-31,4.429,1.7,10.456,288.429,1013.498,12.122,11.981
46026,2020-06-07,6.162,1.687,9.876,287.5,1014.582,12.969,13.433
46026,2020-06-14,5.729,1.472,8.862,292.53,1019.208,12.162,11.586
46026,2020-06-21,5.96,1.861,8.423,295.186,1015.398,12.37,11.636
46026,2020-06-28,4.237,1.645,9.267,290.72,1011.921,12.541,13.429
46026,2020-07-05,4.761,2.103,10.056,292.851,1013.944,12.559,12.801
46026,2020-07-12,8.069,2.118,7.498,304.782,1014.985,12.091,11.654
46026,2020-07-19,3.563,1.432,8.659,300.762,1014.247,12.828,12.785
46026,2020-07-26,3.7,1.19,8.836,297.982,1013.766,13.172,13.95
46026,2020-08-02,5.189,1.064,9.506,271.579,1015.776,13.132,14.034
46026,2020-08-09,5.34,1.747,7.868,302.804,1014.977,12.819,12.028
46026,2020-08-16,3.129,1.288,9.669,295.232,1013.243,14.374,13.988
46026,2020-08-23,6.379,1.435,7.488,294.31,1013.333,13.717,13.529
46026,2020-08-30,3.2,1.291,8.858,296.518,1011.543,12.585,13.615
46026,2020-09-06,4.363,1.09,10.028,293.536,1015.108,14.074,13.884
46026,2020-09-13,3.696,0.974,12.878,238.56,1012.554,13.527,14.09
46026,2020-09-20,3.516,1.021,9.699,255.964,1016.113,,15.733
46026,2020-09-27,6.422,1.883,11.663,282.238,1016.394,,14.847
46026,2020-10-04,4.515,1.699,12.802,279.292,1015.32,,13.858
46026,2020-10-11,3.377,1.292,11.028,255.857,1015.937,,13.936
46026,2020-10-18,4.729,1.825,9.95,295.06,1016.779,,13.98
46026,2020-10-25,2.913,1.834,9.492,300.732,1013.645,,13.873
46026,2020-11-01,3.675,1.152,10.616,291.994,1018.774,,13.791
46026,2020-11-08,7.581,2.251,13.196,287.826,1014.689,,13.668
46026,2020-11-15,3.795,1.677,10.913,289.459,1021.693,,11.753
46026,2020-11-22,4.824,1.951,12.076,281.798,1019.818,,12.059
46026,2020-11-29,5.544,2.044,13.202,287.497,1021.774,,11.663
46026,2020-12-06,4.222,2.019,14.906,280.244,1023.948,,11.383
46026,2020-12-13,5.048,2.698,13.937,278.946,1020.403,,11.321
46026,2020-12-20,4.975,2.759,13.291,287.155,1024.938,,11.24
46026,2020-12-27,5.727,1.982,12.095,272.821,1021.035,,10.997
46026,2021-01-03,3.992,2.961,15.833,282.76,1021.405,,10.89
46026,2021-01-10,3.952,3.201,15.585,280.893,1023.901,,11.26
46026,2021-01-17,3.422,2.731,14.723,277.595,1025.136,,11.377
46026,2021-01-24,5.725,2.27,13.9,282.024,1015.615,,11.549
46026,2021-01-31,7.02,2.953,12.846,276.577,1012.82,,10.831
46026,2021-02-07,4.826,2.072,12.382,292.208,1020.77,,11.19
46026,2021-02-14,5.597,1.563,12.961,281.857,1017.902,,11.309
46026,2021-02-21,6.882,2.353,13.381,280.584,1024.933,,10.85
46026,2021-02-28,7.857,2.757,10.449,297.488,1023.363,,10.492
46026,2021-03-07,4.2,2.037,14.386,287.0,1018.837,,10.314
46026,2021-03-14,5.735,2.957,14.367,289.902,1021.342,,10.579
46026,2021-03-21,6.966,2.423,10.785,280.11,1021.456,,10.343
46026,2021-03-28,7.595,2.193,9.253,299.293,1019.813,,9.984
46026,2021-04-04,4.528,1.636,12.165,283.388,1018.819,,10.927
46026,2021-04-11,8.185,1.983,8.92,297.25,1019.89,,10.384
46026,2021-04-18,5.528,1.862,12.251,281.916,1015.923,,10.256
46026,2021-04-25,6.268,2.087,11.433,271.922,1015.744,,9.845
46026,2021-05-02,7.516,1.778,9.884,281.357,1018.951,,10.704
46026,2021-05-09,8.849,2.496,10.062,291.542,1016.311,,9.845
46026,2021-05-16,5.198,2.037,9.795,298.685,1014.911,,10.782
46026,2021-05-23,8.65,2.183,9.569,281.988,1018.271,,10.026
46026,2021-05-30,7.401,1.872,8.296,293.315,1018.273,,10.14
46026,2021-06-06,5.594,2.107,10.124,286.97,1013.442,,11.305
46026,2021-06-13,4.98,1.586,10.503,278.286,1018.211,,12.109
46026,2021-06-20,5.639,1.817,9.112,297.238,1013.38,,12.213
46026,2021-06-27,4.49,1.272,14.17,224.719,1014.737,,14.043
46026,2021-07-04,4.92,1.633,10.267,279.22,1012.984,,13.232
46026,2021-07-11,6.476,1.696,9.808,290.875,1014.738,,13.0
46026,2021-07-18,4.91,1.819,8.615,305.762,1014.693,,12.525
46026,2021-07-25,4.955,1.668,8.047,304.095,1016.223,,13.028
46026,2021-08-01,2.762,0.955,10.807,246.851,1016.099,,14.276
46026,2021-08-08,4.839,1.347,9.206,279.905,1015.971,,14.756
46026,2021-08-15,3.812,1.219,11.231,260.804,1015.911,,14.925
46026,2021-08-22,4.696,2.001,11.069,273.875,1011.023,,14.779
46026,2021-08-29,3.588,1.403,8.595,304.298,1012.016,,15.199
46026,2021-09-05,3.209,1.397,8.581,303.208,1012.192,,15.521
46026,2021-09-12,5.139,1.445,9.173,287.024,1014.525,,14.961
46026,2021-09-19,4.299,1.63,12.477,258.738,1014.642,,14.718
46026,2021-09-26,3.39,1.668,13.284,288.53,1016.312,,14.837
46026,2021-10-03,4.935,2.146,12.171,292.066,1016.652,,14.89
46026,2021-10-10,5.192,1.618,11.471,291.03,1017.377,,14.596
46026,2021-10-17,6.134,2.138,11.305,299.381,1017.31,,12.38
46026,2021-10-24,6.859,2.622,12.209,280.133,1014.961,,13.066
46026,2021-10-31,4.161,2.872,13.699,291.673,1017.402,,14.217
46026,2021-11-07,5.028,2.245,12.591,279.524,1020.452,,14.691
46026,2021-11-14,4.975,1.976,11.456,275.214,1022.404,,14.337
46026,2021-11-21,4.185,1.561,10.689,289.768,1020.306,,14.435
46026,2021-11-28,4.584,1.643,11.831,286.958,1022.181,,13.99
46026,2021-12-05,3.424,1.731,12.644,287.262,1021.231,,13.502
46026,2021-12-12,6.4,1.859,9.837,287.072,1018.944,,12.73
46026,2021-12-19,5.869,2.706,13.77,284.786,1017.812,,11.99
46026,2021-12-26,7.747,2.2,12.296,275.131,1014.088,,12.384
46026,2022-01-02,7.047,1.992,10.41,296.407,1014.934,,11.912
46026,2022-01-09,4.691,2.038,12.335,283.589,1021.908,,11.796
46026,2022-01-16,4.402,2.206,13.764,278.19,1024.905,,11.727
46026,2022-01-23,3.642,1.488,12.464,282.0,1021.982,,11.982
46026,2022-01-30,4.305,1.692,14.383,274.44,1022.29,,12.102
46026,2022-02-06,6.004,2.001,12.116,290.701,1024.016,,12.09
46026,2022-02-13,3.244,1.642,14.235,276.819,1022.589,,12.532
46026,2022-02-20,6.513,2.105,12.82,281.108,1020.716,,11.963
46026,2022-02-27,6.35,2.016,12.354,288.202,1022.415,,10.975
46026,2022-03-06,6.553,2.69,13.041,283.557,1020.606,,11.25
46026,2022-03-13,5.398,1.545,11.389,287.09,1023.197,,10.758
46026,2022-03-20,6.113,2.432,13.508,282.5,1022.564,,11.19
46026,2022-03-27,6.995,2.16,11.403,282.714,1018.947,,10.286
46026,2022-04-03,8.228,2.658,10.35,283.173,1015.292,,10.645
46026,2022-04-10,8.222,2.748,12.205,288.958,1019.414,,10.323
46026,2022-04-17,6.666,1.833,9.779,274.095,1019.948,,9.355
46026,2022-04-24,5.103,2.105,12.106,279.417,1018.63,,10.857
46026,2022-05-01,8.746,2.13,9.699,291.327,1018.474,,9.678
46026,2022-05-08,6.156,2.489,12.228,286.97,1017.806,,9.67
46026,2022-05-15,6.308,1.704,9.185,297.75,1022.31,,9.829
46026,2022-05-22,8.954,2.541,8.634,302.847,1016.438,,9.593
46026,2022-05-29,5.953,1.618,10.712,261.619,1014.745,,10.505
46026,2022-06-05,6.539,1.888,11.658,268.69,1014.42,,10.69
46026,2022-06-12,6.578,1.569,9.142,280.964,1014.975,,11.296
46026,2022-06-19,7.692,1.878,8.098,296.222,1015.619,,10.535
46026,2022-06-26,3.584,1.524,11.154,276.611,1014.556,,11.328
46026,2022-07-03,6.397,1.401,9.368,273.018,1017.793,,11.243
46026,2022-07-10,4.04,0.997,8.498,273.386,1017.741,,13.164
46026,2022-07-17,5.59,1.776,8.712,298.887,1014.62,,13.102
46026,2022-07-24,6.031,1.689,12.905,255.994,1015.855,,12.086
46026,2022-07-31,3.61,1.085,11.048,263.464,1014.936,,13.044
46026,2022-08-07,3.384,1.24,11.211,221.843,1015.894,,14.249
46026,2022-08-14,5.777,1.071,7.882,294.538,1017.482,,15.758
46026,2022-08-21,4.887,1.607,8.009,299.582,1012.627,,13.353
46026,2022-08-28,4.677,1.483,9.422,280.018,1013.56,,13.219
46026,2022-09-04,5.293,1.268,11.141,246.943,1014.096,,13.879
46026,2022-09-11,3.357,1.496,11.368,258.373,1010.185,,13.58
46026,2022-09-18,5.929,1.27,11.778,222.649,1013.348,,14.704
46026,2022-09-25,3.695,1.322,11.979,249.101,1014.914,,15.245
46026,2022-10-02,4.427,1.444,11.986,268.47,1015.302,,15.516
46026,2022-10-09,4.233,1.292,12.54,270.03,1018.067,,15.435
46026,2022-10-16,3.86,1.121,13.07,239.94,1016.034,,14.671
46026,2022-10-23,5.465,1.729,12.493,267.714,1015.607,,14.467
46026,2022-10-30,5.65,1.999,12.548,297.109,1021.18,,12.078
46026,2022-11-06,4.538,2.092,12.637,296.196,1019.147,,11.856
46026,2022-11-13,4.48,1.865,11.553,290.196,1017.227,,11.757
46026,2022-11-20,4.013,1.393,13.691,278.557,1023.225,,12.366
46026,2022-11-27,3.562,1.699,14.069,272.542,1022.686,,12.306
46026,2022-12-04,6.414,2.036,11.71,290.438,1016.696,,11.737
46026,2022-12-11,4.863,1.868,11.424,282.877,1017.741,,11.638
46026,2022-12-18,4.437,1.622,12.856,282.613,1019.616,,11.575
46026,2022-12-25,4.804,1.216,14.567,261.485,1025.094,,11.32
46026,2023-01-01,6.269,3.027,12.958,279.424,1013.964,,11.708
46026,2023-01-08,8.949,3.887,13.85,263.606,1013.692,,12.086
46026,2023-01-15,8.776,3.941,14.541,272.958,1012.007,,12.57
46026,2023-01-22,6.689,2.846,13.998,281.461,1020.313,,12.017
46026,2023-01-29,5.132,2.264,13.904,286.179,1023.161,,12.072
46026,2023-02-05,5.672,1.976,13.436,271.5,1021.443,,11.774
46026,2023-02-12,5.5,2.768,12.7,285.717,1024.312,,11.798
46026,2023-02-19,6.891,2.718,14.195,284.97,1019.856,,10.796
46026,2023-02-26,6.474,2.649,12.255,291.045,1012.869,,10.1
46026,2023-03-05,7.849,2.853,12.358,288.398,1015.649,,9.558
46026,2023-03-12,5.387,2.203,10.814,263.685,1017.618,,9.963
46026,2023-03-19,6.995,1.835,10.025,254.357,1015.643,,10.93
46026,2023-03-26,8.479,2.354,10.525,274.726,1018.075,,11.084
46026,2023-04-02,4.913,1.693,10.869,270.801,1019.297,,10.746
46026,2023-04-09,6.511,1.59,9.535,286.821,1021.669,,10.332
46026,2023-04-16,7.825,2.144,10.545,294.601,1018.498,,10.213
46026,2023-04-23,7.083,2.033,9.909,297.154,1021.554,,9.983
46026,2023-04-30,5.214,1.733,12.153,262.887,1016.198,,10.229
46026,2023-05-07,4.524,2.027,12.741,283.641,1014.499,,10.423
46026,2023-05-14,5.937,1.686,12.052,264.28,1017.482,,12.42
46026,2023-05-21,6.386,1.705,11.54,260.263,1017.816,,12.474
46026,2023-05-28,4.581,1.732,11.056,274.21,1014.171,,12.175
46026,2023-06-04,5.878,1.931,10.748,277.557,1014.662,,12.962
46026,2023-06-11,3.307,1.305,13.037,243.521,1014.347,,12.78
46026,2023-06-18,4.066,1.655,9.763,294.702,1015.521,,13.951
46026,2023-06-25,6.131,1.41,8.918,287.757,1018.264,,11.999
46026,2023-07-02,5.685,1.598,8.197,302.997,1014.823,,11.967
46026,2023-07-09,5.165,1.43,10.232,274.702,1014.789,,13.066
46026,2023-07-16,5.878,1.409,7.964,296.372,1015.797,,12.172
46026,2023-07-23,5.687,1.701,8.04,303.609,1014.717,,12.69
46026,2023-07-30,6.133,1.436,6.738,304.176,1017.582,,12.644
46026,2023-08-06,5.99,1.461,7.334,298.69,1017.648,,12.099
46026,2023-08-13,2.959,1.252,10.973,245.265,1015.788,,13.248
46026,2023-08-20,2.183,1.138,11.524,267.988,1013.051,,15.656
46026,2023-08-27,4.346,1.202,11.252,261.117,1014.948,,15.964
46026,2023-09-03,5.843,1.79,8.92,291.222,1014.073,,14.721
46026,2023-09-10,4.178,1.3,13.092,234.208,1016.487,,15.227
46026,2023-09-17,3.904,1.406,10.496,257.536,1015.544,,15.113
46026,2023-09-24,3.093,1.553,11.62,280.146,1015.472,,15.935
46026,2023-10-01,6.58,2.191,11.106,289.578,1015.365,,15.575
46026,2023-10-08,3.422,1.372,11.51,282.449,1015.18,,15.496
46026,2023-10-15,4.618,1.721,12.276,269.696,1013.92,,15.498
46026,2023-10-22,4.148,2.216,15.222,274.988,1015.436,,15.751
46026,2023-10-29,6.194,1.587,11.418,271.71,1017.25,,14.713
46026,2023-11-05,3.557,1.131,13.191,242.295,1019.923,,14.098
46026,2023-11-12,4.215,2.128,12.3,286.509,1020.321,,14.338
46026,2023-11-19,6.155,2.147,10.378,239.967,1014.819,,14.124
46026,2023-11-26,5.214,2.078,13.422,291.389,1020.734,,13.835
46026,2023-12-03,5.492,1.901,12.032,287.609,1020.616,,13.648
46026,2023-12-10,4.163,2.66,14.233,285.988,1024.266,,13.741
46026,2023-12-17,5.448,1.51,11.893,277.158,1019.194,,13.534
46026,2023-12-24,6.692,2.305,10.986,272.179,1013.869,,13.977
46026,2023-12-31,6.069,3.54,14.899,274.027,1019.936,,14.373
46026,2024-01-07,6.902,3.084,14.512,282.542,1022.591,,14.149
46026,2024-01-14,6.527,2.314,13.411,289.705,1022.847,,12.842
46026,2024-01-21,5.939,2.063,12.003,262.65,1015.774,,12.552
46026,2024-01-28,5.138,2.199,12.591,267.679,1019.416,,12.87
46026,2024-02-04,6.71,3.031,12.565,259.425,1011.755,,13.778
46026,2024-02-11,,2.452,13.937,286.782,,,13.491
46026,2024-02-18,,2.188,12.749,267.658,,,13.396
46026,2024-02-25,,2.494,13.637,274.331,,,13.514
46026,2024-03-10,,1.925,11.798,287.656,,,13.201
46026,2024-03-17,,2.621,14.557,286.045,,,
46026,2024-03-24,,1.852,14.462,276.407,,,13.143
46026,2024-03-31,,2.438,13.618,281.557,,,12.124
46026,2024-04-07,,2.087,10.87,294.976,,,12.369
46026,2024-04-14,,2.107,10.222,280.734,,,11.24
46026,2024-04-21,,1.723,11.681,259.485,,,13.025
46026,2024-04-28,,1.701,9.25,292.539,,,12.544
46026,2024-05-05,,2.218,7.521,299.668,,,9.737
46026,2024-05-12,,1.69,11.933,277.071,,,11.126
46026,2024-05-19,,1.629,11.392,285.188,,,12.429
46026,2024-05-26,,2.346,8.339,304.863,,,11.172
46026,2024-06-02,,2.161,7.922,305.333,,,10.824
46026,2024-06-09,,2.067,11.4,284.616,,,10.953
46026,2024-06-16,,2.477,9.111,301.321,,,11.729
46026,2024-06-23,,1.61,7.59,298.218,,,10.008
46026,2024-06-30,,1.739,8.858,291.051,,,11.401
46026,2024-07-07,,1.651,11.486,267.726,,,13.268
46026,2024-07-14,,1.431,10.36,269.589,,,13.831
46026,2024-07-21,,1.492,11.63,268.107,,,13.84
46026,2024-07-28,,1.554,8.97,300.11,,,13.836
46026,2024-08-04,,1.124,9.271,267.024,,,14.362
46026,2024-08-11,,1.385,7.88,301.955,,,12.979
46026,2024-08-18,,1.199,7.72,286.704,,,12.42
46026,2024-08-25,,0.953,11.13,262.507,,,13.991
46026,2024-09-01,,1.173,9.992,289.295,,,15.3
46026,2024-09-08,,1.042,11.072,281.653,,,15.287
46026,2024-09-15,,1.421,8.179,292.955,,,13.496
46026,2024-09-22,,1.489,9.121,300.584,,,13.755
46026,2024-09-29,,1.608,11.427,296.166,,,14.855
46026,2024-10-06,,1.599,10.859,292.769,,,14.882
46026,2024-10-13,,1.643,12.248,280.898,,,14.875
46026,2024-10-20,,1.92,11.349,286.302,,,14.481
46026,2024-10-27,,1.372,10.28,279.027,,,13.584
46026,2024-11-03,,2.335,12.226,295.367,,,12.845
46026,2024-11-10,,2.065,13.423,288.368,,,11.836
46026,2024-11-17,,2.687,12.942,288.652,,,12.155
46026,2024-11-24,,2.716,10.916,266.149,,,11.703
46026,2024-12-01,,1.25,13.276,244.994,,,12.076
46026,2024-12-08,,1.577,13.387,278.509,,,12.457
46026,2024-12-15,,2.65,13.529,279.439,,,12.134
46026,2024-12-22,,2.512,14.181,279.856,,,12.019
46026,2024-12-29,,3.755,15.654,286.733,,,12.448
46026,2025-01-05,,2.321,13.163,286.627,,,12.342
46026,2025-01-12,,2.167,14.473,281.349,,,12.346
46026,2025-01-19,,1.779,14.908,286.843,,,12.068
46026,2025-01-26,,1.623,13.87,287.205,,,11.786
46026,2025-02-02,,1.19,9.733,280.281,,,11.604
46026,2025-02-09,,2.356,10.506,246.348,,,11.843
46026,2025-05-25,7.491,2.038,9.006,287.963,1017.169,10.899,10.152
46026,2025-06-01,5.628,1.948,9.539,291.89,1015.91,11.484,11.412
46026,2025-06-08,3.481,1.646,11.058,296.186,1014.01,12.472,12.916
46026,2025-06-15,7.256,1.714,10.077,281.345,1015.537,11.686,12.332
46026,2025-06-22,9.65,2.228,7.698,298.94,1015.038,11.469,10.73
46026,2025-06-29,5.077,1.614,8.067,297.426,1014.915,10.453,10.831
46026,2025-07-06,5.577,1.529,10.138,275.244,1014.785,11.425,12.132
46026,2025-07-13,3.982,1.307,10.071,279.467,1016.305,11.727,12.637
46026,2025-07-20,3.268,1.382,10.843,283.795,1015.028,12.714,14.203
46026,2025-07-27,4.347,0.882,13.127,212.431,1016.864,14.029,15.519
46026,2025-08-03,7.286,1.473,6.906,300.832,1018.38,13.597,14.404
46026,2025-08-10,5.004,1.519,9.506,284.659,1015.753,12.347,12.373
46026,2025-08-17,4.833,1.417,12.372,248.222,1015.31,13.438,14.081
46026,2025-08-24,5.577,1.258,9.049,288.979,1015.32,13.037,14.126
46026,2025-08-31,3.685,0.94,13.477,228.919,1015.614,15.346,15.56
46026,2025-09-07,4.175,1.163,12.81,235.185,1014.395,14.781,15.503
46026,2025-09-14,5.084,1.2,12.283,259.746,1014.73,15.701,16.795
46026,2025-09-21,3.951,1.523,10.171,289.386,1013.265,14.646,16.489
46026,2025-09-28,3.746,1.741,10.467,299.447,1012.611,15.604,16.295
46026,2025-10-05,4.764,1.989,10.921,282.066,1015.129,15.262,16.192
46026,2025-10-12,3.924,1.37,10.577,292.949,1012.513,15.533,16.144
46026,2025-10-19,4.177,1.712,12.475,289.473,1013.677,13.918,15.282
46026,2025-10-26,4.406,2.451,14.428,290.057,1017.939,14.568,15.464
46026,2025-11-02,6.902,2.243,12.217,286.507,1019.003,13.439,14.509
46026,2025-11-09,4.675,2.593,12.844,274.592,1018.341,13.332,13.987
46026,2025-11-16,4.655,2.184,11.363,269.346,1014.015,14.19,14.36
46026,2025-11-23,4.998,2.461,12.106,288.281,1015.08,13.129,14.339
46026,2025-11-30,3.931,1.582,14.015,279.261,1021.142,12.567,14.125
46026,2025-12-07,3.891,1.65,12.574,282.769,1020.643,,13.721
46026,2025-12-14,4.861,1.569,12.341,285.638,1020.783,,13.364
46026,2025-12-21,3.821,1.622,11.021,287.231,1020.166,,13.174
46026,2025-12-28,7.637,2.806,10.367,260.209,1012.056,,13.729
46026,2026-01-04,7.635,1.188,9.855,290.868,1021.221,,13.713
46026,2026-03-08,3.743,1.881,9.625,294.599,1018.561,,12.67
46026,2026-03-15,8.695,2.288,9.648,289.79,1020.3,,12.518
46026,2026-03-22,5.541,1.445,12.456,243.468,1016.426,,12.911
46026,2026-03-29,5.78,1.709,10.552,285.532,1016.787,,12.006
46026,2026-04-05,4.663,1.336,10.977,279.082,1015.87,,13.016
46026,2026-04-12,5.619,1.387,13.306,237.537,1014.337,,13.844
46026,2026-04-19,6.203,1.543,9.66,273.755,1017.787,,13.649
46026,2026-04-26,7.877,1.646,10.64,218.143,1011.352,,13.791
46027,2017-01-01,8.521,2.881,10.32,323.75,1014.321,8.333,11.087
46027,2017-01-08,6.627,1.969,10.71,265.268,1011.92,7.613,10.515
46027,2017-01-15,6.051,2.397,12.067,248.506,1013.629,9.11,10.268
46027,2017-01-22,9.044,3.978,14.448,245.274,1003.741,10.101,10.733
46027,2017-01-29,4.562,3.282,14.09,269.679,1024.72,9.393,10.711
46027,2017-02-05,6.618,2.321,10.55,248.137,1012.85,11.188,10.864
46027,2017-02-12,7.875,2.729,9.48,237.167,1012.046,10.93,11.464
46027,2017-02-19,7.508,2.667,11.687,252.491,1008.032,11.132,11.586
46027,2017-02-26,6.642,2.516,12.827,263.94,1017.294,8.307,11.238
46027,2017-03-05,4.896,2.31,11.721,294.024,1019.296,8.217,10.796
46027,2017-03-12,6.267,2.207,10.39,259.222,1022.095,10.178,11.14
46027,2017-03-19,4.785,1.796,9.967,259.113,1018.389,11.142,11.623
46027,2017-03-26,6.674,2.309,10.646,235.232,1014.504,11.244,11.84
46027,2017-04-02,8.361,2.744,13.134,285.37,1023.258,10.962,11.677
46027,2017-04-09,7.761,3.216,12.575,257.024,1013.038,10.462,10.353
46027,2017-04-16,5.517,2.52,12.055,258.423,1015.739,9.99,11.074
46027,2017-04-23,5.424,2.187,10.7,231.452,1017.95,11.89,12.068
46027,2017-04-30,7.441,1.994,9.893,273.149,1020.089,11.236,11.914
46027,2017-05-07,7.491,1.945,10.516,300.425,1018.257,11.122,11.363
46027,2017-05-14,6.734,2.207,10.366,289.311,1017.174,10.062,9.487
46027,2017-05-21,6.017,1.765,8.403,309.527,1017.581,10.525,10.159
46027,2017-05-28,6.26,2.221,8.833,321.125,1013.901,10.674,9.771
46027,2017-06-04,4.826,1.246,11.605,266.873,1016.925,12.076,12.28
46027,2017-06-11,4.402,1.792,9.627,270.188,1014.488,11.561,11.46
46027,2017-06-18,5.716,1.577,9.354,292.229,1019.616,12.998,12.664
46027,2017-06-25,8.396,2.205,8.647,291.595,1013.361,11.511,9.97
46027,2017-07-02,4.412,1.525,8.153,311.802,1016.337,12.128,11.726
46027,2017-07-09,3.271,1.479,7.484,317.625,1017.48,12.032,12.324
46027,2017-07-16,5.607,1.562,6.954,328.277,1017.292,12.088,11.808
46027,2017-07-23,4.611,1.318,7.386,309.595,1017.051,12.248,11.618
46027,2017-07-30,4.349,2.019,7.551,327.72,1015.133,12.087,11.599
46027,2017-08-06,2.222,1.414,8.117,320.149,1014.018,12.961,13.743
46027,2017-08-13,2.685,0.972,7.699,320.738,1015.1,14.14,14.601
46027,2017-08-20,8.98,2.424,7.976,327.293,1012.974,13.044,11.981
46027,2017-08-27,2.824,1.62,7.878,313.82,1014.702,12.412,11.887
46027,2017-09-03,3.152,1.315,8.515,317.814,1012.816,13.559,12.871
46027,2017-09-10,3.416,1.386,12.056,279.321,1014.491,14.166,12.767
46027,2017-09-17,4.264,1.696,7.671,327.196,1013.102,13.14,12.968
46027,2017-09-24,4.64,2.043,10.118,304.155,1014.513,13.511,13.337
46027,2017-10-01,5.939,1.362,8.151,305.702,1016.011,13.492,12.726
46027,2017-10-08,5.813,1.621,10.637,307.482,1017.511,12.419,11.143
46027,2017-10-15,4.71,2.338,10.919,317.583,1020.277,11.647,11.062
46027,2017-10-22,6.349,2.697,11.929,289.601,1018.265,11.643,11.414
46027,2017-10-29,4.468,2.281,12.281,304.137,1018.78,12.222,11.849
46027,2017-11-05,3.499,1.824,10.928,302.268,1014.566,10.546,11.698
46027,2017-11-12,6.792,2.305,9.752,254.905,1014.341,11.877,11.577
46027,2017-11-19,6.134,2.406,10.568,275.271,1016.826,11.272,12.049
46027,2017-11-26,6.429,2.38,10.151,240.329,1014.541,13.557,12.578
46027,2017-12-03,3.86,3.354,14.752,284.916,1020.419,10.547,12.201
46027,2017-12-10,3.031,1.621,13.026,279.732,1026.667,11.746,11.864
46027,2017-12-17,4.684,1.967,12.897,286.393,1023.35,11.44,11.808
46027,2017-12-24,4.378,1.9,11.763,282.905,1023.117,9.709,11.525
46027,2017-12-31,3.932,1.754,12.085,271.393,1022.321,10.649,11.463
46027,2018-01-07,3.644,1.959,12.558,280.533,1019.435,11.498,11.957
46027,2018-01-14,5.213,2.619,13.294,275.185,1017.348,11.484,12.089
46027,2018-01-21,6.937,4.08,14.185,258.181,1018.22,11.095,11.683
46027,2018-01-28,7.834,3.356,11.462,253.738,1020.923,10.435,11.84
46027,2018-02-04,5.449,1.84,9.983,294.5,1023.995,11.296,11.562
46027,2018-02-11,7.411,1.607,10.76,294.819,1021.795,11.152,11.311
46027,2018-02-18,6.863,2.206,11.091,306.527,1022.465,9.187,10.204
46027,2018-02-25,7.392,2.749,12.693,303.935,1024.674,6.763,9.722
46027,2018-03-04,9.239,3.186,11.759,282.952,1014.343,7.691,9.876
46027,2018-03-11,3.966,1.821,11.706,265.47,1017.746,9.733,10.149
46027,2018-03-18,5.32,2.301,10.431,264.371,1012.663,9.127,10.571
46027,2018-03-25,6.053,2.198,11.264,272.375,1013.714,9.142,11.004
46027,2018-04-01,7.996,1.686,7.684,327.321,1023.526,9.959,10.523
46027,2018-04-08,6.11,2.123,9.936,254.726,1014.685,10.662,10.448
46027,2018-04-15,5.894,2.981,12.48,264.759,1020.143,10.751,11.468
46027,2018-04-22,6.396,2.19,11.44,294.21,1021.192,10.188,11.398
46027,2018-04-29,4.133,1.726,12.501,279.173,1016.576,11.052,11.018
46027,2018-05-06,6.28,1.557,10.009,295.269,1019.283,10.676,10.62
46027,2018-05-13,6.777,1.772,10.378,278.509,1018.382,11.416,10.778
46027,2018-05-20,3.358,1.136,12.346,272.619,1017.262,11.306,11.104
46027,2018-05-27,4.107,1.662,9.336,302.976,1016.009,11.125,10.601
46027,2018-06-03,3.734,2.172,7.992,319.673,1016.633,10.401,9.249
46027,2018-06-10,3.317,1.55,9.771,290.101,1018.157,11.346,10.898
46027,2018-06-17,9.102,2.184,8.497,312.06,1012.96,11.78,10.04
46027,2018-06-24,5.554,1.568,9.349,285.476,1016.741,11.476,10.071
46027,2018-07-01,8.896,2.019,7.026,324.173,1016.552,11.074,9.143
46027,2018-07-08,6.847,1.548,8.395,297.917,1017.974,11.506,9.492
46027,2018-07-15,3.981,1.745,9.968,288.596,1016.863,12.158,11.66
46027,2018-07-22,6.723,2.306,7.88,332.679,1015.695,12.203,11.955
46027,2018-07-29,2.391,1.324,7.639,319.53,1018.396,11.285,12.502
46027,2018-08-05,3.486,1.033,8.949,319.048,1017.801,13.214,13.123
46027,2018-08-12,3.087,1.08,10.423,270.395,1016.906,12.915,13.029
46027,2018-08-19,3.098,1.798,8.256,315.375,1016.246,12.728,12.66
46027,2018-08-26,3.838,1.748,8.217,312.601,1015.286,12.649,12.421
46027,2018-09-02,5.107,1.897,8.6,320.185,1015.105,12.649,12.173
46027,2018-09-09,4.836,1.613,8.211,304.512,1015.809,11.561,11.407
46027,2018-09-16,2.551,1.451,9.777,291.759,1016.116,11.993,12.389
46027,2018-09-23,5.966,1.521,7.677,311.263,1016.19,12.263,11.457
46027,2018-09-30,5.027,1.786,8.125,300.72,1012.377,11.398,10.904
46027,2018-10-07,4.474,1.671,11.962,280.405,1014.92,12.82,12.354
46027,2018-10-14,8.045,2.096,9.184,322.673,1012.609,12.292,10.678
46027,2018-10-21,2.906,1.518,13.652,277.357,1019.492,10.093,11.501
46027,2018-10-28,3.459,1.999,12.039,273.569,1017.792,12.361,13.134
46027,2018-11-04,4.413,2.036,10.712,298.09,1024.398,13.853,14.908
46027,2018-11-11,6.34,1.961,9.739,309.699,1021.068,11.356,10.548
46027,2018-11-18,1.843,1.511,12.413,282.512,1022.895,9.939,10.397
46027,2018-11-25,4.737,2.042,10.793,273.726,1015.43,10.636,11.177
46027,2018-12-02,5.6,3.207,12.886,281.554,1013.24,11.263,11.671
46027,2018-12-09,4.826,2.001,12.654,265.759,1019.104,11.005,11.907
46027,2018-12-16,6.14,3.462,13.166,278.099,1019.646,11.337,11.975
46027,2018-12-23,7.41,4.262,14.835,281.305,1020.916,11.417,12.282
46027,2018-12-30,6.322,2.743,13.366,282.952,1024.576,10.494,12.043
46027,2019-01-06,6.026,2.692,13.057,281.66,1016.934,10.018,11.18
46027,2019-01-13,6.084,3.041,11.816,256.244,1013.144,11.566,11.649
46027,2019-01-20,7.081,3.377,14.05,266.933,1012.635,11.266,11.538
46027,2019-01-27,3.325,2.129,12.452,276.738,1027.653,10.243,11.206
46027,2019-02-03,3.672,1.997,13.711,279.814,1010.319,10.509,11.585
46027,2019-02-10,4.637,2.998,13.288,296.458,1013.786,6.717,11.058
46027,2019-02-17,8.605,3.573,11.947,260.917,1009.145,8.282,10.99
46027,2019-02-24,7.094,2.471,11.444,293.095,1021.474,7.937,10.803
46027,2019-03-03,5.519,2.028,12.247,255.935,1013.4,7.909,10.28
46027,2019-03-10,4.835,1.592,12.2,275.857,1014.213,8.239,10.477
46027,2019-03-17,4.628,2.635,14.753,283.703,1023.181,9.173,10.8
46027,2019-03-24,3.614,2.394,14.467,272.849,1017.369,9.491,11.298
46027,2019-03-31,5.276,2.156,12.322,269.251,1019.727,,11.446
46027,2019-04-07,6.916,1.072,17.482,268.833,1014.458,,11.885
46027,2019-04-14,6.565,2.579,13.326,296.684,1024.014,,11.816
46027,2019-04-21,6.239,2.275,11.811,293.506,1019.018,,11.735
46027,2019-04-28,1.419,0.484,11.139,232.583,1017.673,,13.508
46027,2019-05-05,0.706,0.044,,,1010.883,,15.225
46027,2019-11-17,4.006,2.208,13.76,282.5,1021.845,11.486,11.96
46027,2019-11-24,5.261,2.714,12.733,286.345,1017.631,11.035,11.159
46027,2019-12-01,7.086,3.006,12.019,280.461,1008.593,8.461,10.598
46027,2019-12-08,3.939,2.118,11.366,274.524,1013.374,11.567,11.188
46027,2019-12-15,4.903,2.944,13.101,285.744,1020.724,10.533,11.763
46027,2019-12-22,6.986,3.357,13.204,280.796,1016.212,11.05,11.641
46027,2019-12-29,4.563,3.003,13.477,289.97,1017.127,9.135,11.237
46027,2020-01-05,4.983,3.2,13.994,280.696,1025.131,10.609,11.172
46027,2020-01-12,6.273,3.162,11.778,285.641,1024.245,9.76,11.042
46027,2020-01-19,7.85,3.596,11.641,278.869,1017.539,8.948,10.673
46027,2020-01-26,6.808,3.241,14.269,279.268,1018.251,11.136,10.893
46027,2020-02-02,6.366,3.468,13.212,279.758,1026.144,10.701,11.08
46027,2020-02-09,6.526,2.626,12.764,286.405,1027.649,8.949,10.642
46027,2020-02-16,8.089,2.331,13.474,285.186,1023.694,9.071,8.966
46027,2020-02-23,5.381,1.849,13.051,283.077,1022.521,8.816,9.57
46027,2020-03-01,5.672,2.44,12.187,284.982,1027.872,8.672,9.393
46027,2020-03-08,5.924,2.602,12.441,293.494,1020.72,8.463,8.824
46027,2020-03-15,8.085,2.38,9.952,305.631,1015.805,8.531,8.945
46027,2020-03-22,4.093,1.455,10.039,318.756,1017.501,8.661,9.533
46027,2020-03-29,4.964,1.583,11.5,282.664,1019.941,8.922,10.25
46027,2020-04-05,6.172,1.881,9.972,262.563,1017.859,8.967,10.595
46027,2020-04-12,7.133,2.173,8.398,315.298,1017.087,10.301,10.653
46027,2020-04-19,6.681,1.716,9.488,309.762,1019.429,10.136,9.821
46027,2020-04-26,3.016,1.639,13.677,276.167,1024.644,10.914,11.385
46027,2020-05-03,4.157,2.25,11.595,272.893,1021.334,,11.974
46027,2020-05-10,4.0,2.15,11.099,278.935,1019.929,,12.124
46027,2020-05-17,6.048,1.804,10.602,260.726,1013.62,,12.704
46027,2020-05-24,7.673,1.818,9.656,287.72,1018.938,,12.33
46027,2020-05-31,4.283,1.774,11.092,286.024,1015.833,,10.481
46027,2020-06-07,5.645,1.933,8.958,302.137,1016.712,,10.407
46027,2020-06-14,2.587,1.468,9.412,285.349,1021.205,,11.279
46027,2020-06-21,5.516,1.675,8.761,297.964,1018.491,,10.579
46027,2020-06-28,8.688,2.213,7.798,316.509,1013.256,,9.605
46027,2020-07-05,7.9,1.912,10.004,295.659,1017.864,,8.314
46027,2020-07-12,4.517,0.99,10.86,269.563,1020.033,,9.31
46027,2020-07-19,7.743,2.497,7.622,323.143,1014.44,,9.055
46027,2020-07-26,3.831,1.842,7.595,321.875,1014.036,,11.484
46027,2020-08-02,1.894,1.045,8.976,298.742,1016.996,,12.293
46027,2020-08-09,7.433,1.717,7.458,302.238,1017.084,,12.448
46027,2020-08-16,3.654,1.949,8.441,320.155,1014.112,,11.699
46027,2020-08-23,3.282,1.181,10.025,277.851,1016.556,,13.757
46027,2020-08-30,6.076,2.159,7.546,323.673,1012.339,,12.135
46027,2020-09-06,4.649,1.612,9.192,312.167,1017.114,,11.033
46027,2020-09-13,3.06,1.229,10.385,291.467,1013.309,,12.26
46027,2020-09-20,3.769,1.053,9.013,260.012,1016.644,,15.736
46027,2020-09-27,5.122,2.215,10.965,291.774,1018.89,,16.396
46027,2020-10-04,3.994,1.97,12.672,276.922,1017.706,,14.014
46027,2020-10-11,2.517,1.485,10.483,289.28,1016.431,,13.779
46027,2020-10-18,8.249,2.139,8.82,310.042,1022.496,,13.141
46027,2020-10-25,10.566,2.139,7.698,322.591,1018.032,,9.251
46027,2020-11-01,3.877,1.591,10.062,316.25,1021.166,,9.705
46027,2020-11-08,4.779,2.883,13.446,294.189,1016.583,,10.624
46027,2020-11-15,5.482,2.919,11.314,299.25,1021.584,,9.953
46027,2020-11-22,5.372,2.62,11.291,288.006,1019.024,,10.993
46027,2020-11-29,3.195,2.631,13.161,295.155,1024.3,,11.005
46027,2020-12-06,3.999,2.59,14.225,283.411,1025.257,,10.757
46027,2020-12-13,5.102,3.111,13.565,279.392,1022.201,,10.589
46027,2020-12-20,5.271,3.523,13.408,292.145,1025.127,,10.385
46027,2020-12-27,5.933,2.581,11.56,280.737,1020.202,,10.453
46027,2021-01-03,5.596,3.398,15.295,286.754,1020.483,,10.696
46027,2021-01-10,6.543,3.839,15.468,285.542,1021.404,,10.56
46027,2021-01-17,5.311,3.406,13.944,276.065,1025.619,,11.089
46027,2021-01-24,7.022,2.531,13.899,283.168,1019.088,,10.501
46027,2021-01-31,8.287,3.458,11.443,268.149,1009.504,,10.264
46027,2021-02-07,7.685,2.67,12.009,292.661,1022.052,,10.349
46027,2021-02-14,4.953,1.892,11.507,284.387,1017.576,,10.191
46027,2021-02-21,5.778,2.851,12.474,278.313,1025.461,,10.106
46027,2021-02-28,7.293,2.831,12.726,300.399,1030.44,,9.173
46027,2021-03-07,5.942,3.014,12.674,282.239,1018.017,,9.509
46027,2021-03-14,8.849,4.072,14.041,291.875,1017.767,,9.942
46027,2021-03-21,7.09,2.652,10.772,281.473,1021.841,,9.734
46027,2021-03-28,8.302,2.052,10.256,304.696,1024.015,,9.052
46027,2021-04-04,5.769,1.944,12.041,300.801,1021.718,,8.386
46027,2021-04-11,6.79,1.996,9.201,311.006,1022.769,,8.614
46027,2021-04-18,5.785,2.012,11.543,297.719,1017.64,,8.495
46027,2021-04-25,8.01,1.976,9.541,289.18,1016.915,,8.639
46027,2021-05-02,4.064,1.491,11.233,282.583,1021.974,,10.11
46027,2021-05-09,8.059,2.007,11.486,288.277,1021.983,,8.551
46027,2021-05-16,9.544,2.599,7.803,324.923,1016.937,,8.073
46027,2021-05-23,7.032,1.527,9.898,292.293,1021.576,,8.924
46027,2021-05-30,4.643,1.613,9.474,295.19,1021.132,,8.901
46027,2021-06-06,5.533,1.903,10.134,293.893,1017.113,,9.725
46027,2021-06-13,3.609,1.864,9.874,286.048,1018.079,,10.641
46027,2021-06-20,8.452,2.115,8.02,309.97,1016.382,,11.224
46027,2021-06-27,2.938,1.415,10.489,284.647,1015.261,,12.514
46027,2021-07-04,3.802,1.888,9.563,305.435,1013.752,,12.856
46027,2021-07-11,4.512,1.782,8.293,315.72,1017.183,,12.417
46027,2021-07-18,5.729,1.992,7.668,316.625,1016.568,,10.501
46027,2021-07-25,5.43,1.748,6.743,320.083,1018.355,,9.843
46027,2021-08-01,2.548,1.344,6.625,315.333,1016.244,,10.949
46027,2021-08-08,3.6,1.329,7.069,310.21,1017.66,,11.875
46027,2021-08-15,2.791,1.74,9.591,304.042,1016.833,,11.732
46027,2021-08-22,9.67,2.088,9.351,307.679,1014.152,,10.259
46027,2021-08-29,6.729,2.019,8.076,312.387,1014.337,,10.219
46027,2021-09-05,5.607,1.805,7.477,313.637,1013.798,,9.772
46027,2021-09-12,2.317,1.397,10.007,293.696,1017.165,,11.066
46027,2021-09-19,6.773,2.322,9.564,300.863,1015.109,,10.892
46027,2021-09-26,5.626,2.315,13.147,290.838,1017.591,,11.245
46027,2021-10-03,4.761,2.958,12.389,297.185,1019.404,,11.815
46027,2021-10-10,4.516,1.946,11.436,301.743,1019.218,,11.589
46027,2021-10-17,4.748,2.392,11.882,296.422,1021.12,,10.922
46027,2021-10-24,6.797,3.286,12.212,270.59,1009.914,,11.14
46027,2021-10-31,4.849,3.358,13.124,296.179,1016.11,,12.646
46027,2021-11-07,6.845,3.059,12.338,278.226,1018.365,,13.653
46027,2021-11-14,4.113,2.476,11.147,273.446,1023.133,,13.487
46027,2021-11-21,7.185,2.25,10.008,292.857,1021.996,,12.899
46027,2021-11-28,3.327,1.994,12.627,286.119,1025.089,,12.203
46027,2021-12-05,3.88,2.328,12.61,290.719,1024.276,,11.963
46027,2021-12-12,5.788,2.44,11.307,283.78,1019.194,,11.249
46027,2021-12-19,7.161,3.325,12.563,279.899,1014.935,,11.126
46027,2021-12-26,7.237,3.19,11.251,262.143,1010.158,,11.029
46027,2022-01-02,5.728,2.667,11.146,304.533,1015.073,,9.952
46027,2022-01-09,7.431,3.05,11.256,273.071,1018.751,,10.369
46027,2022-01-16,3.677,2.775,13.145,266.792,1026.394,,10.48
46027,2022-01-23,4.227,1.768,12.596,274.577,1025.336,,10.54
46027,2022-01-30,2.492,2.007,14.15,272.22,1023.763,,10.535
46027,2022-02-06,7.616,2.006,13.09,284.946,1029.283,,10.119
46027,2022-02-13,4.924,2.274,14.002,278.521,1025.293,,10.066
46027,2022-02-20,7.281,2.295,13.484,279.589,1024.852,,
46027,2022-02-27,5.967,2.256,12.68,293.03,1023.425,,
46027,2022-03-06,8.668,3.052,12.624,283.708,1022.352,,
46027,2022-03-13,6.797,1.844,11.826,280.434,1025.132,,
46027,2022-03-20,4.615,2.716,13.569,274.238,1024.251,,
46027,2022-03-27,3.509,2.013,11.933,274.601,1021.896,,
46027,2022-04-03,8.507,2.161,11.393,281.24,1019.463,,
46027,2022-04-10,7.67,2.727,12.019,285.821,1025.186,,
46027,2022-04-17,5.88,2.105,10.866,269.389,1018.908,,
46027,2022-04-24,6.732,2.661,11.928,261.417,1016.848,,
46027,2022-05-01,5.031,1.942,11.096,281.056,1021.733,10.251,11.319
46027,2022-05-08,6.991,2.916,12.16,262.613,1017.522,10.318,10.475
46027,2022-05-15,4.923,1.993,9.128,262.436,1022.26,10.173,11.242
46027,2022-05-22,8.833,1.977,8.157,284.488,1022.302,10.328,9.653
46027,2022-05-29,5.055,1.489,8.234,269.786,1017.192,9.801,8.846
46027,2022-06-05,5.347,1.745,12.684,230.875,1015.101,10.8,9.94
46027,2022-06-12,4.138,1.486,9.472,244.685,1016.815,13.282,12.908
46027,2022-06-19,5.181,1.494,8.397,272.786,1018.573,12.316,11.802
46027,2022-06-26,8.409,2.278,7.929,308.873,1016.089,11.24,9.661
46027,2022-07-03,4.1,1.223,9.684,267.869,1018.6,11.88,11.054
46027,2022-07-10,2.581,0.876,8.904,258.347,1018.206,13.842,12.965
46027,2022-07-17,3.533,1.699,8.663,287.28,1016.152,12.425,11.209
46027,2022-07-24,3.876,1.687,11.14,266.679,1016.794,12.002,11.288
46027,2022-07-31,2.321,1.367,8.38,298.03,1014.462,12.444,12.376
46027,2022-08-07,3.107,1.328,8.424,293.982,1015.976,14.174,13.863
46027,2022-08-14,2.082,1.037,7.844,303.258,1018.966,14.916,13.774
46027,2022-08-21,3.601,1.442,7.383,287.772,1014.585,13.874,13.931
46027,2022-08-28,4.197,1.639,8.419,290.494,1014.609,13.804,13.095
46027,2022-09-04,3.045,1.145,8.941,271.295,1015.899,13.413,13.68
46027,2022-09-11,5.681,2.124,8.764,298.871,1011.373,12.795,11.159
46027,2022-09-18,2.27,0.949,11.268,261.096,1014.125,12.216,11.884
46027,2022-09-25,2.48,1.553,9.923,293.018,1015.718,13.465,13.0
46027,2022-10-02,4.454,1.72,11.054,272.667,1015.795,14.076,14.104
46027,2022-10-09,2.018,1.36,11.888,276.792,1019.191,13.02,14.28
46027,2022-10-16,3.799,1.618,9.17,298.696,1015.725,12.061,13.37
46027,2022-10-23,3.865,2.191,12.384,273.821,1017.604,12.745,12.874
46027,2022-10-30,3.094,2.603,12.753,288.679,1023.339,11.372,10.889
46027,2022-11-06,5.349,2.963,12.835,286.299,1017.913,10.316,10.868
46027,2022-11-13,4.929,2.197,10.662,282.431,1016.321,9.501,10.934
46027,2022-11-20,2.359,1.468,13.262,266.021,1024.504,10.423,10.868
46027,2022-11-27,3.879,2.138,13.421,267.838,1024.446,10.568,10.773
46027,2022-12-04,6.734,2.881,11.021,270.637,1014.764,8.828,10.122
46027,2022-12-11,7.152,2.588,10.439,259.588,1014.095,9.015,10.404
46027,2022-12-18,3.61,1.915,11.717,288.551,1020.976,8.281,10.377
46027,2022-12-25,4.975,1.688,10.362,254.762,1023.609,10.747,10.897
46027,2023-01-01,7.821,3.834,12.878,250.169,1010.242,11.128,10.9
46027,2023-01-08,9.643,3.914,13.462,238.527,1007.419,11.09,10.795
46027,2023-01-15,9.934,4.189,13.858,235.396,1004.472,11.748,11.04
46027,2023-01-22,4.932,3.133,14.015,265.935,1021.854,8.722,10.704
46027,2023-01-29,8.553,2.459,14.266,265.841,1026.666,10.342,10.83
46027,2023-02-05,6.01,2.467,13.196,249.679,1019.225,9.839,10.114
46027,2023-02-12,5.991,3.286,12.77,271.027,1026.275,9.525,10.598
46027,2023-02-19,7.388,3.19,14.336,272.149,1022.603,8.272,9.333
46027,2023-02-26,6.332,3.375,12.73,282.443,1012.579,6.302,8.448
46027,2023-03-05,7.087,3.444,12.93,278.324,1012.676,6.453,9.042
46027,2023-03-12,7.92,2.479,10.287,251.414,1013.28,7.487,8.848
46027,2023-03-19,4.858,1.599,9.935,259.542,1014.754,8.604,8.956
46027,2023-03-26,4.808,2.543,10.54,275.501,1019.072,7.937,9.438
46027,2023-04-02,7.033,2.25,9.068,244.553,1016.05,8.665,9.446
46027,2023-04-09,5.478,2.195,9.704,261.301,1020.421,8.62,9.745
46027,2023-04-16,4.521,2.051,10.982,282.253,1020.054,8.933,10.024
46027,2023-04-23,4.746,2.182,10.762,277.215,1022.581,9.467,10.084
46027,2023-04-30,5.178,1.675,10.541,281.991,1017.491,9.99,9.864
46027,2023-05-07,4.586,2.159,11.752,269.238,1013.698,10.062,10.142
46027,2023-05-14,4.201,1.644,10.518,254.324,1017.706,11.503,11.591
46027,2023-05-21,4.654,1.414,11.062,256.64,1018.897,12.006,12.336
46027,2023-05-28,8.057,2.313,7.602,308.087,1014.877,10.369,9.351
46027,2023-06-04,7.598,2.412,7.846,303.26,1015.904,10.316,9.395
46027,2023-06-11,4.604,1.837,10.534,282.598,1013.895,11.477,10.78
46027,2023-06-18,8.323,2.351,8.187,307.211,1016.367,10.956,9.721
46027,2023-06-25,2.565,1.371,8.574,292.146,1018.494,11.149,10.868
46027,2023-07-02,4.817,1.66,7.978,299.539,1016.061,11.64,10.898
46027,2023-07-09,3.376,1.84,9.045,300.437,1014.614,11.656,11.15
46027,2023-07-16,2.865,1.161,8.546,283.423,1017.794,12.955,12.56
46027,2023-07-23,4.504,1.283,6.247,306.865,1017.684,12.274,11.197
46027,2023-07-30,3.771,1.183,6.816,291.475,1019.041,12.766,11.177
46027,2023-08-06,3.5,1.095,8.281,294.487,1019.169,12.925,11.339
46027,2023-08-13,3.342,1.379,7.69,297.208,1015.714,13.179,11.275
46027,2023-08-20,2.454,2.067,9.505,295.406,1012.348,14.154,13.793
46027,2023-08-27,3.213,1.438,8.698,287.396,1015.342,13.43,12.705
46027,2023-09-03,4.579,1.361,9.956,277.392,1016.013,14.381,13.057
46027,2023-09-10,2.692,1.255,11.322,264.871,1017.569,13.782,13.27
46027,2023-09-17,3.046,1.53,8.85,283.263,1016.021,13.58,12.701
46027,2023-09-24,5.937,2.155,10.974,291.163,1015.621,12.726,11.647
46027,2023-10-01,7.289,2.852,10.825,275.329,1015.57,13.293,12.197
46027,2023-10-08,4.978,1.68,11.101,277.293,1016.989,12.639,11.139
46027,2023-10-15,4.065,2.409,11.911,266.512,1012.744,13.144,12.642
46027,2023-10-22,3.175,2.45,14.666,268.5,1015.572,13.32,13.24
46027,2023-10-29,5.08,1.697,9.165,298.603,1019.091,11.952,12.121
46027,2023-11-05,3.825,1.45,12.171,233.17,1019.07,13.271,12.91
46027,2023-11-12,4.584,2.789,12.107,270.817,1020.561,12.408,13.164
46027,2023-11-19,3.859,2.354,11.181,266.592,1013.888,13.537,13.465
46027,2023-11-26,6.113,2.667,13.397,280.446,1023.209,11.778,12.4
46027,2023-12-03,4.842,2.214,12.093,272.327,1018.673,11.559,12.013
46027,2023-12-10,6.245,3.273,13.822,270.036,1022.53,12.003,12.794
46027,2023-12-17,3.386,1.871,11.59,258.887,1019.173,11.729,12.189
46027,2023-12-24,5.132,2.474,11.514,246.378,1013.455,11.809,12.35
46027,2023-12-31,6.916,4.249,14.357,248.452,1015.776,12.891,12.558
46027,2024-01-07,5.832,3.491,14.122,257.432,1021.719,10.548,12.477
46027,2024-01-14,6.829,3.376,11.692,264.926,1019.608,9.671,11.903
46027,2024-01-21,6.586,2.632,11.3,236.872,1011.501,11.771,11.799
46027,2024-01-28,6.296,2.93,11.808,239.786,1016.488,12.5,12.093
46027,2024-02-04,7.055,3.383,12.838,251.67,1008.394,11.878,12.14
46027,2024-02-11,5.425,2.85,13.506,269.905,1013.744,9.747,11.849
46027,2024-02-18,5.628,2.768,12.015,246.539,1015.379,11.433,11.853
46027,2024-02-25,5.758,2.553,13.366,248.315,1016.152,11.676,11.977
46027,2024-03-03,7.562,3.411,12.32,274.449,1012.132,8.882,11.826
46027,2024-03-10,7.787,2.496,10.602,269.47,1016.746,9.443,11.421
46027,2024-03-17,5.757,2.977,14.239,262.346,1019.327,11.253,11.593
46027,2024-03-24,5.565,2.129,13.513,250.042,1015.122,11.198,11.901
46027,2024-03-31,7.093,2.909,12.58,267.225,1012.843,10.94,11.856
46027,2024-04-07,5.947,2.308,11.439,284.485,1020.06,9.576,10.963
46027,2024-04-14,4.79,2.071,11.765,282.033,1018.863,10.359,10.706
46027,2024-04-21,7.712,1.836,10.424,272.321,1021.032,10.009,9.427
46027,2024-04-28,5.009,1.931,9.117,288.708,1018.139,10.365,9.925
46027,2024-05-05,4.777,1.687,9.015,272.417,1019.127,10.152,11.175
46027,2024-05-12,6.054,2.043,10.219,276.235,1018.57,10.844,10.111
46027,2024-05-19,10.396,2.679,7.707,312.003,1015.539,10.065,8.716
46027,2024-05-26,7.907,1.821,8.399,294.199,1019.077,9.38,7.728
46027,2024-06-02,6.537,1.523,8.838,293.321,1020.245,10.186,8.328
46027,2024-06-09,4.609,2.274,11.315,271.099,1015.735,11.466,10.417
46027,2024-06-16,6.001,2.198,9.729,282.864,1018.846,10.138,8.822
46027,2024-06-23,5.466,1.48,7.149,315.015,1014.516,9.723,8.781
46027,2024-06-30,4.749,1.584,9.621,296.012,1016.432,10.707,9.775
46027,2024-07-07,6.708,2.108,8.102,319.722,1015.153,11.445,9.273
46027,2024-07-14,3.195,1.883,7.511,321.622,1013.583,11.26,10.979
46027,2024-07-21,3.386,1.18,10.951,277.795,1018.703,11.792,11.59
46027,2024-07-28,5.731,1.97,7.393,315.403,1015.579,11.402,10.66
46027,2024-08-04,2.273,0.947,7.974,299.417,1017.122,13.509,13.114
46027,2024-08-11,2.637,1.393,7.386,318.304,1016.013,12.394,11.883
46027,2024-08-18,2.312,0.892,8.81,301.11,1017.063,13.664,12.991
46027,2024-08-25,3.315,1.076,9.901,290.595,1017.36,14.911,14.822
46027,2024-09-01,4.502,1.724,8.752,318.221,1017.094,12.946,13.309
46027,2024-09-08,2.138,1.461,10.28,303.734,1015.479,13.319,13.591
46027,2024-09-15,4.97,1.503,7.92,318.11,1012.752,13.003,12.774
46027,2024-09-22,7.774,2.133,8.124,320.85,1013.294,11.656,10.488
46027,2024-09-29,4.845,2.358,11.232,300.58,1013.043,11.461,10.686
46027,2024-10-06,6.366,2.168,9.895,311.346,1015.761,11.478,10.48
46027,2024-10-13,2.965,1.813,11.891,284.335,1016.927,11.679,11.317
46027,2024-10-20,3.745,2.172,11.346,291.546,1020.281,12.146,11.812
46027,2024-10-27,4.181,1.75,9.593,283.952,1019.333,11.856,11.285
46027,2024-11-03,5.933,3.05,11.958,294.451,1016.936,12.071,12.478
46027,2024-11-10,4.168,2.366,13.758,291.434,1020.87,11.947,11.948
46027,2024-11-17,7.19,3.292,12.41,277.204,1016.227,11.408,12.244
46027,2024-11-24,8.79,3.756,11.525,268.336,1010.699,10.988,11.709
46027,2024-12-01,4.024,1.43,9.815,292.411,1020.269,9.627,11.537
46027,2024-12-08,3.312,1.729,12.951,272.161,1023.813,10.759,11.745
46027,2024-12-15,6.381,3.129,13.455,277.316,1016.916,11.057,11.713
46027,2024-12-22,7.08,3.28,12.81,263.312,1018.095,12.156,11.584
46027,2024-12-29,8.007,4.784,14.773,271.929,1014.316,11.878,11.754
46027,2025-01-05,7.27,3.041,12.182,273.783,1020.505,10.83,11.644
46027,2025-01-12,5.309,2.529,14.222,279.099,1027.5,10.987,11.508
46027,2025-01-19,3.333,2.243,14.852,284.087,1025.502,9.416,10.82
46027,2025-01-26,5.444,2.128,12.722,296.543,1025.123,9.801,9.978
46027,2025-02-02,4.612,1.657,10.766,280.167,1019.11,8.783,9.343
46027,2025-02-09,4.931,1.864,10.431,293.649,1016.845,6.939,9.13
46027,2025-02-16,7.184,2.352,11.549,269.943,1015.155,8.188,9.43
46027,2025-02-23,5.718,2.909,12.91,275.173,1021.452,10.038,9.965
46027,2025-03-02,5.305,3.479,13.569,268.451,1018.343,10.191,10.541
46027,2025-03-09,4.95,2.584,11.776,279.069,1020.335,9.238,10.331
46027,2025-03-16,8.084,3.517,12.299,268.682,1008.239,9.366,10.318
46027,2025-03-23,6.89,2.978,12.296,277.967,1022.111,9.584,10.405
46027,2025-03-30,6.282,3.134,12.904,265.708,1013.057,10.55,11.095
46027,2025-04-06,6.35,2.069,10.682,281.045,1017.479,10.086,11.067
46027,2025-04-13,7.42,2.436,11.055,294.914,1021.477,10.878,11.104
46027,2025-04-20,5.913,2.489,9.625,307.443,1016.087,10.114,10.369
46027,2025-04-27,9.72,2.355,8.867,314.186,1015.178,9.09,8.502
46027,2025-05-04,7.716,2.058,10.62,303.851,1018.986,9.01,
46027,2025-05-11,5.861,1.943,10.231,292.006,1017.895,9.305,
46027,2025-05-18,6.317,2.096,9.483,291.961,1018.339,10.045,
46027,2025-05-25,3.705,1.637,9.874,293.08,1020.533,10.098,
46027,2025-06-01,5.509,2.104,9.642,296.869,1018.028,10.843,
46027,2025-06-08,9.383,2.797,8.089,323.357,1015.036,9.147,
46027,2025-06-15,4.28,1.912,8.448,319.952,1016.478,10.817,
46027,2025-06-22,4.427,1.552,8.504,300.64,1018.835,10.605,
46027,2025-06-29,4.161,1.476,8.477,304.199,1017.145,11.166,
46027,2025-07-06,3.926,1.783,8.699,306.832,1015.793,11.136,
46027,2025-07-13,5.273,1.968,7.788,320.631,1016.513,11.511,
46027,2025-07-20,3.489,2.16,8.708,317.624,1014.617,11.592,
46027,2025-07-27,2.152,0.952,7.87,308.433,1016.519,12.95,
46027,2025-08-03,3.74,1.041,6.973,313.06,1019.94,13.775,
46027,2025-08-10,6.178,1.631,10.471,289.455,1017.408,13.486,
46027,2025-08-17,2.063,1.616,10.363,287.655,1016.261,12.752,
46027,2025-08-24,2.397,1.458,8.488,320.938,1016.357,13.786,
46027,2025-08-31,2.234,1.075,9.974,292.257,1016.291,13.471,
46027,2025-09-07,2.528,1.156,9.119,287.381,1015.002,13.694,
46027,2025-09-14,2.281,1.298,11.403,270.803,1014.924,14.68,
46027,2025-09-21,4.117,2.066,9.264,303.539,1014.223,14.098,
46027,2025-09-28,5.612,2.456,10.61,306.342,1013.338,13.502,
46027,2025-10-05,6.212,2.584,10.707,296.872,1014.714,13.867,
46027,2025-10-12,3.143,1.818,9.851,307.293,1012.783,13.318,
46027,2025-10-19,4.522,2.3,11.237,308.481,1014.591,12.559,
46027,2025-10-26,5.512,3.629,13.969,288.728,1017.131,13.048,
46027,2025-11-02,4.102,2.681,12.832,288.622,1021.653,12.7,
46027,2025-11-09,5.944,3.27,12.74,273.101,1015.302,13.461,
46027,2025-11-16,5.114,2.334,11.115,278.557,1012.406,13.741,
46027,2025-11-23,6.724,3.196,12.027,287.135,1015.678,11.928,
46027,2025-11-30,3.796,2.147,12.707,283.396,1022.289,11.843,
46027,2025-12-07,4.046,1.939,12.645,279.56,1022.61,11.996,
46027,2025-12-14,3.629,2.162,11.945,287.57,1022.165,12.068,
46027,2025-12-21,6.07,2.746,10.411,276.637,1016.583,11.684,
46027,2025-12-28,6.775,2.69,10.516,282.8,1009.915,10.645,
46027,2026-01-04,2.597,1.505,10.406,300.5,1022.21,11.24,
46027,2026-03-08,10.188,2.255,10.323,318.148,1024.081,11.014,
46027,2026-03-15,5.168,2.083,11.131,310.275,1024.759,10.293,
46027,2026-03-22,5.61,1.715,10.39,283.126,1020.453,10.713,
46027,2026-03-29,6.415,2.077,10.277,302.147,1019.814,9.979,
46027,2026-04-05,4.369,1.917,9.398,298.948,1016.394,10.25,
46027,2026-04-12,2.56,1.338,11.176,279.982,1013.269,10.886,
46027,2026-04-19,5.314,1.713,9.579,298.467,1019.201,10.654,
46027,2026-04-26,4.296,2.008,10.891,268.973,1009.551,12.054,
46028,2017-01-01,7.1,2.835,11.54,328.125,1014.646,11.704,13.175
46028,2017-01-08,7.665,2.21,9.451,249.708,1016.539,12.539,12.989
46028,2017-01-15,6.403,2.409,10.836,275.851,1016.94,12.702,12.826
46028,2017-01-22,5.963,3.464,14.623,273.81,1012.432,12.567,12.593
46028,2017-01-29,4.279,3.117,14.529,297.458,1024.096,12.048,12.555
46028,2017-02-05,4.696,2.002,12.609,257.988,1017.793,13.181,13.065
46028,2017-02-12,6.288,2.28,11.032,267.281,1017.36,13.694,13.264
46028,2017-02-19,6.874,2.728,13.186,275.722,1012.097,13.027,12.997
46028,2017-02-26,7.449,2.567,12.507,292.089,1020.627,11.812,12.799
46028,2017-03-05,7.223,2.163,12.86,314.476,1018.995,12.229,12.691
46028,2017-03-12,7.462,2.241,11.182,304.82,1021.399,12.645,12.311
46028,2017-03-19,4.532,1.372,10.803,281.238,1018.223,12.379,12.33
46028,2017-03-26,6.136,2.098,11.897,261.898,1019.195,13.349,13.026
46028,2017-04-02,10.074,3.393,12.365,307.982,1018.013,12.818,12.501
46028,2017-04-09,6.611,2.859,13.416,288.94,1015.974,12.732,12.996
46028,2017-04-16,6.776,2.271,12.408,293.126,1017.797,13.185,13.441
46028,2017-04-23,7.579,2.142,12.761,273.655,1018.518,13.877,13.716
46028,2017-04-30,10.921,2.476,10.067,309.97,1017.03,13.326,12.957
46028,2017-05-07,8.608,2.808,10.598,292.077,1012.807,12.336,12.467
46028,2017-05-14,7.708,2.61,10.789,312.886,1016.369,12.613,13.027
46028,2017-05-21,8.813,2.175,9.238,315.162,1014.85,12.315,12.053
46028,2017-05-28,4.373,1.58,11.704,271.839,1014.746,13.351,14.039
46028,2017-06-04,11.248,2.185,8.717,302.833,1013.241,13.207,11.978
46028,2017-06-11,8.027,1.944,9.975,283.024,1014.224,13.39,13.043
46028,2017-06-18,11.301,2.495,8.025,317.482,1014.059,13.891,12.71
46028,2017-06-25,5.868,2.099,11.665,271.359,1011.507,14.393,14.89
46028,2017-07-02,9.454,2.034,9.67,292.964,1014.104,14.337,13.858
46028,2017-07-09,7.304,1.817,9.651,275.509,1014.794,13.494,12.477
46028,2017-07-16,8.723,1.933,10.785,272.445,1014.494,13.628,13.357
46028,2017-07-23,10.799,2.208,7.604,331.03,1013.834,13.866,13.851
46028,2017-07-30,4.365,1.565,9.164,312.595,1015.004,14.411,14.979
46028,2017-08-06,4.174,1.27,14.303,183.988,1014.192,15.561,15.318
46028,2017-08-13,8.769,1.474,8.465,292.819,1013.763,15.783,15.634
46028,2017-08-20,4.116,1.684,10.407,292.649,1014.223,16.326,15.948
46028,2017-08-27,5.68,1.636,9.393,308.647,1013.719,15.825,15.514
46028,2017-09-03,5.943,1.627,10.22,275.713,1010.116,15.859,14.371
46028,2017-09-10,3.695,1.432,13.359,257.107,1013.856,17.514,17.146
46028,2017-09-17,4.864,1.605,9.555,302.5,1012.938,17.917,18.293
46028,2017-09-24,9.213,2.121,9.871,332.196,1012.987,16.642,16.439
46028,2017-10-01,7.233,1.71,8.35,312.256,1012.084,16.304,16.027
46028,2017-10-08,7.715,2.249,10.648,308.893,1012.13,14.783,14.174
46028,2017-10-15,5.862,2.661,10.415,318.571,1014.435,14.804,14.494
46028,2017-10-22,6.817,2.405,13.671,294.125,1018.342,15.182,14.771
46028,2017-10-29,4.795,2.55,14.113,290.97,1014.651,15.453,15.063
46028,2017-11-05,3.816,1.607,12.625,294.863,1015.086,14.842,14.763
46028,2017-11-12,4.367,1.729,11.479,284.137,1018.028,14.592,14.521
46028,2017-11-19,4.778,1.892,11.82,288.114,1018.813,15.153,15.143
46028,2017-11-26,5.158,1.521,12.222,291.887,1016.993,16.215,15.419
46028,2017-12-03,8.071,3.16,15.19,320.708,1017.424,14.835,15.47
46028,2017-12-10,3.056,1.693,13.789,285.15,1022.956,15.565,15.336
46028,2017-12-17,5.979,2.653,13.353,303.5,1017.786,15.444,15.205
46028,2017-12-24,4.401,1.846,12.242,313.786,1022.298,13.235,14.143
46028,2017-12-31,5.276,1.713,12.2,288.381,1019.796,13.835,13.692
46028,2018-01-07,4.542,1.615,13.075,285.696,1019.776,13.882,13.854
46028,2018-01-14,6.024,2.539,13.637,287.708,1017.228,14.231,14.012
46028,2018-01-21,6.078,3.417,15.359,302.347,1020.986,13.298,13.883
46028,2018-01-28,5.239,2.732,13.295,309.518,1023.895,13.176,13.784
46028,2018-02-04,3.647,1.619,10.449,316.533,1018.035,15.013,13.955
46028,2018-02-11,5.628,1.679,12.017,292.108,1016.408,14.154,14.01
46028,2018-02-18,7.481,2.181,11.088,318.139,1018.489,12.852,13.413
46028,2018-02-25,9.005,2.81,11.848,323.449,1023.09,10.514,12.756
46028,2018-03-04,6.162,2.964,11.797,307.702,1018.282,11.009,12.184
46028,2018-03-11,3.085,1.463,13.362,286.137,1018.128,12.455,13.046
46028,2018-03-18,4.732,2.104,12.099,297.431,1016.76,12.267,13.202
46028,2018-03-25,6.876,2.136,10.905,268.732,1017.084,12.577,12.979
46028,2018-04-01,5.671,2.118,9.17,322.089,1018.672,12.916,13.305
46028,2018-04-08,5.792,1.723,11.056,274.214,1016.348,13.083,12.876
46028,2018-04-15,5.554,2.973,12.973,305.804,1020.374,12.745,12.09
46028,2018-04-22,,2.463,11.425,306.21,1019.154,11.981,11.665
46028,2018-04-29,,1.832,13.57,288.256,1017.551,12.446,12.623
46028,2018-05-06,,2.11,9.016,316.204,1018.047,12.41,12.868
46028,2018-05-13,,2.476,8.494,320.108,1015.019,12.729,12.389
46028,2018-05-20,,1.815,10.176,287.911,1016.279,13.571,13.995
46028,2018-05-27,,1.981,11.511,279.929,1016.131,13.071,14.08
46028,2018-06-03,,2.42,9.176,325.335,1013.775,13.292,13.381
46028,2018-06-10,,2.532,8.022,329.417,1014.376,13.188,12.615
46028,2018-06-17,,2.455,9.463,321.661,1010.602,13.202,13.002
46028,2018-06-24,,2.033,9.9,304.256,1013.764,12.961,12.567
46028,2018-07-01,,1.786,10.388,289.431,1014.525,13.856,13.304
46028,2018-07-08,,2.158,10.194,283.833,1015.232,14.718,14.533
46028,2018-07-15,,1.836,9.733,293.411,1014.966,14.659,13.987
46028,2018-07-22,,1.514,9.981,305.768,1015.595,14.995,15.434
46028,2018-07-29,,2.122,10.754,301.018,1015.001,14.293,13.798
46028,2018-08-05,,2.026,7.338,330.708,1013.461,13.427,13.875
46028,2018-08-12,,1.713,8.702,274.012,1013.37,13.277,14.256
46028,2018-08-19,,1.455,14.598,205.659,1015.389,14.775,14.54
46028,2018-08-26,,1.295,9.89,311.036,1015.52,15.93,16.428
46028,2018-09-02,,1.819,8.54,326.054,1014.361,16.351,16.712
46028,2018-09-09,,2.045,8.703,316.363,1013.691,15.467,16.704
46028,2018-09-16,,2.399,9.775,297.794,1012.192,15.293,14.577
46028,2018-09-23,,1.763,10.279,287.94,1012.868,14.45,15.514
46028,2018-09-30,,1.36,11.781,267.815,1013.078,15.058,15.688
46028,2018-10-07,,1.925,11.882,258.321,1012.196,16.143,16.638
46028,2018-10-14,,2.229,12.118,272.309,1010.342,15.928,16.314
46028,2018-10-21,,1.625,14.069,275.762,1017.152,15.698,16.807
46028,2018-10-28,,2.35,12.364,296.569,1015.665,15.541,15.74
46028,2018-11-04,,2.68,10.371,318.03,1017.414,14.939,14.33
46028,2018-11-11,,2.08,10.371,314.274,1014.919,15.025,14.689
46028,2018-11-18,,1.496,13.336,258.293,1020.583,15.505,15.976
46028,2018-11-25,,1.853,11.829,273.274,1017.801,15.807,16.085
46028,2018-12-02,,3.381,13.401,298.53,1015.258,15.313,15.955
46028,2018-12-09,,2.182,12.473,261.353,1017.514,14.444,14.989
46028,2018-12-16,,3.021,13.869,293.099,1020.076,14.903,15.091
46028,2018-12-23,,3.781,15.221,300.765,1020.643,15.027,15.192
46028,2018-12-30,,3.408,12.443,315.952,1019.626,13.766,14.379
46028,2019-01-06,,2.647,13.026,296.785,1016.992,12.928,13.738
46028,2019-01-13,,3.063,12.349,251.625,1016.916,13.149,13.589
46028,2019-01-20,,3.47,13.827,255.721,1017.41,14.157,13.775
46028,2019-01-27,,2.325,12.5,298.214,1023.064,13.803,13.678
46028,2019-02-03,,2.621,13.089,272.719,1010.811,13.676,13.956
46028,2019-02-10,,2.842,14.097,299.542,1015.702,11.57,13.537
46028,2019-02-17,,3.592,12.571,263.446,1015.064,12.242,13.285
46028,2019-02-24,,3.085,10.98,324.28,1018.229,11.47,13.044
46028,2019-03-03,,1.946,12.066,272.435,1016.746,12.787,13.017
46028,2019-03-10,,1.913,11.106,266.345,1015.258,11.972,13.03
46028,2019-03-17,,3.094,14.41,307.516,1018.124,12.735,12.921
46028,2019-03-24,,2.592,14.562,279.637,1018.163,12.776,13.439
46028,2019-03-31,,2.24,12.823,289.461,1020.447,13.821,14.015
46028,2019-04-07,,1.856,15.085,278.083,1017.396,13.951,14.317
46028,2019-04-14,,3.556,11.669,319.156,1019.051,13.587,13.966
46028,2019-04-21,,2.115,12.791,302.503,1016.604,13.863,14.262
46028,2019-04-28,,1.483,10.661,298.455,1015.215,14.545,15.936
46028,2019-05-05,,1.13,14.332,216.702,1012.468,15.5,16.374
46028,2019-10-27,4.509,1.846,10.478,301.459,1011.951,16.059,13.927
46028,2019-11-03,4.074,1.459,13.508,283.958,1016.932,15.179,15.397
46028,2019-11-10,6.149,1.239,8.857,293.856,1017.559,13.303,15.346
46028,2019-11-17,4.55,2.01,13.588,282.353,1017.689,13.789,15.521
46028,2019-11-24,5.439,2.759,12.404,300.476,1013.001,14.584,14.921
46028,2019-12-01,8.42,3.578,11.76,282.251,1010.325,11.892,13.975
46028,2019-12-08,7.013,2.409,11.911,266.958,1015.521,14.278,13.969
46028,2019-12-15,5.795,2.676,13.747,288.389,1021.806,13.616,14.68
46028,2019-12-22,5.676,2.901,13.751,291.583,1019.353,13.815,14.442
46028,2019-12-29,7.451,3.052,13.553,305.405,1013.76,12.474,13.996
46028,2020-01-05,7.56,3.049,14.672,297.749,1021.451,13.245,13.767
46028,2020-01-12,8.685,2.772,11.836,309.185,1022.88,12.61,13.478
46028,2020-01-19,5.736,2.58,12.624,303.655,1020.488,11.87,13.101
46028,2020-01-26,4.591,2.774,14.693,294.78,1020.218,12.818,13.049
46028,2020-02-02,9.355,2.878,13.576,301.898,1023.602,12.696,12.984
46028,2020-02-09,9.179,3.354,10.654,316.28,1019.298,11.363,12.461
46028,2020-02-16,5.389,2.456,12.719,302.599,1018.158,12.152,12.757
46028,2020-02-23,7.074,2.102,12.67,300.738,1018.092,12.387,13.2
46028,2020-03-01,6.73,2.638,12.815,301.461,1021.577,12.787,13.48
46028,2020-03-08,4.676,2.844,12.268,308.006,1016.556,12.208,13.522
46028,2020-03-15,5.313,2.039,10.943,283.292,1014.427,13.054,13.884
46028,2020-03-22,3.823,1.254,13.854,242.208,1016.184,11.999,13.604
46028,2020-03-29,5.742,1.682,12.902,297.129,1019.948,12.094,13.96
46028,2020-04-05,10.527,2.395,9.117,300.204,1016.74,12.488,13.439
46028,2020-04-12,4.706,1.752,13.063,260.856,1015.557,11.953,13.391
46028,2020-04-19,4.453,1.64,11.116,296.863,1017.927,12.841,13.74
46028,2020-04-26,10.617,2.319,11.732,301.916,1019.37,13.196,13.153
46028,2020-05-03,11.278,2.21,10.955,300.838,1017.649,13.023,13.308
46028,2020-05-10,8.285,2.475,10.859,292.47,1015.634,12.761,13.059
46028,2020-05-17,5.609,1.798,12.921,255.298,1016.193,14.244,14.362
46028,2020-05-24,8.35,2.576,10.158,304.491,1015.453,13.549,13.3
46028,2020-05-31,3.626,1.716,12.423,268.571,1013.034,13.412,13.203
46028,2020-06-07,7.179,2.119,9.903,288.673,1013.623,14.173,14.31
46028,2020-06-14,9.671,2.009,9.006,304.018,1017.372,13.675,13.89
46028,2020-06-21,7.515,2.259,8.616,306.387,1014.268,13.653,13.992
46028,2020-06-28,3.089,1.869,9.544,294.792,1012.507,14.036,14.487
46028,2020-07-05,5.859,2.493,11.316,289.813,1013.907,14.119,14.956
46028,2020-07-12,10.98,2.257,8.092,317.168,1013.854,13.295,13.109
46028,2020-07-19,3.087,1.488,9.176,316.72,1014.217,14.344,15.119
46028,2020-07-26,4.518,1.33,9.391,312.946,1013.595,14.911,15.591
46028,2020-08-02,7.374,1.36,9.657,273.171,1014.472,14.438,14.909
46028,2020-08-09,6.64,1.845,8.081,312.114,1014.622,14.422,13.677
46028,2020-08-16,3.218,1.443,10.201,290.311,1012.373,15.859,15.672
46028,2020-08-23,9.54,2.019,7.407,315.916,1011.02,15.374,14.777
46028,2020-08-30,3.376,1.756,9.257,305.789,1011.026,14.302,14.828
46028,2020-09-06,6.008,,,,1013.766,15.719,16.074
46028,2020-09-13,5.075,1.022,13.087,216.826,1011.488,14.686,14.859
46028,2020-09-20,7.471,1.266,9.98,257.827,1014.661,15.341,15.7
46028,2020-09-27,8.87,2.548,10.378,313.012,1014.566,14.69,
46028,2020-10-04,5.991,2.174,12.337,300.56,1013.616,14.566,
46028,2020-10-11,4.929,1.548,11.649,268.53,1014.949,13.932,
46028,2020-10-18,4.55,2.091,10.625,302.351,1015.014,15.851,
46028,2020-10-25,3.131,1.643,10.521,291.957,1013.095,15.276,
46028,2020-11-01,4.563,1.288,10.461,300.768,1017.325,15.085,
46028,2020-11-08,9.327,2.7,13.13,307.966,1013.714,13.85,
46028,2020-11-15,6.904,1.908,11.51,310.045,1022.839,12.526,
46028,2020-11-22,5.448,2.093,12.37,292.75,1018.198,13.814,
46028,2020-11-29,7.858,2.446,12.224,308.875,1019.719,12.282,
46028,2020-12-06,6.273,2.416,15.172,305.167,1022.181,11.846,
46028,2020-12-13,5.975,2.892,14.019,300.827,1018.151,12.657,
46028,2020-12-20,6.744,3.17,14.017,302.244,1021.515,12.254,
46028,2020-12-27,5.734,2.262,12.7,296.437,1021.1,12.851,
46028,2021-01-03,6.727,3.421,15.72,295.577,,12.162,
46028,2021-01-10,6.193,3.753,15.572,303.376,1022.365,12.686,
46028,2021-01-17,5.71,,,,1022.497,13.021,
46028,2021-01-24,6.322,2.721,13.413,294.75,1012.504,12.972,
46028,2021-01-31,6.847,3.572,12.966,286.904,1014.206,11.183,
46028,2021-02-07,6.954,2.617,11.915,309.554,1019.425,12.021,
46028,2021-02-14,7.279,1.974,11.454,307.417,1017.265,11.836,
46028,2021-02-21,8.421,2.914,13.751,299.687,1023.859,11.799,
46028,2021-02-28,9.133,3.085,11.632,313.756,1020.374,11.843,
46028,2021-03-07,4.507,,,,1018.368,11.796,
46028,2021-03-14,3.658,3.431,13.331,301.19,1021.837,11.081,
46028,2021-03-21,7.219,,,,1019.589,10.698,
46028,2021-03-28,9.955,1.557,9.855,317.875,,11.092,
46028,2021-04-04,6.35,2.01,12.415,292.343,,11.939,
46028,2021-04-11,12.424,2.466,9.056,311.827,,10.515,
46028,2021-04-18,7.984,2.292,11.477,311.719,,10.606,
46028,2021-04-25,6.613,2.271,11.638,277.542,,10.843,
46028,2021-05-02,10.149,1.976,10.054,288.298,,11.499,
46028,2021-05-09,10.937,2.64,11.635,300.725,,11.34,
46028,2021-05-16,4.498,2.11,10.74,301.804,1015.872,11.048,11.913
46028,2021-05-23,9.891,2.745,10.414,289.681,1018.116,11.856,12.536
46028,2021-05-30,10.94,2.241,8.509,310.904,1017.352,11.986,12.482
46028,2021-06-06,6.182,2.008,12.246,273.863,1013.869,12.493,12.959
46028,2021-06-13,8.938,1.971,9.485,314.186,1017.3,13.471,12.98
46028,2021-06-20,6.486,2.271,9.209,322.042,1011.991,13.484,12.381
46028,2021-06-27,5.38,1.6,13.126,226.554,1014.117,14.603,14.24
46028,2021-07-04,6.812,2.088,9.061,307.321,1012.519,14.165,14.229
46028,2021-07-11,7.94,2.281,10.009,302.186,1013.74,14.036,14.649
46028,2021-07-18,6.311,2.206,9.31,315.607,1014.767,13.63,15.104
46028,2021-07-25,6.58,2.14,8.722,320.521,1015.963,14.075,14.724
46028,2021-08-01,2.128,1.161,11.19,244.119,1015.975,15.119,15.371
46028,2021-08-08,6.533,1.695,8.889,293.713,1015.309,14.658,14.986
46028,2021-08-15,3.958,1.46,11.492,271.583,1015.548,14.956,14.85
46028,2021-08-22,4.858,2.095,11.465,276.31,1011.144,16.021,16.724
46028,2021-08-29,4.354,1.696,8.764,304.47,1011.552,16.006,17.568
46028,2021-09-05,3.845,1.624,9.264,314.548,1012.044,15.424,17.559
46028,2021-09-12,6.991,1.649,9.955,289.28,1013.705,15.97,17.22
46028,2021-09-19,3.948,1.869,13.55,245.79,1014.425,15.199,16.879
46028,2021-09-26,3.663,2.142,13.062,302.577,1015.618,15.606,16.275
46028,2021-10-03,6.951,2.536,12.431,303.613,1015.471,14.522,15.634
46028,2021-10-10,6.054,1.807,12.435,295.12,1016.706,14.817,15.281
46028,2021-10-17,7.189,2.907,11.963,309.596,1015.783,14.451,14.249
46028,2021-10-24,4.911,2.635,12.714,294.578,1016.31,14.294,14.283
46028,2021-10-31,5.266,3.316,14.077,301.482,1016.648,14.858,15.042
46028,2021-11-07,7.641,2.486,12.873,291.5,1019.011,15.138,15.527
46028,2021-11-14,6.173,2.176,11.287,295.772,1020.389,14.998,14.812
46028,2021-11-21,4.349,1.707,10.956,296.861,1018.761,13.947,15.119
46028,2021-11-28,3.969,1.792,11.556,301.083,1019.897,,14.654
46028,2021-12-05,4.391,2.016,12.577,294.798,1019.628,,14.909
46028,2021-12-12,6.319,2.076,10.304,302.705,1018.197,12.703,14.593
46028,2021-12-19,5.807,2.947,13.734,302.321,1018.238,12.367,13.401
46028,2021-12-26,6.526,2.223,13.003,285.375,1015.079,12.713,13.528
46028,2022-01-02,5.967,2.498,11.344,315.798,1014.315,11.753,13.1
46028,2022-01-09,5.457,2.174,13.39,295.863,1021.036,12.458,13.264
46028,2022-01-16,2.965,2.329,13.948,277.798,1022.903,13.837,13.278
46028,2022-01-23,4.436,1.752,11.399,290.353,1020.339,13.078,13.225
46028,2022-01-30,5.064,1.95,14.497,286.262,1020.748,13.025,13.31
46028,2022-02-06,6.485,2.411,11.809,302.067,1021.6,12.876,13.052
46028,2022-02-13,3.341,1.954,14.19,282.425,1020.73,13.429,13.291
46028,2022-02-20,6.698,2.571,12.625,294.875,1019.36,12.214,13.234
46028,2022-02-27,7.303,2.505,12.583,304.018,1021.463,11.054,12.766
46028,2022-03-06,7.336,3.039,13.374,298.147,1019.351,12.203,12.327
46028,2022-03-13,6.858,1.842,10.767,300.166,1021.881,11.811,12.285
46028,2022-03-20,8.804,2.776,13.745,300.648,1021.041,11.927,12.186
46028,2022-03-27,9.02,2.517,12.024,302.669,1017.561,11.412,11.893
46028,2022-04-03,8.997,3.071,10.376,291.677,1014.504,11.598,12.247
46028,2022-04-10,10.239,3.63,12.598,309.3,1016.55,12.616,11.958
46028,2022-04-17,7.904,2.393,10.296,299.213,1019.633,11.063,11.279
46028,2022-04-24,6.139,2.548,13.279,305.795,1018.311,12.237,12.238
46028,2022-05-01,11.774,2.831,10.73,310.488,1016.774,11.407,10.831
46028,2022-05-08,9.487,2.769,12.852,293.957,1016.222,10.993,10.619
46028,2022-05-15,9.983,2.385,8.402,315.503,1020.347,11.288,10.992
46028,2022-05-22,11.201,2.911,8.944,312.031,1014.852,11.622,11.119
46028,2022-05-29,7.096,1.868,11.557,261.307,1013.776,12.339,11.847
46028,2022-06-05,8.943,2.285,11.531,281.741,1013.159,11.927,11.352
46028,2022-06-12,10.525,2.063,8.369,302.152,1012.593,12.985,11.737
46028,2022-06-19,10.776,2.398,9.156,301.152,1013.824,12.571,11.995
46028,2022-06-26,5.193,1.828,11.338,283.548,1013.795,12.878,13.166
46028,2022-07-03,9.539,1.812,8.808,301.584,1016.686,13.013,13.399
46028,2022-07-10,7.086,1.312,7.746,291.981,1016.709,14.916,14.56
46028,2022-07-17,7.259,2.058,8.688,317.849,1013.934,14.256,14.297
46028,2022-07-24,8.547,2.131,11.88,271.037,1014.785,13.547,13.438
46028,2022-07-31,4.712,1.284,10.552,277.845,1014.344,14.523,14.458
46028,2022-08-07,4.213,1.34,12.181,201.295,1015.265,15.812,15.427
46028,2022-08-14,9.319,1.589,6.723,311.301,1015.877,16.239,15.143
46028,2022-08-21,5.494,1.766,8.074,311.986,1012.308,13.883,12.787
46028,2022-08-28,5.601,1.774,9.947,292.958,1013.287,14.193,13.745
46028,2022-09-04,7.402,1.81,8.915,284.758,1012.259,15.303,15.273
46028,2022-09-11,3.604,1.809,10.976,276.86,1009.3,16.118,15.107
46028,2022-09-18,7.385,1.559,10.232,260.31,1012.947,16.094,14.924
46028,2022-09-25,4.992,1.568,12.52,262.647,1013.961,16.546,17.099
46028,2022-10-02,6.78,1.785,10.658,289.448,1014.026,16.065,16.921
46028,2022-10-09,6.896,1.649,12.667,261.726,1016.786,15.221,15.704
46028,2022-10-16,3.747,1.272,12.879,231.28,1015.439,15.033,15.424
46028,2022-10-23,5.651,2.012,13.113,276.383,1014.285,15.677,15.74
46028,2022-10-30,8.815,2.606,12.298,316.238,1019.627,13.896,14.562
46028,2022-11-06,7.27,2.598,12.939,313.291,1018.579,13.564,14.463
46028,2022-11-13,6.35,2.49,10.879,309.387,1016.6,13.01,13.662
46028,2022-11-20,4.597,1.696,13.328,291.575,1021.256,13.251,13.558
46028,2022-11-27,4.204,2.081,14.986,271.362,1020.814,13.901,13.917
46028,2022-12-04,6.352,2.271,12.557,304.078,1016.087,12.265,13.168
46028,2022-12-11,3.977,1.889,11.89,294.068,1018.577,12.628,13.221
46028,2022-12-18,3.827,1.978,12.826,294.531,1017.949,12.208,13.365
46028,2022-12-25,4.903,1.379,13.159,277.976,1023.119,12.977,13.346
46028,2023-01-01,6.408,3.033,13.081,282.111,1014.739,13.296,13.366
46028,2023-01-08,7.012,4.079,13.941,273.229,1015.507,12.929,12.849
46028,2023-01-15,6.883,4.051,14.942,274.599,1014.473,13.328,12.807
46028,2023-01-22,7.674,3.273,13.512,296.093,1018.878,11.997,13.047
46028,2023-01-29,5.538,2.746,14.222,296.349,1021.578,12.394,13.071
46028,2023-02-05,4.222,2.091,14.25,288.636,1020.932,12.306,12.939
46028,2023-02-12,6.824,3.211,13.066,297.904,1022.493,12.029,12.641
46028,2023-02-19,6.42,3.332,13.794,301.316,1018.404,11.431,12.318
46028,2023-02-26,6.374,3.413,12.881,309.772,1013.022,10.051,12.047
46028,2023-03-05,7.937,3.261,12.842,308.658,1016.183,10.44,11.717
46028,2023-03-12,4.015,2.4,11.182,277.747,1018.498,11.374,12.158
46028,2023-03-19,6.387,1.88,10.37,258.777,1015.811,11.597,12.254
46028,2023-03-26,9.323,3.133,10.195,280.021,1017.85,10.918,11.983
46028,2023-04-02,6.124,1.996,10.968,285.711,1019.091,10.95,11.765
46028,2023-04-09,7.956,2.022,9.793,308.389,1020.587,11.058,11.828
46028,2023-04-16,10.492,2.733,10.485,316.095,1016.805,10.921,11.81
46028,2023-04-23,10.62,2.207,10.225,312.191,1019.416,11.247,11.742
46028,2023-04-30,6.914,1.929,11.897,264.299,1015.188,10.59,11.2
46028,2023-05-07,4.829,2.08,12.705,274.604,1014.161,11.865,12.622
46028,2023-05-14,7.653,1.906,11.657,275.434,1016.019,12.53,13.658
46028,2023-05-21,8.228,2.128,13.032,245.09,1015.918,12.274,13.348
46028,2023-05-28,4.539,1.805,11.834,283.135,1013.999,12.52,13.29
46028,2023-06-04,5.792,2.187,11.318,283.226,1014.174,12.872,13.672
46028,2023-06-11,3.804,1.604,13.307,248.845,1013.389,13.721,14.258
46028,2023-06-18,2.977,1.945,10.12,305.799,1014.62,14.187,15.447
46028,2023-06-25,8.14,1.991,8.07,309.443,1016.714,13.577,13.743
46028,2023-07-02,7.568,1.898,7.809,311.006,1013.437,12.779,13.731
46028,2023-07-09,6.111,1.773,11.234,267.31,1013.467,13.677,14.459
46028,2023-07-16,8.739,1.872,7.291,316.096,1013.75,12.634,13.628
46028,2023-07-23,7.244,2.156,8.65,320.851,1013.58,13.131,14.038
46028,2023-07-30,10.644,2.055,7.007,321.321,1014.869,13.278,13.521
46028,2023-08-06,10.07,1.886,7.276,319.585,1015.929,13.828,13.594
46028,2023-08-13,3.662,1.47,11.86,235.278,1014.891,14.628,14.946
46028,2023-08-20,2.684,1.479,11.377,281.445,1011.617,16.833,17.672
46028,2023-08-27,5.251,1.525,11.383,267.042,1013.311,17.107,17.458
46028,2023-09-03,6.2,2.214,10.623,280.178,1012.183,15.183,14.164
46028,2023-09-10,5.586,1.693,14.783,202.06,1014.677,15.594,15.776
46028,2023-09-17,4.822,1.72,10.679,260.449,1014.326,16.092,16.278
46028,2023-09-24,3.29,1.74,12.27,275.677,1014.229,16.701,17.826
46028,2023-10-01,7.672,2.579,11.776,300.351,1013.648,16.498,16.855
46028,2023-10-08,3.765,1.807,11.868,290.528,1013.092,16.117,16.306
46028,2023-10-15,5.553,2.137,13.143,264.675,1012.126,15.625,16.127
46028,2023-10-22,4.88,2.639,15.75,285.396,1013.523,15.82,16.852
46028,2023-10-29,8.018,2.19,9.578,300.24,1014.861,14.85,15.111
46028,2023-11-05,4.597,1.183,13.354,242.49,1017.281,15.201,15.86
46028,2023-11-12,5.826,2.467,12.093,301.676,1017.962,15.303,15.97
46028,2023-11-19,7.622,2.467,11.3,247.705,1013.639,15.918,15.968
46028,2023-11-26,5.356,2.678,13.447,300.765,1017.598,15.633,16.294
46028,2023-12-03,6.005,2.151,12.411,295.546,1018.802,15.072,15.861
46028,2023-12-10,6.174,3.032,14.39,303.729,1021.273,14.599,15.202
46028,2023-12-17,4.965,1.716,10.886,294.24,1016.534,14.473,14.92
46028,2023-12-24,6.484,2.466,11.379,276.97,1012.324,14.752,15.086
46028,2023-12-31,5.698,3.874,15.878,274.536,1019.12,14.211,15.213
46028,2024-01-07,7.375,3.777,14.496,300.265,1020.671,13.969,15.148
46028,2024-01-14,8.026,2.853,13.325,320.707,1021.279,12.539,13.575
46028,2024-01-21,5.591,2.027,12.219,279.298,1014.772,13.311,13.709
46028,2024-01-28,4.593,2.096,12.951,279.44,1017.651,13.911,14.113
46028,2024-02-04,6.08,3.316,13.123,274.793,1011.587,13.474,14.229
46028,2024-02-11,7.622,3.202,13.285,294.491,1013.15,12.425,13.705
46028,2024-02-18,5.207,2.142,13.618,280.631,1017.972,13.017,13.775
46028,2024-02-25,4.234,2.7,14.646,282.143,1017.232,13.643,13.968
46028,2024-03-03,5.526,3.094,13.31,304.083,1015.798,12.952,14.258
46028,2024-03-10,5.623,2.45,12.097,304.58,1017.529,12.629,14.09
46028,2024-03-17,6.059,3.335,14.845,303.587,1016.112,13.379,
46028,2024-03-24,6.73,2.098,14.714,292.613,1015.904,12.84,
46028,2024-03-31,6.792,2.946,13.789,306.693,1013.007,12.6,
46028,2024-04-07,7.245,2.524,11.443,309.931,1018.203,11.978,
46028,2024-04-14,7.66,2.354,11.929,300.509,1015.083,11.822,
46028,2024-04-21,6.903,1.846,11.875,263.907,1016.783,12.273,
46028,2024-04-28,7.187,2.05,9.652,298.648,1016.444,13.043,
46028,2024-05-05,11.393,2.851,8.716,316.416,1014.012,11.561,
46028,2024-05-12,6.796,1.982,11.889,296.296,1014.311,12.1,
46028,2024-05-19,3.442,1.515,12.589,284.949,1014.316,12.233,
46028,2024-05-26,8.109,2.343,9.359,312.878,1014.95,12.181,
46028,2024-06-02,8.972,2.356,8.641,315.815,1015.318,12.121,
46028,2024-06-09,6.593,2.281,10.556,308.887,1012.185,12.615,
46028,2024-06-16,8.57,2.72,9.961,310.449,1013.598,12.712,
46028,2024-06-23,9.642,2.003,7.748,317.74,1010.263,12.175,
46028,2024-06-30,7.425,1.956,8.933,315.476,1012.459,12.987,
46028,2024-07-07,6.176,2.09,11.55,274.673,1011.637,12.809,
46028,2024-07-14,4.256,1.54,10.055,277.239,1011.978,13.534,
46028,2024-07-21,6.975,1.759,11.139,279.385,1015.13,14.419,
46028,2024-07-28,4.767,1.888,9.286,314.006,1013.7,13.565,
46028,2024-08-04,8.353,1.507,8.096,289.637,1014.661,13.782,
46028,2024-08-11,8.763,1.938,7.901,312.018,1013.057,13.234,
46028,2024-08-18,9.265,1.611,8.301,300.239,1013.918,13.328,
46028,2024-08-25,7.296,1.385,10.646,285.284,1015.453,14.678,
46028,2024-09-01,5.247,1.305,10.049,305.167,1015.159,15.11,
46028,2024-09-08,7.871,1.569,9.77,305.071,1012.455,14.756,
46028,2024-09-15,6.608,1.422,9.369,282.487,1010.57,14.935,
46028,2024-09-22,4.126,1.641,9.758,308.599,1012.356,14.684,
46028,2024-09-29,3.832,1.953,11.46,309.389,1010.638,14.731,
46028,2024-10-06,3.524,2.007,11.507,304.521,1010.894,15.651,
46028,2024-10-13,5.338,1.937,12.511,293.548,1014.264,15.129,
46028,2024-10-20,7.263,2.576,11.731,302.454,1015.381,14.881,
46028,2024-10-27,6.676,1.698,10.138,289.024,1016.365,14.458,
46028,2024-11-03,7.881,2.9,12.678,313.531,1017.292,13.925,
46028,2024-11-10,9.109,2.465,13.268,303.609,1015.756,13.564,
46028,2024-11-17,3.946,3.225,13.411,299.159,1018.614,,
46028,2024-11-24,5.261,2.663,11.949,299.06,1016.799,,
46028,2024-12-01,3.397,1.355,13.931,228.167,1017.471,,
46028,2024-12-08,5.016,1.88,13.79,293.929,1019.34,,
46028,2024-12-15,4.055,2.917,14.182,290.785,1019.753,,
46028,2024-12-22,4.571,2.697,14.903,289.646,1020.033,,
46028,2024-12-29,4.526,3.978,15.634,298.448,1020.118,,
46028,2025-01-05,6.989,2.794,13.339,297.774,1019.982,,
46028,2025-01-12,6.791,2.675,14.664,299.078,1020.34,,
46028,2025-01-19,3.903,2.111,15.094,298.94,1022.456,,
46028,2025-01-26,3.552,2.011,14.288,296.976,1020.113,,
46028,2025-02-02,3.984,1.276,10.572,293.733,1020.559,,
46028,2025-02-09,8.161,2.486,9.987,273.628,1015.561,,
46028,2025-02-16,7.781,2.898,11.035,293.815,1016.479,,
46028,2025-02-23,7.725,2.656,14.229,304.516,1019.913,,
46028,2025-03-02,5.308,2.828,13.982,288.438,1017.095,,
46028,2025-03-09,6.208,2.596,11.645,296.129,1019.053,,
46028,2025-03-16,4.861,2.768,13.053,288.021,1013.427,,
46028,2025-03-23,9.347,2.953,12.459,298.66,1021.455,,
46028,2025-03-30,5.226,2.686,14.413,288.484,1015.72,,
46028,2025-04-06,7.926,2.167,10.405,295.521,1017.856,,
46028,2025-04-13,9.699,2.776,11.373,306.602,1018.047,,
46028,2025-04-20,3.709,1.813,11.16,300.195,1015.622,,
46028,2025-04-27,5.566,1.889,11.564,295.223,1014.41,,
46028,2025-05-04,8.027,2.706,10.392,317.307,1015.37,,
46028,2025-05-11,7.418,2.42,10.709,310.832,1013.668,,
46028,2025-05-18,8.455,2.493,9.959,313.275,1015.477,,
46028,2025-05-25,11.026,2.728,8.937,310.667,1015.331,,
46028,2025-06-01,8.496,2.065,8.967,308.571,1014.498,,
46028,2025-06-08,2.968,2.041,11.192,296.881,1013.364,,
46028,2025-06-15,10.592,2.339,9.305,302.325,1013.387,,
46028,2025-06-22,11.987,2.875,8.473,322.507,1012.908,,
46028,2025-06-29,6.759,1.839,8.37,316.878,1014.02,,
46028,2025-07-06,7.181,1.861,9.036,311.143,1013.726,,
46028,2025-07-13,4.82,1.713,10.211,284.862,1015.371,,
46028,2025-07-20,3.402,1.737,12.637,248.269,1014.225,,
46028,2025-07-27,4.697,1.085,13.199,210.961,1016.085,,
46028,2025-08-03,8.929,1.674,6.594,317.075,1017.195,,
46028,2025-08-10,7.106,1.835,9.366,293.875,1014.45,,
46028,2025-08-17,7.242,1.549,12.805,249.409,1014.334,,
46028,2025-08-24,9.863,1.704,9.31,294.009,1013.076,,
46028,2025-08-31,5.717,1.257,12.925,237.851,1013.95,,
46028,2025-09-07,7.056,1.398,14.286,218.952,1013.131,,
46028,2025-09-14,6.988,1.658,13.353,264.865,1013.614,,
46028,2025-09-21,5.044,1.924,11.557,279.524,1012.004,,
46028,2025-09-28,4.517,1.983,11.264,297.366,1011.762,,
46028,2025-10-05,5.126,2.504,11.495,291.919,1014.38,,
46028,2025-10-12,5.996,1.763,10.992,289.716,1011.12,,
46028,2025-10-19,4.824,2.51,11.857,312.411,1012.337,,
46028,2025-10-26,4.812,3.416,14.766,302.795,1016.833,,
46028,2025-11-02,8.322,2.954,12.543,310.771,1016.109,,
46028,2025-11-09,4.61,3.027,13.555,296.122,1017.21,,
46028,2025-11-16,3.873,2.269,12.028,274.527,1013.878,,
46028,2025-11-23,5.602,2.82,12.429,303.696,1014.115,,
46028,2025-11-30,5.954,2.162,14.426,293.381,1017.712,,
46028,2025-12-07,5.24,2.09,12.525,291.63,1017.618,,
46028,2025-12-14,4.765,1.968,12.124,296.528,1017.294,,
46028,2025-12-21,6.325,1.737,10.667,302.352,1018.681,,
46028,2025-12-28,7.124,2.807,10.391,259.857,1012.714,,
46028,2026-01-04,3.18,1.215,10.406,310.0,1018.22,,
46028,2026-03-08,3.624,2.223,10.208,323.0,1016.651,,
46028,2026-03-15,9.345,2.445,11.319,292.95,1017.723,,
46028,2026-03-22,4.988,1.774,12.89,243.456,1014.057,,
46028,2026-03-29,7.384,2.311,9.789,313.762,1014.097,,
46028,2026-04-05,4.839,1.763,11.069,282.552,1014.431,,
46028,2026-04-12,6.654,1.676,12.566,252.167,1013.874,,
46028,2026-04-19,8.284,2.305,9.85,294.41,1016.968,13.826,14.808
46028,2026-04-26,6.119,1.106,14.304,203.225,1013.74,14.714,15.26
46029,2017-01-01,9.654,4.465,11.827,290.542,1007.867,6.087,9.283
46029,2017-01-08,9.677,1.846,8.659,195.319,1014.511,3.979,9.673
46029,2017-01-15,6.417,1.905,11.193,250.815,1014.413,5.465,9.607
46029,2017-01-22,10.192,4.139,14.08,272.76,998.874,8.826,9.674
46029,2017-01-29,3.228,0.967,12.233,,1025.164,7.202,7.172
46029,2017-02-05,1.585,0.016,,,1027.861,3.915,6.159
46029,2017-05-07,6.455,2.216,10.453,282.111,1019.358,10.532,12.482
46029,2017-05-14,6.391,2.076,10.703,280.612,1016.517,11.219,12.736
46029,2017-05-21,5.807,1.664,8.963,289.839,1018.71,11.334,13.014
46029,2017-05-28,6.385,2.131,9.549,310.089,1018.007,12.126,12.872
46029,2017-06-04,4.384,1.437,11.126,266.359,1017.204,12.594,13.373
46029,2017-06-11,5.73,1.893,9.53,271.212,1013.926,13.155,14.306
46029,2017-06-18,5.593,1.824,9.344,267.084,1018.72,13.419,14.557
46029,2017-06-25,7.267,1.519,9.706,277.518,1020.49,14.755,15.14
46029,2017-07-02,4.511,1.588,8.791,303.119,1018.942,14.285,15.192
46029,2017-07-09,6.101,1.199,7.284,291.458,1020.979,14.049,14.419
46029,2017-07-16,3.992,1.12,7.914,301.055,1021.539,14.769,15.698
46029,2017-07-23,4.321,0.888,7.685,274.214,1020.41,15.512,15.689
46029,2017-07-30,5.195,1.252,7.366,300.53,1020.611,15.017,15.411
46029,2017-08-06,5.096,1.396,8.004,311.601,1016.685,15.705,15.258
46029,2017-08-13,3.439,1.178,8.05,294.798,1015.9,14.765,15.025
46029,2017-08-20,4.979,1.695,9.727,296.31,1020.517,15.64,15.988
46029,2017-08-27,5.683,1.49,9.072,302.192,1018.64,15.059,14.543
46029,2017-09-03,6.323,1.351,9.642,299.25,1015.776,15.524,14.815
46029,2017-09-10,4.303,1.457,12.56,273.503,1015.829,15.418,14.811
46029,2017-09-17,4.418,1.475,8.757,302.726,1016.439,15.183,15.41
46029,2017-09-24,3.626,2.279,9.73,291.864,1013.104,13.925,14.551
46029,2017-10-01,4.758,1.452,9.301,283.994,1017.765,15.461,14.78
46029,2017-10-08,4.89,1.747,10.965,293.446,1020.69,14.192,14.513
46029,2017-10-15,5.486,2.418,11.13,306.311,1021.948,12.288,13.077
46029,2017-10-22,7.418,3.867,11.502,269.065,1012.644,12.723,12.672
46029,2017-10-29,5.115,2.511,13.4,286.536,1022.627,12.967,12.544
46029,2017-11-05,6.103,2.144,10.582,298.911,1013.276,10.765,12.006
46029,2017-11-12,8.317,2.503,9.046,229.804,1011.93,10.824,12.278
46029,2017-11-19,10.519,3.5,9.317,246.89,1010.689,10.79,11.954
46029,2017-11-26,9.327,3.417,10.205,230.018,1010.282,11.751,11.504
46029,2017-12-03,7.149,3.85,14.341,278.881,1018.155,10.224,11.295
46029,2017-12-10,7.992,1.943,12.307,279.089,1030.07,9.657,10.457
46029,2017-12-17,6.125,2.137,12.241,276.317,1025.641,9.646,10.309
46029,2017-12-24,6.839,2.543,11.576,274.756,1020.677,8.005,10.271
46029,2017-12-31,7.036,2.438,11.43,261.923,1020.695,8.478,10.31
46029,2018-01-07,7.581,2.265,12.166,266.875,1019.354,9.198,10.179
46029,2018-01-14,8.139,2.947,13.08,269.738,1014.744,10.267,10.339
46029,2018-01-21,10.699,4.912,13.257,248.795,1012.177,10.643,10.538
46029,2018-01-28,9.919,3.988,11.269,240.018,1014.402,9.277,10.521
46029,2018-02-04,7.231,2.568,10.154,266.37,1022.713,9.763,10.599
46029,2018-02-11,4.234,1.525,10.909,283.072,1025.189,8.187,9.63
46029,2018-02-18,7.373,2.88,11.446,295.549,1020.841,7.443,8.883
46029,2018-02-25,6.699,2.777,12.689,302.832,1022.195,4.783,8.059
46029,2018-03-04,6.126,3.277,12.074,293.234,1011.623,6.787,8.269
46029,2018-03-11,5.616,1.865,12.385,265.744,1017.91,8.721,9.305
46029,2018-03-18,5.596,2.022,10.713,268.144,1011.484,9.041,9.617
46029,2018-03-25,6.143,1.867,11.247,277.521,1012.689,7.3,9.328
46029,2018-04-01,5.009,1.538,8.941,293.744,1026.165,8.607,9.55
46029,2018-04-08,7.835,2.851,9.122,264.03,1011.165,9.063,9.658
46029,2018-04-15,7.844,3.495,12.183,265.012,1015.467,9.636,9.972
46029,2018-04-22,6.695,2.356,11.604,291.605,1022.085,9.354,10.262
46029,2018-04-29,5.457,1.98,12.699,291.143,1017.684,11.271,11.505
46029,2018-05-06,5.247,1.563,9.592,299.281,1021.011,10.673,11.898
46029,2018-05-13,5.46,1.705,11.189,272.731,1020.069,11.881,13.01
46029,2018-05-20,3.609,1.285,11.607,274.143,1017.278,12.071,13.762
46029,2018-05-27,5.722,1.507,9.925,282.75,1018.445,12.73,13.88
46029,2018-06-03,5.344,1.691,9.385,299.479,1020.868,12.475,13.325
46029,2018-06-10,4.489,1.773,9.692,280.012,1016.948,13.042,13.731
46029,2018-06-17,5.261,1.714,9.844,281.095,1017.361,13.812,14.674
46029,2018-06-24,4.349,1.286,10.427,274.186,1018.958,14.646,16.087
46029,2018-07-01,5.038,1.435,8.676,290.524,1021.421,14.674,15.605
46029,2018-07-08,5.093,1.31,7.849,271.186,1020.446,14.75,14.735
46029,2018-07-15,6.181,1.585,9.918,284.287,1020.656,15.631,15.456
46029,2018-07-22,5.579,1.672,7.887,316.286,1021.573,15.029,15.167
46029,2018-07-29,4.29,1.357,8.384,309.661,1020.151,13.581,14.149
46029,2018-08-05,2.886,1.028,9.389,305.268,1018.348,15.09,15.675
46029,2018-08-12,4.207,1.182,10.224,266.251,1017.511,15.726,16.336
46029,2018-08-19,4.561,1.684,8.359,314.339,1018.734,15.393,15.601
46029,2018-08-26,3.974,1.56,8.701,302.702,1017.835,15.137,15.553
46029,2018-09-02,4.777,1.528,9.446,304.53,1018.644,14.593,15.349
46029,2018-09-09,6.145,1.286,8.582,292.012,1018.309,14.395,14.427
46029,2018-09-16,4.678,1.74,9.281,269.349,1013.751,15.151,15.169
46029,2018-09-23,5.005,1.413,9.742,280.222,1018.613,14.841,15.017
46029,2018-09-30,7.176,1.556,8.081,295.786,1015.973,14.695,14.68
46029,2018-10-07,5.145,1.841,10.547,266.054,1014.535,13.543,14.324
46029,2018-10-14,5.513,1.873,10.001,288.934,1018.782,13.496,13.666
46029,2018-10-21,4.892,1.569,13.633,283.256,1021.567,13.5,13.03
46029,2018-10-28,7.217,2.726,11.489,269.79,1014.597,12.5,12.984
46029,2018-11-04,6.064,2.589,10.417,276.964,1021.51,13.515,13.295
46029,2018-11-11,4.727,1.918,11.026,286.5,1026.415,11.146,12.111
46029,2018-11-18,6.429,1.705,10.648,251.434,1024.466,11.754,12.128
46029,2018-11-25,6.27,2.104,10.067,253.494,1011.944,10.974,11.827
46029,2018-12-02,7.016,3.375,11.946,268.607,1008.57,10.545,11.606
46029,2018-12-09,9.086,2.073,12.22,254.844,1019.764,8.44,10.936
46029,2018-12-16,10.314,4.521,12.246,253.563,1012.863,10.912,10.601
46029,2018-12-23,10.174,5.031,13.337,252.175,1013.639,10.722,10.899
46029,2018-12-30,7.118,3.126,11.742,279.375,1021.822,9.79,10.749
46029,2019-01-06,7.724,3.37,11.923,267.259,1013.937,8.951,9.955
46029,2019-01-13,8.52,3.137,10.966,233.283,1011.628,10.356,10.553
46029,2019-01-20,9.008,3.536,13.838,256.693,1009.614,10.09,10.622
46029,2019-01-27,6.782,2.605,11.908,273.491,1027.705,9.256,10.624
46029,2019-02-03,6.273,2.166,13.576,286.467,1010.629,8.908,10.265
46029,2019-02-10,5.348,2.663,13.998,291.625,1012.002,4.029,9.118
46029,2019-02-17,7.511,3.573,12.038,256.275,1003.507,7.01,10.271
46029,2019-02-24,4.964,2.651,12.191,300.667,1019.282,6.914,8.959
46029,2019-03-03,7.244,1.649,12.48,256.887,1015.327,5.553,9.082
46029,2019-03-10,5.741,1.514,13.174,289.333,1015.653,5.223,8.675
46029,2019-03-17,5.081,2.963,14.349,288.771,1022.88,8.145,8.329
46029,2019-03-24,5.422,2.362,14.031,273.75,1016.557,10.777,9.551
46029,2019-03-31,5.254,2.007,12.254,268.377,1019.413,9.95,10.226
46029,2019-04-07,6.481,2.539,13.169,257.685,1010.655,10.607,10.788
46029,2019-04-14,6.842,2.895,11.975,281.018,1019.694,9.679,10.584
46029,2019-04-21,5.117,2.347,12.033,293.006,1018.661,9.982,10.869
46029,2019-04-28,7.316,2.081,9.73,301.655,1024.572,10.142,11.407
46029,2019-05-05,5.653,1.547,9.419,317.228,1019.431,10.64,11.545
46029,2019-05-12,4.964,1.867,8.888,315.482,1016.668,11.814,11.893
46029,2019-05-19,4.949,1.924,11.842,239.238,1009.792,12.093,12.417
46029,2019-05-26,6.571,2.793,10.415,286.375,1013.067,12.079,12.778
46029,2019-06-02,4.768,1.29,12.287,263.619,1018.184,12.135,13.907
46029,2019-06-09,6.076,1.522,8.403,295.634,1022.111,12.68,13.774
46029,2019-06-16,6.54,1.367,8.927,301.09,1019.687,13.616,13.732
46029,2019-06-23,4.673,1.66,9.58,298.135,1023.581,13.176,13.238
46029,2019-06-30,3.451,1.036,8.187,300.31,1017.532,13.949,14.463
46029,2019-07-07,3.062,0.916,15.083,236.449,1019.757,15.122,16.244
46029,2019-07-14,3.716,1.181,13.062,234.593,1017.618,16.25,16.746
46029,2019-07-21,5.746,1.35,12.379,262.0,1017.81,16.757,17.362
46029,2019-07-28,5.022,0.968,7.647,288.595,1021.349,17.522,18.073
46029,2019-08-04,5.687,1.284,7.114,299.293,1017.983,17.007,17.258
46029,2019-08-11,3.259,0.836,11.284,258.588,1016.63,16.893,16.971
46029,2019-08-18,3.446,1.053,12.4,257.637,1019.817,17.644,17.913
46029,2019-08-25,5.245,1.743,10.689,281.387,1016.627,16.776,17.338
46029,2019-09-01,6.254,1.328,7.829,262.257,1015.784,16.89,16.786
46029,2019-09-08,3.889,1.412,11.796,275.643,1017.086,16.765,17.026
46029,2019-09-15,3.96,1.784,10.727,277.03,1015.556,16.991,17.144
46029,2019-09-22,4.468,2.139,10.284,283.768,1013.55,16.261,16.485
46029,2019-09-29,5.704,2.694,10.917,301.988,1018.068,15.159,16.24
46029,2019-10-06,5.193,1.683,11.343,274.25,1020.26,13.393,15.004
46029,2019-10-13,5.735,1.732,9.709,275.226,1019.66,12.621,13.626
46029,2019-10-20,7.645,3.695,12.664,289.833,1011.878,13.094,13.221
46029,2019-10-27,6.05,2.371,11.033,295.144,1027.068,12.625,12.775
46029,2019-11-03,6.925,1.489,12.391,297.321,1026.143,10.276,11.564
46029,2019-11-10,6.017,1.273,9.702,269.625,1021.762,10.589,11.111
46029,2019-11-17,5.365,2.164,12.765,272.137,1019.774,11.796,11.555
46029,2019-11-24,5.42,2.707,12.792,285.387,1018.599,10.804,11.374
46029,2019-12-01,8.414,2.265,11.596,292.542,1010.192,7.088,9.477
46029,2019-12-08,3.892,2.21,11.734,274.161,1013.805,9.149,8.939
46029,2019-12-15,5.327,3.342,13.289,271.583,1017.649,9.165,9.519
46029,2019-12-22,7.636,3.833,12.422,254.905,1011.838,9.608,9.754
46029,2019-12-29,6.505,3.16,13.492,282.185,1015.689,8.638,10.035
46029,2020-01-05,9.178,4.377,12.884,271.179,1018.764,9.996,10.05
46029,2020-01-12,9.924,4.397,11.698,266.696,1015.023,8.854,9.987
46029,2020-01-19,9.346,4.301,11.637,254.179,1011.748,6.879,9.268
46029,2020-01-26,9.971,3.691,13.204,243.655,1011.165,10.16,9.678
46029,2020-02-02,8.774,4.016,12.345,254.341,1019.436,9.405,10.073
46029,2020-02-09,8.443,3.743,12.455,291.813,1024.092,8.628,9.483
46029,2020-02-16,5.405,2.678,12.706,297.629,1024.203,8.054,8.805
46029,2020-02-23,5.657,2.282,12.68,289.185,1023.671,7.935,8.528
46029,2020-03-01,4.598,3.177,11.793,287.595,1028.847,7.443,8.715
46029,2020-03-08,4.711,3.049,12.642,297.506,1020.016,7.392,8.507
46029,2020-03-15,5.81,1.872,10.502,298.982,1019.342,6.755,8.499
46029,2020-03-22,4.228,1.416,10.244,298.714,1018.786,8.025,8.54
46029,2020-03-29,5.892,2.045,10.505,264.907,1015.151,8.18,8.861
46029,2020-04-05,5.71,2.135,10.846,268.256,1014.349,7.363,8.936
46029,2020-04-12,6.917,1.851,10.453,311.024,1020.811,9.077,9.654
46029,2020-04-19,4.617,1.374,10.622,292.329,1022.594,9.522,10.56
46029,2020-04-26,5.002,1.789,12.25,267.78,1021.9,10.367,10.873
46029,2020-05-03,5.581,2.561,11.133,265.958,1017.925,10.979,10.825
46029,2020-05-10,5.265,2.033,10.973,270.958,1020.116,12.611,12.144
46029,2020-05-17,5.714,1.98,10.618,235.482,1010.579,12.342,12.538
46029,2020-05-24,6.064,1.789,9.634,276.765,1019.606,11.714,13.565
46029,2020-05-31,6.605,1.53,11.578,289.239,1017.997,13.393,14.112
46029,2020-06-07,5.092,1.77,12.564,270.947,1018.22,12.604,13.465
46029,2020-06-14,4.676,1.933,9.165,268.413,1018.715,13.241,13.689
46029,2020-06-21,5.254,1.655,9.463,272.428,1019.098,14.174,15.09
46029,2020-06-28,6.446,1.511,7.996,293.788,1018.603,14.994,16.199
46029,2020-07-05,3.71,2.002,10.038,298.09,1019.275,13.953,
46029,2020-07-12,3.344,0.948,10.877,259.75,1020.226,15.076,16.334
46029,2020-07-19,6.87,1.436,7.355,306.107,1021.362,14.995,15.611
46029,2020-07-26,5.008,1.414,7.546,308.451,1017.585,14.679,14.416
46029,2020-08-02,4.247,1.178,8.45,285.458,1016.572,13.767,14.352
46029,2020-08-09,3.859,1.344,8.886,283.367,1020.445,16.476,16.195
46029,2020-08-16,5.494,1.616,9.174,297.84,1018.493,15.291,15.351
46029,2020-08-23,4.889,1.538,8.905,271.429,1016.013,15.549,15.305
46029,2020-08-30,6.023,1.432,8.496,295.618,1018.155,15.89,15.972
46029,2020-09-06,6.255,1.712,10.171,298.102,1020.429,14.712,14.548
46029,2020-09-13,4.9,0.651,13.887,205.235,1016.469,15.247,14.369
46029,2020-09-20,3.271,,,,1016.006,,14.602
46029,2020-09-27,5.686,2.32,10.761,294.824,1015.744,15.483,14.733
46029,2020-10-04,3.751,1.965,12.815,278.09,1020.564,15.042,14.854
46029,2020-10-11,6.772,1.845,10.317,279.451,1014.647,14.748,14.968
46029,2020-10-18,5.332,3.455,10.413,267.125,1023.883,14.165,14.298
46029,2020-10-25,5.597,,,,1023.251,11.999,14.114
46029,2020-11-01,4.178,,,,1025.559,11.654,12.884
46029,2020-11-08,8.359,,,,1013.593,11.464,12.664
46029,2020-11-15,7.091,,,,1015.524,10.211,11.199
46029,2020-11-22,7.439,,,,1014.922,10.821,10.98
46029,2020-11-29,5.775,,,,1021.885,9.85,11.2
46029,2020-12-06,6.579,,,,1024.321,10.266,10.305
46029,2020-12-13,6.073,,,,1020.694,9.285,9.967
46029,2020-12-20,8.119,,,,1017.93,10.326,10.325
46029,2020-12-27,8.638,,,,1016.767,9.77,10.162
46029,2021-01-03,9.068,,,,1014.348,9.596,9.945
46029,2021-01-10,7.776,,,,1016.863,9.868,10.096
46029,2021-01-17,7.389,,,,1022.715,10.254,10.309
46029,2021-01-24,4.67,,,,1022.434,7.915,8.843
46029,2021-01-31,7.238,,,,1005.886,7.372,9.192
46029,2021-02-07,6.407,,,,1019.258,8.238,9.308
46029,2021-02-14,6.48,,,,1015.144,6.338,8.532
46029,2021-02-21,6.89,,,,1010.521,8.742,7.948
46029,2021-02-28,8.117,,,,,,8.269
46029,2021-03-07,6.882,,,,,,8.639
46029,2021-03-14,8.382,,,,,,8.974
46029,2021-03-21,7.013,,,,,,8.849
46029,2021-03-28,6.078,,,,,,8.933
46029,2021-04-04,5.451,,,,,,
46029,2021-04-11,5.971,,,,,,
46029,2021-04-18,5.283,,,,,,9.665
46029,2021-04-25,4.645,,,,,,
46029,2021-05-02,3.767,,,,,,
46029,2021-05-09,4.86,,,,,,11.246
46029,2021-05-16,7.614,,,,,,
46029,2021-05-23,4.911,1.192,10.946,283.362,1021.979,10.677,11.746
46029,2021-05-30,5.66,1.834,9.785,259.699,1020.749,11.243,11.622
46029,2021-06-06,5.196,1.808,11.989,266.452,1018.467,12.913,13.982
46029,2021-06-13,5.149,2.227,9.554,262.702,1015.588,12.538,13.245
46029,2021-06-20,6.276,1.347,7.165,270.285,1020.991,13.379,14.19
46029,2021-06-27,3.984,1.645,9.665,279.982,1014.995,14.997,15.564
46029,2021-07-04,5.488,1.931,9.2,283.072,1014.026,15.612,16.805
46029,2021-07-11,5.841,1.466,10.876,285.287,1020.212,14.155,16.639
46029,2021-07-18,4.929,1.423,8.518,294.074,1020.262,14.133,14.685
46029,2021-07-25,4.534,0.882,10.319,267.144,1022.634,15.348,15.787
46029,2021-08-01,5.614,1.096,7.86,295.756,1018.949,14.421,14.227
46029,2021-08-08,4.671,1.35,7.994,285.188,1018.763,14.654,14.266
46029,2021-08-15,4.271,1.721,10.05,285.098,1018.534,14.893,15.062
46029,2021-08-22,3.876,2.121,9.522,298.576,1016.894,15.372,15.973
46029,2021-08-29,5.239,1.361,9.225,285.104,1018.577,14.264,14.669
46029,2021-09-05,4.439,1.344,8.552,294.534,1017.14,13.74,14.337
46029,2021-09-12,4.205,1.577,9.833,283.756,1018.287,15.59,16.479
46029,2021-09-19,5.999,2.175,10.391,276.667,1016.103,14.721,15.478
46029,2021-09-26,5.439,2.354,12.394,282.933,1019.632,14.365,14.354
46029,2021-10-03,13.483,3.95,8.33,205.0,1005.283,13.233,12.633
46029,2021-12-12,8.292,3.887,11.279,271.652,1012.142,9.177,10.969
46029,2021-12-19,7.891,3.824,11.839,262.637,1009.967,8.188,11.063
46029,2021-12-26,9.393,3.628,11.47,254.179,1003.56,7.625,10.573
46029,2022-01-02,7.58,2.869,10.33,285.006,1010.98,4.615,8.278
46029,2022-01-09,8.69,3.76,11.482,253.179,1011.23,8.273,9.795
46029,2022-01-16,7.53,3.311,12.921,255.452,1023.775,9.766,9.84
46029,2022-01-23,5.053,1.997,11.688,267.143,1026.254,8.662,9.637
46029,2022-01-30,4.914,2.052,13.65,267.375,1023.835,8.214,9.217
46029,2022-02-06,5.357,2.43,11.751,282.096,1029.709,7.641,8.414
46029,2022-02-13,4.698,2.452,13.491,280.127,1030.092,8.365,8.393
46029,2022-02-20,5.273,2.462,12.643,276.006,1024.694,7.776,8.691
46029,2022-02-27,7.182,2.584,12.146,280.643,1022.682,5.776,7.892
46029,2022-03-06,6.799,3.245,11.62,260.53,1020.63,8.495,8.416
46029,2022-03-13,5.374,1.964,11.81,273.636,1023.625,8.084,8.519
46029,2022-03-20,6.983,3.228,13.18,274.24,1020.511,8.917,9.016
46029,2022-03-27,5.373,2.464,11.673,276.851,1020.324,9.379,9.338
46029,2022-04-03,4.707,2.097,11.527,281.286,1019.673,9.131,9.802
46029,2022-04-10,7.598,3.45,11.495,278.071,1022.541,9.021,9.72
46029,2022-04-17,5.776,1.83,11.573,270.437,1014.514,6.439,9.216
46029,2022-04-24,6.101,2.661,12.697,258.381,1013.77,9.21,9.366
46029,2022-05-01,4.395,2.142,10.934,259.69,1019.038,9.785,10.667
46029,2022-05-08,5.88,2.737,11.821,272.744,1013.497,9.804,11.042
46029,2022-05-15,5.888,2.107,8.967,252.368,1018.873,9.998,11.23
46029,2022-05-22,5.629,1.896,8.871,264.018,1023.808,10.46,11.71
46029,2022-05-29,5.231,1.544,9.094,259.452,1016.373,11.522,12.572
46029,2022-06-05,6.073,1.881,13.105,234.44,1013.998,12.329,12.793
46029,2022-06-12,4.37,1.643,10.026,246.298,1015.53,12.616,12.547
46029,2022-06-19,5.01,1.381,8.547,275.383,1018.132,12.504,13.852
46029,2022-06-26,6.544,1.345,10.714,288.12,1022.91,14.337,14.923
46029,2022-07-03,6.025,1.318,11.122,233.012,1018.769,14.459,15.463
46029,2022-07-10,3.272,0.782,9.909,269.337,1018.79,15.924,16.736
46029,2022-07-17,5.762,1.57,9.256,291.786,1019.531,15.905,16.033
46029,2022-07-24,5.317,1.413,11.503,271.583,1020.298,15.113,15.453
46029,2022-07-31,4.3,1.401,8.64,304.619,1014.806,14.993,15.039
46029,2022-08-07,4.935,1.371,8.527,301.018,1017.435,16.014,16.227
46029,2022-08-14,3.862,1.243,9.322,286.724,1018.474,16.59,16.792
46029,2022-08-21,3.889,1.244,8.508,279.06,1016.478,17.344,17.512
46029,2022-08-28,5.011,1.41,9.646,289.359,1017.761,17.047,17.489
46029,2022-09-04,5.129,1.349,8.959,273.604,1016.028,15.747,15.753
46029,2022-09-11,7.081,1.805,8.895,289.179,1017.084,15.912,15.326
46029,2022-09-18,2.995,1.026,11.728,259.222,1014.843,14.602,14.282
46029,2022-09-25,4.388,1.464,12.037,286.452,1017.193,15.31,15.376
46029,2022-10-02,5.713,1.691,10.922,270.717,1016.491,14.388,14.315
46029,2022-10-09,5.142,1.328,11.807,282.607,1020.489,13.727,14.065
46029,2022-10-16,5.965,1.592,9.15,299.234,1018.274,14.527,14.387
46029,2022-10-23,4.859,2.405,12.089,280.335,1018.199,13.162,12.512
46029,2022-10-30,5.628,3.496,12.945,293.775,1020.433,11.718,11.364
46029,2022-11-06,6.972,4.055,12.756,283.759,1011.877,10.812,11.395
46029,2022-11-13,5.745,2.122,11.376,284.798,1016.122,8.84,11.326
46029,2022-11-20,7.318,1.62,11.62,252.327,1027.486,9.532,10.661
46029,2022-11-27,5.413,2.49,12.502,274.455,1023.893,10.185,10.519
46029,2022-12-04,8.221,3.324,10.767,254.176,1009.838,7.218,9.986
46029,2022-12-11,6.789,2.938,10.558,254.911,1010.635,8.377,9.687
46029,2022-12-18,5.02,1.843,11.612,296.905,1023.488,7.6,9.638
46029,2022-12-25,8.636,2.277,8.297,227.507,1021.15,6.906,9.262
46029,2023-01-01,8.521,4.197,12.36,248.334,1003.995,9.767,9.91
46029,2023-01-08,9.756,3.689,13.233,242.982,1004.847,9.703,10.022
46029,2023-01-15,9.906,3.625,13.485,239.991,1000.58,10.751,10.394
46029,2023-01-22,6.815,3.381,13.605,277.737,1019.706,8.892,10.616
46029,2023-01-29,4.606,2.478,13.188,290.396,1031.91,7.657,9.422
46029,2023-02-05,7.038,2.653,13.408,262.31,1018.557,8.05,9.158
46029,2023-02-12,6.909,3.481,12.498,274.588,1025.739,9.173,9.524
46029,2023-02-19,6.478,3.601,14.339,291.772,1022.761,7.674,9.143
46029,2023-02-26,8.682,3.816,12.65,298.446,1010.431,5.138,8.425
46029,2023-03-05,7.663,3.961,12.89,291.453,1007.529,6.111,8.204
46029,2023-03-12,8.507,2.384,9.851,237.493,1009.376,6.999,8.742
46029,2023-03-19,4.481,1.565,9.479,261.473,1014.954,8.405,8.9
46029,2023-03-26,6.355,2.522,9.626,279.46,1015.971,7.538,8.895
46029,2023-04-02,6.372,2.192,9.536,248.705,1013.6,7.666,8.871
46029,2023-04-09,8.778,2.975,9.985,247.319,1015.617,8.238,8.971
46029,2023-04-16,5.616,2.354,10.436,281.099,1017.817,8.051,9.212
46029,2023-04-23,7.571,2.757,10.242,261.858,1017.816,8.26,9.171
46029,2023-04-30,6.445,1.747,11.177,287.162,1019.396,10.044,10.526
46029,2023-05-07,4.541,2.02,11.929,281.096,1012.655,10.289,11.152
46029,2023-05-14,4.805,1.457,10.824,268.902,1019.482,13.24,12.804
46029,2023-05-21,5.231,1.31,12.029,242.925,1019.306,13.739,14.723
46029,2023-05-28,6.397,1.798,8.085,314.887,1019.482,12.58,13.621
46029,2023-06-04,5.664,1.648,10.057,296.61,1020.671,12.218,12.932
46029,2023-06-11,5.481,1.604,9.915,295.17,1017.054,12.655,12.239
46029,2023-06-18,4.863,1.981,9.09,307.37,1020.136,12.904,13.196
46029,2023-06-25,5.125,1.476,8.74,299.009,1019.009,13.022,13.566
46029,2023-07-02,4.874,1.262,8.966,291.615,1020.153,13.818,14.552
46029,2023-07-09,3.989,1.671,9.232,304.078,1016.32,14.397,13.864
46029,2023-07-16,4.402,0.862,9.743,266.46,1019.969,15.696,16.474
46029,2023-07-23,4.472,0.903,7.098,287.734,1020.452,16.026,15.875
46029,2023-07-30,4.329,1.046,7.961,276.961,1020.492,16.721,16.711
46029,2023-08-06,5.093,0.772,11.733,261.235,1021.332,17.701,17.952
46029,2023-08-13,3.892,1.25,8.809,277.907,1018.971,18.418,18.041
46029,2023-08-20,6.302,2.422,9.488,300.763,1014.823,17.42,17.123
46029,2023-08-27,4.465,1.18,9.726,276.419,1016.495,15.799,15.252
46029,2023-09-03,4.091,1.366,10.617,283.21,1016.362,17.104,16.624
46029,2023-09-10,3.46,1.365,11.254,273.333,1018.596,15.898,16.307
46029,2023-09-17,5.07,1.569,8.995,288.994,1018.261,16.224,16.518
46029,2023-09-24,4.934,2.298,11.197,297.09,1017.158,15.597,15.922
46029,2023-10-01,7.913,3.109,10.37,274.595,1013.858,14.073,13.932
46029,2023-10-08,5.994,1.749,11.921,277.979,1019.322,15.237,14.576
46029,2023-10-15,7.984,3.057,11.215,255.018,1008.435,14.711,14.496
46029,2023-10-22,4.814,2.636,13.743,276.773,1015.888,14.417,14.248
46029,2023-10-29,6.02,1.578,9.505,263.072,1021.218,10.843,13.279
46029,2023-11-05,7.298,2.142,11.166,223.661,1016.027,13.256,12.986
46029,2023-11-12,7.367,3.345,11.63,268.26,1016.324,12.514,13.6
46029,2023-11-19,6.551,2.382,11.518,286.393,1014.953,11.003,13.03
46029,2023-11-26,6.472,2.615,12.885,285.655,1027.218,10.943,12.105
46029,2023-12-03,4.188,,,,1021.095,,
46029,2024-06-23,5.344,1.242,8.911,288.42,1017.478,12.694,13.581
46029,2024-06-30,3.706,1.415,10.577,283.592,1018.221,14.041,14.371
46029,2024-07-07,5.617,1.464,8.306,310.451,1022.127,14.339,14.619
46029,2024-07-14,5.562,1.489,8.042,310.88,1018.267,14.652,14.815
46029,2024-07-21,5.148,1.266,11.814,263.574,1020.062,13.801,14.259
46029,2024-07-28,4.067,1.317,8.208,291.565,1020.52,14.707,14.732
46029,2024-08-04,4.452,1.118,7.583,289.901,1017.441,16.06,16.098
46029,2024-08-11,4.315,1.201,7.798,302.518,1018.859,15.445,15.723
46029,2024-08-18,3.735,1.023,8.865,293.006,1017.116,15.957,16.455
46029,2024-08-25,4.332,1.399,10.51,274.345,1016.859,16.143,16.542
46029,2024-09-01,4.863,1.421,9.243,303.077,1020.183,15.996,16.637
46029,2024-09-08,3.995,1.512,10.557,294.266,1017.062,16.131,16.342
46029,2024-09-15,4.178,1.437,8.808,288.284,1014.415,15.766,16.364
46029,2024-09-22,5.432,1.705,9.691,304.646,1018.25,14.844,15.733
46029,2024-09-29,5.49,2.785,11.923,297.383,1016.454,14.547,14.702
46029,2024-10-06,4.515,1.893,11.198,291.949,1021.667,13.47,13.674
46029,2024-10-13,4.101,1.794,12.05,275.149,1018.151,13.671,14.482
46029,2024-10-20,6.604,2.431,10.98,277.257,1019.013,13.5,13.815
46029,2024-10-27,6.032,2.045,10.526,255.0,1018.654,12.54,13.43
46029,2024-11-03,7.085,3.371,11.68,279.57,1012.447,12.102,13.289
46029,2024-11-10,5.484,2.832,13.471,290.613,1021.539,11.902,12.327
46029,2024-11-17,8.75,4.21,11.685,248.0,1009.865,11.124,12.287
46029,2024-11-24,10.195,4.296,11.547,238.272,1005.893,9.821,11.735
46029,2024-12-01,4.493,1.4,11.925,257.714,1022.089,9.749,11.344
46029,2024-12-08,5.413,2.316,12.706,263.775,1024.134,,10.33
46029,2024-12-15,8.566,3.47,13.262,260.321,1015.447,,10.623
46029,2024-12-22,9.561,3.823,12.384,236.653,1013.678,,11.06
46029,2024-12-29,9.536,5.226,14.5,251.827,1007.392,,11.138
46029,2025-01-05,6.87,2.946,12.275,260.406,1017.027,,11.061
46029,2025-01-12,6.047,2.62,14.18,276.423,1030.297,,10.517
46029,2025-01-19,5.006,2.536,14.676,293.455,1030.75,,8.78
46029,2025-01-26,5.065,1.853,13.304,289.454,1032.42,,7.542
46029,2025-02-02,6.139,2.253,11.493,277.55,1018.262,,8.34
46029,2025-02-09,5.253,1.752,10.846,268.777,1016.153,,7.799
46029,2025-02-16,7.489,2.101,12.073,238.533,1016.492,,7.77
46029,2025-02-23,7.279,3.419,11.619,249.913,1016.908,,8.878
46029,2025-03-02,7.187,4.032,13.478,254.455,1015.843,,9.725
46029,2025-03-09,6.967,2.708,11.728,268.344,1019.273,,9.607
46029,2025-03-16,6.75,3.2,12.403,269.485,1004.529,,9.489
46029,2025-03-23,7.684,3.329,11.882,262.91,1017.691,,9.643
46029,2025-03-30,7.161,2.847,12.137,258.104,1011.15,,9.985
46029,2025-04-06,5.635,1.739,9.423,261.872,1017.043,,10.47
46029,2025-04-13,6.292,2.454,10.197,264.512,1021.99,,10.664
46029,2025-04-20,7.13,2.295,10.505,302.491,1021.942,,11.34
46029,2025-04-27,6.405,2.011,9.026,317.583,1019.423,,10.385
46029,2025-05-04,4.575,1.652,11.956,297.134,1022.333,,10.842
46029,2025-05-11,5.392,1.686,10.452,293.399,1020.451,,11.637
46029,2025-05-18,5.479,2.064,9.167,280.176,1018.129,,12.029
46029,2025-05-25,5.164,1.875,9.767,278.634,1020.872,,12.862
46029,2025-06-01,5.985,1.877,9.701,282.462,1021.146,13.039,13.81
46029,2025-06-08,6.334,2.036,9.181,307.755,1021.616,12.402,13.5
46029,2025-06-15,5.524,2.001,8.775,317.169,1019.276,12.214,13.087
46029,2025-06-22,3.573,1.668,9.8,275.472,1018.273,12.933,13.526
46029,2025-06-29,3.766,1.178,10.057,282.159,1019.78,13.665,14.48
46029,2025-07-06,5.957,1.29,9.135,285.559,1019.906,13.76,14.279
46029,2025-07-13,5.546,1.314,8.077,287.814,1021.56,13.607,13.818
46029,2025-07-20,3.831,1.946,9.661,292.358,1017.519,13.862,13.536
46029,2025-07-27,2.658,0.918,9.126,287.886,1017.401,14.304,14.944
46029,2025-08-03,4.009,0.76,10.087,265.611,1022.008,15.467,15.883
46029,2025-08-10,5.006,1.288,12.015,264.033,1021.286,16.224,16.792
46029,2025-08-17,4.705,2.173,10.91,263.631,1015.325,16.969,17.081
46029,2025-08-24,6.351,1.467,7.96,307.38,1018.48,16.502,16.652
46029,2025-08-31,3.742,1.067,10.75,270.7,1017.138,15.629,15.992
46029,2025-09-07,4.216,1.133,12.696,255.561,1016.127,16.088,16.908
46029,2025-09-14,3.309,1.439,12.044,290.081,1015.633,15.846,16.516
46029,2025-09-21,5.345,1.902,10.356,290.964,1017.282,15.22,15.043
46029,2025-09-28,5.013,2.466,11.607,296.26,1017.664,14.709,14.956
46029,2025-10-05,7.319,2.964,11.255,274.895,1013.497,14.765,14.776
46029,2025-10-12,5.669,1.951,10.424,297.912,1013.473,14.116,14.493
46029,2025-10-19,5.436,2.25,13.044,294.645,1016.7,13.015,13.896
46029,2025-10-26,6.961,4.148,13.937,279.015,1014.366,13.164,13.982
46029,2025-11-02,6.556,3.394,12.621,274.905,1021.133,12.576,13.215
46029,2025-11-09,7.552,3.463,11.872,255.201,1012.954,12.215,12.914
46029,2025-11-16,4.829,2.545,10.922,262.824,1012.479,,13.07
46029,2025-11-23,6.319,3.144,12.254,275.287,1016.885,,12.569
46029,2025-11-30,6.591,2.395,11.812,257.943,1020.375,,12.292
46029,2025-12-07,5.729,2.346,12.302,268.744,1021.685,,12.015
46029,2025-12-14,6.949,2.802,11.304,266.131,1018.083,,12.139
46029,2025-12-21,9.759,3.743,10.386,250.61,1010.115,,11.928
46029,2025-12-28,7.097,2.571,10.073,266.458,1010.364,,11.072
46029,2026-01-04,5.665,1.897,11.024,271.62,1025.413,,11.071
46029,2026-03-08,5.474,2.267,10.611,282.687,1025.717,,10.009
46029,2026-03-15,6.696,2.883,10.889,289.964,1022.294,,9.954
46029,2026-03-22,6.589,2.036,10.616,275.908,1021.367,,10.056
46029,2026-03-29,6.862,2.328,10.015,278.49,1021.909,,10.038
46029,2026-04-05,6.388,1.982,9.494,277.574,1017.39,,10.001
46029,2026-04-12,4.632,1.58,10.677,291.851,1014.097,,11.22
46029,2026-04-19,5.65,1.924,8.934,281.913,1017.808,,11.051
46029,2026-04-26,,1.486,10.936,254.09,1010.05,,12.333
46042,2017-01-01,7.775,3.0,11.109,311.417,1014.8,11.133,12.104
46042,2017-01-08,8.486,2.426,9.758,241.327,1015.452,11.427,12.356
46042,2017-01-15,6.501,2.571,11.933,269.976,1016.646,12.011,12.561
46042,2017-01-22,6.913,4.315,15.038,275.583,1011.221,11.821,12.521
46042,2017-01-29,4.109,3.518,14.208,286.768,1024.438,11.336,12.455
46042,2017-02-05,6.945,2.311,11.72,249.108,1016.983,12.756,12.712
46042,2017-02-12,7.354,2.439,10.501,253.452,1016.431,13.301,13.032
46042,2017-02-19,7.263,2.919,13.139,265.917,1010.998,12.715,13.139
46042,2017-02-26,7.155,2.551,12.297,282.359,1020.25,11.39,12.898
46042,2017-03-05,7.74,2.137,12.888,304.228,1019.638,11.464,12.767
46042,2017-03-12,6.5,2.142,12.344,293.713,1022.77,12.166,12.765
46042,2017-03-19,3.808,1.439,10.99,287.653,1018.654,12.717,13.301
46042,2017-03-26,6.686,2.167,11.775,259.054,1018.655,13.029,13.314
46042,2017-04-02,10.198,3.321,13.529,301.247,1019.187,12.763,12.963
46042,2017-04-09,7.032,3.009,13.316,291.506,1015.788,12.328,12.758
46042,2017-04-16,6.7,2.31,12.633,291.536,1017.938,12.311,12.815
46042,2017-04-23,4.566,2.174,13.064,263.077,1019.483,12.992,13.04
46042,2017-04-30,7.915,2.446,10.1,299.76,1018.459,12.943,12.66
46042,2017-05-07,8.486,2.849,11.012,292.512,1013.531,11.72,11.341
46042,2017-05-14,0.0,2.529,10.883,304.896,1016.957,11.732,11.85
46042,2017-05-21,,2.009,9.498,313.702,1015.43,11.971,13.112
46042,2017-05-28,,1.533,11.43,280.62,1014.673,12.548,13.273
46042,2017-06-04,,1.877,9.61,300.944,1014.887,12.944,12.985
46042,2017-06-11,,1.89,9.658,292.464,1014.769,12.949,12.563
46042,2017-06-18,,2.3,8.375,308.473,1015.849,12.881,12.175
46042,2017-06-25,,2.215,11.52,281.048,1011.57,13.489,13.792
46042,2017-07-02,,1.968,10.29,291.329,1015.062,14.068,14.445
46042,2017-07-09,,1.607,10.3,256.97,1015.858,13.321,13.544
46042,2017-07-16,,1.917,9.87,285.491,1015.055,13.594,13.552
46042,2017-07-23,,1.85,7.791,321.37,1014.975,13.532,13.162
46042,2017-07-30,,1.85,9.117,317.388,1014.896,13.604,13.735
46042,2017-08-06,,1.184,13.812,197.843,1014.391,14.933,15.342
46042,2017-08-13,,1.258,9.433,271.801,1014.383,15.623,15.363
46042,2017-08-20,1.729,1.729,9.947,293.631,1014.275,15.613,15.42
46042,2017-08-27,4.95,1.644,9.42,292.216,1014.186,15.19,15.907
46042,2017-09-03,6.109,1.479,9.627,282.94,1010.595,16.411,16.414
46042,2017-09-10,3.689,1.453,12.567,253.759,1013.756,17.22,17.015
46042,2017-09-17,4.691,1.662,9.252,301.428,1012.928,16.913,17.151
46042,2017-09-24,6.148,2.006,9.991,305.723,1013.845,16.301,16.708
46042,2017-10-01,6.695,1.776,8.182,308.494,1012.827,16.249,16.604
46042,2017-10-08,6.986,2.153,10.984,300.28,1013.051,14.248,14.554
46042,2017-10-15,5.989,2.675,10.445,305.393,1015.408,13.64,13.102
46042,2017-10-22,4.948,2.587,14.297,272.624,1019.113,13.768,13.293
46042,2017-10-29,5.328,2.519,14.2,290.657,1015.301,14.614,14.883
46042,2017-11-05,4.421,1.512,12.653,298.217,1014.973,14.152,15.155
46042,2017-11-12,3.919,1.704,11.686,272.792,1017.99,13.836,14.246
46042,2017-11-19,5.216,1.813,11.908,284.558,1018.81,14.745,15.939
46042,2017-11-26,5.272,1.505,12.056,291.512,1017.373,15.996,15.901
46042,2017-12-03,6.69,3.264,14.712,303.131,1018.507,13.943,15.178
46042,2017-12-10,5.238,1.718,13.746,286.43,1023.764,13.913,13.924
46042,2017-12-17,6.004,2.462,13.612,289.242,1018.939,14.068,14.282
46042,2017-12-24,4.685,1.673,12.912,303.77,1022.639,11.982,13.286
46042,2017-12-31,5.521,1.583,13.012,295.613,1020.693,12.758,13.302
46042,2018-01-07,4.78,1.875,13.103,285.143,1019.717,13.49,13.714
46042,2018-01-14,6.445,2.799,13.726,289.464,1017.577,13.196,13.537
46042,2018-01-21,4.673,3.812,15.277,296.399,1021.127,12.739,13.476
46042,2018-01-28,4.562,2.937,13.116,306.363,1024.314,12.247,13.149
46042,2018-02-04,4.687,1.681,10.493,308.788,1019.06,13.717,12.86
46042,2018-02-11,5.369,1.694,12.101,284.946,1017.354,13.395,13.471
46042,2018-02-18,7.407,2.47,10.763,311.581,1019.117,11.897,13.12
46042,2018-02-25,8.273,2.74,12.145,307.863,1023.483,9.485,11.926
46042,2018-03-04,6.086,2.731,11.569,295.22,1017.608,10.367,11.403
46042,2018-03-11,4.074,1.482,13.199,285.756,1018.218,11.176,11.805
46042,2018-03-18,5.205,2.21,11.891,291.048,1016.02,11.538,12.571
46042,2018-03-25,6.873,2.306,10.617,266.887,1016.499,11.954,12.776
46042,2018-04-01,6.366,1.918,9.42,305.06,1018.979,12.419,13.008
46042,2018-04-08,6.663,1.82,10.779,264.726,1016.497,12.812,13.115
46042,2018-04-15,7.421,2.918,13.046,298.988,1020.992,12.61,13.183
46042,2018-04-22,7.206,2.498,11.693,303.708,1019.304,11.586,12.501
46042,2018-04-29,3.635,1.952,13.646,287.929,1017.646,12.247,13.016
46042,2018-05-06,7.316,1.946,10.225,297.204,1018.292,11.717,12.389
46042,2018-05-13,6.975,2.141,10.641,292.617,1015.975,12.14,11.89
46042,2018-05-20,5.258,1.64,10.742,279.75,1016.682,12.645,12.767
46042,2018-05-27,5.345,1.96,11.538,271.988,1015.946,12.42,12.565
46042,2018-06-03,7.254,2.275,9.167,310.899,1013.879,12.477,12.389
46042,2018-06-10,7.849,2.167,9.583,310.065,1016.098,12.418,11.724
46042,2018-06-17,6.755,2.575,9.896,299.607,1010.785,12.613,12.387
46042,2018-06-24,7.176,1.83,10.293,295.018,1014.199,12.88,12.736
46042,2018-07-01,5.246,2.169,9.839,295.327,1014.351,13.481,13.631
46042,2018-07-08,5.885,1.863,9.93,282.333,1015.882,13.851,13.693
46042,2018-07-15,6.105,1.449,10.543,272.119,1015.552,14.532,14.66
46042,2018-07-22,3.133,1.324,10.966,275.637,1015.233,14.64,15.687
46042,2018-07-29,8.986,1.664,12.86,250.72,1016.002,14.142,14.904
46042,2018-08-05,9.781,1.805,7.372,321.542,1014.201,13.53,13.942
46042,2018-08-12,7.596,1.533,10.106,251.988,1014.104,13.084,13.551
46042,2018-08-19,4.762,1.362,13.791,216.78,1015.314,14.035,14.138
46042,2018-08-26,2.602,1.231,9.871,293.506,1015.102,14.885,15.305
46042,2018-09-02,4.969,1.528,8.865,302.786,1014.256,15.398,15.938
46042,2018-09-09,5.433,1.765,8.824,302.655,1013.885,14.346,15.077
46042,2018-09-16,6.85,1.973,11.815,264.518,1013.351,14.236,13.335
46042,2018-09-23,5.722,1.736,10.885,270.12,1013.079,13.424,13.041
46042,2018-09-30,2.81,1.338,12.052,254.173,1012.52,13.871,14.317
46042,2018-10-07,5.396,1.853,12.293,257.262,1012.167,15.657,16.001
46042,2018-10-14,3.806,2.383,11.902,271.667,1009.92,14.838,15.267
46042,2018-10-21,5.388,1.605,14.386,271.56,1017.157,14.516,16.465
46042,2018-10-28,7.347,1.991,12.484,296.599,1016.226,14.893,15.727
46042,2018-11-04,8.477,2.475,10.379,313.856,1018.332,14.901,15.025
46042,2018-11-11,5.63,2.053,10.284,310.661,1015.58,13.71,13.376
46042,2018-11-18,3.563,1.511,12.984,263.198,1020.566,14.254,15.6
46042,2018-11-25,5.397,1.972,11.377,270.762,1017.099,15.211,15.721
46042,2018-12-02,7.688,3.318,13.152,285.298,1014.52,14.782,16.227
46042,2018-12-09,5.908,2.015,12.401,271.911,1017.339,14.039,15.416
46042,2018-12-16,6.68,2.861,13.744,290.895,1020.078,14.264,14.605
46042,2018-12-23,4.597,3.988,15.058,292.176,1021.183,14.181,14.996
46042,2018-12-30,8.735,3.173,12.621,305.756,1020.374,13.259,14.521
46042,2019-01-06,7.373,2.769,12.619,292.408,1016.498,12.176,13.583
46042,2019-01-13,7.779,3.289,12.004,252.601,1015.814,13.144,13.367
46042,2019-01-20,7.081,3.546,13.598,253.404,1016.427,13.681,13.567
46042,2019-01-27,5.583,2.08,12.572,295.357,1023.679,13.218,13.655
46042,2019-02-03,7.261,2.506,12.924,266.293,1009.822,13.122,13.634
46042,2019-02-10,7.289,2.947,13.947,289.821,1014.707,10.626,13.274
46042,2019-02-17,9.487,3.943,12.646,257.766,1013.717,11.628,13.254
46042,2019-02-24,7.667,2.74,11.083,310.887,1018.586,10.879,12.868
46042,2019-03-03,6.395,2.153,11.624,251.857,1015.583,12.154,12.612
46042,2019-03-10,6.644,2.166,11.058,257.19,1014.169,11.429,12.623
46042,2019-03-17,7.431,2.899,14.044,306.127,1018.866,12.076,12.687
46042,2019-03-24,4.438,2.535,14.413,279.06,1017.894,12.417,13.218
46042,2019-03-31,6.117,2.401,12.744,284.545,1020.249,13.083,13.529
46042,2019-04-07,4.427,2.048,15.28,271.774,1017.06,13.483,13.923
46042,2019-04-14,10.071,3.444,11.365,310.494,1019.827,12.51,13.274
46042,2019-04-21,6.961,2.35,12.769,302.018,1017.051,11.499,12.109
46042,2019-04-28,4.901,1.986,9.474,307.815,1015.106,11.907,12.253
46042,2019-05-05,4.39,1.579,11.387,287.268,1013.768,12.138,13.267
46042,2019-05-12,3.52,1.286,13.087,244.786,1013.676,13.112,14.755
46042,2019-05-19,6.978,2.105,13.344,232.214,1014.01,13.539,14.668
46042,2019-05-26,6.986,2.912,11.065,301.554,1012.741,13.117,13.853
46042,2019-06-02,6.888,1.829,9.505,297.018,1013.931,12.444,13.728
46042,2019-06-09,7.596,2.257,9.122,308.356,1014.188,12.782,13.227
46042,2019-06-16,3.922,1.348,11.079,252.179,1014.299,14.364,14.468
46042,2019-06-23,3.282,2.362,10.029,307.14,1013.132,13.435,14.158
46042,2019-06-30,6.891,1.554,8.805,285.296,1015.715,14.096,14.549
46042,2019-07-07,8.485,1.926,9.78,293.387,1015.795,14.112,14.19
46042,2019-07-14,6.95,1.581,11.873,253.988,1015.888,13.725,13.095
46042,2019-07-21,4.092,1.569,13.128,251.81,1014.093,14.223,14.096
46042,2019-07-28,4.773,1.583,8.912,289.119,1015.462,13.779,14.66
46042,2019-08-04,6.304,1.435,7.623,304.06,1015.492,14.363,14.081
46042,2019-08-11,5.938,1.198,11.771,239.721,1014.931,15.179,14.711
46042,2019-08-18,4.865,1.669,8.03,309.28,1013.251,15.564,15.427
46042,2019-08-25,4.68,1.501,11.677,277.065,1013.102,15.562,15.757
46042,2019-09-01,4.677,1.092,11.28,257.838,1013.644,16.245,17.047
46042,2019-09-08,7.48,1.539,12.317,275.226,1015.079,15.864,15.11
46042,2019-09-15,6.791,1.718,11.664,281.107,1014.077,16.599,16.712
46042,2019-09-22,4.439,1.79,10.273,298.869,1013.836,15.199,14.666
46042,2019-09-29,5.735,2.371,10.42,303.5,1011.792,15.658,15.425
46042,2019-10-06,6.79,1.781,10.465,294.274,1016.023,14.375,15.158
46042,2019-10-13,5.111,1.602,10.713,293.899,1012.648,14.264,14.739
46042,2019-10-20,5.886,2.252,13.378,293.988,1016.247,13.601,14.368
46042,2019-10-27,6.001,2.202,11.004,307.88,1015.04,14.901,13.756
46042,2019-11-03,4.53,1.6,13.199,283.655,1017.271,13.977,13.943
46042,2019-11-10,5.274,1.12,9.604,290.852,1017.914,12.249,14.576
46042,2019-11-17,4.139,2.02,13.643,285.916,1018.75,12.921,14.28
46042,2019-11-24,5.79,2.784,12.924,295.899,1013.978,13.575,14.025
46042,2019-12-01,8.556,3.565,11.928,279.619,1010.413,11.207,13.241
46042,2019-12-08,7.834,2.532,11.518,262.792,1015.364,13.807,13.495
46042,2019-12-15,4.728,2.508,13.729,286.435,1022.559,13.059,13.923
46042,2019-12-22,6.155,2.923,13.233,288.911,1019.56,12.991,13.722
46042,2019-12-29,7.043,2.768,13.656,302.196,1014.768,11.906,13.643
46042,2020-01-05,6.975,3.195,14.74,292.647,1023.02,12.666,13.564
46042,2020-01-12,6.444,2.837,11.853,301.62,1024.45,11.931,13.091
46042,2020-01-19,4.932,2.689,12.222,291.714,1021.242,11.141,12.651
46042,2020-01-26,4.171,2.893,14.749,281.619,1021.038,12.626,12.784
46042,2020-02-02,6.729,3.176,13.431,291.036,1025.564,12.292,12.991
46042,2020-02-09,8.119,3.157,10.739,311.844,1020.906,10.906,12.399
46042,2020-02-16,4.534,2.382,12.954,298.587,1019.423,11.71,12.313
46042,2020-02-23,6.022,1.903,12.935,292.435,1019.347,11.551,12.586
46042,2020-03-01,6.49,2.378,12.811,298.815,1022.925,11.834,12.571
46042,2020-03-08,5.025,2.669,12.242,306.56,1017.139,11.83,12.475
46042,2020-03-15,5.165,1.889,11.221,285.832,1014.925,12.208,12.793
46042,2020-03-22,3.132,1.161,14.318,227.964,1016.835,11.393,13.591
46042,2020-03-29,4.937,1.589,12.89,288.137,1020.528,11.689,13.929
46042,2020-04-05,8.211,2.066,10.851,280.208,1018.045,11.949,13.266
46042,2020-04-12,4.588,1.821,13.217,260.635,1016.227,11.418,13.007
46042,2020-04-19,3.855,1.52,10.923,289.78,1018.619,12.535,13.769
46042,2020-04-26,8.609,2.006,13.385,290.97,1021.418,12.936,13.787
46042,2020-05-03,8.318,2.097,11.817,296.661,1019.92,12.805,13.767
46042,2020-05-10,7.324,2.094,11.145,297.144,1017.478,12.293,12.584
46042,2020-05-17,4.819,1.803,13.088,249.804,1016.835,14.134,14.41
46042,2020-05-24,7.642,2.452,10.037,305.786,1016.557,13.43,13.658
46042,2020-05-31,5.16,2.032,11.805,287.131,1013.518,13.432,13.732
46042,2020-06-07,6.767,1.969,10.427,294.844,1014.702,13.797,14.466
46042,2020-06-14,7.353,1.646,10.456,288.696,1019.037,13.559,13.654
46042,2020-06-21,6.284,1.924,9.244,306.375,1015.601,13.703,14.284
46042,2020-06-28,3.303,1.909,10.384,288.012,1012.657,13.625,13.963
46042,2020-07-05,5.196,2.732,10.468,296.47,1014.361,13.28,13.836
46042,2020-07-12,8.606,2.262,8.184,319.839,1015.436,13.101,12.759
46042,2020-07-19,3.624,1.625,9.083,313.506,1014.61,13.898,13.536
46042,2020-07-26,3.866,1.341,9.111,307.827,1014.082,14.36,15.766
46042,2020-08-02,5.738,1.178,9.698,285.415,1015.691,14.138,14.826
46042,2020-08-09,5.038,1.671,8.243,316.589,1015.756,14.448,13.798
46042,2020-08-16,3.46,1.462,10.628,285.506,1013.122,15.561,15.769
46042,2020-08-23,7.355,1.547,8.679,292.79,1013.006,14.183,13.66
46042,2020-08-30,3.001,1.48,8.856,305.75,1011.651,13.703,14.863
46042,2020-09-06,5.175,1.431,10.191,297.917,1014.786,14.928,15.076
46042,2020-09-13,4.279,1.226,11.848,254.982,1012.337,14.218,14.635
46042,2020-09-20,4.771,1.102,10.536,255.518,1015.854,15.05,14.382
46042,2020-09-27,6.418,2.086,11.767,302.269,1016.253,14.997,13.665
46042,2020-10-04,5.457,2.028,12.848,287.792,1014.891,14.478,14.68
46042,2020-10-11,4.698,1.394,11.635,267.161,1015.648,13.935,14.414
46042,2020-10-18,4.925,2.192,10.287,312.56,1016.164,15.175,14.045
46042,2020-10-25,2.893,2.036,9.868,303.387,1013.567,13.891,14.601
46042,2020-11-01,4.666,1.355,10.699,299.613,1018.22,13.568,14.792
46042,2020-11-08,8.038,2.809,13.317,301.295,1014.553,12.664,14.174
46042,2020-11-15,4.68,2.096,11.75,305.924,1021.272,11.744,12.684
46042,2020-11-22,5.433,2.193,12.376,288.649,1019.242,12.998,12.91
46042,2020-11-29,6.091,2.413,12.928,307.696,1021.172,11.683,12.329
46042,2020-12-06,5.092,2.317,15.065,296.911,1023.241,11.299,12.016
46042,2020-12-13,4.77,2.936,13.763,293.647,1020.08,11.811,11.478
46042,2020-12-20,5.254,3.215,13.803,298.94,1024.435,11.401,11.795
46042,2020-12-27,5.33,2.318,13.253,291.077,1020.587,11.723,11.633
46042,2021-01-03,5.065,3.636,15.572,287.399,1020.986,11.228,12.462
46042,2021-01-10,4.365,3.865,15.589,298.524,1023.455,11.954,12.399
46042,2021-01-17,4.584,3.439,14.772,293.506,1024.168,12.137,12.226
46042,2021-01-24,5.973,2.776,13.854,294.054,1014.893,12.108,12.353
46042,2021-01-31,7.278,3.576,13.309,286.494,1013.318,10.696,12.113
46042,2021-02-07,5.881,2.484,12.11,308.03,1020.454,11.525,11.95
46042,2021-02-14,5.79,1.673,13.324,301.845,1017.971,11.487,12.103
46042,2021-02-21,6.84,2.717,13.612,294.988,1024.845,11.43,12.19
46042,2021-02-28,8.539,3.291,10.928,309.643,1022.271,11.198,11.353
46042,2021-03-07,4.431,2.459,14.203,294.686,1018.711,10.733,11.056
46042,2021-03-14,4.863,3.586,13.999,294.707,1021.939,10.402,11.409
46042,2021-03-21,6.817,2.808,11.492,287.589,1021.558,10.226,11.452
46042,2021-03-28,7.9,2.699,9.736,311.343,1019.69,10.543,11.155
46042,2021-04-04,5.016,1.717,12.343,288.898,1018.416,11.42,11.398
46042,2021-04-11,8.582,2.056,9.32,310.167,1019.907,10.198,11.298
46042,2021-04-18,5.963,2.151,12.196,299.186,1016.019,10.172,11.201
46042,2021-04-25,5.662,2.314,12.003,272.216,1016.426,10.637,11.316
46042,2021-05-02,7.708,1.911,10.774,279.345,1018.905,11.181,11.691
46042,2021-05-09,9.327,2.708,10.925,304.589,1016.046,11.172,11.523
46042,2021-05-16,4.197,2.213,10.588,305.006,1015.564,10.802,11.384
46042,2021-05-23,7.792,2.45,10.443,288.042,1019.006,11.206,11.216
46042,2021-05-30,8.342,1.852,11.451,275.405,1018.735,11.323,11.074
46042,2021-06-06,5.028,2.085,11.407,290.851,1014.255,11.885,11.873
46042,2021-06-13,6.071,1.81,10.413,292.774,1018.406,13.308,13.474
46042,2021-06-20,6.475,2.202,9.484,318.518,1013.214,13.757,13.989
46042,2021-06-27,5.192,1.543,13.281,226.407,1014.589,14.395,14.668
46042,2021-07-04,5.583,1.81,9.765,297.299,1013.255,14.172,14.311
46042,2021-07-11,7.132,2.052,10.511,296.643,1014.692,13.628,14.38
46042,2021-07-18,5.365,1.938,9.501,305.952,1015.211,12.9,13.619
46042,2021-07-25,5.381,1.739,8.666,312.629,1016.699,13.189,13.693
46042,2021-08-01,2.143,1.121,11.946,230.449,1016.211,14.393,14.952
46042,2021-08-08,5.741,1.388,10.902,262.446,1016.039,14.725,15.883
46042,2021-08-15,4.402,1.424,11.513,264.56,1015.888,15.256,16.197
46042,2021-08-22,4.191,2.42,10.347,296.565,1011.498,15.361,15.142
46042,2021-08-29,3.942,1.79,8.827,306.132,1012.079,14.886,16.012
46042,2021-09-05,3.4,1.625,8.747,308.083,1012.357,14.66,16.673
46042,2021-09-12,6.849,1.628,9.657,290.179,1014.301,14.904,16.22
46042,2021-09-19,3.753,1.988,13.341,246.964,1014.834,14.647,16.154
46042,2021-09-26,3.427,1.97,13.079,293.149,1016.13,15.19,16.452
46042,2021-10-03,6.21,2.608,12.491,301.369,1016.33,14.603,15.868
46042,2021-10-10,5.322,1.999,11.495,299.455,1017.314,14.504,15.822
46042,2021-10-17,6.735,2.956,11.676,307.222,1016.765,13.891,14.255
46042,2021-10-24,6.119,2.646,12.389,280.627,1015.871,14.146,14.272
46042,2021-10-31,4.569,3.08,13.836,296.768,1017.234,14.527,14.856
46042,2021-11-07,6.19,2.419,12.982,280.101,1020.035,14.6,15.078
46042,2021-11-14,6.004,2.202,11.106,284.482,1021.708,14.249,14.687
46042,2021-11-21,4.143,1.865,10.802,292.369,1019.571,14.046,14.58
46042,2021-11-28,4.799,1.802,11.507,296.512,1021.163,14.328,14.121
46042,2021-12-05,4.473,1.879,12.888,297.864,1020.544,12.873,14.234
46042,2021-12-12,6.248,1.969,10.55,296.418,1018.567,12.244,13.44
46042,2021-12-19,6.456,3.297,13.809,303.113,1017.729,11.527,12.684
46042,2021-12-26,6.874,2.339,12.247,284.4,1014.245,12.241,12.756
46042,2022-01-02,6.627,2.339,10.823,308.659,1014.362,10.887,12.845
46042,2022-01-09,4.929,2.283,12.905,294.932,1021.491,11.909,12.787
46042,2022-01-16,4.342,2.509,13.878,282.601,1023.648,13.333,12.897
46042,2022-01-23,4.121,1.78,12.703,286.133,1020.982,12.609,12.803
46042,2022-01-30,4.652,1.871,14.474,280.297,1021.367,12.447,12.951
46042,2022-02-06,6.71,2.521,12.052,304.585,1022.648,12.276,12.492
46042,2022-02-13,4.132,1.828,14.229,280.671,1021.412,,12.817
46042,2022-02-20,6.568,2.373,12.971,289.092,1019.83,,12.73
46042,2022-02-27,7.0,2.256,12.833,300.834,1021.823,,11.977
46042,2022-03-06,6.962,2.977,13.227,297.506,1019.926,10.521,11.363
46042,2022-03-13,5.785,1.72,11.767,298.093,1022.498,10.856,11.45
46042,2022-03-20,6.613,2.755,13.581,292.119,1021.851,11.407,11.841
46042,2022-03-27,8.447,2.298,12.369,290.575,1018.117,10.954,11.649
46042,2022-04-03,8.265,2.709,11.061,292.543,1014.923,11.212,11.556
46042,2022-04-10,9.184,3.237,12.779,306.157,1018.258,12.229,11.997
46042,2022-04-17,7.239,1.924,11.483,263.528,1019.795,10.777,11.431
46042,2022-04-24,5.825,2.444,13.45,290.648,1018.374,12.014,12.384
46042,2022-05-01,9.164,2.447,11.102,296.577,1018.114,11.237,11.073
46042,2022-05-08,7.07,2.887,12.898,292.709,1017.251,11.151,11.004
46042,2022-05-15,7.983,2.006,9.385,301.102,1021.525,11.111,11.278
46042,2022-05-22,8.605,2.708,9.341,306.544,1016.038,11.137,10.4
46042,2022-05-29,5.675,1.766,11.432,256.436,1014.281,11.778,11.336
46042,2022-06-05,7.259,2.135,11.718,271.126,1013.918,11.982,11.885
46042,2022-06-12,7.522,1.702,9.573,288.506,1014.225,12.913,11.935
46042,2022-06-19,8.257,2.121,8.599,308.969,1015.073,12.522,11.858
46042,2022-06-26,4.365,1.773,11.545,279.938,1013.979,12.29,12.293
46042,2022-07-03,7.221,1.497,9.239,285.106,1017.372,12.611,12.259
46042,2022-07-10,5.005,1.137,8.596,272.736,1017.157,14.485,13.91
46042,2022-07-17,6.608,1.968,8.687,302.07,1014.226,14.035,14.305
46042,2022-07-24,7.852,1.883,12.727,261.019,1015.261,13.274,13.432
46042,2022-07-31,4.089,1.135,12.279,248.213,1014.382,14.146,14.176
46042,2022-08-07,4.204,1.327,12.638,200.335,1015.257,15.627,15.431
46042,2022-08-14,6.497,1.201,8.13,296.148,1016.824,16.163,15.278
46042,2022-08-21,5.102,1.682,8.211,312.103,1012.455,13.947,13.862
46042,2022-08-28,4.261,1.746,9.303,295.21,1013.493,14.545,14.336
46042,2022-09-04,6.337,1.555,10.019,270.94,1013.093,14.683,14.348
46042,2022-09-11,3.747,1.916,10.133,296.082,1009.427,15.52,14.337
46042,2022-09-18,5.907,1.455,11.523,231.154,1013.232,16.127,15.451
46042,2022-09-25,4.743,1.627,12.359,268.006,1014.11,16.133,16.697
46042,2022-10-02,5.844,1.657,12.496,266.405,1014.448,15.574,16.486
46042,2022-10-09,5.887,1.649,13.657,272.957,1017.154,14.972,17.516
46042,2022-10-16,3.907,1.375,12.742,238.57,1015.32,14.617,14.608
46042,2022-10-23,5.674,2.193,12.775,276.335,1014.636,15.196,14.956
46042,2022-10-30,6.627,2.325,12.363,301.807,1020.387,13.396,13.618
46042,2022-11-06,4.759,2.48,12.683,302.938,1018.791,12.994,13.371
46042,2022-11-13,5.467,1.983,10.852,297.5,1016.604,12.618,13.988
46042,2022-11-20,5.173,1.694,14.204,291.394,1021.8,12.649,13.131
46042,2022-11-27,4.445,2.085,14.537,279.643,1021.411,12.272,12.194
46042,2022-12-04,5.667,2.407,11.968,294.437,1016.072,11.262,12.168
46042,2022-12-11,4.801,1.868,11.624,295.08,1017.662,11.908,12.663
46042,2022-12-18,4.37,1.996,12.834,287.747,1018.272,11.099,12.598
46042,2022-12-25,3.318,1.347,14.198,266.147,1023.718,12.34,13.058
46042,2023-01-01,6.743,3.441,12.943,280.923,1013.839,12.884,13.012
46042,2023-01-08,8.713,4.158,13.579,262.796,1013.977,12.854,12.841
46042,2023-01-15,8.841,4.409,15.028,266.019,1012.582,13.429,12.988
46042,2023-01-22,7.462,3.34,13.725,301.088,1018.997,11.558,12.938
46042,2023-01-29,5.697,2.585,14.504,305.518,1022.045,12.073,12.729
46042,2023-02-05,5.444,2.304,13.713,284.344,1020.581,11.543,12.25
46042,2023-02-12,6.251,3.193,12.739,295.552,1023.088,11.478,12.319
46042,2023-02-19,7.39,3.168,14.034,306.796,1018.702,10.731,11.926
46042,2023-02-26,6.666,3.092,11.997,304.319,1012.547,9.347,11.173
46042,2023-03-05,7.87,3.06,12.483,298.317,1015.53,9.794,11.367
46042,2023-03-12,5.085,2.405,10.887,270.484,1017.477,10.613,11.3
46042,2023-03-19,7.5,1.947,10.302,251.455,1015.113,11.212,11.3
46042,2023-03-26,8.668,2.962,10.317,275.344,1017.433,10.443,11.4
46042,2023-04-02,5.643,1.892,11.589,270.451,1018.768,10.652,
46042,2023-04-09,7.535,1.955,9.93,301.727,1020.742,10.611,11.9
46042,2023-04-16,8.291,2.34,11.164,310.176,1017.612,10.421,
46042,2023-04-23,8.066,2.036,10.571,315.09,1020.478,10.759,10.268
46042,2023-04-30,5.416,1.783,12.975,265.698,1015.511,10.358,10.161
46042,2023-05-07,4.676,2.171,13.059,291.396,1014.877,11.473,12.05
46042,2023-05-14,6.298,1.76,12.755,266.956,1017.506,11.907,12.743
46042,2023-05-21,7.369,1.944,13.838,234.17,1017.679,11.819,12.57
46042,2023-05-28,4.143,1.808,11.69,270.28,1014.864,12.036,12.902
46042,2023-06-04,5.473,2.156,11.093,288.155,1015.244,12.183,12.743
46042,2023-06-11,3.596,1.583,13.988,216.713,1014.422,13.118,13.389
46042,2023-06-18,3.297,1.796,10.17,301.869,1015.751,13.612,15.016
46042,2023-06-25,7.201,1.669,9.08,302.642,1018.407,13.368,14.152
46042,2023-07-02,6.666,1.576,8.887,312.848,1014.92,12.519,13.84
46042,2023-07-09,4.332,1.594,11.389,260.476,1015.04,13.315,13.837
46042,2023-07-16,7.876,1.539,8.753,304.338,1015.621,12.685,13.647
46042,2023-07-23,6.093,1.86,8.411,316.604,1015.048,12.813,12.728
46042,2023-07-30,7.882,1.477,7.268,316.656,1017.502,12.995,12.596
46042,2023-08-06,6.591,1.483,9.04,298.461,1018.098,13.672,13.006
46042,2023-08-13,2.833,1.352,11.413,250.555,1016.174,13.973,14.14
46042,2023-08-20,2.288,1.387,11.95,265.562,1012.937,15.483,16.256
46042,2023-08-27,5.692,1.433,11.649,255.982,1014.685,16.79,17.56
46042,2023-09-03,5.817,1.984,10.144,281.299,1014.196,15.895,16.34
46042,2023-09-10,5.271,1.569,14.549,209.241,1016.35,15.197,16.117
46042,2023-09-17,4.318,1.639,10.978,252.208,1015.799,15.992,16.962
46042,2023-09-24,2.873,1.95,12.111,274.856,1015.518,15.846,17.176
46042,2023-10-01,6.02,2.83,11.593,294.497,1015.558,15.914,16.283
46042,2023-10-08,3.865,1.811,11.714,285.003,1014.744,15.728,16.318
46042,2023-10-15,4.879,1.967,13.015,266.027,1013.777,15.108,17.044
46042,2023-10-22,4.689,2.454,15.805,288.94,1015.22,,16.075
46042,2023-10-29,6.915,1.818,11.396,279.982,1016.946,14.977,15.255
46042,2023-11-05,4.064,1.174,13.469,238.455,1019.266,14.696,14.912
46042,2023-11-12,4.924,2.389,12.39,293.375,1019.929,14.364,15.002
46042,2023-11-19,7.261,2.426,11.236,251.836,1014.729,15.469,15.219
46042,2023-11-26,5.812,2.364,12.036,297.605,1020.229,14.866,15.292
46042,2026-04-19,7.275,1.656,10.318,283.708,1016.787,13.395,14.672
46042,2026-04-26,8.622,1.466,11.022,200.718,1012.18,14.175,14.812
46047,2017-01-01,7.996,2.202,12.468,320.958,1013.608,12.95,15.871
46047,2017-01-08,3.83,1.324,11.862,285.655,1018.93,14.843,15.899
46047,2017-01-15,5.842,2.005,10.621,302.839,1017.79,14.883,15.98
46047,2017-01-22,6.167,3.189,15.107,299.275,1015.327,14.268,15.228
46047,2017-01-29,5.855,3.178,14.747,306.428,1023.084,13.455,14.193
46047,2017-02-05,2.888,1.873,13.173,274.56,1018.954,14.102,14.693
46047,2017-02-12,5.0,1.963,12.359,286.946,1018.644,14.938,15.392
46047,2017-02-19,7.143,2.869,13.514,283.743,1012.644,14.218,15.076
46047,2017-02-26,7.195,2.611,12.247,299.571,1021.026,13.535,15.152
46047,2017-03-05,5.836,1.76,13.687,291.357,1017.662,13.722,15.269
46047,2017-03-12,6.671,2.074,11.959,311.018,1018.644,14.296,15.312
46047,2017-03-19,3.865,1.294,11.955,276.725,1017.784,13.359,15.621
46047,2017-03-26,6.799,1.949,12.785,291.821,1019.599,14.642,15.324
46047,2017-04-02,8.886,3.261,12.678,317.813,1015.451,14.079,14.639
46047,2017-04-09,4.853,2.442,13.783,297.935,1016.439,13.665,14.562
46047,2017-04-16,7.188,2.396,11.676,311.096,1016.884,14.153,14.54
46047,2017-04-23,7.672,2.212,13.018,285.714,1016.615,14.901,14.778
46047,2017-04-30,11.198,3.34,9.371,326.868,1013.323,14.115,13.868
46047,2017-05-07,5.085,2.107,13.105,261.422,1013.019,13.796,14.767
46047,2017-05-14,7.36,2.405,11.245,317.837,1015.031,13.62,13.904
46047,2017-05-21,7.974,2.031,9.171,321.139,1014.139,13.773,15.108
46047,2017-05-28,5.287,1.397,12.844,259.814,1014.679,14.353,15.589
46047,2017-06-04,8.091,1.925,9.289,306.38,1012.563,13.997,14.681
46047,2017-06-11,7.383,1.886,10.926,278.042,1014.015,14.087,14.419
46047,2017-06-18,7.065,2.14,8.815,321.216,1013.046,14.839,15.619
46047,2017-06-25,6.335,2.059,12.059,273.12,1011.169,15.013,16.083
46047,2017-07-02,8.415,1.962,9.077,311.176,1013.118,15.362,16.579
46047,2017-07-09,5.393,1.541,11.319,250.193,1013.935,15.985,16.741
46047,2017-07-16,4.249,1.596,12.448,216.146,1014.179,16.79,17.664
46047,2017-07-23,4.883,1.77,8.797,314.583,1013.442,17.055,17.878
46047,2017-07-30,3.916,1.332,9.953,269.353,1014.934,16.437,17.786
46047,2017-08-06,5.434,1.521,13.484,206.863,1013.919,17.111,17.942
46047,2017-08-13,7.828,1.601,7.644,317.423,1013.224,17.096,18.208
46047,2017-08-20,5.202,1.558,12.25,252.899,1014.432,17.44,18.901
46047,2017-08-27,4.408,1.424,9.885,293.563,1013.49,17.943,19.087
46047,2017-09-03,6.159,1.737,10.794,264.738,1008.963,18.738,19.158
46047,2017-09-10,6.363,1.444,13.47,266.214,1013.614,19.292,20.001
46047,2017-09-17,5.421,1.438,12.397,251.815,1013.113,18.768,19.666
46047,2017-09-24,8.214,2.174,9.753,323.125,1012.109,18.05,19.06
46047,2017-10-01,5.946,1.595,8.637,305.536,1011.138,17.957,18.958
46047,2017-10-08,6.225,1.996,12.011,289.06,1010.802,17.506,18.508
46047,2017-10-15,2.792,2.153,11.14,303.482,1013.38,17.271,18.561
46047,2017-10-22,7.027,2.569,13.623,290.923,1015.868,18.352,18.407
46047,2017-10-29,4.186,2.283,14.114,291.47,1013.347,18.123,18.469
46047,2017-11-05,3.547,1.428,13.391,295.232,1015.403,16.877,17.833
46047,2017-11-12,4.847,1.66,12.505,287.06,1017.64,16.943,17.741
46047,2017-11-19,6.062,1.917,10.832,312.048,1017.51,16.993,17.347
46047,2017-11-26,4.247,1.415,12.059,304.762,1015.693,17.112,17.289
46047,2017-12-03,4.553,3.067,15.217,310.695,1015.824,16.096,17.177
46047,2017-12-10,2.948,1.837,13.888,292.964,1020.218,17.051,17.044
46047,2017-12-17,3.925,2.31,13.757,296.851,1015.848,16.392,16.814
46047,2017-12-24,0.1,1.755,12.21,315.383,1021.074,14.875,16.18
46047,2017-12-31,,1.45,12.946,299.72,1019.196,14.819,15.982
46047,2018-01-07,,1.356,13.394,294.018,1019.699,15.442,16.226
46047,2018-01-14,,2.544,13.477,300.375,1016.78,15.193,15.677
46047,2018-01-21,,3.167,15.663,309.485,1019.624,14.275,15.679
46047,2018-01-28,,2.606,13.756,312.792,1021.177,14.587,15.074
46047,2018-02-04,,1.39,11.243,305.536,1016.875,15.246,15.756
46047,2018-02-11,,1.383,13.158,271.766,1015.829,14.707,15.719
46047,2018-02-18,,1.922,11.302,311.0,1017.35,14.553,15.666
46047,2018-02-25,,2.766,11.551,323.647,1021.586,12.53,15.047
46047,2018-03-04,,2.518,12.036,312.216,1019.293,13.011,15.271
46047,2018-03-11,,1.493,13.377,297.132,1017.047,14.743,15.49
46047,2018-03-18,,1.817,12.529,297.313,1017.591,14.215,15.861
46047,2018-03-25,,1.747,11.878,278.707,1017.638,14.434,15.764
46047,2018-04-01,,1.923,10.777,299.494,1017.796,13.735,15.458
46047,2018-04-08,,1.59,10.764,286.224,1015.642,14.495,15.212
46047,2018-04-15,,2.985,12.08,312.867,1017.925,14.387,14.745
46047,2018-04-22,,2.384,12.095,296.436,1018.144,13.6,14.017
46047,2018-04-29,,2.162,12.18,297.177,1016.595,14.014,14.873
46047,2018-05-06,,2.117,8.517,318.653,1017.243,13.546,13.789
46047,2018-05-13,,2.287,9.504,310.527,1014.606,14.279,14.522
46047,2018-05-20,,1.807,10.391,282.262,1015.804,14.647,15.241
46047,2018-05-27,,1.955,12.347,259.94,1016.033,14.351,15.592
46047,2018-06-03,,1.974,9.525,299.061,1013.578,14.182,15.152
46047,2018-06-10,,2.457,8.849,310.274,1013.212,14.335,15.004
46047,2018-06-17,,2.35,10.381,298.0,1010.47,13.91,14.839
46047,2018-06-24,,1.848,10.195,289.613,1013.675,14.006,14.857
46047,2018-07-01,,1.787,10.472,276.946,1014.471,14.679,15.434
46047,2018-07-08,,1.799,10.662,256.764,1013.696,16.802,17.336
46047,2018-07-15,,1.559,11.247,245.512,1014.259,17.587,18.764
46047,2018-07-22,,1.162,10.831,259.861,1015.561,16.861,18.302
46047,2018-07-29,,1.981,13.39,237.898,1013.684,17.573,19.14
46047,2018-08-05,,1.495,8.254,301.512,1013.15,16.959,19.583
46047,2018-08-12,,1.757,9.64,234.41,1012.499,20.007,21.071
46047,2018-08-19,,1.584,14.849,191.19,1015.231,18.207,21.405
46047,2018-08-26,,1.403,10.703,265.085,1015.101,17.974,21.474
46047,2018-09-02,,2.005,7.517,317.689,1013.266,18.058,20.533
46047,2018-09-09,,1.575,10.149,257.467,1013.341,17.898,20.031
46047,2018-09-16,,2.213,11.395,269.699,1011.702,17.295,19.386
46047,2018-09-23,,1.869,10.421,281.691,1012.348,16.375,17.958
46047,2018-09-30,,1.367,12.265,234.861,1012.98,16.092,17.312
46047,2018-10-07,,1.945,11.949,247.577,1012.057,17.775,17.835
46047,2018-10-14,,2.171,13.184,260.359,1010.713,17.483,18.672
46047,2018-10-21,,1.723,14.492,267.072,1015.851,18.314,19.529
46047,2018-10-28,,2.247,11.519,301.752,1014.735,17.484,19.513
46047,2018-11-04,,2.476,10.367,302.247,1015.255,18.508,19.107
46047,2018-11-11,,1.728,10.842,305.309,1014.24,17.691,19.346
46047,2018-11-18,,1.466,13.5,252.24,1019.763,17.988,19.272
46047,2018-11-25,,1.944,12.621,289.639,1017.828,17.431,18.72
46047,2018-12-02,,3.243,13.297,304.837,1015.948,16.658,17.697
46047,2018-12-09,,1.98,13.831,286.669,1017.191,15.767,16.946
46047,2018-12-16,,2.815,13.829,303.333,1019.483,15.917,16.855
46047,2018-12-23,,3.44,15.231,302.932,1019.8,15.531,16.722
46047,2018-12-30,,3.3,12.719,313.934,1017.695,14.798,15.934
46047,2019-01-06,,2.308,13.123,295.897,1017.259,13.858,15.353
46047,2019-01-13,,2.741,13.162,278.571,1019.203,14.027,15.209
46047,2019-01-20,,3.091,15.306,272.229,1019.309,15.252,15.524
46047,2019-01-27,,2.091,12.346,299.226,1021.476,14.879,15.162
46047,2019-02-03,,2.088,13.505,285.458,1013.337,14.562,15.14
46047,2019-02-10,,2.508,14.066,298.687,1017.543,13.108,14.936
46047,2019-02-17,,2.979,14.16,288.182,1017.587,13.682,15.075
46047,2019-02-24,,2.878,11.756,315.958,1017.652,12.313,14.496
46047,2019-03-03,,1.481,13.75,290.861,1018.857,13.94,14.528
46047,2019-03-10,,1.734,11.404,280.589,1016.83,13.63,15.229
46047,2019-03-17,,3.113,13.666,311.561,1015.728,14.052,14.595
46047,2019-03-24,,2.343,14.841,285.814,1018.809,14.244,14.861
46047,2019-03-31,,2.445,12.582,299.163,1019.677,14.692,15.108
46047,2019-04-07,,1.847,15.351,279.886,1017.363,14.956,15.638
46047,2019-04-14,,3.647,11.612,316.084,1016.575,14.658,15.125
46047,2019-04-21,,2.106,12.744,305.629,1016.762,13.92,14.853
46047,2019-04-28,,1.562,10.385,301.257,1015.313,14.123,14.899
46047,2019-05-05,,1.347,13.638,235.126,1014.192,14.653,15.445
46047,2019-05-12,,1.343,14.5,212.126,1013.811,15.228,16.189
46047,2019-05-19,,1.959,14.69,232.741,1015.665,14.991,15.525
46047,2019-05-26,7.05,2.682,11.601,285.139,1014.002,14.917,15.377
46047,2019-06-02,6.231,1.971,10.461,270.633,1013.906,14.375,15.354
46047,2019-06-09,4.488,1.856,10.998,270.814,1013.797,14.766,15.767
46047,2019-06-16,5.732,1.383,10.563,240.994,1015.045,15.473,16.249
46047,2019-06-23,2.997,1.506,12.132,271.763,1014.106,15.492,16.702
46047,2019-06-30,5.713,1.489,9.473,270.974,1015.375,15.834,16.809
46047,2019-07-07,8.37,2.113,10.163,262.431,1015.359,15.599,16.502
46047,2019-07-14,6.682,1.693,12.579,240.958,1015.373,15.189,16.335
46047,2019-07-21,6.378,1.558,13.225,233.125,1013.96,16.179,17.084
46047,2019-07-28,6.316,1.46,12.171,220.571,1015.226,16.509,17.508
46047,2019-08-04,7.965,1.886,8.571,287.817,1014.663,16.11,16.752
46047,2019-08-11,8.019,1.617,10.154,253.216,1014.562,16.422,16.46
46047,2019-08-18,4.481,1.357,11.125,240.738,1014.286,16.353,17.498
46047,2019-08-25,6.005,1.649,10.331,266.53,1012.568,16.849,17.195
46047,2019-09-01,6.39,1.325,9.065,271.673,1013.47,17.45,17.527
46047,2019-09-08,5.988,1.8,12.2,251.042,1013.893,17.638,18.162
46047,2019-09-15,5.987,1.849,11.41,255.196,1013.278,17.325,17.85
46047,2019-09-22,6.645,1.807,10.194,273.982,1012.712,17.933,18.395
46047,2019-09-29,4.76,1.922,10.922,282.887,1012.017,17.794,18.89
46047,2019-10-06,6.607,2.043,10.18,282.719,1014.264,16.893,18.756
46047,2019-10-13,3.981,1.59,11.594,255.56,1012.38,16.834,18.874
46047,2019-10-20,8.638,2.697,12.16,287.287,1013.206,16.989,18.424
46047,2019-10-27,4.112,1.812,11.343,286.337,1013.025,18.245,18.129
46047,2019-11-03,4.356,1.537,13.671,278.377,1016.203,16.971,17.873
46047,2019-11-10,5.752,1.233,9.379,279.048,1016.587,15.608,17.597
46047,2019-11-17,4.032,1.66,13.457,270.449,1017.01,15.904,17.429
46047,2019-11-24,4.751,2.498,13.035,289.509,1012.727,16.481,17.046
46047,2019-12-01,6.498,2.615,13.114,286.509,1011.78,14.823,16.178
46047,2019-12-08,3.265,1.952,13.267,269.946,1017.864,15.764,15.865
46047,2019-12-15,7.855,2.62,13.739,281.244,1020.351,15.25,15.747
46047,2019-12-22,5.164,2.569,13.982,287.607,1019.636,15.348,16.218
46047,2019-12-29,6.609,2.821,13.793,291.138,1013.912,14.159,16.5
46047,2020-01-05,6.052,2.623,14.706,291.173,1019.398,14.849,15.999
46047,2020-01-12,8.218,2.78,10.617,299.784,1020.459,14.437,15.656
46047,2020-01-19,6.476,2.337,12.937,293.244,1019.899,13.393,15.039
46047,2020-01-26,5.103,2.703,15.112,283.078,1019.471,13.861,14.786
46047,2020-02-02,7.609,2.914,13.541,289.729,1020.721,14.387,14.233
46047,2020-02-09,7.112,2.638,11.622,299.036,1017.904,12.66,13.692
46047,2020-02-16,4.4,2.094,14.029,294.234,1017.442,13.014,13.692
46047,2020-02-23,5.163,1.823,12.645,281.054,1017.618,13.886,
46047,2020-03-01,4.547,2.172,13.741,280.168,1020.69,14.583,
46047,2020-03-08,4.832,2.351,12.932,295.91,1016.776,12.925,
46047,2020-03-15,4.256,1.738,12.358,246.143,1015.652,14.62,
46047,2020-03-22,4.765,1.442,12.898,236.042,1017.247,13.74,
46047,2020-03-29,7.296,1.907,11.608,291.637,1020.276,13.644,
46047,2020-04-05,8.312,2.387,8.999,293.15,1016.048,14.001,
46047,2020-04-12,6.054,1.813,11.86,253.012,1016.34,13.554,
46047,2020-04-19,5.231,1.447,12.809,247.482,1018.187,14.061,
46047,2020-04-26,7.414,2.413,11.534,288.771,1016.704,15.577,
46047,2020-05-03,8.277,2.528,9.591,296.56,1015.659,15.575,
46047,2020-05-10,5.975,2.344,10.442,286.595,1013.883,15.207,
46047,2020-05-17,7.651,2.221,11.515,252.994,1015.642,15.349,
46047,2020-05-24,7.733,2.394,10.625,289.904,1015.338,15.114,
46047,2020-05-31,4.052,1.502,13.582,256.292,1014.226,15.626,
46047,2020-06-07,6.696,1.86,12.001,252.821,1013.037,16.253,
46047,2020-06-14,7.749,2.148,10.94,260.869,1015.679,15.739,
46047,2020-06-21,5.387,1.834,10.506,277.167,1014.548,15.264,
46047,2020-06-28,4.765,1.379,11.269,258.798,1012.938,15.621,
46047,2020-07-05,4.3,1.864,13.699,248.107,1013.936,16.015,
46047,2020-07-12,7.098,1.946,10.059,248.333,1013.395,16.121,
46047,2020-07-19,5.185,1.343,9.269,290.149,1014.739,16.713,
46047,2020-07-26,6.415,1.399,8.869,278.56,1013.629,16.322,
46047,2020-08-02,7.32,1.584,8.888,266.025,1013.878,16.376,
46047,2020-08-09,7.803,1.825,7.808,302.613,1014.825,16.75,
46047,2020-08-16,4.762,1.34,11.194,249.024,1012.403,17.823,
46047,2020-08-23,3.441,1.579,10.741,240.994,1010.302,19.801,
46047,2020-08-30,5.736,1.685,9.17,283.435,1010.516,18.216,
46047,2020-09-06,5.384,1.558,9.741,286.229,1013.105,17.991,
46047,2020-09-13,4.981,1.378,13.754,206.988,1010.963,18.414,
46047,2020-09-20,7.185,1.59,9.365,253.095,1013.757,18.266,
46047,2020-09-27,5.002,2.186,12.055,279.339,1013.955,18.011,
46047,2020-10-04,3.613,1.864,13.296,261.756,1012.24,19.231,
46047,2020-10-11,4.701,1.512,11.344,261.179,1014.67,18.063,
46047,2020-10-18,3.7,1.715,10.982,285.572,1013.974,19.311,
46047,2020-10-25,3.844,1.726,10.928,274.38,1013.282,17.814,
46047,2020-11-01,4.953,1.335,10.887,275.274,1016.451,17.621,
46047,2020-11-08,6.956,2.582,13.508,289.846,1013.809,16.794,
46047,2020-11-15,6.368,2.141,10.706,296.439,1018.658,15.018,
46047,2020-11-22,4.442,2.058,12.748,290.596,1017.554,16.154,
46047,2020-11-29,5.921,2.455,12.18,295.607,1017.907,15.355,
46047,2020-12-06,4.989,2.31,15.233,287.167,1020.522,15.41,
46047,2020-12-13,5.795,2.829,13.641,285.286,1018.085,15.023,
46047,2020-12-20,6.651,2.916,13.876,290.713,1020.905,14.698,
46047,2020-12-27,5.485,1.882,13.531,279.298,1019.016,14.828,
46047,2021-01-03,8.048,3.491,15.486,291.946,1019.615,14.161,
46047,2021-01-10,7.223,3.585,15.508,293.363,1020.29,14.397,
46047,2021-01-17,4.037,2.951,15.402,288.482,1020.008,14.939,
46047,2021-01-24,5.807,2.507,14.177,282.163,1012.557,14.094,
46047,2021-01-31,7.33,3.297,12.952,291.095,1016.75,12.814,
46047,2021-02-07,6.108,2.218,12.129,296.786,1018.356,13.306,
46047,2021-02-14,7.76,2.214,11.242,292.732,1016.233,12.837,
46047,2021-02-21,9.53,3.178,12.5,289.151,1021.056,13.061,
46047,2021-02-28,5.772,2.824,11.814,298.696,1018.034,13.198,
46047,2021-03-07,5.18,2.322,14.601,298.297,1017.847,12.981,
46047,2021-03-14,7.979,3.152,14.047,303.415,1021.869,12.85,
46047,2021-03-21,7.09,2.513,11.662,291.192,1020.452,,
46047,2021-03-28,7.776,2.638,10.322,300.174,1017.812,,
46047,2021-04-04,6.261,1.839,12.203,278.271,1016.634,12.551,
46047,2021-04-11,9.555,2.588,8.463,299.083,1015.906,12.613,
46047,2021-04-18,7.564,2.187,11.598,289.132,1015.155,11.923,
46047,2021-04-25,6.819,2.051,12.555,252.383,1016.07,12.149,
46047,2021-05-02,7.516,1.955,10.822,255.232,1016.553,13.191,
46047,2021-05-09,5.418,2.221,11.592,282.38,1014.191,12.708,14.088
46047,2021-05-16,4.185,1.674,13.039,259.988,1014.982,13.133,13.919
46047,2021-05-23,9.149,2.723,11.233,280.545,1016.488,13.099,13.918
46047,2021-05-30,8.254,2.317,9.285,300.536,1015.857,13.074,13.6
46047,2021-06-06,3.09,1.607,13.101,244.071,1013.582,13.127,14.277
46047,2021-06-13,8.19,2.197,9.19,314.024,1015.618,14.136,14.442
46047,2021-06-20,5.043,2.139,9.502,312.102,1010.355,14.632,14.881
46047,2021-06-27,5.834,1.743,12.707,241.881,1013.261,15.495,15.952
46047,2021-07-04,6.09,1.878,10.659,276.97,1011.447,15.236,16.503
46047,2021-07-11,5.777,1.841,12.543,243.946,1012.866,15.446,16.69
46047,2021-07-18,4.183,1.678,13.004,230.732,1013.7,16.021,17.506
46047,2021-07-25,5.659,1.673,10.173,284.446,1015.178,16.068,17.761
46047,2021-08-01,5.209,1.204,10.962,241.875,1015.094,17.309,18.613
46047,2021-08-08,7.275,1.839,8.685,296.407,1013.893,16.891,18.572
46047,2021-08-15,4.264,1.351,12.51,219.551,1014.647,17.529,18.946
46047,2021-08-22,2.341,1.862,12.531,251.964,1010.417,17.898,19.049
46047,2021-08-29,5.293,1.554,9.23,295.488,1010.61,17.475,19.44
46047,2021-09-05,5.292,1.553,9.197,298.994,1010.864,17.634,19.514
46047,2021-09-12,4.791,1.513,11.267,254.173,1012.558,18.168,19.663
46047,2021-09-19,4.578,1.916,13.439,248.607,1013.627,17.012,19.447
46047,2021-09-26,4.126,2.005,12.655,302.012,1014.71,17.853,19.292
46047,2021-10-03,5.778,2.436,12.92,298.275,1013.76,17.573,19.056
46047,2021-10-10,5.202,1.837,11.723,302.476,1015.506,17.62,18.708
46047,2021-10-17,6.824,2.842,11.821,306.327,1013.835,16.55,17.566
46047,2021-10-24,6.424,2.323,12.723,297.12,1015.945,16.245,17.312
46047,2021-10-31,5.62,3.011,14.422,302.446,1015.361,16.624,17.829
46047,2021-11-07,6.054,2.236,12.713,290.31,1017.116,16.385,17.491
46047,2021-11-14,4.624,1.908,12.425,281.018,1017.969,16.828,16.802
46047,2021-11-21,4.975,1.556,12.006,274.0,1017.53,15.164,16.735
46047,2021-11-28,3.924,1.438,12.09,290.786,1017.697,16.225,16.983
46047,2021-12-05,4.16,1.669,13.091,297.964,1018.446,14.664,16.923
46047,2021-12-12,5.348,1.914,10.498,296.69,1016.606,15.119,16.784
46047,2021-12-19,6.331,2.632,13.844,304.298,1018.884,14.257,15.783
46047,2021-12-26,4.291,1.881,13.146,289.329,1016.564,13.994,15.53
46047,2022-01-02,6.595,2.514,11.558,303.417,1013.527,13.574,14.937
46047,2022-01-09,6.08,2.185,12.767,303.186,1018.574,13.779,14.53
46047,2022-01-16,3.131,2.062,14.034,287.655,1020.955,14.799,14.591
46047,2022-01-23,4.238,1.657,12.677,280.137,1018.433,14.175,14.963
46047,2022-01-30,3.982,1.827,14.82,286.048,1018.772,14.031,14.605
46047,2022-02-06,5.19,1.987,12.634,303.868,1019.064,13.982,14.426
46047,2022-02-13,3.221,1.778,14.357,291.452,1018.571,15.099,14.477
46047,2022-02-20,6.738,2.16,12.761,291.234,1018.093,13.194,14.633
46047,2022-02-27,6.95,1.974,12.5,301.798,1020.022,12.521,14.199
46047,2022-03-06,6.279,2.66,13.844,296.548,1017.284,13.703,14.048
46047,2022-03-13,6.672,1.817,11.215,300.988,1019.752,13.685,14.236
46047,2022-03-20,9.318,2.84,13.139,297.964,1018.172,13.817,14.352
46047,2022-03-27,5.702,2.226,12.343,294.929,1016.044,12.82,14.521
46047,2022-04-03,6.819,2.587,11.452,295.018,1013.64,13.024,14.325
46047,2022-04-10,6.905,3.025,12.729,299.431,1012.848,14.44,15.125
46047,2022-04-17,9.407,2.717,9.45,296.089,1017.256,12.786,13.469
46047,2022-04-24,7.235,2.283,11.623,300.673,1016.633,13.735,13.721
46047,2022-05-01,9.093,2.844,10.924,309.054,1014.152,13.323,13.848
46047,2022-05-08,8.418,2.867,12.238,300.714,1014.089,12.775,13.437
46047,2022-05-15,9.218,2.663,8.985,310.958,1016.727,12.824,12.878
46047,2022-05-22,6.797,2.458,9.814,311.884,1013.484,12.691,12.959
46047,2022-05-29,4.052,1.575,11.952,254.952,1012.806,13.944,13.835
46047,2022-06-05,7.57,2.32,11.879,275.786,1011.282,13.514,13.77
46047,2022-06-12,5.924,1.844,8.889,302.399,1010.986,14.334,14.731
46047,2022-06-19,7.561,2.359,9.087,308.31,1011.387,14.726,15.325
46047,2022-06-26,5.682,1.62,12.34,271.072,1012.582,14.344,15.643
46047,2022-07-03,6.815,1.722,8.8,291.655,1015.182,14.6,16.261
46047,2022-07-10,7.681,1.518,6.967,308.479,1015.614,15.414,16.297
46047,2022-07-17,5.697,1.764,10.463,282.339,1013.216,15.494,17.081
46047,2022-07-24,6.152,1.998,13.818,237.25,1013.611,15.748,17.788
46047,2022-07-31,5.054,1.237,12.752,238.726,1013.352,16.22,17.692
46047,2022-08-07,5.626,1.643,11.016,223.994,1014.007,17.587,
46047,2022-08-14,8.671,1.946,7.153,309.676,1013.927,17.742,
46047,2022-08-21,6.295,1.718,9.557,286.09,1011.307,16.87,
46047,2022-08-28,5.657,1.604,12.909,229.137,1012.123,16.882,
46047,2022-09-04,5.579,1.684,10.065,263.206,1009.859,18.456,
46047,2022-09-11,4.705,1.955,11.882,189.39,1007.379,19.867,
46047,2022-09-18,6.889,1.854,10.863,238.345,1011.942,18.884,
46047,2022-09-25,5.068,1.512,12.951,258.357,1012.845,18.991,
46047,2022-10-02,6.619,1.845,9.212,301.833,1012.256,18.422,
46047,2022-10-09,5.429,1.639,13.175,258.923,1015.044,17.273,
46047,2022-10-16,4.503,1.209,13.516,227.155,1014.123,17.336,
46047,2022-10-23,5.418,1.766,13.383,275.048,1012.795,17.589,
46047,2022-10-30,7.196,2.452,11.416,310.262,1016.894,16.521,
46047,2022-11-06,7.893,2.67,12.721,309.815,1016.39,15.213,
46047,2022-11-13,5.752,2.288,11.299,305.905,1015.619,14.885,
46047,2022-11-20,4.914,1.635,14.323,288.744,1018.385,15.022,
46047,2022-11-27,4.231,1.591,14.824,262.467,1018.636,15.604,
46047,2022-12-04,5.308,1.8,13.195,299.021,1015.889,14.906,
46047,2022-12-11,4.851,1.535,12.301,302.979,1019.08,14.653,
46047,2022-12-18,4.085,1.864,13.282,298.595,1016.546,13.408,
46047,2022-12-25,5.245,1.413,13.276,280.874,1020.372,14.147,
46047,2023-01-01,4.657,2.612,13.292,285.782,1015.175,14.301,
46047,2023-01-08,5.12,3.76,14.382,287.83,1017.229,14.207,
46047,2023-01-15,3.793,3.698,14.965,284.092,1017.364,14.924,
46047,2023-01-22,7.292,3.031,13.709,297.385,1017.568,13.349,
46047,2023-01-29,5.838,2.335,15.368,292.099,1019.423,13.569,
46047,2023-02-05,4.588,1.797,14.539,293.988,1019.305,13.717,
46047,2023-02-12,5.955,2.749,12.885,303.893,1019.45,13.704,
46047,2023-02-19,5.937,2.953,14.172,307.161,1016.313,12.782,
46047,2023-02-26,7.867,3.04,12.768,298.685,1013.93,12.253,
46047,2023-03-05,6.896,2.577,12.697,304.149,1016.42,12.084,
46047,2023-03-12,4.976,1.9,12.16,289.937,1018.929,12.82,
46047,2023-03-19,4.441,1.514,11.373,267.776,1015.997,12.918,
46047,2023-03-26,9.302,3.025,9.963,284.455,1017.287,12.656,
46047,2023-04-02,6.812,1.958,10.185,301.791,1018.01,12.42,
46047,2023-04-09,8.253,2.107,8.573,303.421,1018.136,12.215,
46047,2023-04-16,7.56,2.181,11.206,295.827,1015.124,12.288,
46047,2023-04-23,8.295,2.661,9.977,308.725,1015.385,12.799,
46047,2023-04-30,6.187,1.985,12.825,263.931,1013.661,11.94,12.964
46047,2023-05-07,4.805,2.06,13.116,299.512,1015.524,13.331,13.539
46047,2023-05-14,6.958,1.857,12.401,255.043,1016.318,13.495,14.393
46047,2023-05-21,4.096,1.813,14.149,225.152,1016.275,13.593,14.796
46047,2023-05-28,5.275,1.561,12.909,262.286,1014.841,13.632,14.342
46047,2023-06-04,5.302,1.583,13.511,241.26,1014.934,14.05,14.776
46047,2023-06-11,3.354,1.394,13.703,236.231,1014.482,15.071,15.847
46047,2023-06-18,4.031,1.426,12.098,269.315,1015.576,15.321,16.594
46047,2023-06-25,7.903,1.851,8.427,308.592,1016.787,15.241,15.857
46047,2023-07-02,6.771,1.699,8.868,299.533,1013.726,14.404,15.427
46047,2023-07-09,7.447,1.79,12.732,241.479,1013.636,14.604,15.38
46047,2023-07-16,6.123,1.486,10.599,253.113,1013.914,14.649,15.709
46047,2023-07-23,4.543,1.375,8.715,302.31,1013.953,15.339,16.339
46047,2023-07-30,5.571,1.494,8.657,294.818,1013.917,17.18,18.382
46047,2023-08-06,7.871,2.199,8.239,310.645,1014.684,17.243,19.09
46047,2023-08-13,3.328,1.369,13.031,198.244,1015.519,17.062,18.928
46047,2023-08-20,5.244,1.446,13.614,228.804,1011.833,18.585,19.904
46047,2023-08-27,6.0,1.499,12.64,225.353,1013.649,19.289,20.836
46047,2023-09-03,5.575,1.836,11.274,269.099,1011.954,19.323,20.124
46047,2023-09-10,5.751,1.696,14.76,186.613,1014.54,18.899,20.394
46047,2023-09-17,6.793,2.001,8.936,244.138,1014.693,18.75,19.758
46047,2023-09-24,4.883,1.07,12.466,235.286,1014.912,18.646,19.304
46047,2023-10-01,7.353,1.248,9.943,247.308,1013.636,18.148,18.864
46047,2023-10-08,5.147,1.156,13.036,213.97,1013.332,18.069,18.816
46047,2023-10-15,6.879,2.435,10.783,291.417,1011.329,18.037,18.985
46047,2023-10-22,6.55,2.677,15.463,294.119,1013.195,17.679,18.435
46047,2023-10-29,7.496,2.205,9.229,303.964,1014.131,17.323,17.875
46047,2023-11-05,3.7,1.127,12.906,239.185,1016.712,17.511,17.766
46047,2023-11-12,6.464,2.419,11.667,307.411,1016.735,16.92,17.133
46047,2023-11-19,4.525,2.187,12.388,280.83,1015.261,16.97,17.27
46047,2023-11-26,5.178,2.204,13.148,305.318,1016.756,16.999,17.45
46047,2023-12-03,5.748,2.286,12.26,303.97,1018.217,16.337,16.781
46047,2023-12-10,6.228,2.988,14.657,311.678,1019.518,15.803,16.132
46047,2023-12-17,3.437,1.367,12.211,291.542,1016.614,15.586,16.205
46047,2023-12-24,4.404,2.044,11.889,294.062,1013.605,15.924,16.508
46047,2023-12-31,4.091,3.279,16.125,299.066,1020.599,15.244,16.217
46047,2024-01-07,7.593,3.253,14.853,300.419,1020.112,14.702,15.327
46047,2024-01-14,9.042,3.028,12.859,309.057,1020.159,13.601,14.032
46047,2024-01-21,3.984,1.815,13.217,285.917,1016.33,14.04,14.308
46047,2024-01-28,4.979,2.245,12.355,285.741,1017.775,15.105,14.868
46047,2024-02-04,5.058,2.77,13.556,285.119,1014.818,15.097,15.39
46047,2024-02-11,7.14,3.108,12.701,293.784,1014.636,13.667,14.945
46047,2024-02-18,4.288,2.055,14.192,284.338,1019.49,14.416,15.931
46047,2024-02-25,4.718,2.84,14.328,280.92,1018.603,14.9,15.902
46047,2024-03-03,4.206,2.474,14.036,297.869,1018.021,14.806,15.716
46047,2024-03-10,6.967,2.52,11.815,302.254,1017.71,14.398,15.577
46047,2024-03-17,6.479,3.253,14.908,304.081,1016.008,14.847,15.453
46047,2024-03-24,5.862,2.058,14.877,294.44,1016.585,14.737,15.834
46047,2024-03-31,7.292,3.095,13.637,306.472,1014.388,14.253,15.37
46047,2024-04-07,7.216,2.474,11.486,312.771,1018.92,13.716,14.981
46047,2024-04-14,5.755,2.151,12.346,301.723,1016.056,13.957,14.701
46047,2024-04-21,5.672,1.716,13.237,245.476,1016.749,13.957,14.874
46047,2024-04-28,7.432,2.124,10.534,291.729,1016.665,14.278,15.052
46047,2024-05-05,8.274,2.629,9.655,315.887,1012.824,13.7,14.589
46047,2024-05-12,6.259,2.108,11.217,295.232,1014.249,13.906,14.928
46047,2024-05-19,5.555,1.442,14.405,256.812,1015.271,13.91,15.467
46047,2024-05-26,7.635,2.068,9.751,302.824,1015.78,13.602,15.009
46047,2024-06-02,7.721,1.957,8.418,305.61,1015.821,13.602,15.001
46047,2024-06-09,4.379,1.96,11.477,290.164,1012.55,14.228,15.464
46047,2024-06-16,5.952,2.289,11.233,296.874,1013.276,14.668,15.372
46047,2024-06-23,7.914,2.175,8.828,307.304,1009.86,14.216,15.155
46047,2024-06-30,6.076,1.63,10.881,278.497,1013.029,15.06,16.144
46047,2024-07-07,5.158,1.79,11.917,264.452,1011.908,15.252,16.357
46047,2024-07-14,4.92,1.41,10.74,259.926,1012.579,15.344,16.604
46047,2024-07-21,7.096,1.717,13.071,259.006,1015.364,16.33,17.457
46047,2024-07-28,6.866,1.793,9.211,308.979,1014.151,15.958,17.51
46047,2024-08-04,6.926,1.39,9.672,270.092,1014.985,15.249,16.757
46047,2024-08-11,5.467,1.551,8.708,275.128,1013.234,15.932,18.805
46047,2024-08-18,6.832,1.684,7.901,308.405,1013.469,17.319,19.813
46047,2024-08-25,8.083,1.738,8.314,312.018,1015.311,18.066,18.803
46047,2024-09-01,6.266,1.401,9.119,299.827,1015.607,17.37,18.9
46047,2024-09-08,6.938,1.668,10.19,309.251,1011.25,18.552,18.898
46047,2024-09-15,7.616,1.966,7.894,319.354,1010.29,17.305,18.495
46047,2024-09-22,6.486,1.537,9.263,306.421,1013.052,16.974,18.279
46047,2024-09-29,4.725,1.625,12.135,311.054,1011.464,16.615,18.688
46047,2024-10-06,3.669,1.694,12.332,295.295,1011.674,17.109,18.815
46047,2024-10-13,5.509,1.73,13.477,282.496,1014.68,17.294,19.123
46047,2024-10-20,5.787,2.244,12.379,293.551,1015.418,17.548,18.752
46047,2024-10-27,4.554,1.401,11.031,268.402,1016.11,17.895,18.924
46047,2024-11-03,9.088,2.931,11.837,312.446,1015.676,16.656,18.119
46047,2024-11-10,4.908,2.205,13.316,304.352,1015.512,17.163,17.592
46047,2024-11-17,8.817,3.183,13.199,303.216,1016.368,15.627,17.205
46047,2024-11-24,5.986,2.509,12.001,306.381,1018.046,14.94,16.577
46047,2024-12-01,3.027,1.219,13.895,228.779,1017.926,16.086,16.779
46047,2024-12-08,5.007,1.777,14.265,283.542,1019.397,14.997,16.642
46047,2024-12-15,5.168,2.511,14.193,296.25,1020.282,15.192,16.759
46047,2024-12-22,4.064,2.637,14.732,296.119,1019.915,16.144,17.737
46047,2024-12-29,9.231,4.306,15.822,293.548,1019.472,15.685,17.108
46047,2025-01-05,5.783,2.689,13.489,297.167,1018.429,14.899,16.512
46047,2025-01-12,6.588,2.533,14.891,300.286,1018.626,15.515,15.99
46047,2025-01-19,4.385,1.938,15.091,301.561,1022.278,14.054,15.431
46047,2025-01-26,4.609,1.708,14.896,306.929,1020.134,14.299,14.904
46047,2025-02-02,5.841,1.348,9.962,300.716,1020.807,12.969,14.169
46047,2025-02-09,5.732,1.954,11.241,283.726,1017.207,13.835,14.348
46047,2025-02-16,7.604,3.111,10.844,308.068,1017.926,13.285,13.796
46047,2025-02-23,5.882,2.65,13.301,308.086,1018.27,13.465,13.954
46047,2025-03-02,6.547,2.79,13.639,303.932,1016.813,13.885,13.984
46047,2025-03-09,7.3,2.62,11.536,300.052,1019.694,12.933,13.827
46047,2025-03-16,5.709,2.231,12.859,289.274,1015.222,13.794,14.71
46047,2025-03-23,6.214,2.29,12.324,298.116,1019.129,14.374,14.975
46047,2025-03-30,7.128,2.495,15.259,300.863,1016.047,14.646,14.956
46047,2025-04-06,5.14,2.089,11.928,295.792,1017.974,14.976,14.634
46047,2025-05-18,8.548,2.071,9.055,293.145,1015.909,13.982,14.369
46047,2025-05-25,7.837,2.451,10.06,299.291,1014.616,14.05,14.619
46047,2025-06-01,6.123,1.881,9.801,292.111,1015.123,13.582,14.425
46047,2025-06-08,3.354,1.703,12.521,275.593,1014.44,15.083,15.333
46047,2025-06-15,8.001,1.87,11.477,277.337,1013.341,14.474,15.606
46047,2025-06-22,9.812,2.768,9.324,310.638,1011.948,14.735,15.84
46047,2025-06-29,5.704,1.529,10.118,279.319,1014.833,13.207,14.397
46047,2025-07-06,5.497,1.508,13.48,227.42,1014.268,14.104,14.527
46047,2025-07-13,6.12,1.748,10.395,277.61,1015.798,14.571,15.076
46047,2025-07-20,3.776,1.573,14.209,206.325,1014.882,15.394,16.271
46047,2025-07-27,6.187,1.239,12.819,216.997,1016.749,15.899,16.352
46047,2025-08-03,7.762,1.701,7.285,317.03,1017.543,15.839,16.298
46047,2025-08-10,7.58,1.952,11.026,279.129,1014.51,16.07,16.511
46047,2025-08-17,7.644,1.83,11.381,268.006,1014.558,16.104,16.864
46047,2025-08-24,6.2,1.57,8.615,305.83,1013.034,16.982,17.279
46047,2025-08-31,5.579,1.375,14.399,200.467,1014.669,17.831,18.849
46047,2025-09-07,6.886,1.639,12.747,230.355,1013.517,18.122,19.31
46047,2025-09-14,7.488,1.631,11.911,270.811,1014.191,18.829,20.113
46047,2025-09-21,4.564,1.681,11.679,278.11,1012.441,18.667,20.174
46047,2025-09-28,4.531,1.725,10.799,292.77,1012.598,19.276,20.418
46047,2025-10-05,5.895,2.323,11.622,288.923,1014.723,19.476,20.364
46047,2025-10-12,6.274,1.905,10.845,277.239,1010.924,18.7,19.66
46047,2025-10-19,5.53,2.157,11.939,301.795,1012.755,17.723,19.171
46047,2025-10-26,6.471,2.651,14.78,311.38,1016.731,17.864,20.056
46047,2025-11-02,5.133,2.572,12.774,295.875,1015.301,17.694,19.881
46047,2025-11-09,4.079,2.721,13.8,293.363,1016.96,17.885,19.632
46047,2025-11-16,4.69,1.98,13.397,269.682,1015.648,17.404,19.192
46047,2025-11-23,5.445,2.339,11.816,302.391,1014.34,16.162,18.42
46047,2025-11-30,3.683,1.785,14.678,291.485,1017.252,16.645,18.068
46047,2025-12-07,3.895,1.864,13.242,289.248,1017.415,16.452,17.899
46047,2025-12-14,3.453,1.758,12.157,298.619,1017.164,16.112,17.841
46047,2025-12-21,7.079,1.857,9.064,308.296,1017.39,16.512,17.61
46047,2025-12-28,6.422,2.243,10.833,277.824,1015.642,16.295,17.673
46047,2026-01-04,4.327,0.967,9.927,306.826,1017.046,17.176,17.523
46047,2026-03-08,6.647,2.078,10.729,316.292,1014.046,16.417,15.618
46047,2026-03-15,4.705,2.079,11.815,284.367,1016.175,15.313,15.881
46047,2026-03-22,3.493,1.326,13.534,232.04,1014.339,15.952,16.927
46047,2026-03-29,4.371,1.916,10.915,306.24,1014.155,15.224,17.238
46047,2026-04-05,3.884,1.491,11.812,261.836,1014.966,16.464,17.455
46047,2026-04-12,6.129,1.693,12.976,248.861,1014.99,16.186,18.025
46047,2026-04-19,6.366,2.069,10.03,298.181,1015.765,15.694,17.489
46047,2026-04-26,2.632,0.942,13.978,186.873,1014.787,16.2,17.197
46053,2017-01-01,8.087,1.498,10.56,262.083,1012.883,,
46053,2017-01-08,5.257,0.821,10.15,240.207,1019.085,,
46053,2017-01-15,3.966,1.489,10.587,247.209,1017.55,,
46053,2017-01-22,5.042,2.36,14.884,255.516,1014.925,,
46053,2017-01-29,3.03,2.148,14.192,256.43,1023.858,,
46053,2017-02-05,3.171,1.198,13.138,252.033,1019.416,,
46053,2017-02-12,3.938,1.55,11.998,253.056,1018.602,,
46053,2017-02-19,4.801,1.799,13.667,251.223,1012.581,,
46053,2017-02-26,6.959,1.74,12.014,256.291,1021.018,,
46053,2017-03-05,3.96,0.958,11.004,253.168,1018.038,,
46053,2017-03-12,3.483,1.295,11.094,254.696,1018.941,,
46053,2017-03-19,2.797,0.845,10.812,260.321,1018.169,,
46053,2017-03-26,5.992,1.365,11.342,253.315,1019.394,,
46053,2017-04-02,6.413,1.858,13.369,259.275,1015.192,,
46053,2017-04-09,3.741,1.599,13.535,256.226,1016.619,,
46053,2017-04-16,4.539,1.533,10.838,257.95,1016.602,,
46053,2017-04-23,4.809,1.381,11.081,255.994,1016.302,,
46053,2017-04-30,8.292,1.932,9.403,255.515,1013.182,,
46053,2017-05-07,3.866,1.325,10.114,250.298,1012.887,,
46053,2017-05-14,5.13,1.534,10.538,251.935,1014.662,,
46053,2017-05-21,5.708,1.29,7.417,249.123,1013.477,,
46053,2017-05-28,4.326,0.838,9.229,246.835,1014.658,14.125,14.056
46053,2017-06-04,3.334,1.152,8.249,253.43,1012.532,14.399,15.452
46053,2017-06-11,4.906,1.212,8.462,250.679,1013.679,15.011,16.445
46053,2017-06-18,4.616,1.335,8.398,251.226,1012.922,15.582,15.517
46053,2017-06-25,4.218,1.231,8.448,256.78,1011.093,15.425,16.797
46053,2017-07-02,4.185,1.079,6.785,247.565,1012.934,15.464,15.438
46053,2017-07-09,3.883,0.938,7.629,251.107,1014.199,16.188,17.247
46053,2017-07-16,3.54,0.68,7.248,249.988,1014.529,16.557,18.086
46053,2017-07-23,3.491,0.914,7.477,253.898,1013.883,17.347,19.083
46053,2017-07-30,4.302,0.8,7.463,256.363,1015.16,16.661,18.817
46053,2017-08-06,3.849,0.771,7.124,240.083,1013.739,18.452,19.621
46053,2017-08-13,4.87,0.975,6.322,251.137,1012.842,17.221,18.029
46053,2017-08-20,4.425,0.757,8.092,246.833,1014.425,16.847,18.043
46053,2017-08-27,3.882,0.673,8.305,252.536,1013.836,17.352,18.419
46053,2017-09-03,4.471,0.942,7.246,257.251,1009.29,18.665,18.921
46053,2017-09-10,5.127,0.858,7.961,243.964,1013.711,19.551,20.177
46053,2017-09-17,4.412,0.707,8.463,251.113,1013.091,18.805,19.218
46053,2017-09-24,4.757,1.08,6.857,252.605,1012.039,17.772,18.662
46053,2017-10-01,3.405,0.823,7.397,248.613,1011.349,18.046,17.994
46053,2017-10-08,2.509,0.964,8.735,250.274,1011.108,18.204,18.738
46053,2017-10-15,3.102,1.032,10.188,256.899,1013.804,18.489,19.594
46053,2017-10-22,5.46,1.354,8.934,253.156,1015.792,18.491,18.326
46053,2017-10-29,3.024,1.22,12.809,255.778,1014.106,18.121,17.786
46053,2017-11-05,3.838,0.88,12.667,254.192,1015.673,16.916,17.657
46053,2017-11-12,3.288,0.937,10.734,255.268,1017.849,16.545,17.174
46053,2017-11-19,4.088,0.925,9.107,249.527,1017.861,16.339,16.149
46053,2017-11-26,2.768,0.827,10.279,253.286,1016.253,16.423,16.149
46053,2017-12-03,3.093,1.46,11.447,255.423,1016.438,15.597,15.861
46053,2017-12-10,2.038,0.893,13.141,252.411,1022.967,15.986,15.83
46053,2017-12-17,2.471,1.258,12.969,257.81,1016.966,15.767,15.619
46053,2017-12-24,3.406,0.863,10.826,255.536,1021.867,14.473,15.533
46053,2017-12-31,2.044,1.005,12.352,257.617,1019.787,14.718,15.363
46053,2018-01-07,2.539,1.027,13.026,260.952,1020.35,15.126,15.784
46053,2018-01-14,4.465,1.57,14.272,257.024,1017.19,15.597,15.5
46053,2018-01-21,4.912,2.236,14.845,259.631,1019.887,14.847,15.88
46053,2018-01-28,3.756,1.462,13.175,256.327,1022.321,14.38,14.494
46053,2018-02-04,1.879,0.643,11.032,254.554,1017.919,15.388,14.876
46053,2018-02-11,2.442,0.804,12.623,258.473,1016.724,13.788,15.153
46053,2018-02-18,4.212,1.015,10.468,254.369,1018.117,14.348,14.839
46053,2018-02-25,7.28,1.443,9.557,251.304,1021.765,11.568,13.532
46053,2018-03-04,4.783,1.274,10.859,258.208,1019.339,11.776,12.823
46053,2018-03-11,3.239,0.851,11.833,254.411,1017.726,13.516,13.056
46053,2018-03-18,4.964,1.07,11.457,258.69,1017.787,13.0,13.614
46053,2018-03-25,5.31,0.993,9.803,246.77,1017.877,13.082,13.259
46053,2018-04-01,3.813,0.828,8.629,255.341,1018.277,12.018,12.499
46053,2018-04-08,4.32,1.029,8.92,255.102,1015.604,13.068,12.67
46053,2018-04-15,5.098,1.779,11.13,255.345,1018.232,13.886,12.97
46053,2018-04-22,6.219,1.538,10.102,254.292,1018.05,12.916,12.472
46053,2018-04-29,5.121,1.274,11.125,257.31,1016.483,12.354,12.859
46053,2018-05-06,5.949,1.3,7.33,250.393,1016.881,12.869,13.395
46053,2018-05-13,3.196,1.362,9.377,254.928,1014.555,12.677,13.627
46053,2018-05-20,5.195,1.137,8.918,253.551,1015.411,13.475,14.386
46053,2018-05-27,5.752,1.196,9.362,254.654,1015.744,13.628,13.9
46053,2018-06-03,3.535,1.068,8.929,252.251,1013.353,14.0,14.025
46053,2018-06-10,4.112,1.384,7.934,255.19,1012.585,15.0,14.87
46053,2018-06-17,3.93,1.343,9.376,248.393,1010.207,14.577,15.862
46053,2018-06-24,4.356,1.07,9.335,252.72,1013.373,15.827,16.729
46053,2018-07-01,3.989,1.028,8.132,254.244,1014.102,16.637,17.684
46053,2018-07-08,4.496,0.933,8.308,254.506,1013.82,18.156,18.593
46053,2018-07-15,4.4,0.91,7.411,253.714,1014.14,18.341,19.738
46053,2018-07-22,4.547,0.747,6.606,251.479,1015.142,18.293,20.229
46053,2018-07-29,4.266,1.067,7.09,252.03,1013.393,18.259,19.469
46053,2018-08-05,4.28,0.864,7.218,258.488,1012.908,17.236,19.524
46053,2018-08-12,3.351,0.852,8.425,236.473,1012.474,19.455,20.718
46053,2018-08-19,4.331,0.783,7.974,244.934,1014.754,19.569,22.087
46053,2018-08-26,5.245,0.902,7.32,253.53,1014.361,19.227,21.103
46053,2018-09-02,4.741,1.153,6.484,246.238,1012.343,19.013,19.253
46053,2018-09-09,3.105,0.749,8.611,251.089,1013.34,17.641,19.11
46053,2018-09-16,4.355,1.163,7.721,257.292,1011.212,18.526,19.324
46053,2018-09-23,4.039,0.993,7.742,250.958,1011.874,17.565,18.452
46053,2018-09-30,3.928,0.707,7.642,239.696,1012.692,16.923,19.055
46053,2018-10-07,4.392,1.094,10.653,245.625,1011.633,18.804,19.022
46053,2018-10-14,3.262,1.124,11.74,244.161,1010.675,18.341,19.151
46053,2018-10-21,3.504,0.745,12.484,242.168,1016.023,19.04,19.144
46053,2018-10-28,3.246,1.003,11.521,256.76,1014.373,17.606,18.631
46053,2018-11-04,2.302,1.265,11.055,256.633,1015.429,18.853,18.908
46053,2018-11-11,2.456,0.959,10.612,248.47,1014.627,18.076,18.933
46053,2018-11-18,2.14,0.766,12.182,243.012,1020.458,17.912,18.312
46053,2018-11-25,5.869,1.142,11.553,258.488,1017.615,17.426,18.088
46053,2018-12-02,6.636,1.924,12.372,258.863,1015.133,16.313,17.148
46053,2018-12-09,4.888,1.104,11.505,213.165,1017.885,15.282,15.536
46053,2018-12-16,3.286,1.567,12.748,258.888,1019.541,15.907,16.197
46053,2018-12-23,2.502,2.03,14.295,255.554,1019.71,15.81,16.362
46053,2018-12-30,6.234,1.761,11.259,257.214,1017.606,14.919,15.708
46053,2019-01-06,3.582,1.442,13.274,254.327,1017.613,13.786,15.027
46053,2019-01-13,5.085,2.02,12.773,256.982,1019.171,14.267,14.99
46053,2019-01-20,6.606,2.229,13.63,249.548,1019.26,15.022,15.167
46053,2019-01-27,3.496,1.384,12.204,256.946,1022.062,15.077,14.92
46053,2019-02-03,4.471,1.227,13.181,243.62,1012.861,14.674,15.009
46053,2019-02-10,5.587,1.472,12.512,261.583,1017.07,12.385,14.94
46053,2019-02-17,7.769,1.48,11.346,235.813,1017.232,12.764,14.59
46053,2019-02-24,6.302,1.194,9.831,260.845,1017.3,11.856,13.958
46053,2019-03-03,3.797,0.799,11.394,253.333,1018.653,13.297,13.356
46053,2019-03-10,5.905,1.009,9.974,234.78,1016.394,12.884,13.722
46053,2019-03-17,4.757,1.352,12.41,266.044,1016.286,13.955,13.174
46053,2019-03-24,4.301,1.512,14.41,259.768,1018.494,13.47,13.723
46053,2019-03-31,4.488,1.367,11.808,259.275,1019.423,14.254,13.829
46053,2019-04-07,3.961,0.954,14.298,254.732,1016.991,14.574,14.131
46053,2019-04-14,7.678,1.825,10.833,263.054,1016.108,14.275,12.991
46053,2019-04-21,4.64,1.272,11.906,257.855,1016.103,13.091,13.217
46053,2019-04-28,3.176,0.871,9.416,254.497,1015.172,13.522,13.672
46053,2019-05-05,3.646,0.668,8.996,259.47,1013.906,14.553,15.369
46053,2019-05-12,4.129,0.624,9.143,244.417,1013.54,15.012,15.402
46053,2019-05-19,5.4,0.976,10.321,258.012,1014.836,14.212,14.131
46053,2019-05-26,6.717,1.544,10.786,265.042,1012.658,13.579,13.167
46053,2019-06-02,4.008,1.018,7.878,257.054,1013.221,13.32,12.909
46053,2019-06-09,2.784,1.042,8.956,258.356,1013.698,14.576,14.901
46053,2019-06-16,3.719,0.718,8.435,252.174,1014.35,15.775,15.691
46053,2019-06-23,3.182,0.716,10.476,258.099,1013.991,16.023,16.842
46053,2019-06-30,3.438,0.753,6.888,254.244,1014.832,16.61,17.536
46053,2019-07-07,4.197,1.12,6.996,253.065,1014.307,16.016,16.284
46053,2019-07-14,3.851,0.994,7.738,249.144,1014.759,15.519,16.633
46053,2019-07-21,3.647,0.861,7.592,246.982,1013.403,15.928,16.263
46053,2019-07-28,4.909,0.855,6.871,251.102,1014.632,15.823,16.675
46053,2019-08-04,4.249,1.004,6.928,249.85,1013.869,15.632,15.812
46053,2019-08-11,4.013,0.876,5.838,248.19,1013.499,15.238,15.046
46053,2019-08-18,3.116,0.685,9.232,253.732,1014.105,15.392,16.202
46053,2019-08-25,3.462,0.929,9.379,255.375,1012.138,17.675,18.472
46053,2019-09-01,4.185,0.839,6.944,251.857,1012.76,17.858,18.772
46053,2019-09-08,5.397,1.062,7.964,251.768,1013.231,18.283,18.652
46053,2019-09-15,3.327,0.991,7.974,255.155,1012.67,18.774,18.702
46053,2019-09-22,3.859,1.052,7.483,258.85,1011.986,19.01,19.25
46053,2019-09-29,5.527,1.032,9.019,254.411,1011.696,18.335,19.488
46053,2019-10-06,4.069,1.113,7.286,257.341,1013.754,17.661,18.118
46053,2019-10-13,3.302,0.721,8.885,252.512,1012.254,17.203,17.565
46053,2019-10-20,5.758,1.18,7.646,254.625,1012.578,17.544,17.216
46053,2019-10-27,2.478,0.95,9.119,254.012,1013.233,18.955,17.712
46053,2019-11-03,3.43,0.807,11.071,232.006,1016.594,17.106,17.288
46053,2019-11-10,3.808,0.786,8.654,257.702,1016.418,16.154,17.563
46053,2019-11-17,2.832,0.916,12.441,256.119,1017.076,16.078,17.494
46053,2019-11-24,3.857,1.304,12.692,258.714,1012.74,16.548,17.146
46053,2019-12-01,5.811,1.585,11.166,237.97,1011.415,13.98,16.522
46053,2019-12-08,4.846,1.271,11.793,240.792,1018.163,15.509,15.682
46053,2019-12-15,6.304,1.522,12.037,256.423,1019.632,15.714,15.874
46053,2019-12-22,5.136,1.468,12.462,255.168,1020.077,14.861,14.69
46053,2019-12-29,4.969,1.585,11.965,252.577,1013.899,13.206,14.258
46053,2020-01-05,3.209,1.608,13.779,243.054,1019.794,15.038,14.926
46053,2020-01-12,4.953,1.528,9.623,254.185,1020.248,14.744,15.007
46053,2020-01-19,3.33,1.26,11.642,248.196,1019.648,13.556,14.504
46053,2020-01-26,3.511,1.559,14.427,254.929,1019.161,14.682,14.743
46053,2020-02-02,4.788,1.854,12.883,253.753,1020.779,15.862,14.969
46053,2020-02-09,3.899,1.374,10.698,255.381,1017.932,13.124,14.819
46053,2020-02-16,3.536,1.016,13.527,257.588,1017.573,14.622,14.893
46053,2020-02-23,3.33,1.106,11.851,252.131,1017.306,14.719,15.039
46053,2020-03-01,3.229,1.104,11.849,256.238,1020.767,15.801,15.371
46053,2020-03-08,3.81,1.106,12.147,259.434,1016.792,13.863,15.271
46053,2020-03-15,3.863,0.729,11.377,240.28,1015.903,14.535,14.964
46053,2020-03-22,4.495,0.74,8.008,229.927,1017.307,13.213,14.583
46053,2020-03-29,7.144,1.003,8.79,248.76,1019.475,13.348,14.429
46053,2020-04-05,4.224,1.096,7.25,257.185,1015.11,13.995,13.986
46053,2020-04-12,4.521,0.94,9.204,233.667,1016.079,12.941,13.952
46053,2020-04-19,4.282,0.906,9.933,257.256,1017.657,14.571,15.053
46053,2020-04-26,5.966,1.39,10.615,260.375,1016.223,15.693,14.392
46053,2020-05-03,4.328,1.532,10.472,256.641,1014.884,15.167,14.004
46053,2020-05-10,3.764,1.677,10.495,267.728,1013.637,14.724,14.822
46053,2020-05-17,6.857,1.27,8.731,276.143,1014.655,15.153,14.774
46053,2020-05-24,5.537,1.449,9.486,271.643,1014.529,14.164,14.179
46053,2020-05-31,3.123,0.829,11.356,270.952,1014.19,14.666,15.016
46053,2020-06-07,6.375,1.098,8.144,268.208,1012.64,15.768,15.94
46053,2020-06-14,5.354,1.188,7.637,266.772,1015.478,15.925,15.656
46053,2020-06-21,3.052,1.116,8.941,265.856,1014.488,15.452,16.406
46053,2020-06-28,3.728,0.74,7.558,264.571,1012.88,15.42,17.007
46053,2020-07-05,3.975,0.851,8.383,268.619,1013.735,15.915,16.997
46053,2020-07-12,4.561,1.036,7.421,266.897,1012.958,16.246,17.609
46053,2020-07-19,5.318,0.799,7.531,269.363,1014.552,16.014,17.686
46053,2020-07-26,4.858,0.858,6.33,267.179,1013.196,15.732,16.984
46053,2020-08-02,5.603,0.953,5.962,263.667,1013.468,15.066,15.945
46053,2020-08-09,4.305,1.01,7.489,267.661,1014.335,15.644,16.321
46053,2020-08-16,4.209,0.728,8.657,264.286,1012.423,16.549,17.229
46053,2020-08-23,2.898,0.911,7.912,272.168,1010.736,19.117,19.356
46053,2020-08-30,5.283,0.972,7.603,261.665,1010.271,17.676,18.815
46053,2020-09-06,4.598,0.815,6.953,272.399,1012.964,17.86,19.059
46053,2020-09-13,4.133,0.697,8.543,265.22,1011.425,17.142,18.366
46053,2020-09-20,4.946,0.939,6.353,264.827,1013.455,17.249,18.053
46053,2020-09-27,2.221,1.085,8.585,273.28,1014.135,16.883,18.314
46053,2020-10-04,3.256,1.013,11.56,273.792,1012.739,18.821,19.954
46053,2020-10-11,3.588,0.804,9.711,267.357,1014.487,17.515,20.309
46053,2020-10-18,2.578,1.038,9.215,270.21,1014.012,20.243,20.519
46053,2020-10-25,3.532,0.812,8.029,269.598,1013.286,17.246,18.345
46053,2020-11-01,3.402,0.649,8.475,264.524,1016.784,17.068,17.808
46053,2020-11-08,5.629,1.322,11.646,273.376,1013.018,15.588,16.61
46053,2020-11-15,3.924,1.142,8.393,272.892,1018.604,14.307,14.933
46053,2020-11-22,2.746,1.13,11.876,272.315,1017.806,15.027,15.054
46053,2020-11-29,2.591,1.344,11.433,270.212,1018.375,14.282,14.516
46053,2020-12-06,2.826,1.282,14.668,271.994,1021.167,14.372,14.625
46053,2020-12-13,4.308,1.637,12.756,275.419,1018.141,15.028,14.639
46053,2020-12-20,4.236,1.672,13.227,275.583,1021.308,14.272,14.337
46053,2020-12-27,3.99,1.196,11.781,248.429,1019.215,14.441,14.093
46053,2021-01-03,3.966,2.06,14.016,271.778,1019.551,13.54,14.102
46053,2021-01-10,3.485,2.092,14.675,269.583,1020.363,14.226,13.859
46053,2021-01-17,2.249,2.014,14.82,276.76,1020.871,14.746,14.031
46053,2021-01-24,4.799,1.553,13.689,273.595,1012.99,14.264,14.14
46053,2021-01-31,6.986,1.723,11.08,266.542,1016.244,11.766,13.616
46053,2021-02-07,4.326,1.015,11.854,269.15,1018.17,13.215,13.404
46053,2021-02-14,5.029,1.1,11.051,267.75,1015.79,12.729,13.305
46053,2021-02-21,7.586,1.709,12.165,267.205,1020.783,12.963,12.128
46053,2021-02-28,3.166,1.376,11.721,269.257,1018.338,13.477,12.537
46053,2021-03-07,4.367,1.305,13.942,271.063,1018.004,12.785,12.718
46053,2021-03-14,8.117,1.731,13.13,273.317,1020.933,12.406,13.259
46053,2021-03-21,6.639,1.489,10.335,273.568,1019.74,11.859,12.054
46053,2021-03-28,6.173,1.399,8.904,272.506,1017.189,12.133,11.639
46053,2021-04-04,4.236,1.002,10.063,266.783,1016.281,12.797,12.354
46053,2021-04-11,6.072,1.619,6.774,265.719,1014.571,13.1,12.398
46053,2021-04-18,4.906,1.224,9.76,264.066,1014.348,12.23,12.382
46053,2021-04-25,5.45,1.285,9.022,266.554,1015.1,12.604,12.895
46053,2021-05-02,6.452,1.35,6.931,266.601,1015.484,13.139,12.743
46053,2021-05-09,3.581,1.307,11.802,265.606,1014.137,13.289,13.964
46053,2021-05-16,4.236,0.886,9.606,262.351,1015.264,13.684,16.315
46053,2021-05-23,6.882,1.478,7.434,263.655,1015.566,13.807,14.697
46053,2021-05-30,4.369,1.278,7.321,261.536,1015.334,13.552,13.638
46053,2021-06-06,3.067,0.864,10.066,265.244,1014.298,13.197,15.004
46053,2021-06-13,5.619,1.326,7.942,263.089,1015.157,15.353,15.992
46053,2021-06-20,3.219,1.065,8.803,266.089,1010.683,15.965,16.444
46053,2021-06-27,5.166,0.983,7.908,266.964,1013.154,16.335,17.498
46053,2021-07-04,4.534,1.085,7.593,266.107,1011.637,16.675,17.885
46053,2021-07-11,3.963,0.902,7.146,262.101,1012.838,16.709,17.531
46053,2021-07-18,4.198,0.81,6.757,267.429,1014.206,16.75,18.718
46053,2021-07-25,4.702,0.892,6.898,265.482,1015.274,16.445,18.194
46053,2021-08-01,5.573,0.764,6.237,266.47,1015.432,16.268,17.659
46053,2021-08-08,4.698,1.063,6.732,262.494,1013.781,15.742,16.485
46053,2021-08-15,4.034,0.688,9.796,264.69,1015.205,16.059,17.794
46053,2021-08-22,3.016,0.949,10.334,268.107,1011.267,17.758,18.723
46053,2021-08-29,4.547,0.908,7.784,270.247,1011.001,16.801,18.772
46053,2021-09-05,4.178,0.832,7.68,268.922,1011.429,16.4,17.098
46053,2021-09-12,3.848,0.852,8.187,269.042,1013.263,16.229,17.006
46053,2021-09-19,3.858,0.983,9.508,267.76,1014.291,14.967,16.258
46053,2021-09-26,3.524,1.117,11.758,269.988,1015.537,15.5,16.85
46053,2021-10-03,3.066,1.362,11.759,271.601,1014.556,16.106,17.488
46053,2021-10-10,3.929,1.111,10.864,269.583,1015.985,16.945,17.93
46053,2021-10-17,4.515,1.527,10.384,268.827,1014.242,16.002,15.821
46053,2021-10-24,4.26,1.714,12.387,272.442,1016.044,15.537,16.018
46053,2021-10-31,4.031,1.597,13.646,272.815,1015.929,15.675,16.091
46053,2021-11-07,2.38,1.384,12.94,270.208,1017.826,14.485,15.952
46053,2021-11-14,2.48,1.255,10.736,277.268,1019.134,16.075,15.826
46053,2021-11-21,2.456,0.931,10.477,275.821,1018.364,14.906,16.364
46053,2021-11-28,2.186,0.909,11.235,266.78,1019.332,15.791,15.968
46053,2021-12-05,2.434,0.94,12.409,269.268,1019.355,13.344,15.31
46053,2021-12-12,3.664,0.967,9.548,271.042,1017.633,14.159,15.384
46053,2021-12-19,4.773,1.402,12.004,270.928,1019.622,13.011,14.444
46053,2021-12-26,4.342,1.145,11.08,253.571,1017.134,12.915,14.238
46053,2022-01-02,6.942,1.251,8.192,234.78,1014.236,12.238,13.575
46053,2022-01-09,2.837,1.223,11.778,264.557,1019.305,13.429,13.823
46053,2022-01-16,1.934,1.46,13.983,265.584,1022.649,14.42,14.162
46053,2022-01-23,2.234,1.141,12.93,267.317,1019.704,14.263,14.494
46053,2022-01-30,2.249,1.363,14.647,268.036,1019.976,14.059,14.377
46053,2022-02-06,2.051,1.002,12.864,265.491,1020.533,13.942,14.581
46053,2022-02-13,2.39,0.999,14.216,272.395,1020.283,15.398,15.05
46053,2022-02-20,5.812,1.278,12.238,267.299,1018.372,13.652,14.208
46053,2022-02-27,5.399,1.209,11.516,267.653,1020.536,12.131,13.837
46053,2022-03-06,4.912,1.784,13.447,267.946,1017.882,13.593,14.154
46053,2022-03-13,3.932,1.065,10.357,268.916,1020.517,13.289,13.29
46053,2022-03-20,6.308,1.729,13.287,269.629,1018.339,13.656,13.159
46053,2022-03-27,4.947,1.256,12.171,270.702,1016.827,12.83,13.207
46053,2022-04-03,4.784,1.558,10.986,259.952,1014.039,12.547,12.672
46053,2022-04-10,4.363,1.686,11.675,272.31,1013.5,15.218,14.431
46053,2022-04-17,7.393,1.573,7.274,265.398,1017.034,13.008,13.583
46053,2022-04-24,6.042,1.523,9.842,266.144,1016.588,13.712,13.096
46053,2022-05-01,4.47,1.483,10.433,267.06,1014.074,13.112,12.782
46053,2022-05-08,4.655,1.746,11.222,267.393,1014.029,12.793,12.916
46053,2022-05-15,7.025,1.73,7.944,266.337,1016.874,12.749,12.188
46053,2022-05-22,3.552,1.358,9.014,263.327,1013.984,12.644,12.517
46053,2022-05-29,3.989,0.891,8.653,252.929,1013.488,14.587,15.369
46053,2022-06-05,5.007,1.401,8.703,263.97,1011.163,15.229,15.023
46053,2022-06-12,3.325,1.312,8.419,266.625,1011.449,15.746,16.453
46053,2022-06-19,5.224,1.672,8.123,266.551,1011.342,16.773,17.548
46053,2022-06-26,5.172,1.004,8.618,264.563,1013.024,15.465,16.686
46053,2022-07-03,4.979,1.077,6.271,266.211,1015.378,16.28,17.975
46053,2022-07-10,4.854,1.024,6.041,260.886,1015.533,16.399,16.865
46053,2022-07-17,4.513,0.909,7.674,268.262,1013.797,14.816,15.909
46053,2022-07-24,4.325,0.983,7.904,263.304,1014.101,15.986,17.732
46053,2022-07-31,4.492,0.804,5.793,266.44,1014.122,16.009,17.627
46053,2022-08-07,4.964,0.863,6.76,248.772,1014.498,17.619,19.077
46053,2022-08-14,4.694,1.07,6.509,257.134,1013.271,17.336,17.179
46053,2022-08-21,4.709,0.976,8.114,264.22,1011.01,14.497,14.985
46053,2022-08-28,4.439,1.002,8.287,265.976,1011.964,15.329,16.959
46053,2022-09-04,4.579,1.032,7.494,265.925,1009.731,17.239,16.73
46053,2022-09-11,3.204,0.929,9.654,269.994,1008.202,20.205,19.329
46053,2022-09-18,4.726,0.975,6.992,261.21,1011.119,19.304,19.716
46053,2022-09-25,4.897,0.894,8.219,264.892,1012.696,19.356,20.282
46053,2022-10-02,4.943,0.966,7.432,261.595,1011.814,17.742,18.688
46053,2022-10-09,3.768,0.963,10.969,265.345,1014.838,16.93,18.478
46053,2022-10-16,3.611,0.628,9.001,256.815,1014.028,17.252,18.01
46053,2022-10-23,3.837,0.957,10.89,263.065,1012.615,17.612,18.128
46053,2022-10-30,3.661,1.156,8.475,267.695,1016.658,17.081,17.715
46053,2022-11-06,5.46,1.33,9.164,268.762,1015.862,14.695,15.431
46053,2022-11-13,4.282,1.078,9.002,261.559,1015.377,13.906,14.25
46053,2022-11-20,2.578,0.941,13.487,263.083,1019.237,14.469,14.747
46053,2022-11-27,2.393,1.038,13.353,259.235,1019.038,15.445,15.346
46053,2022-12-04,4.369,1.058,12.023,256.455,1015.769,14.546,15.598
46053,2022-12-11,5.302,1.06,11.366,258.56,1018.582,14.133,14.926
46053,2022-12-18,2.898,1.049,11.989,264.545,1016.811,13.354,14.732
46053,2022-12-25,2.255,0.894,11.348,263.122,1020.607,14.625,14.751
46053,2023-01-01,3.924,1.952,12.859,262.507,1014.697,14.369,14.678
46053,2023-01-08,6.286,2.431,14.221,261.627,1017.212,13.794,14.086
46053,2023-01-15,5.057,2.619,14.64,266.625,1017.002,14.577,14.509
46053,2023-01-22,5.782,1.799,13.123,266.485,1017.188,12.963,14.309
46053,2023-01-29,3.413,1.263,15.608,263.649,1019.908,13.548,13.972
46053,2023-02-05,3.943,1.057,13.92,264.726,1019.889,13.215,13.671
46053,2023-02-12,4.412,1.633,12.663,265.755,1019.807,13.397,13.585
46053,2023-02-19,4.233,1.492,13.258,264.533,1016.563,12.348,12.984
46053,2023-02-26,6.143,1.576,10.337,265.185,1012.955,10.782,12.483
46053,2023-03-05,5.034,1.506,11.768,264.116,1015.738,11.482,12.483
46053,2023-03-12,5.111,1.25,10.57,256.881,1018.726,12.041,12.524
46053,2023-03-19,4.509,0.984,10.246,248.617,1015.826,12.697,12.835
46053,2023-03-26,7.354,1.759,9.266,248.955,1016.621,12.049,12.486
46053,2023-04-02,4.473,1.125,8.675,264.747,1017.655,12.028,12.448
46053,2023-04-09,6.504,1.268,6.966,269.006,1017.573,11.579,11.804
46053,2023-04-16,3.367,1.344,9.714,267.152,1014.56,11.82,12.532
46053,2023-04-23,4.707,1.56,8.285,265.033,1014.781,13.112,12.556
46053,2023-04-30,3.364,0.997,10.573,262.702,1013.384,11.731,12.757
46053,2023-05-07,4.501,1.32,11.601,264.915,1013.719,12.921,13.929
46053,2023-05-14,5.179,1.197,8.356,262.378,1013.9,13.542,13.683
46053,2023-05-21,3.286,0.977,10.333,265.389,1014.965,13.397,14.725
46053,2023-05-28,4.638,0.856,7.355,264.751,1012.979,14.119,15.814
46053,2023-06-04,4.49,0.888,9.342,263.108,1013.015,14.882,16.447
46053,2023-06-11,3.577,0.666,9.647,255.571,1012.896,15.575,16.475
46053,2023-06-18,4.115,0.762,9.629,270.152,1013.917,15.2,16.713
46053,2023-06-25,5.066,1.181,7.286,269.961,1014.313,15.084,15.991
46053,2023-07-02,4.181,0.995,7.523,261.268,1011.668,14.161,15.081
46053,2023-07-09,4.379,0.995,7.42,267.964,1011.435,14.31,15.152
46053,2023-07-16,4.33,0.884,7.161,259.664,1012.108,14.233,16.119
46053,2023-07-23,4.18,0.821,7.623,264.744,1012.281,15.693,17.63
46053,2023-07-30,4.019,1.021,7.502,266.561,1012.329,16.975,18.006
46053,2023-08-06,4.803,1.32,7.235,265.446,1012.598,17.226,18.289
46053,2023-08-13,3.213,0.622,10.361,254.5,1014.004,17.87,19.545
46053,2023-08-20,4.85,0.687,8.585,260.042,1010.387,17.453,19.675
46053,2023-08-27,4.962,0.77,7.02,264.396,1011.937,18.536,19.184
46053,2023-09-03,4.012,1.059,8.183,267.177,1010.413,18.835,19.738
46053,2023-09-10,4.693,0.903,8.033,258.476,1012.758,18.953,20.25
46053,2023-09-17,4.387,0.919,7.631,264.756,1012.719,17.929,19.265
46053,2023-09-24,4.507,0.853,9.503,262.548,1013.127,17.895,19.381
46053,2023-10-01,4.179,1.266,9.567,266.234,1011.598,17.697,18.804
46053,2023-10-08,3.36,0.824,11.895,265.066,1011.756,17.835,18.308
46053,2023-10-15,4.731,1.296,9.205,265.783,1009.481,17.28,17.655
46053,2023-10-22,4.571,1.468,14.083,265.232,1011.327,16.489,17.238
46053,2023-10-29,4.889,1.21,7.997,262.174,1012.187,16.327,16.393
46053,2023-11-05,2.253,0.637,10.953,269.699,1015.933,16.626,16.924
46053,2023-11-12,3.819,1.437,11.208,264.256,1015.39,16.883,17.262
46053,2023-11-19,5.167,0.983,11.085,263.451,1014.18,16.75,17.024
46053,2023-11-26,3.253,1.153,11.784,256.741,1015.9,16.696,16.871
46053,2023-12-03,4.557,1.425,11.884,261.196,1016.759,15.945,16.471
46053,2023-12-10,3.565,1.703,13.821,261.072,1018.322,15.796,15.844
46053,2023-12-17,2.261,0.938,12.268,275.021,1015.48,16.052,16.587
46053,2023-12-24,4.965,1.474,10.879,269.269,1012.444,16.055,16.541
46053,2023-12-31,3.284,2.641,15.404,263.905,1018.942,15.243,16.479
46053,2024-01-07,5.478,1.82,13.099,266.152,1018.605,14.705,15.971
46053,2024-01-14,5.463,1.441,10.874,268.821,1018.195,13.399,14.89
46053,2024-01-21,3.314,1.118,12.721,269.451,1014.819,13.771,14.349
46053,2024-01-28,3.987,1.581,12.769,265.051,1016.365,14.87,14.862
46053,2024-02-04,5.659,1.843,12.186,256.045,1013.031,14.265,14.846
46053,2024-02-11,5.571,1.499,12.088,258.452,1012.537,13.089,14.548
46053,2024-02-18,3.383,1.272,13.713,270.089,1017.942,13.585,14.254
46053,2024-02-25,3.725,1.666,13.309,266.499,1017.13,14.36,14.562
46053,2024-03-03,3.96,1.077,12.968,267.712,1016.184,13.951,14.908
46053,2024-03-10,5.531,1.286,11.247,269.571,1015.704,13.553,14.292
46053,2024-03-17,4.895,1.548,13.527,269.231,1014.263,13.834,13.879
46053,2024-03-24,3.944,1.114,14.363,269.26,1014.735,13.48,14.723
46053,2024-03-31,6.178,1.572,12.678,271.578,1012.362,12.227,12.29
46053,2024-04-07,4.992,1.381,10.492,273.295,1016.869,12.608,13.713
46053,2024-04-14,4.707,1.276,10.177,262.635,1014.388,12.57,13.034
46053,2024-04-21,2.993,0.958,8.408,269.935,1015.086,12.859,13.532
46053,2024-04-28,6.323,1.279,7.874,277.726,1014.218,13.4,13.363
46053,2024-05-05,3.498,1.577,8.963,272.275,1010.839,13.157,13.415
46053,2024-05-12,3.453,1.325,9.865,267.134,1012.419,12.837,13.295
46053,2024-05-19,4.313,0.793,9.737,272.319,1013.455,12.871,13.698
46053,2024-05-26,5.02,1.291,8.119,273.545,1013.546,13.147,14.481
46053,2024-06-02,3.162,1.072,7.5,268.378,1013.847,13.108,13.731
46053,2024-06-09,2.657,1.21,10.368,271.826,1011.196,14.444,15.563
46053,2024-06-16,3.515,1.226,10.043,268.482,1011.264,15.351,16.188
46053,2024-06-23,3.637,1.253,7.637,264.158,1007.717,14.352,15.109
46053,2024-06-30,4.174,0.95,8.137,268.66,1011.014,14.796,16.018
46053,2024-07-07,3.371,1.017,8.005,269.036,1010.374,14.475,16.05
46053,2024-07-14,3.963,0.8,7.343,264.5,1011.009,14.203,16.679
46053,2024-07-21,5.343,0.994,6.786,265.218,1013.188,15.646,16.759
46053,2024-07-28,5.345,1.107,7.568,270.045,1012.066,15.139,16.992
46053,2024-08-04,5.508,0.892,6.017,263.193,1012.932,14.562,16.089
46053,2024-08-11,4.311,0.94,7.767,264.478,1011.611,15.036,16.584
46053,2024-08-18,4.036,1.008,6.694,269.622,1011.772,16.52,17.308
46053,2024-08-25,4.638,1.044,7.673,259.741,1012.988,17.393,17.759
46053,2024-09-01,3.805,0.747,8.386,266.507,1013.801,16.409,18.233
46053,2024-09-08,5.399,1.132,7.28,265.578,1009.575,17.677,18.442
46053,2024-09-15,4.525,1.131,7.262,261.699,1008.414,15.991,16.767
46053,2024-09-22,4.673,1.035,8.199,270.561,1011.02,16.438,17.52
46053,2024-09-29,3.322,1.032,11.536,274.683,1009.918,15.384,17.572
46053,2024-10-06,3.024,1.589,11.201,278.433,1010.621,16.447,17.855
46053,2024-10-13,3.04,,,,1013.079,16.376,18.159
46053,2024-10-20,2.702,0.777,8.91,264.735,1014.016,17.328,18.116
46053,2024-10-27,3.253,0.739,10.847,266.812,1014.66,16.591,17.625
46053,2024-11-03,6.382,1.592,10.565,276.383,1013.454,15.623,16.189
46053,2024-11-10,2.466,1.106,12.194,265.952,1014.761,15.828,15.792
46053,2024-11-17,5.708,1.741,11.73,272.375,1014.418,14.484,14.745
46053,2024-11-24,3.542,1.403,11.901,272.411,1016.605,13.556,13.873
46053,2024-12-01,2.099,0.555,12.288,258.477,1016.927,13.931,14.286
46053,2024-12-08,2.469,1.143,12.617,273.389,1018.058,12.876,14.365
46053,2024-12-15,3.442,2.314,11.566,279.854,1019.112,13.535,14.16
46053,2024-12-22,2.825,1.4,11.662,274.251,1019.663,13.948,13.948
46053,2024-12-29,4.946,,,,1017.353,13.591,13.431
46053,2025-01-05,2.538,1.763,15.47,270.074,1017.12,12.763,13.349
46053,2025-01-12,3.313,1.456,14.345,274.287,1017.913,14.291,13.668
46053,2025-01-19,3.581,1.072,14.175,267.452,1021.285,13.29,13.726
46053,2025-01-26,2.693,0.991,14.728,272.857,1019.646,13.29,13.716
46053,2025-02-02,3.671,0.812,9.71,273.106,1019.461,12.363,13.281
46053,2025-02-09,4.997,1.122,9.615,262.854,1015.502,12.854,13.321
46053,2025-02-16,6.143,1.732,10.275,271.651,1015.52,12.39,12.857
46053,2025-02-23,3.292,1.617,12.486,274.029,1016.628,13.194,13.044
46053,2025-03-02,4.538,,,,1014.842,13.707,13.347
46053,2025-03-09,6.282,,,,1017.428,11.449,12.161
46053,2025-03-16,5.196,1.755,12.039,276.21,1013.672,11.609,11.982
46053,2025-03-23,4.291,1.91,13.551,275.047,1018.299,12.895,12.472
46053,2025-03-30,4.866,,,,1015.117,12.547,12.889
46053,2025-04-06,6.051,0.772,6.407,263.426,1016.152,12.463,12.288
46053,2025-04-13,3.323,1.408,11.641,269.09,1015.534,12.743,12.692
46053,2025-04-20,3.375,0.924,10.918,270.598,1015.105,12.463,12.527
46053,2025-04-27,4.578,0.906,8.803,272.173,1013.742,12.55,13.365
46053,2025-05-04,4.616,1.159,9.433,266.746,1013.616,13.078,13.747
46053,2025-05-11,3.607,1.153,10.233,269.553,1012.559,14.229,15.015
46053,2025-05-18,6.737,1.423,6.952,264.244,1012.717,13.791,13.665
46053,2025-05-25,3.902,1.479,8.639,267.592,1012.389,14.408,14.646
46053,2025-06-01,3.617,1.262,8.567,268.246,1013.209,14.32,15.335
46053,2025-06-08,4.707,0.932,10.299,273.501,1012.664,15.029,16.948
46053,2025-06-15,3.622,1.094,7.099,263.149,1011.073,15.603,16.32
46053,2025-06-22,5.027,1.673,7.897,267.36,1009.247,15.536,15.889
46053,2025-06-29,4.177,1.034,7.967,264.266,1012.889,14.423,16.647
46053,2025-07-06,4.351,0.883,7.018,266.433,1012.404,15.09,17.181
46053,2025-07-13,5.086,0.984,6.802,262.955,1013.801,14.895,16.745
46053,2025-07-20,4.052,0.787,7.987,268.045,1013.183,15.868,17.467
46053,2025-07-27,4.948,0.803,5.526,256.826,1014.611,16.297,17.194
46053,2025-08-03,3.792,0.978,6.217,265.97,1015.267,15.49,15.724
46053,2025-08-10,4.463,1.12,7.403,265.508,1012.523,14.439,15.369
46053,2025-08-17,3.563,0.962,6.767,264.611,1012.495,16.159,16.782
46053,2025-08-24,4.085,1.012,7.356,267.036,1011.123,18.318,19.572
46053,2025-08-31,4.531,0.826,7.128,273.312,1012.834,18.851,20.316
46053,2025-09-07,5.094,0.988,6.555,266.572,1011.534,19.476,20.905
46053,2025-09-14,4.654,1.041,7.152,267.066,1011.829,19.429,20.074
46053,2025-09-21,4.252,0.931,8.756,270.737,1010.868,18.608,19.995
46053,2025-09-28,3.822,0.808,9.033,264.06,1011.087,18.649,19.773
46053,2025-10-05,4.872,1.087,9.992,265.976,1012.797,18.855,19.401
46053,2025-10-12,4.316,0.95,9.567,265.024,1009.216,18.203,19.017
46053,2025-10-19,3.405,1.109,10.895,270.271,1011.064,17.552,18.456
46053,2025-10-26,3.874,1.258,12.894,271.491,1014.947,16.848,17.977
46053,2025-11-02,3.182,1.272,10.697,268.75,1013.869,16.455,17.372
46053,2025-11-09,2.651,1.439,12.984,275.824,1015.905,16.854,17.767
46053,2025-11-16,4.057,1.11,11.197,263.842,1014.364,15.745,17.25
46053,2025-11-23,4.147,1.393,10.648,262.868,1013.073,15.454,17.111
46053,2025-11-30,1.774,1.175,14.065,272.759,1016.145,16.674,17.59
46053,2025-12-07,2.442,1.291,12.947,272.926,1016.411,16.533,17.529
46053,2025-12-14,2.042,0.964,12.291,277.075,1016.021,16.334,17.587
46053,2025-12-21,3.491,1.246,9.927,269.925,1015.715,16.864,17.088
46053,2025-12-28,5.194,1.549,10.213,248.24,1014.177,15.498,16.007
46053,2026-01-04,3.388,0.979,6.98,193.111,1017.19,16.188,15.147
46053,2026-03-08,2.752,1.249,10.416,270.406,1014.737,15.277,14.428
46053,2026-03-15,3.168,1.177,9.672,270.842,1015.009,15.327,15.05
46053,2026-03-22,2.628,0.705,10.294,264.166,1012.802,16.412,16.961
46053,2026-03-29,2.877,0.918,9.611,268.747,1012.955,14.731,16.626
46053,2026-04-05,3.785,0.816,10.264,265.074,1013.56,15.878,15.993
46053,2026-04-12,4.101,0.967,8.966,264.697,1013.105,15.527,15.565
46053,2026-04-19,3.936,1.05,8.158,264.994,1015.461,14.564,14.642
46053,2026-04-26,3.188,0.307,11.31,254.25,1014.935,14.936,15.186
46054,2017-01-01,8.438,2.383,12.219,307.25,1013.608,11.692,13.371
46054,2017-01-08,6.145,1.411,10.743,278.518,1018.36,13.338,13.468
46054,2017-01-15,6.048,2.129,10.775,279.482,1017.254,13.59,13.939
46054,2017-01-22,5.917,3.352,15.097,283.778,1014.245,13.211,14.208
46054,2017-01-29,4.901,3.132,14.513,293.774,1023.436,12.488,13.555
46054,2017-02-05,4.29,1.925,13.066,278.311,1018.723,13.506,14.113
46054,2017-02-12,4.98,2.084,11.793,280.982,1018.213,14.114,14.066
46054,2017-02-19,6.743,2.679,13.698,280.542,1012.185,13.337,13.573
46054,2017-02-26,8.006,2.455,12.549,285.952,1020.817,11.968,13.041
46054,2017-03-05,6.099,1.653,13.379,289.5,1017.924,12.322,12.592
46054,2017-03-12,8.414,2.075,11.58,291.341,1018.796,13.543,13.275
46054,2017-03-19,4.969,1.332,10.832,281.935,1017.751,12.166,13.623
46054,2017-03-26,6.977,1.949,11.986,271.417,1019.39,13.541,13.846
46054,2017-04-02,9.737,3.074,13.083,294.854,1015.99,12.795,12.438
46054,2017-04-09,5.764,2.591,13.804,290.661,1016.277,12.496,12.961
46054,2017-04-16,6.928,2.301,12.353,293.898,1016.81,12.754,12.493
46054,2017-04-23,8.362,2.09,12.847,283.161,1016.815,13.238,12.07
46054,2017-04-30,10.499,2.587,9.779,296.814,1014.732,12.053,10.795
46054,2017-05-07,6.333,2.433,11.012,290.299,1012.593,12.889,13.432
46054,2017-05-14,8.427,2.503,10.815,305.83,1015.043,12.792,13.192
46054,2017-05-21,8.683,1.862,8.757,304.512,1013.861,11.985,12.317
46054,2017-05-28,5.721,1.31,11.091,273.312,1014.107,12.86,12.929
46054,2017-06-04,10.18,2.029,8.069,292.893,1012.137,12.683,13.083
46054,2017-06-11,8.275,1.857,9.257,277.138,1013.605,13.262,13.034
46054,2017-06-18,9.304,2.2,8.456,293.107,1012.739,13.697,13.848
46054,2017-06-25,8.121,1.783,10.624,274.244,1010.587,13.774,14.71
46054,2017-07-02,10.488,1.842,8.329,291.476,1012.934,13.271,13.318
46054,2017-07-09,8.172,1.674,8.067,281.216,1013.528,14.704,15.4
46054,2017-07-16,6.399,1.385,10.041,254.313,1013.719,14.828,15.768
46054,2017-07-23,7.347,1.763,8.25,295.06,1013.217,14.691,15.019
46054,2017-07-30,5.816,1.296,8.606,291.006,1014.391,15.218,16.301
46054,2017-08-06,7.144,1.209,10.783,229.357,1013.177,16.134,16.267
46054,2017-08-13,10.531,1.505,6.409,290.851,1012.614,15.154,15.806
46054,2017-08-20,6.777,1.317,10.333,270.679,1013.854,16.186,16.457
46054,2017-08-27,5.517,1.442,9.001,284.114,1013.117,16.338,16.534
46054,2017-09-03,7.874,1.491,8.248,285.637,1008.579,16.887,16.349
46054,2017-09-10,6.125,1.316,12.865,252.524,1013.282,18.336,17.956
46054,2017-09-17,5.277,1.281,9.669,290.72,1012.514,17.942,18.286
46054,2017-09-24,8.538,1.853,9.694,297.065,1011.875,16.095,16.712
46054,2017-10-01,6.799,1.441,8.131,287.922,1010.778,16.119,15.619
46054,2017-10-08,7.827,2.001,10.299,287.494,1010.505,16.366,16.167
46054,2017-10-15,4.741,2.159,10.686,288.393,1012.948,17.07,17.304
46054,2017-10-22,8.927,2.304,12.989,279.345,1015.998,16.301,16.088
46054,2017-10-29,5.061,2.133,13.279,282.305,1013.294,16.583,16.114
46054,2017-11-05,4.308,1.378,12.872,277.679,1014.913,15.683,16.183
46054,2017-11-12,5.673,1.532,11.465,277.315,1017.217,15.605,16.568
46054,2017-11-19,7.107,1.594,11.375,277.659,1017.59,15.07,15.384
46054,2017-11-26,5.813,1.383,11.618,283.536,1015.642,16.016,15.382
46054,2017-12-03,5.56,3.145,15.543,286.363,1015.704,14.706,14.966
46054,2017-12-10,3.192,1.599,13.803,272.851,1021.4,15.51,15.49
46054,2017-12-17,4.845,2.192,13.655,279.643,1016.212,15.672,15.249
46054,2017-12-24,5.764,1.522,11.613,291.518,1021.271,13.768,14.887
46054,2017-12-31,4.134,1.551,12.359,276.673,1018.796,14.183,14.456
46054,2018-01-07,4.278,1.583,13.259,279.216,1019.377,14.39,15.421
46054,2018-01-14,6.434,2.452,14.058,277.631,1016.324,15.141,15.161
46054,2018-01-21,8.254,3.464,15.387,284.042,1019.498,13.538,14.691
46054,2018-01-28,7.284,2.502,13.605,291.298,1021.86,13.402,14.01
46054,2018-02-04,3.082,1.373,10.928,287.988,1016.893,15.073,14.158
46054,2018-02-11,4.052,1.428,12.527,265.899,1015.674,12.987,14.42
46054,2018-02-18,6.059,2.008,10.376,293.257,1017.255,13.287,14.318
46054,2018-02-25,9.494,2.552,11.431,295.196,1021.623,11.0,13.555
46054,2018-03-04,6.551,2.384,11.72,293.304,1018.567,11.27,12.388
46054,2018-03-11,4.777,1.382,12.972,277.542,1017.017,13.214,13.196
46054,2018-03-18,4.196,1.738,12.206,283.868,1016.973,12.289,13.475
46054,2018-03-25,6.697,1.681,11.287,262.298,1017.208,12.58,13.216
46054,2018-04-01,6.592,1.602,10.173,288.101,1017.645,11.233,12.151
46054,2018-04-08,7.627,1.521,10.401,270.292,1015.376,11.894,12.228
46054,2018-04-15,8.786,2.938,12.493,287.94,1018.003,13.9,11.811
46054,2018-04-22,7.562,2.344,11.747,287.095,1017.871,,11.478
46054,2018-04-29,7.7,2.043,13.145,286.161,1016.238,,12.336
46054,2018-05-06,8.784,1.895,8.41,295.018,1016.899,,11.89
46054,2018-05-13,8.066,2.22,9.472,295.18,1014.153,,11.741
46054,2018-05-20,8.08,1.689,9.806,288.202,1015.4,10.8,12.678
46054,2018-05-27,6.655,1.824,11.858,266.095,1015.558,,12.81
46054,2018-06-03,6.814,1.869,9.446,295.179,1013.092,,13.108
46054,2018-06-10,11.062,2.256,8.906,298.012,1013.007,,13.106
46054,2018-06-17,7.852,2.328,9.549,294.929,1009.858,,13.92
46054,2018-06-24,7.792,1.833,9.838,276.298,1013.06,13.786,13.695
46054,2018-07-01,7.205,1.753,9.405,294.042,1013.935,12.563,16.53
46054,2018-07-08,7.226,1.667,9.94,284.232,1013.658,13.606,16.314
46054,2018-07-15,8.652,1.696,8.412,294.095,1013.801,,16.205
46054,2018-07-22,6.495,1.275,8.975,286.738,1014.823,,16.996
46054,2018-07-29,10.477,1.922,8.858,288.482,1013.294,,15.725
46054,2018-08-05,8.559,1.712,7.646,297.167,1012.41,,15.612
46054,2018-08-12,6.948,1.606,9.272,249.108,1012.142,,17.053
46054,2018-08-19,8.092,1.437,11.008,236.946,1014.255,,20.444
46054,2018-08-26,9.007,1.327,8.773,284.181,1014.334,,18.925
46054,2018-09-02,10.04,1.755,8.284,294.262,1012.939,,17.923
46054,2018-09-09,5.942,1.62,8.849,279.821,1012.447,,18.127
46054,2018-09-16,9.728,2.189,7.953,291.315,1011.276,,
46054,2018-09-23,8.639,1.664,9.275,276.238,1011.801,,
46054,2018-09-30,6.87,1.179,10.435,262.446,1012.264,,
46054,2018-10-07,7.373,1.747,11.873,255.257,1011.476,,
46054,2018-10-14,3.096,1.951,12.192,264.143,1010.086,,
46054,2018-10-21,6.805,1.644,13.983,264.12,1015.625,,
46054,2018-10-28,7.918,1.925,12.536,272.228,1013.844,,
46054,2018-11-04,7.385,2.287,10.175,287.97,1015.19,,
46054,2018-11-11,3.919,1.732,10.366,288.982,1014.256,,
46054,2018-11-18,3.38,1.333,12.607,261.754,1019.995,,
46054,2018-11-25,6.273,1.793,12.145,273.923,1017.397,,
46054,2018-12-02,8.369,3.093,13.339,283.21,1015.055,,
46054,2018-12-09,5.287,1.783,12.697,246.738,1016.892,,
46054,2018-12-16,5.634,2.597,13.578,283.368,1019.193,,
46054,2018-12-23,6.568,3.373,15.095,282.205,1019.723,,
46054,2018-12-30,8.96,2.917,12.858,292.494,1018.209,,
46054,2019-01-06,4.83,2.324,13.075,285.05,1016.988,,
46054,2019-01-13,5.634,2.769,12.882,264.101,1018.138,,
46054,2019-01-20,7.285,3.102,15.142,272.428,1018.056,,
46054,2019-01-27,5.672,2.11,12.344,281.844,1021.699,,
46054,2019-02-03,7.128,2.086,13.905,268.012,1012.017,,
46054,2019-02-10,6.218,2.484,14.013,282.649,1016.641,,
46054,2019-02-17,8.692,2.915,12.853,253.91,1016.349,,
46054,2019-02-24,8.009,2.336,11.703,292.982,1016.779,,
46054,2019-03-03,5.305,1.488,12.161,268.97,1017.778,,
46054,2019-03-10,5.571,1.683,11.126,257.81,1016.085,,
46054,2019-03-17,6.387,2.665,13.995,287.297,1016.666,,
46054,2019-03-24,4.757,2.035,14.781,270.375,1017.197,,
46054,2019-03-31,6.856,2.023,13.081,284.162,1019.925,,
46054,2019-04-07,5.343,1.795,15.391,278.036,1017.014,,
46054,2019-04-14,9.694,3.165,11.784,295.25,1017.02,,
46054,2019-04-21,6.818,2.053,12.866,286.185,1016.151,,
46054,2019-04-28,4.813,1.616,9.774,286.321,1014.799,,
46054,2019-05-05,5.151,1.296,13.029,246.167,1013.468,,
46054,2019-05-12,5.285,1.017,13.782,225.804,1013.258,,
46054,2019-05-19,6.971,1.705,14.538,238.101,1014.89,,
46054,2019-05-26,6.725,2.609,11.461,288.631,1012.933,,
46054,2019-06-02,7.43,1.576,10.959,260.548,1013.191,,
46054,2019-06-09,5.692,1.952,9.486,290.038,1013.055,,
46054,2019-06-16,6.601,1.212,10.689,250.869,1014.018,,
46054,2019-06-23,3.552,1.595,10.573,296.229,1013.343,,
46054,2019-06-30,7.071,1.489,7.971,290.065,1014.573,,
46054,2019-07-07,9.664,1.881,8.678,284.75,1014.674,,
46054,2019-07-14,8.762,1.616,12.244,253.784,1014.709,,
46054,2019-07-21,10.166,1.584,10.478,268.613,1012.232,,
46054,2019-07-28,,1.524,7.797,294.732,,,
46054,2019-08-04,,1.874,7.436,291.275,,,
46054,2019-08-11,,1.457,8.075,278.958,,,
46054,2019-08-18,,1.368,8.931,280.143,,,
46054,2019-08-25,,1.57,10.198,273.071,,,
46054,2019-09-01,,1.254,7.794,288.935,,,
46054,2019-09-08,,1.845,9.825,291.363,,,
46054,2019-09-15,,1.748,10.602,270.143,,,
46054,2019-09-22,,1.847,10.487,288.637,,,
46054,2019-09-29,,1.984,10.357,293.286,,,
46054,2019-10-06,,1.8,9.069,291.649,,,
46054,2019-10-13,,1.352,10.357,281.214,,,
46054,2019-10-20,,2.278,11.239,292.048,,,
46054,2019-10-27,6.501,1.757,10.952,290.438,1009.297,16.985,17.348
46054,2019-11-03,4.735,1.475,12.886,281.524,1016.393,16.121,16.834
46054,2019-11-10,7.645,1.228,8.622,291.839,1016.265,14.57,16.086
46054,2019-11-17,4.957,1.615,13.468,289.083,1016.904,15.273,16.859
46054,2019-11-24,4.586,2.438,12.614,299.946,1012.672,15.65,16.176
46054,2019-12-01,7.703,2.815,12.035,272.669,1011.203,13.106,15.547
46054,2019-12-08,5.62,1.964,12.668,272.786,1017.411,15.057,15.517
46054,2019-12-15,8.809,2.503,13.374,295.357,1020.524,14.476,15.469
46054,2019-12-22,5.889,2.496,13.569,292.815,1019.793,13.77,13.699
46054,2019-12-29,5.938,2.58,13.514,293.905,1013.971,12.573,13.703
46054,2020-01-05,7.353,2.696,14.631,298.768,1019.916,14.13,14.317
46054,2020-01-12,8.793,2.649,11.338,303.042,1020.988,13.419,13.969
46054,2020-01-19,7.191,2.366,12.598,303.083,1019.83,12.951,14.223
46054,2020-01-26,6.373,2.706,14.757,288.649,1019.431,13.651,13.575
46054,2020-02-02,9.097,2.761,13.591,293.133,1021.656,14.1,14.158
46054,2020-02-09,7.586,2.587,11.453,306.286,1018.147,12.096,14.096
46054,2020-02-16,5.562,1.962,13.693,295.443,1017.547,13.251,13.8
46054,2020-02-23,6.784,1.779,12.59,288.048,1017.31,13.787,14.306
46054,2020-03-01,5.815,2.173,13.181,293.747,1020.785,15.025,14.857
46054,2020-03-08,5.36,2.083,12.337,303.399,1016.696,12.892,14.375
46054,2020-03-15,4.626,1.616,11.197,284.006,1015.302,14.095,14.569
46054,2020-03-22,4.98,1.25,12.065,260.202,1016.922,12.598,14.413
46054,2020-03-29,7.27,1.599,11.91,299.849,1019.943,12.686,14.435
46054,2020-04-05,10.365,2.105,8.705,295.833,1015.687,12.743,13.027
46054,2020-04-12,5.149,1.664,11.687,268.869,1016.015,12.214,13.036
46054,2020-04-19,6.748,1.334,11.491,285.024,1017.736,13.269,14.006
46054,2020-04-26,10.754,2.106,12.781,293.881,1017.199,13.349,12.566
46054,2020-05-03,10.692,2.264,11.076,299.006,1015.828,12.714,12.38
46054,2020-05-10,8.097,2.417,10.577,294.749,1013.988,13.496,13.696
46054,2020-05-17,7.913,1.788,12.01,274.363,1015.596,13.645,12.801
46054,2020-05-24,8.353,2.155,10.554,299.952,1014.982,12.971,12.532
46054,2020-05-31,4.1,1.574,12.13,279.673,1013.744,14.163,14.586
46054,2020-06-07,7.841,1.724,10.807,282.605,1012.972,14.368,13.717
46054,2020-06-14,8.618,1.926,8.196,296.024,1016.066,13.625,13.191
46054,2020-06-21,5.614,1.945,9.219,297.458,1014.316,13.978,14.713
46054,2020-06-28,6.012,1.424,9.774,292.696,1012.57,14.54,15.872
46054,2020-07-05,5.841,1.794,12.088,283.175,1013.519,14.497,15.181
46054,2020-07-12,9.714,1.999,8.246,306.218,1013.035,13.854,14.592
46054,2020-07-19,6.065,1.242,8.934,306.048,1014.444,14.907,15.445
46054,2020-07-26,7.669,1.249,8.546,296.071,1013.304,14.499,14.841
46054,2020-08-02,9.476,1.43,7.013,303.176,1013.5,14.248,14.134
46054,2020-08-09,7.446,1.715,8.105,302.994,1014.538,13.745,14.009
46054,2020-08-16,5.463,1.424,9.857,299.387,1012.1,14.783,14.922
46054,2020-08-23,5.805,1.592,8.016,299.917,1010.423,16.333,17.074
46054,2020-08-30,7.329,1.587,8.751,302.149,1010.469,15.7,16.24
46054,2020-09-06,7.559,1.411,8.405,306.749,1013.011,16.085,16.342
46054,2020-09-13,6.509,1.305,9.854,271.982,1011.166,16.862,
46054,2020-09-20,9.64,1.398,6.769,292.994,1013.639,,
46054,2020-09-27,6.332,1.913,11.084,292.82,1013.852,,
46054,2020-10-04,5.352,1.827,12.504,281.423,1012.499,,
46054,2020-10-11,6.441,1.517,11.205,271.488,1014.426,,
46054,2020-10-18,5.121,1.678,10.523,297.768,1013.74,,
46054,2020-10-25,4.466,1.498,9.904,296.098,1013.111,,
46054,2020-11-01,5.657,1.084,10.87,284.892,1016.626,,
46054,2020-11-08,8.2,2.444,13.586,297.02,1013.107,,
46054,2020-11-15,8.169,1.936,10.544,297.494,1018.842,,
46054,2020-11-22,4.417,2.035,12.734,292.583,1017.507,,
46054,2020-11-29,6.333,2.381,12.234,297.994,1018.463,,
46054,2020-12-06,6.095,2.218,15.151,295.637,1021.007,,
46054,2020-12-13,5.959,2.751,13.392,294.327,1018.307,,
46054,2020-12-20,6.656,2.8,13.922,298.887,1021.602,,
46054,2020-12-27,5.5,1.861,13.256,285.192,1019.165,,
46054,2021-01-03,7.833,3.308,15.472,294.881,1019.677,,
46054,2021-01-10,8.007,3.47,15.776,292.317,1020.708,,
46054,2021-01-17,6.058,3.121,15.284,293.036,1020.698,,
46054,2021-01-24,5.483,2.337,13.823,290.077,1013.015,,
46054,2021-01-31,7.21,3.103,13.235,294.619,1015.712,,
46054,2021-02-07,7.021,1.986,12.411,303.815,1018.399,,
46054,2021-02-14,8.021,1.79,10.883,295.515,1016.383,,
46054,2021-02-21,9.014,2.965,16.276,293.627,1022.183,,
46054,2021-02-28,6.894,,,,1018.601,,
46054,2021-03-07,5.062,,,,1018.032,,
46054,2021-03-14,7.578,,,,1021.885,,
46054,2021-03-21,7.506,,,,1020.477,,
46054,2021-03-28,8.044,,,,1017.965,,
46054,2021-04-04,7.659,,,,1016.516,,
46054,2021-04-11,12.389,,,,1016.129,,
46054,2021-04-18,9.3,,,,1014.834,,
46054,2021-04-25,8.624,,,,1015.71,,
46054,2021-05-02,10.084,,,,1016.328,,
46054,2021-05-09,7.317,2.206,10.753,295.781,1014.102,11.798,12.513
46054,2021-05-16,5.133,1.808,10.78,292.565,1015.0,12.235,14.009
46054,2021-05-23,10.765,2.471,10.187,293.155,1016.377,11.858,12.382
46054,2021-05-30,11.054,2.051,7.922,301.304,1015.57,11.578,12.255
46054,2021-06-06,4.767,1.683,11.866,273.311,1013.692,12.306,13.614
46054,2021-06-13,9.484,2.029,9.124,298.054,1015.699,12.981,12.711
46054,2021-06-20,6.353,1.841,9.538,300.355,1010.578,13.811,14.408
46054,2021-06-27,7.649,1.646,11.706,252.387,1013.037,15.066,15.97
46054,2021-07-04,8.578,1.854,9.454,290.94,1011.39,14.324,15.637
46054,2021-07-11,8.22,1.718,10.08,289.452,1012.538,14.852,15.965
46054,2021-07-18,7.192,1.591,9.64,298.867,1013.675,14.735,16.381
46054,2021-07-25,7.618,1.543,9.046,295.952,1014.885,14.207,14.742
46054,2021-08-01,6.495,1.042,9.412,255.03,1015.075,14.967,15.458
46054,2021-08-08,8.998,1.577,7.512,296.725,1013.754,14.098,14.146
46054,2021-08-15,6.402,1.282,11.016,272.577,1014.611,14.766,15.26
46054,2021-08-22,4.659,1.704,11.386,290.659,1010.672,16.277,16.597
46054,2021-08-29,6.397,1.482,8.565,301.452,1010.555,15.385,15.481
46054,2021-09-05,6.549,1.321,8.504,300.821,1010.953,15.1,15.036
46054,2021-09-12,6.528,1.404,9.733,279.03,1012.753,14.928,15.426
46054,2021-09-19,5.558,1.752,11.844,269.119,1013.67,14.358,14.816
46054,2021-09-26,5.121,1.998,12.732,293.845,1014.924,14.324,14.895
46054,2021-10-03,7.11,2.343,12.544,296.292,1014.059,14.791,16.034
46054,2021-10-10,6.263,1.781,11.704,296.226,1015.621,15.55,16.578
46054,2021-10-17,6.589,2.719,11.654,300.577,1014.256,14.753,14.597
46054,2021-10-24,6.096,2.492,12.891,291.982,1015.93,14.314,14.601
46054,2021-10-31,6.892,3.004,14.131,298.569,1015.52,15.05,14.402
46054,2021-11-07,6.795,2.186,13.321,291.208,1017.351,,14.526
46054,2021-11-14,4.74,1.949,11.302,289.411,1018.593,,15.129
46054,2021-11-21,5.102,1.519,11.227,288.548,1017.67,,14.64
46054,2021-11-28,3.873,1.526,11.838,296.804,1018.645,,15.603
46054,2021-12-05,4.833,1.707,12.552,294.446,1018.589,,15.516
46054,2021-12-12,5.944,1.67,9.72,299.084,1017.172,,14.576
46054,2021-12-19,5.694,2.489,13.537,302.857,1018.747,,13.95
46054,2021-12-26,4.572,1.845,12.857,284.298,1016.192,13.167,13.886
46054,2022-01-02,7.061,2.017,10.85,295.44,1013.768,12.006,13.468
46054,2022-01-09,7.415,1.978,12.897,294.091,1019.091,12.806,12.954
46054,2022-01-16,2.331,2.137,14.089,284.542,1021.834,13.827,13.457
46054,2022-01-23,4.576,1.671,13.219,288.102,1018.999,13.904,14.182
46054,2022-01-30,5.116,2.041,14.582,284.47,1019.313,13.8,13.912
46054,2022-02-06,5.538,1.919,12.603,292.049,1019.832,13.47,13.252
46054,2022-02-13,3.653,1.706,14.321,284.815,1019.551,14.386,13.853
46054,2022-02-20,7.707,2.143,12.387,294.667,1018.175,12.541,13.752
46054,2022-02-27,7.041,2.056,12.777,295.69,1020.195,11.308,13.147
46054,2022-03-06,7.092,2.768,13.678,292.683,1017.53,13.24,12.998
46054,2022-03-13,7.56,1.648,10.899,296.084,1020.29,12.206,12.511
46054,2022-03-20,10.155,2.385,13.792,292.857,1018.817,11.921,12.183
46054,2022-03-27,7.793,2.027,12.142,292.512,1016.306,11.131,11.615
46054,2022-04-03,8.201,2.5,10.861,286.575,1013.552,11.732,12.188
46054,2022-04-10,9.227,2.998,12.451,300.364,1013.671,13.369,12.536
46054,2022-04-17,10.468,2.207,9.683,288.709,1017.609,11.079,12.042
46054,2022-04-24,7.919,2.09,12.134,291.452,1016.829,11.973,12.164
46054,2022-05-01,11.114,2.655,10.967,298.749,1014.178,11.202,11.074
46054,2022-05-08,10.193,2.866,11.858,297.12,1014.119,11.368,11.918
46054,2022-05-15,11.021,2.359,8.782,301.067,1017.37,11.068,10.87
46054,2022-05-22,8.127,2.617,9.517,303.563,1013.622,11.072,11.908
46054,2022-05-29,5.401,1.565,11.031,265.527,1013.06,12.092,13.198
46054,2022-06-05,9.71,2.217,10.278,288.647,1011.343,12.8,12.643
46054,2022-06-12,8.127,1.997,8.681,292.164,1010.991,13.848,14.784
46054,2022-06-19,10.698,2.352,8.699,292.774,1011.561,13.646,14.545
46054,2022-06-26,7.462,1.724,11.676,273.043,1012.4,13.673,15.417
46054,2022-07-03,9.932,1.733,7.201,298.946,1015.011,13.251,14.171
46054,2022-07-10,9.162,1.289,7.004,299.518,1015.356,14.008,14.501
46054,2022-07-17,7.688,1.628,8.947,299.157,1012.982,13.716,14.885
46054,2022-07-24,8.215,1.846,11.954,259.915,1013.42,13.585,14.203
46054,2022-07-31,7.059,1.195,9.609,275.509,1013.326,14.259,15.128
46054,2022-08-07,7.197,1.233,10.484,229.242,1014.052,15.653,16.809
46054,2022-08-14,10.81,1.736,6.433,297.699,1013.907,14.675,14.406
46054,2022-08-21,7.659,1.737,8.296,293.28,1011.299,13.581,14.303
46054,2022-08-28,7.165,1.622,9.928,282.325,1012.148,13.855,14.447
46054,2022-09-04,8.178,1.545,7.872,299.449,1010.144,15.157,14.675
46054,2022-09-11,3.902,1.501,10.091,287.205,1008.348,18.399,17.058
46054,2022-09-18,8.836,1.505,8.78,278.994,1011.933,16.713,17.166
46054,2022-09-25,5.417,1.497,11.894,277.653,1012.936,17.419,17.968
46054,2022-10-02,8.121,1.658,9.722,286.756,1012.299,15.603,15.867
46054,2022-10-09,7.815,1.729,12.71,278.554,1015.078,14.914,15.738
46054,2022-10-16,5.664,1.105,12.434,244.613,1014.257,15.338,15.863
46054,2022-10-23,6.013,1.721,13.006,276.548,1012.961,15.847,15.657
46054,2022-10-30,9.26,2.283,11.363,301.756,1017.337,14.509,15.547
46054,2022-11-06,9.177,2.155,12.696,299.188,1016.713,13.204,13.884
46054,2022-11-13,6.495,2.028,10.851,297.205,1015.625,13.074,13.876
46054,2022-11-20,4.872,1.866,15.812,295.12,1019.476,13.167,13.3
46054,2022-11-27,4.561,1.733,14.617,279.552,1019.205,14.451,14.33
46054,2022-12-04,6.47,2.036,12.618,297.872,1015.682,13.575,14.845
46054,2022-12-11,5.623,1.74,12.109,294.961,1018.846,13.536,15.603
46054,2022-12-18,3.986,1.874,12.715,294.173,1016.917,12.797,14.154
46054,2022-12-25,6.441,1.446,12.244,279.438,1020.941,13.51,13.69
46054,2023-01-01,5.444,2.752,13.134,283.702,1014.853,13.591,14.002
46054,2023-01-08,7.079,3.794,14.504,285.03,1016.772,13.364,13.84
46054,2023-01-15,5.165,3.687,14.93,282.426,1016.448,13.853,13.73
46054,2023-01-22,7.735,2.89,13.582,288.251,1017.695,12.103,13.459
46054,2023-01-29,5.57,2.254,14.973,288.235,1020.248,12.463,13.277
46054,2023-02-05,4.269,1.77,14.219,287.521,1020.092,12.385,13.05
46054,2023-02-12,6.635,2.787,13.126,291.307,1020.334,12.424,13.304
46054,2023-02-19,5.286,2.815,14.026,296.191,1016.974,11.605,12.468
46054,2023-02-26,6.783,2.904,11.56,295.812,1012.939,10.251,12.144
46054,2023-03-05,7.202,2.683,12.508,297.364,1015.966,10.805,12.061
46054,2023-03-12,5.549,2.061,11.072,276.869,1018.85,11.276,12.229
46054,2023-03-19,5.42,1.598,10.594,261.824,1015.713,11.901,12.681
46054,2023-03-26,8.78,2.798,9.976,273.678,1017.277,11.163,12.236
46054,2023-04-02,6.985,1.826,9.495,298.432,1018.032,10.978,11.917
46054,2023-04-09,8.727,1.815,8.741,297.845,1018.54,10.388,10.584
46054,2023-04-16,9.61,2.19,10.25,304.673,1014.978,10.631,11.336
46054,2023-04-23,10.979,2.407,10.142,304.155,1015.927,11.287,11.41
46054,2023-04-30,7.82,1.763,12.763,264.36,1013.61,10.379,11.963
46054,2023-05-07,5.067,2.18,12.781,293.782,1014.495,12.264,12.304
46054,2023-05-14,8.566,1.781,10.536,287.099,1015.257,12.511,12.57
46054,2023-05-21,6.269,1.74,13.013,255.343,1015.666,12.443,13.568
46054,2023-05-28,6.795,1.457,11.64,282.704,1013.891,13.041,14.12
46054,2023-06-04,6.893,1.687,11.373,281.448,1013.961,13.546,14.51
46054,2023-06-11,4.232,1.221,13.405,254.92,1013.593,14.844,15.819
46054,2023-06-18,4.268,1.273,11.037,293.245,1014.674,15.154,15.938
46054,2023-06-25,9.28,1.694,8.192,307.301,1015.843,13.895,13.965
46054,2023-07-02,8.406,1.616,7.998,306.889,1012.771,12.846,13.307
46054,2023-07-09,9.494,1.635,9.452,288.081,1012.615,13.603,13.691
46054,2023-07-16,8.247,1.608,7.41,302.848,1012.899,12.729,13.358
46054,2023-07-23,6.802,1.586,8.395,310.657,1012.942,13.983,15.257
46054,2023-07-30,9.153,1.848,7.635,305.548,1013.214,15.009,15.442
46054,2023-08-06,11.898,2.044,7.313,314.976,1014.075,14.365,16.051
46054,2023-08-13,4.755,1.183,11.325,261.372,1014.721,16.457,17.395
46054,2023-08-20,6.013,1.111,12.05,271.479,1011.125,16.729,17.06
46054,2023-08-27,7.041,1.244,9.994,284.511,1012.698,17.378,17.15
46054,2023-09-03,6.769,1.905,10.744,287.752,1011.145,16.984,17.302
46054,2023-09-10,7.788,1.446,12.949,244.646,1013.785,17.001,18.146
46054,2023-09-17,7.246,1.497,9.723,292.06,1013.889,16.201,16.298
46054,2023-09-24,5.632,1.692,11.736,288.075,1014.121,16.94,17.058
46054,2023-10-01,8.228,2.234,11.779,294.444,1012.781,16.312,16.434
46054,2023-10-08,5.204,1.473,12.094,295.997,1012.51,17.2,17.604
46054,2023-10-15,8.262,1.917,11.332,287.711,1010.792,15.911,16.263
46054,2023-10-22,7.715,2.438,15.779,301.755,1012.563,15.414,16.673
46054,2023-10-29,8.657,1.813,9.483,303.864,1013.657,15.268,15.415
46054,2023-11-05,3.797,1.109,12.779,254.793,1016.626,16.187,15.853
46054,2023-11-12,6.348,2.172,12.09,293.982,1016.551,15.836,15.487
46054,2023-11-19,6.291,1.875,11.893,272.964,1014.587,16.335,16.282
46054,2023-11-26,4.776,2.197,13.47,302.198,1016.813,16.113,16.303
46054,2023-12-03,6.627,2.139,12.372,296.204,1017.933,15.556,15.855
46054,2023-12-10,6.507,2.842,14.595,302.582,1019.521,15.427,15.658
46054,2023-12-17,3.724,1.495,11.276,288.796,1016.14,15.588,15.48
46054,2023-12-24,6.049,2.278,11.65,282.238,1012.844,15.725,16.271
46054,2023-12-31,4.511,3.8,15.883,296.821,1019.609,15.161,16.289
46054,2024-01-07,7.558,3.182,14.815,294.018,1019.932,14.336,15.484
46054,2024-01-14,9.755,2.382,13.075,307.146,1019.903,12.747,13.445
46054,2024-01-21,5.236,1.782,12.766,280.134,1015.376,13.243,13.446
46054,2024-01-28,4.955,2.01,13.004,275.899,1017.348,14.248,13.835
46054,2024-02-04,5.723,2.755,12.891,274.496,1013.285,14.319,14.858
46054,2024-02-11,6.725,2.785,13.388,295.964,1013.426,13.021,14.223
46054,2024-02-18,4.818,1.838,14.034,286.427,1018.552,13.481,14.126
46054,2024-02-25,4.59,2.607,14.079,286.798,1017.668,14.264,14.547
46054,2024-03-03,5.006,2.318,13.46,300.59,1016.695,13.968,14.74
46054,2024-03-10,7.646,2.094,11.899,301.083,1016.889,13.284,13.984
46054,2024-03-17,6.151,2.815,14.848,300.119,1015.57,13.641,13.772
46054,2024-03-24,5.861,1.771,14.866,287.457,1015.568,13.336,13.507
46054,2024-03-31,7.687,2.686,13.775,297.644,1013.287,12.705,13.25
46054,2024-04-07,7.762,2.327,11.208,302.099,1017.946,12.223,13.081
46054,2024-04-14,6.751,2.214,12.029,301.39,1015.022,12.098,12.429
46054,2024-04-21,5.842,1.738,11.949,264.006,1015.883,12.786,13.202
46054,2024-04-28,8.036,1.901,9.636,304.857,1015.748,13.009,12.82
46054,2024-05-05,10.54,2.55,9.294,306.571,1012.241,11.576,11.917
46054,2024-05-12,7.149,1.993,10.793,297.145,1013.39,11.797,12.082
46054,2024-05-19,5.433,1.362,12.938,288.159,1014.319,12.462,12.594
46054,2024-05-26,7.658,1.97,9.425,311.217,1014.773,12.023,12.071
46054,2024-06-02,8.205,1.944,8.912,312.772,1014.748,11.985,12.171
46054,2024-06-09,4.921,2.104,10.982,299.666,1011.824,13.328,13.532
46054,2024-06-16,8.364,2.338,10.4,301.719,1012.366,13.239,13.329
46054,2024-06-23,10.013,1.975,7.925,309.211,1008.868,12.215,13.221
46054,2024-06-30,7.568,1.665,9.222,305.619,1011.723,13.468,14.116
46054,2024-07-07,6.74,1.805,10.39,284.629,1011.004,13.238,14.118
46054,2024-07-14,6.416,1.432,8.783,282.503,1011.548,13.111,13.696
46054,2024-07-21,9.347,1.585,11.922,274.116,1014.132,13.647,14.21
46054,2024-07-28,8.264,1.619,9.087,312.524,1012.941,13.659,14.573
46054,2024-08-04,9.282,1.431,6.999,301.087,1013.664,13.888,14.177
46054,2024-08-11,7.841,1.68,7.944,299.343,1012.201,,13.804
46054,2024-08-18,10.166,1.674,7.113,310.09,1012.581,,15.542
46054,2024-08-25,9.53,1.558,9.56,296.622,1014.276,,16.341
46054,2024-09-01,7.873,1.353,9.631,295.597,1014.412,,15.929
46054,2024-09-08,9.704,1.703,9.586,303.973,1010.493,,15.066
46054,2024-09-15,8.727,1.703,7.09,303.976,1009.488,,14.892
46054,2024-09-22,6.736,1.541,9.411,299.997,1012.032,,15.232
46054,2024-09-29,5.087,1.752,11.964,303.408,1010.385,,16.191
46054,2024-10-06,4.273,1.564,11.924,292.812,1010.767,,16.629
46054,2024-10-13,6.384,1.736,12.105,293.179,1013.648,,16.805
46054,2024-10-20,5.912,2.212,11.647,298.618,1014.625,,16.487
46054,2024-10-27,5.929,1.533,9.618,290.548,1015.207,,16.004
46054,2024-11-03,9.386,2.595,12.141,302.367,1015.031,,14.863
46054,2024-11-10,6.227,2.101,13.18,303.91,1015.378,,14.773
46054,2024-11-17,9.226,3.022,13.32,299.472,1015.878,,13.665
46054,2024-11-24,5.199,2.287,11.725,295.719,1017.399,,13.442
46054,2024-12-01,3.289,1.11,13.805,250.23,1017.316,,13.817
46054,2024-12-08,5.114,1.662,13.909,286.482,1018.444,,13.795
46054,2024-12-15,4.769,2.509,14.097,297.92,1019.781,,13.888
46054,2024-12-22,4.288,2.609,14.606,293.533,1019.346,,13.359
46054,2024-12-29,8.753,3.95,15.842,291.345,1018.891,,13.172
46054,2025-01-05,6.692,2.446,13.477,293.173,1017.868,,12.863
46054,2025-01-12,6.017,2.291,14.948,291.214,1018.755,,12.679
46054,2025-01-19,4.757,1.936,14.769,295.491,1021.831,,13.161
46054,2025-01-26,3.782,1.779,14.615,293.74,1019.743,,13.391
46054,2025-02-02,6.233,1.199,9.846,297.919,1019.996,,13.084
46054,2025-02-09,7.362,1.977,10.595,272.399,1015.832,,13.188
46054,2025-02-16,8.416,2.698,11.106,290.884,1016.336,,12.405
46054,2025-02-23,8.317,2.443,14.023,293.205,1017.688,,12.273
46054,2025-03-02,7.963,2.865,13.902,291.803,1015.765,,12.456
46054,2025-03-09,6.588,2.478,11.792,295.424,1018.563,,11.313
46054,2025-03-16,5.524,2.551,13.039,296.952,1014.068,,11.661
46054,2025-03-23,8.901,2.719,12.334,301.482,1019.55,,11.379
46054,2025-03-30,5.267,2.525,14.72,294.402,1015.815,,12.351
46054,2025-04-06,7.54,2.02,9.649,292.752,1017.149,,11.619
46054,2025-04-13,9.547,2.406,12.514,296.089,1016.447,,11.079
46054,2025-04-20,4.038,1.389,11.899,283.479,1015.54,,12.209
46054,2025-04-27,5.584,1.484,11.726,284.033,1014.343,,12.448
46054,2025-05-04,8.351,2.15,10.533,296.679,1014.526,,12.715
46054,2025-05-11,5.935,2.029,11.188,297.84,1013.096,,13.716
46054,2025-05-18,8.678,2.082,9.29,306.048,1014.602,,12.46
46054,2025-05-25,11.001,2.563,9.092,305.887,1013.478,,12.967
46054,2025-06-01,7.274,2.051,9.378,294.033,1013.9,,14.027
46054,2025-06-08,4.942,1.695,11.556,283.929,1013.173,,14.654
46054,2025-06-15,10.476,2.017,9.425,297.696,1012.028,,14.16
46054,2025-06-22,12.084,2.671,8.775,313.749,1010.754,,13.456
46054,2025-06-29,7.013,1.815,7.989,301.259,1013.533,,14.654
46054,2025-07-06,7.731,1.664,9.471,291.791,1012.956,,14.379
46054,2025-07-13,7.688,1.621,8.886,298.925,1014.463,,14.13
46054,2025-07-20,5.768,1.483,11.39,266.833,1013.662,,15.555
46054,2025-07-27,7.419,1.033,11.792,240.203,1015.475,,15.243
46054,2025-08-03,9.849,1.531,6.705,310.14,1016.095,,13.516
46054,2025-08-10,9.197,1.837,8.572,299.53,1013.219,,13.871
46054,2025-08-17,9.516,1.705,10.396,268.426,1013.236,,14.051
46054,2025-08-24,9.26,1.741,8.056,306.28,1011.698,,17.915
46054,2025-08-31,6.908,1.26,8.171,285.253,1013.232,,16.589
46054,2025-09-07,8.611,1.489,9.981,275.128,1012.13,,18.33
46054,2025-09-14,8.221,1.552,13.065,275.144,1012.848,,18.385
46054,2025-09-21,6.154,1.585,11.157,287.847,1011.303,,17.465
46054,2025-09-28,5.192,1.599,11.188,303.783,1011.403,,18.437
46054,2025-10-05,6.432,2.136,11.599,294.562,1013.652,,17.97
46054,2025-10-12,6.299,1.586,10.693,294.131,1010.068,,17.34
46054,2025-10-19,5.888,2.142,11.591,298.376,1011.496,,16.427
46054,2025-10-26,8.221,2.479,14.753,304.012,1015.656,,16.398
46054,2025-11-02,9.983,2.508,12.057,301.144,1014.132,,15.865
46054,2025-11-09,5.205,2.625,14.544,295.292,1016.389,,15.838
46054,2025-11-16,4.906,1.991,13.316,289.714,1014.381,,16.482
46054,2025-11-23,5.708,,,,1013.468,,16.362
46054,2025-11-30,3.847,1.909,13.068,291.3,1016.366,,16.386
46054,2025-12-07,3.999,1.812,12.82,289.986,1016.706,,16.844
46054,2025-12-14,3.017,1.694,12.312,296.594,1016.227,,16.854
46054,2025-12-21,8.956,1.902,9.522,298.815,1016.687,,16.041
46054,2025-12-28,6.507,2.412,10.601,264.297,1013.955,,16.055
46054,2026-01-04,3.541,1.294,9.343,276.397,1017.411,,15.296
46054,2026-03-08,3.324,2.039,10.448,305.453,1015.194,,13.77
46054,2026-03-15,6.967,2.219,10.555,294.835,1015.486,,13.888
46054,2026-03-22,3.77,1.207,13.094,247.251,1013.068,,15.024
46054,2026-03-29,5.202,1.683,10.724,293.771,1013.149,,15.965
46054,2026-04-05,4.519,1.28,11.715,277.97,1014.01,,16.021
46054,2026-04-12,7.448,1.495,11.396,275.341,1013.558,,14.601
46054,2026-04-19,7.38,1.736,9.314,301.314,1014.504,,14.421
46054,2026-04-26,3.129,0.664,13.941,213.286,1013.417,,15.439
46059,2017-01-01,8.49,2.855,10.745,82.167,1023.23,11.237,
46059,2017-01-08,6.875,2.518,9.947,91.928,1012.288,11.572,
46059,2017-01-15,7.952,3.143,12.428,281.752,1017.745,11.986,
46059,2017-01-22,10.225,5.254,13.832,281.018,1006.755,12.471,
46059,2017-01-29,6.654,3.961,14.189,295.946,1026.105,11.577,
46059,2017-02-05,7.958,2.884,11.262,260.482,1010.262,12.889,
46059,2017-02-12,6.725,3.018,10.739,262.405,1013.65,12.012,
46059,2017-02-19,8.7,3.568,12.149,276.335,1009.067,12.642,
46059,2017-02-26,6.585,2.834,12.894,300.784,1021.227,10.541,
46059,2017-03-05,6.338,2.403,11.941,318.292,1024.067,10.688,
46059,2017-03-12,5.614,2.087,11.845,287.814,1023.779,13.082,
46059,2017-03-19,7.223,2.087,10.216,272.637,1018.714,13.213,
46059,2017-03-26,7.602,2.792,10.455,269.119,1014.905,12.79,
46059,2017-04-02,6.867,2.877,14.698,287.128,1028.772,12.454,
46059,2017-04-09,7.735,3.515,12.439,281.743,1014.709,12.254,
46059,2017-04-16,7.257,3.033,11.215,265.143,1015.819,11.673,
46059,2017-04-23,5.936,2.814,10.752,255.339,1018.046,13.031,
46059,2017-04-30,5.3,1.977,10.853,270.94,1024.763,12.868,
46059,2017-05-07,6.689,2.043,12.227,242.494,1024.576,12.364,
46059,2017-05-14,7.642,2.434,11.265,214.562,1023.737,12.679,
46059,2017-05-21,8.335,2.189,8.36,,1023.097,13.304,
46059,2017-05-28,6.211,2.422,10.072,,1019.177,14.146,
46059,2017-06-04,5.525,1.541,12.083,,1020.639,16.048,
46059,2017-06-11,5.794,1.772,9.569,,1019.099,16.055,
46059,2017-06-18,7.845,1.947,8.471,,1022.917,16.514,
46059,2017-06-25,7.064,2.996,10.765,,1015.995,17.446,
46059,2017-07-02,5.753,1.704,9.71,,1020.264,17.388,
46059,2017-07-09,5.256,1.69,10.05,,1021.223,17.284,
46059,2017-07-16,7.085,1.924,10.034,,1021.517,17.743,
46059,2017-07-23,6.649,1.61,9.984,,1023.177,18.767,
46059,2017-07-30,7.8,2.388,9.611,,1020.982,19.019,
46059,2017-08-06,3.965,1.638,12.477,,1017.931,19.734,
46059,2017-08-13,4.8,1.143,9.481,,1020.483,19.658,
46059,2017-08-20,4.769,1.561,11.214,,1019.463,20.487,
46059,2017-08-27,7.334,2.282,8.969,,1017.009,20.596,
46059,2017-09-03,4.242,1.385,12.13,,1018.384,21.408,
46059,2017-09-10,4.387,1.694,11.698,,1019.191,22.226,
46059,2017-09-17,5.742,1.482,10.498,,1018.645,22.187,
46059,2017-09-24,6.858,1.861,9.832,,1019.752,22.114,
46059,2017-10-01,6.749,1.537,8.309,,1018.013,22.673,
46059,2017-10-08,6.381,1.971,10.262,,1017.914,23.17,
46059,2017-10-15,7.059,1.851,9.45,,1017.732,23.062,
46059,2017-10-22,6.491,3.65,13.291,304.697,1021.306,17.17,17.889
46059,2017-10-29,6.752,2.939,12.868,215.857,1023.759,16.976,17.707
46059,2017-11-05,6.662,2.222,11.135,247.161,1018.423,15.573,17.409
46059,2017-11-12,7.296,2.749,11.133,278.036,1014.904,15.922,16.934
46059,2017-11-19,6.56,2.585,11.186,310.788,1018.361,14.644,16.616
46059,2017-11-26,8.598,3.097,11.115,266.006,1012.589,16.712,16.524
46059,2017-12-03,6.599,4.077,14.883,309.952,1024.369,14.38,16.125
46059,2017-12-10,7.175,2.27,12.422,246.196,1025.116,14.714,15.729
46059,2017-12-17,5.59,2.547,12.915,253.347,1026.713,14.834,15.513
46059,2017-12-24,5.516,2.054,11.863,291.542,1025.389,13.48,15.063
46059,2017-12-31,5.523,1.938,11.622,274.619,1022.63,14.471,15.021
46059,2018-01-07,5.432,2.364,12.657,290.56,1018.309,14.005,15.005
46059,2018-01-14,7.19,2.854,14.174,289.482,1019.127,14.181,14.65
46059,2018-01-21,9.114,4.919,14.387,286.417,1019.513,14.004,14.841
46059,2018-01-28,7.975,3.499,12.242,291.44,1022.93,13.442,14.178
46059,2018-02-04,5.077,1.675,10.773,261.512,1026.353,13.348,13.939
46059,2018-02-11,6.643,1.64,12.071,227.839,1026.345,12.852,13.833
46059,2018-02-18,8.281,2.578,10.788,270.946,1028.471,11.464,13.651
46059,2018-02-25,8.092,3.193,12.743,295.772,1031.735,11.155,13.394
46059,2018-03-04,8.922,4.076,12.104,325.425,1020.949,10.672,13.195
46059,2018-03-11,7.45,2.57,11.823,254.329,1014.444,13.305,13.133
46059,2018-03-18,7.768,3.012,10.654,290.44,1014.625,11.568,12.957
46059,2018-03-25,8.867,3.491,10.096,239.214,1015.303,11.441,13.13
46059,2018-04-01,6.727,1.709,8.602,144.208,1028.556,11.334,13.332
46059,2018-04-08,6.717,2.472,10.387,247.036,1016.226,13.287,13.66
46059,2018-04-15,8.034,3.465,12.773,281.077,1022.879,12.999,13.388
46059,2018-04-22,6.568,2.595,11.773,301.994,1025.805,11.702,13.04
46059,2018-04-29,5.624,2.492,12.952,275.251,1020.139,12.594,13.368
46059,2018-05-06,5.354,1.664,10.41,184.423,1024.336,12.47,13.582
46059,2018-05-13,7.37,2.317,10.6,199.126,1022.545,13.469,13.951
46059,2018-05-20,2.8,1.474,11.995,269.31,1020.489,13.656,14.115
46059,2018-05-27,4.53,1.692,11.781,262.619,1022.128,14.392,14.527
46059,2018-06-03,7.409,2.183,8.942,172.778,1024.709,13.804,14.149
46059,2018-06-10,5.372,1.867,9.842,300.152,1022.698,14.792,14.692
46059,2018-06-17,8.379,2.438,9.274,192.042,1021.633,14.731,15.027
46059,2018-06-24,5.774,1.584,9.792,166.423,1022.593,14.849,15.261
46059,2018-07-01,8.11,2.101,9.18,138.449,1024.782,15.436,15.756
46059,2018-07-08,6.152,2.161,10.637,123.832,1022.531,16.193,16.245
46059,2018-07-15,7.127,2.158,10.831,87.506,1021.673,16.945,17.223
46059,2018-07-22,9.512,2.596,8.559,24.958,1023.068,16.374,16.779
46059,2018-07-29,4.869,1.521,12.075,96.976,1023.251,16.268,16.831
46059,2018-08-05,5.188,1.226,9.836,292.726,1022.528,16.75,17.263
46059,2018-08-12,3.952,1.45,10.897,235.305,1019.655,18.638,18.54
46059,2018-08-19,6.326,1.846,10.551,183.19,1022.115,18.124,18.708
46059,2018-08-26,7.088,1.926,8.129,180.467,1021.656,18.118,18.499
46059,2018-09-02,5.692,1.664,9.35,268.071,1021.344,18.148,18.405
46059,2018-09-09,5.608,1.698,9.966,97.659,1021.847,18.323,18.503
46059,2018-09-16,4.952,1.725,11.973,261.581,1019.78,18.381,18.87
46059,2018-09-23,6.019,1.462,11.163,179.744,1021.876,18.272,18.97
46059,2018-09-30,5.934,2.229,9.1,76.0,1014.418,18.326,18.813
46059,2018-10-07,7.01,2.198,12.544,268.85,1016.889,18.17,18.931
46059,2018-10-14,9.49,2.627,8.395,88.821,1019.095,17.556,18.551
46059,2018-10-21,3.539,1.867,12.87,248.173,1022.266,16.679,18.302
46059,2018-10-28,5.519,2.311,12.201,286.126,1018.749,17.997,18.15
46059,2018-11-04,5.589,1.942,11.004,298.801,1028.473,17.712,18.169
46059,2018-11-11,8.245,2.29,9.542,152.869,1025.242,16.385,18.006
46059,2018-11-18,3.779,1.95,12.335,240.56,1022.919,16.451,17.598
46059,2018-11-25,7.477,2.624,10.939,272.351,1015.586,17.007,17.517
46059,2018-12-02,8.818,3.971,12.738,290.874,1016.074,15.848,17.051
46059,2018-12-09,6.672,3.023,12.114,236.012,1014.273,15.49,16.471
46059,2018-12-16,7.923,4.13,13.451,291.126,1019.765,15.149,16.036
46059,2018-12-23,6.951,4.569,14.9,295.767,1021.098,15.234,15.381
46059,2018-12-30,6.766,2.78,12.867,303.042,1029.439,13.871,15.191
46059,2019-01-06,7.887,3.101,12.477,261.711,1017.273,13.266,14.936
46059,2019-01-13,10.162,4.68,11.785,256.625,1005.912,14.215,14.799
46059,2019-01-20,8.133,4.341,13.483,275.62,1009.961,13.965,14.507
46059,2019-01-27,4.405,2.247,12.683,294.347,1030.406,12.988,14.059
46059,2019-02-03,7.192,3.055,12.88,293.138,1011.261,12.409,13.749
46059,2019-02-10,8.702,3.873,13.638,315.863,1019.511,10.644,12.961
46059,2019-02-17,10.069,4.513,12.579,301.988,1014.013,10.857,12.765
46059,2019-02-24,8.054,2.687,11.585,323.732,1026.813,10.826,12.169
46059,2019-03-03,7.458,2.658,10.95,180.327,1013.957,10.623,11.881
46059,2019-03-10,8.423,2.905,11.462,204.06,1015.616,9.981,11.624
46059,2019-03-17,4.527,2.707,14.663,297.803,1026.495,10.952,11.796
46059,2019-03-24,6.352,2.993,14.087,274.423,1015.314,12.265,12.008
46059,2019-03-31,6.983,2.581,12.654,276.078,1018.298,,11.987
46059,2019-04-07,7.36,2.753,14.496,272.524,1014.293,,12.124
46059,2019-04-14,7.282,2.559,12.2,296.69,1029.065,,12.184
46059,2019-04-21,5.258,2.235,11.952,298.619,1023.604,,12.862
46059,2019-04-28,8.058,2.272,8.931,140.862,1025.428,,13.063
46059,2019-05-05,7.261,2.229,10.415,80.601,1021.118,,13.062
46059,2019-05-12,7.115,2.239,9.721,122.923,1019.706,,13.181
46059,2019-05-19,7.946,2.778,12.664,257.006,1012.811,,13.126
46059,2019-05-26,9.585,3.014,9.786,259.851,1022.435,,12.887
46059,2019-06-02,6.776,1.713,11.69,157.494,1023.193,,13.592
46059,2019-06-09,7.301,1.637,8.873,127.124,1025.9,,14.348
46059,2019-06-16,6.83,1.965,9.403,75.649,1021.049,,14.625
46059,2019-06-23,10.203,2.82,8.702,33.924,1025.797,,14.902
46059,2019-06-30,4.889,1.271,8.482,285.129,1021.999,,15.991
46059,2019-07-07,4.594,1.196,15.527,198.03,1024.106,,17.616
46059,2019-07-14,3.631,1.388,13.746,224.922,1019.671,,18.736
46059,2019-07-21,6.382,1.673,12.644,158.274,1022.003,,19.909
46059,2019-07-28,5.959,1.366,9.024,173.804,1024.591,,19.475
46059,2019-08-04,4.954,1.259,8.081,172.317,1021.569,,20.627
46059,2019-08-11,4.431,1.128,12.579,132.587,1019.446,,20.936
46059,2019-08-18,6.272,1.617,11.244,119.593,1022.727,,21.716
46059,2019-08-25,5.606,1.709,10.304,222.22,1018.905,,21.201
46059,2019-09-01,4.3,1.577,9.719,133.815,1016.646,,21.082
46059,2019-09-08,3.606,1.576,12.459,266.833,1020.94,,20.976
46059,2019-09-15,5.076,1.691,10.635,291.268,1021.514,,19.958
46059,2019-09-22,6.69,2.268,10.242,288.631,1020.536,,19.74
46059,2019-09-29,9.344,2.826,9.456,136.131,1022.056,,19.066
46059,2019-10-06,5.249,1.955,10.888,263.701,1023.121,,19.269
46059,2019-10-13,6.896,1.919,9.451,134.91,1021.074,,18.684
46059,2019-10-20,5.861,3.009,12.662,304.417,1020.004,,18.4
46059,2019-10-27,9.365,2.74,9.893,143.251,1026.042,,18.215
46059,2019-11-03,7.684,2.252,9.813,100.81,1023.731,,17.048
46059,2019-11-10,4.12,1.423,9.513,165.22,1022.82,,16.771
46059,2019-11-17,2.38,2.183,13.386,282.054,1022.19,,16.775
46059,2019-11-24,8.338,3.189,12.338,297.601,1022.632,,16.24
46059,2019-12-01,9.085,4.05,12.541,298.601,1012.425,,15.084
46059,2019-12-08,6.763,3.226,11.466,276.713,1010.107,,14.844
46059,2019-12-15,5.955,3.31,13.281,282.655,1022.429,,
46059,2019-12-22,9.546,4.275,13.076,284.53,1014.851,,
46059,2019-12-29,6.911,3.256,13.034,306.623,1019.737,,
46059,2020-01-05,7.465,3.931,14.232,296.407,1029.018,,
46059,2020-01-12,7.06,3.304,11.571,309.47,1029.517,,
46059,2020-01-19,8.037,3.784,11.802,303.768,1019.488,,
46059,2020-01-26,7.303,3.819,14.324,275.228,1017.803,,
46059,2020-02-02,6.93,3.638,13.051,282.295,1028.46,,
46059,2020-02-09,8.222,2.804,12.846,296.5,1032.1,,
46059,2020-02-16,7.805,2.851,12.069,222.85,1028.548,,
46059,2020-02-23,5.882,2.327,12.18,252.377,1025.134,,
46059,2020-03-01,6.944,2.829,12.68,306.637,1031.651,,
46059,2020-03-08,7.801,3.072,11.104,229.72,1023.177,,
46059,2020-03-15,9.964,3.194,10.132,169.839,1020.493,,
46059,2020-03-22,7.97,2.407,9.595,247.892,1018.924,,
46059,2020-03-29,6.864,1.994,11.719,310.083,1023.186,,
46059,2020-04-05,6.741,2.109,10.862,291.548,1021.837,,
46059,2020-04-12,8.804,2.488,10.319,131.619,1023.573,,
46059,2020-04-19,6.462,1.914,10.256,149.369,1024.829,,
46059,2020-04-26,3.809,1.9,13.86,279.28,1026.481,,
46059,2020-05-03,4.974,2.585,11.534,283.018,1022.521,,
46059,2020-05-10,4.647,2.279,11.108,277.256,1022.457,15.126,15.409
46059,2020-05-17,7.47,2.541,11.086,262.625,1012.824,15.002,15.345
46059,2020-05-24,6.655,1.855,11.487,234.539,1023.619,13.858,15.027
46059,2020-05-31,6.447,1.874,12.099,267.113,1020.628,14.628,15.305
46059,2020-06-07,7.758,2.024,10.327,195.53,1022.429,15.036,15.719
46059,2020-06-14,5.35,1.7,10.673,287.661,1022.509,15.688,16.193
46059,2020-06-21,7.255,2.015,9.082,213.851,1023.113,15.786,16.297
46059,2020-06-28,8.587,2.237,8.916,61.839,1020.992,16.363,16.812
46059,2020-07-05,7.714,2.166,11.266,164.575,1023.376,15.875,16.688
46059,2020-07-12,5.288,1.169,11.464,243.828,1023.931,17.139,17.537
46059,2020-07-19,9.699,2.556,8.282,70.881,1021.764,17.45,17.861
46059,2020-07-26,7.072,1.97,8.402,39.565,1019.939,17.339,17.908
46059,2020-08-02,4.824,1.435,9.03,200.633,1018.721,17.994,18.505
46059,2020-08-09,7.331,1.703,8.174,254.545,1023.056,19.035,19.455
46059,2020-08-16,7.789,2.424,9.122,79.131,1017.753,18.884,19.143
46059,2020-08-23,4.781,1.351,11.675,243.024,1018.312,19.869,20.298
46059,2020-08-30,8.54,2.136,8.06,57.101,1019.294,19.412,20.13
46059,2020-09-06,6.293,2.095,9.567,145.048,1018.603,19.362,20.037
46059,2020-09-13,5.343,1.662,10.448,135.649,1014.525,20.172,20.484
46059,2020-09-20,6.357,1.585,9.462,266.94,1015.531,20.559,20.947
46059,2020-09-27,6.116,2.477,11.236,297.411,1020.297,20.583,21.145
46059,2020-10-04,5.467,2.197,12.546,229.589,1018.434,20.165,21.113
46059,2020-10-11,5.978,1.931,10.271,256.381,1017.522,19.462,20.833
46059,2020-10-18,8.376,2.556,9.501,158.583,1024.627,19.459,20.482
46059,2020-10-25,10.406,2.638,8.146,71.073,1023.005,17.68,19.462
46059,2020-11-01,6.782,1.932,9.82,143.321,1023.375,16.052,17.703
46059,2020-11-08,8.08,3.474,13.013,310.395,1020.196,16.615,17.179
46059,2020-11-15,6.26,2.852,10.913,320.684,1022.973,15.672,16.185
46059,2020-11-22,6.623,3.125,12.024,294.423,1019.067,14.988,15.882
46059,2020-11-29,4.853,2.873,13.187,308.798,1026.385,13.84,14.923
46059,2020-12-06,3.884,3.027,14.721,287.94,1025.547,14.314,14.319
46059,2020-12-13,5.212,3.859,13.869,293.19,1023.789,14.73,14.589
46059,2020-12-20,5.028,3.564,13.347,309.317,1026.031,14.69,14.519
46059,2020-12-27,6.975,3.095,11.721,272.637,1019.498,13.395,14.188
46059,2021-01-03,6.516,4.1,15.659,294.719,1022.091,13.764,13.783
46059,2021-01-10,7.384,4.776,15.599,283.964,1019.73,14.114,13.766
46059,2021-01-17,5.946,3.803,14.275,277.339,1024.357,14.608,13.937
46059,2021-01-24,9.167,3.417,12.169,252.228,1023.792,12.875,13.941
46059,2021-01-31,8.522,4.459,12.383,313.199,1011.031,11.62,13.351
46059,2021-02-07,6.625,2.784,12.603,299.783,1024.069,11.286,13.126
46059,2021-02-14,5.39,2.239,12.597,277.363,1019.468,12.607,13.065
46059,2021-02-21,6.139,2.99,13.015,293.376,1028.347,12.496,12.844
46059,2021-02-28,8.32,2.972,12.252,300.246,1033.915,11.817,12.686
46059,2021-03-07,7.073,3.985,13.097,305.376,1016.735,11.408,12.602
46059,2021-03-14,9.288,5.111,14.351,310.293,1018.487,10.63,12.69
46059,2021-03-21,7.057,3.267,10.89,294.048,1022.364,10.732,12.136
46059,2021-03-28,8.167,2.499,9.581,226.754,1028.427,10.914,12.295
46059,2021-04-04,6.574,2.35,11.58,184.163,1023.274,10.902,12.089
46059,2021-04-11,5.307,1.784,10.315,229.679,1026.163,10.74,12.466
46059,2021-04-18,5.501,2.236,12.458,239.422,1022.578,11.776,12.872
46059,2021-12-05,1.724,1.918,12.792,321.0,1027.494,13.07,16.14
46059,2021-12-12,7.274,2.541,10.672,295.096,1021.56,13.883,15.78
46059,2021-12-19,6.911,3.916,13.865,308.247,1016.275,12.347,14.546
46059,2021-12-26,8.932,3.627,11.944,305.518,1010.514,12.748,14.892
46059,2022-01-02,7.934,3.095,11.15,327.44,1018.46,11.442,13.804
46059,2022-01-09,7.332,3.191,11.83,285.198,1018.894,13.664,13.543
46059,2022-01-16,5.878,3.249,13.22,273.737,1025.132,13.157,13.566
46059,2022-01-23,4.63,1.896,12.523,245.713,1025.828,12.418,13.939
46059,2022-01-30,3.325,1.993,13.804,280.601,1022.801,12.474,13.771
46059,2022-02-06,6.954,2.155,11.915,206.364,1031.834,11.046,13.716
46059,2022-02-13,6.267,2.338,12.876,232.509,1027.019,11.588,13.548
46059,2022-02-20,8.571,2.413,13.333,293.357,1029.243,10.918,13.2
46059,2022-02-27,7.51,2.701,12.839,295.247,1025.64,10.563,11.702
46059,2022-03-06,8.434,3.217,12.194,286.192,1025.002,11.292,11.587
46059,2022-03-13,5.935,1.866,11.431,227.235,1027.525,10.506,11.66
46059,2022-03-20,4.622,2.718,13.498,289.179,1024.376,11.812,12.271
46059,2022-03-27,4.193,2.204,12.036,290.44,1020.977,12.373,12.782
46059,2022-04-03,6.283,2.538,12.193,286.548,1022.97,11.79,13.558
46059,2022-04-10,6.616,3.059,11.481,270.543,1028.125,12.106,12.971
46059,2022-04-17,7.766,2.29,9.202,248.886,1020.741,11.614,12.599
46059,2022-04-24,6.762,3.173,12.201,279.247,1017.013,12.627,12.883
46059,2022-05-01,5.765,2.203,11.17,296.648,1024.125,12.668,13.399
46059,2022-05-08,7.844,3.069,12.623,296.104,1022.403,12.286,13.52
46059,2022-05-15,6.369,1.964,9.037,305.236,1024.905,12.93,13.692
46059,2022-05-22,6.227,1.847,8.925,181.031,1027.108,13.217,14.35
46059,2022-05-29,5.474,1.529,12.547,209.677,1020.586,14.113,15.049
46059,2022-06-05,4.965,1.839,13.209,254.204,1016.612,15.42,15.674
46059,2022-06-12,5.493,1.749,9.25,270.163,1018.221,16.264,16.522
46059,2022-06-19,7.274,1.888,8.534,309.446,1022.728,14.615,15.81
46059,2022-06-26,8.347,2.551,9.873,75.749,1022.484,14.989,16.087
46059,2022-07-03,6.045,1.46,12.091,178.196,1022.264,15.736,16.684
46059,2022-07-10,3.973,1.194,9.152,267.164,1018.63,17.093,17.864
46059,2022-07-17,6.715,1.919,10.242,153.527,1021.958,17.425,18.16
46059,2022-07-24,6.363,1.762,12.686,130.619,1022.48,17.538,18.499
46059,2022-07-31,5.771,1.779,8.613,212.772,1018.31,17.486,18.802
46059,2022-08-07,4.752,1.793,9.672,165.665,1017.626,18.313,19.792
46059,2022-08-14,4.843,1.317,9.585,303.811,1020.322,18.21,19.769
46059,2022-08-21,6.091,1.475,8.714,244.259,1019.854,19.581,20.096
46059,2022-08-28,7.544,1.915,9.088,124.497,1020.76,19.809,20.483
46059,2022-09-04,4.15,1.532,10.42,222.423,1017.662,20.118,20.884
46059,2022-09-11,8.767,2.754,9.183,116.086,1016.084,19.765,20.728
46059,2022-09-18,5.423,1.743,11.05,216.423,1015.823,19.301,20.787
46059,2022-09-25,6.811,1.961,12.194,247.401,1018.054,18.787,20.141
46059,2022-10-02,5.322,1.874,11.888,258.659,1018.42,18.717,19.966
46059,2022-10-09,4.29,1.636,13.348,249.565,1020.987,19.068,19.835
46059,2022-10-16,5.767,1.744,9.969,114.0,1018.352,18.507,19.446
46059,2022-10-23,7.145,2.643,11.497,276.958,1020.407,18.331,19.124
46059,2022-10-30,3.843,2.83,12.886,311.03,1024.928,17.187,17.409
46059,2022-11-06,6.219,3.623,12.249,316.97,1021.986,15.991,17.768
46059,2022-11-13,7.247,3.483,11.839,321.542,1019.74,13.857,17.085
46059,2022-11-20,3.095,1.863,13.246,289.355,1025.715,14.874,16.894
46059,2022-11-27,4.149,2.527,14.014,293.935,1025.943,15.086,16.895
46059,2022-12-04,7.742,3.331,12.343,328.292,1016.743,13.535,16.419
46059,2022-12-11,8.626,3.264,11.586,320.131,1017.008,13.28,15.543
46059,2022-12-18,4.573,2.145,11.56,234.389,1021.972,12.174,14.664
46059,2022-12-25,6.251,2.232,12.777,261.431,1020.654,14.703,14.755
46059,2023-01-01,8.073,3.917,12.905,281.749,1012.196,14.98,14.901
46059,2023-01-08,10.023,5.432,13.868,272.637,1003.111,14.199,14.439
46059,2023-01-15,10.577,5.367,13.825,275.415,1001.658,13.655,13.831
46059,2023-01-22,5.588,3.263,13.775,297.186,1024.281,12.19,13.754
46059,2023-01-29,8.633,2.763,13.486,218.31,1030.479,12.146,13.859
46059,2023-02-05,9.298,3.742,11.952,216.151,1018.74,12.177,13.567
46059,2023-02-12,7.157,3.383,12.835,300.667,1029.924,12.23,13.458
46059,2023-02-19,9.15,3.439,13.696,282.482,1025.747,11.042,13.18
46059,2023-02-26,11.976,5.004,11.894,274.994,1020.618,10.233,12.819
46059,2023-03-05,9.268,4.213,12.868,307.759,1018.673,10.331,12.546
46059,2023-03-12,6.635,2.799,11.105,301.192,1014.018,10.671,12.936
46059,2023-03-19,6.598,1.974,9.199,227.893,1015.248,10.927,13.133
46059,2023-03-26,7.459,3.028,10.418,307.275,1023.408,10.431,12.813
46059,2023-04-02,8.337,2.93,9.812,299.437,1018.658,10.692,11.915
46059,2023-04-09,7.249,2.356,9.726,292.464,1021.553,11.608,12.254
46059,2023-04-16,6.399,2.302,11.391,307.367,1022.905,10.981,12.542
46059,2023-04-23,5.073,2.269,11.291,307.927,1025.066,12.181,13.007
46059,2023-04-30,5.771,1.98,11.295,200.102,1021.726,12.07,13.876
46059,2023-05-07,7.47,2.699,11.258,299.572,1017.05,11.698,13.455
46059,2023-05-14,4.523,1.929,12.4,256.043,1020.293,12.273,13.474
46059,2023-05-21,4.808,1.774,14.364,194.048,1020.918,13.944,14.674
46059,2023-05-28,8.688,2.347,8.295,32.79,1023.075,13.041,13.923
46059,2023-06-04,7.264,2.046,9.679,171.812,1023.06,13.595,14.277
46059,2023-06-11,7.391,2.51,11.54,123.198,1018.656,13.855,15.057
46059,2023-06-18,9.357,2.608,8.855,74.951,1023.534,13.962,14.95
46059,2023-06-25,5.58,1.579,8.849,274.578,1023.33,14.32,15.563
46059,2023-07-02,6.471,1.634,10.389,183.789,1022.149,15.568,16.117
46059,2023-07-09,7.768,2.396,10.148,135.696,1020.374,15.467,16.308
46059,2023-07-16,5.398,1.278,11.391,191.708,1022.193,17.087,17.56
46059,2023-07-23,4.667,1.235,7.083,113.024,1023.344,18.715,18.862
46059,2023-07-30,3.585,1.073,9.002,205.137,1022.851,19.798,20.456
46059,2023-08-06,4.108,0.981,12.759,192.359,1023.727,21.238,21.287
46059,2023-08-13,5.641,1.539,9.697,172.012,1020.859,21.249,21.885
46059,2023-08-20,8.073,2.513,8.949,118.584,1016.92,20.41,21.316
46059,2023-08-27,6.479,1.892,11.21,121.642,1018.557,19.521,20.165
46059,2023-09-03,6.488,1.746,10.229,283.289,1020.27,20.157,20.26
46059,2023-09-10,4.223,1.619,14.843,191.623,1020.323,19.765,20.393
46059,2023-09-17,5.242,1.682,11.625,223.333,1020.091,20.075,20.76
46059,2023-09-24,7.64,2.426,11.191,260.03,1019.052,19.373,20.059
46059,2023-10-01,8.194,3.407,11.019,265.594,1019.111,18.642,19.618
46059,2023-10-08,6.805,2.236,10.973,156.0,1019.381,18.146,18.88
46059,2023-10-15,6.778,2.874,11.565,287.012,1012.803,18.249,18.95
46059,2023-10-22,4.51,2.985,14.186,295.327,1015.814,18.242,19.0
46059,2023-10-29,6.132,2.108,9.381,150.97,1021.417,16.626,18.116
46059,2023-11-05,5.397,1.932,11.108,237.647,1018.369,18.055,18.2
46059,2023-11-12,6.37,3.147,12.137,302.521,1022.662,16.181,17.757
46059,2023-11-19,6.589,3.09,11.478,279.939,1009.894,15.978,17.295
46059,2023-11-26,7.712,3.184,13.423,248.006,1025.115,15.187,17.141
46059,2023-12-03,7.738,3.01,12.038,297.97,1019.388,15.691,16.297
46059,2023-12-10,7.765,3.808,13.87,288.587,1022.882,15.517,16.005
46059,2023-12-17,6.81,2.662,11.403,252.777,1014.779,15.473,16.002
46059,2023-12-24,7.947,3.448,12.139,278.596,1013.307,14.271,15.853
46059,2023-12-31,9.671,5.567,14.416,266.539,1011.052,15.017,15.1
46059,2024-01-07,8.107,4.644,14.406,289.079,1024.321,13.664,14.976
46059,2024-01-14,6.708,3.046,13.184,302.127,1024.125,13.58,14.639
46059,2024-01-21,9.163,3.185,11.357,247.042,1007.828,14.793,14.69
46059,2024-01-28,8.303,3.114,12.336,263.39,1015.034,15.257,14.971
46059,2024-02-04,9.79,4.934,13.253,282.185,1005.869,14.297,15.124
46059,2024-02-11,7.029,3.608,13.341,300.407,1019.487,11.917,14.57
46059,2024-02-18,8.099,3.317,12.013,254.188,1012.133,13.917,14.298
46059,2024-02-25,8.327,3.546,13.705,271.44,1013.73,12.775,14.07
46059,2024-03-03,9.829,4.119,12.769,307.091,1016.632,11.108,13.895
46059,2024-03-10,7.737,2.946,11.198,283.0,1019.229,11.833,13.542
46059,2024-03-17,5.54,3.242,14.439,284.202,1021.347,12.267,13.455
46059,2024-03-24,7.333,2.75,13.821,284.771,1016.952,12.259,13.373
46059,2024-03-31,10.044,3.955,12.934,274.801,1015.922,12.037,13.193
46059,2024-04-07,8.6,3.094,10.79,264.21,1025.777,10.885,13.157
46059,2024-04-14,7.449,2.791,11.882,310.084,1022.748,11.476,13.175
46059,2024-04-21,6.523,2.042,11.047,184.479,1025.763,11.823,13.49
46059,2024-04-28,7.357,2.159,9.986,204.596,1023.141,12.258,13.522
46059,2024-05-05,6.878,1.937,8.988,312.964,1023.7,12.573,13.571
46059,2024-05-12,6.672,2.433,10.99,173.454,1022.598,12.527,13.74
46059,2024-05-19,9.113,2.684,10.317,89.006,1023.067,12.655,13.952
46059,2024-05-26,7.397,1.945,7.856,200.536,1025.511,13.009,13.989
46059,2024-06-02,5.184,1.581,10.464,215.958,1025.584,14.505,15.104
46059,2024-06-09,5.4,2.414,11.767,291.042,1020.757,15.811,16.148
46059,2024-06-16,6.851,2.095,10.235,225.957,1024.917,15.265,16.37
46059,2024-06-23,6.279,1.621,9.183,168.843,1019.589,15.484,16.554
46059,2024-06-30,5.017,1.508,11.496,274.0,1021.528,16.098,16.677
46059,2024-07-07,10.428,2.989,9.519,132.917,1023.334,16.406,16.763
46059,2025-05-25,5.404,1.35,11.349,268.102,1021.747,14.058,14.595
46059,2025-06-01,5.363,1.885,10.217,267.759,1023.565,14.797,15.402
46059,2025-06-08,10.552,3.569,9.782,26.003,1022.269,13.959,14.877
46059,2025-06-15,5.664,1.77,9.79,133.476,1022.672,13.909,15.113
46059,2025-06-22,6.225,1.589,11.305,254.039,1024.236,15.056,15.726
46059,2025-06-29,6.979,1.543,8.896,249.789,1023.141,15.482,16.071
46059,2025-07-06,6.212,1.797,11.893,100.287,1022.594,16.295,16.708
46059,2025-07-13,8.425,2.135,8.462,96.42,1023.425,16.805,17.376
46059,2025-07-20,7.032,2.505,9.979,111.771,1020.753,16.846,17.527
46059,2025-07-27,3.171,1.111,13.627,187.815,1019.91,17.033,18.215
46059,2025-08-03,2.996,0.841,12.243,250.366,1024.48,19.812,20.215
46059,2025-08-10,6.982,1.891,11.081,157.036,1022.406,20.2,20.685
46059,2025-08-17,4.234,1.971,11.912,192.887,1019.567,18.555,19.499
46059,2025-08-24,4.473,1.397,10.209,179.357,1020.876,19.89,20.433
46059,2025-08-31,5.794,1.619,11.321,92.095,1019.065,19.878,20.001
46059,2025-09-07,3.419,1.4,13.023,224.741,1017.908,20.228,20.764
46059,2025-09-14,5.437,1.714,11.855,283.6,1017.748,20.212,20.595
46059,2025-09-21,7.16,2.152,10.032,263.469,1018.839,19.598,20.581
46059,2025-09-28,7.0,2.331,11.182,284.051,1018.331,19.326,20.249
46059,2025-10-05,6.263,2.758,11.199,293.564,1017.539,18.912,20.122
46059,2025-10-12,7.622,2.525,9.404,236.659,1016.046,17.954,19.587
46059,2025-10-19,8.244,2.916,12.639,277.254,1020.094,17.064,18.55
46059,2025-10-26,7.445,3.941,14.386,302.015,1019.532,17.237,18.271
46059,2025-11-02,5.551,2.691,13.016,302.634,1024.066,17.055,17.99
46059,2025-11-09,7.139,3.751,12.569,280.057,1014.518,17.224,17.413
46059,2025-11-16,7.053,3.333,11.236,307.602,1013.019,15.574,17.038
46059,2025-11-23,7.753,3.587,12.388,300.767,1021.378,14.692,16.158
46059,2025-11-30,4.891,2.18,13.524,278.176,1022.537,15.64,16.369
46059,2025-12-07,6.206,2.011,13.039,279.461,1026.629,14.537,16.152
46059,2025-12-14,3.358,1.92,12.198,282.932,1023.096,14.438,16.078
46059,2025-12-21,7.706,2.531,10.636,283.625,1017.537,15.836,16.098
46059,2025-12-28,7.276,3.455,11.307,316.746,1011.74,12.6,16.016
46059,2026-01-04,4.534,1.376,9.955,205.826,1023.274,12.889,15.795
46059,2026-03-08,9.85,2.461,8.01,111.323,1029.307,11.653,13.612
46059,2026-03-15,4.088,2.061,11.801,293.542,1028.079,11.839,13.79
46059,2026-03-22,4.621,1.678,12.018,227.717,1023.278,12.652,14.539
46059,2026-03-29,7.202,2.282,10.373,236.816,1022.884,12.587,14.026
46059,2026-04-05,6.28,2.1,9.65,190.09,1019.213,12.535,14.096
46059,2026-04-12,6.41,2.114,12.498,255.969,1014.186,13.117,14.35
46059,2026-04-19,5.656,1.693,9.802,279.53,1021.961,12.657,14.191
46059,2026-04-26,3.182,3.082,11.915,298.127,1007.591,11.657,14.466
46069,2017-01-01,9.204,2.76,11.954,304.667,1013.179,11.883,13.608
46069,2017-01-08,5.412,1.469,11.574,282.917,1018.46,13.352,13.915
46069,2017-01-15,6.392,2.189,10.734,285.024,1017.263,13.68,14.201
46069,2017-01-22,5.983,3.419,15.113,284.263,1014.54,13.189,13.993
46069,2017-01-29,5.904,3.339,14.726,289.75,1023.263,12.624,13.649
46069,2017-02-05,3.638,1.904,13.106,274.042,1018.73,13.48,13.991
46069,2017-02-12,5.421,1.962,12.634,276.625,1018.188,14.283,14.407
46069,2017-02-19,7.049,2.645,13.541,276.587,1012.11,13.238,13.72
46069,2017-02-26,7.72,2.495,12.514,287.274,1020.658,12.296,13.401
46069,2017-03-05,6.595,1.855,13.351,280.363,1017.674,12.552,13.185
46069,2017-03-12,7.923,2.233,11.269,293.509,1018.619,13.275,13.413
46069,2017-03-19,4.392,1.366,11.273,271.247,1017.682,12.156,14.013
46069,2017-03-26,7.078,1.97,12.488,280.071,1019.251,13.593,13.996
46069,2017-04-02,10.395,3.154,12.946,295.842,1015.416,12.958,12.948
46069,2017-04-09,5.632,2.579,13.933,284.375,1016.165,12.877,13.44
46069,2017-04-16,7.484,2.45,12.378,298.102,1016.64,13.061,13.058
46069,2017-04-23,8.56,2.238,13.212,271.149,1016.447,13.729,13.358
46069,2017-04-30,11.623,2.89,10.087,292.036,1013.962,12.364,11.661
46069,2017-05-07,5.835,2.4,12.267,263.079,1012.557,12.679,13.373
46069,2017-05-14,8.945,2.707,10.961,301.127,1014.655,12.749,13.56
46069,2017-05-21,8.924,2.101,9.141,299.292,1013.66,12.329,12.754
46069,2017-05-28,6.136,1.499,12.263,250.155,1014.348,12.899,13.641
46069,2017-06-04,9.58,2.041,8.57,295.648,1012.139,12.754,13.158
46069,2017-06-11,8.44,1.919,10.382,270.831,1013.586,13.381,14.372
46069,2017-06-18,8.635,2.383,8.809,302.066,1012.643,14.041,14.422
46069,2017-06-25,7.429,2.147,10.96,268.343,1010.801,14.221,15.415
46069,2017-07-02,10.24,2.032,8.012,299.862,1012.88,13.692,14.002
46069,2017-07-09,7.279,1.742,10.415,246.162,1013.665,14.875,16.099
46069,2017-07-16,5.216,1.785,11.093,231.794,1013.909,15.675,17.635
46069,2017-07-23,7.026,2.035,8.578,312.635,1013.305,15.711,18.07
46069,2017-07-30,4.803,1.465,9.158,288.988,1014.653,15.693,17.548
46069,2017-08-06,6.833,1.501,12.183,206.798,1013.417,16.815,18.381
46069,2017-08-13,9.67,1.603,6.85,298.944,1012.784,15.701,16.717
46069,2017-08-20,6.551,1.505,12.634,233.512,1014.059,16.361,17.12
46069,2017-08-27,5.197,1.312,9.791,280.491,1013.293,16.805,18.105
46069,2017-09-03,7.316,1.701,10.072,259.801,1008.707,17.592,17.8
46069,2017-09-10,6.495,1.43,13.362,255.63,1013.461,18.538,18.845
46069,2017-09-17,5.516,1.493,11.591,259.012,1012.685,18.354,19.113
46069,2017-09-24,9.246,2.105,10.103,304.018,1011.79,16.667,17.599
46069,2017-10-01,6.829,1.6,8.439,293.226,1010.893,16.148,16.748
46069,2017-10-08,7.312,2.078,11.523,275.988,1010.572,16.292,16.423
46069,2017-10-15,3.712,2.192,10.855,296.262,1013.237,16.4,16.674
46069,2017-10-22,9.093,2.435,13.985,266.518,1015.864,16.432,16.523
46069,2017-10-29,5.457,2.316,14.263,269.376,1013.336,17.267,16.981
46069,2017-11-05,4.53,1.415,13.246,283.951,1015.107,16.215,17.633
46069,2017-11-12,6.128,1.697,12.196,264.927,1017.416,16.106,17.339
46069,2017-11-19,7.516,1.703,11.536,277.723,1017.529,15.642,15.862
46069,2017-11-26,5.568,1.425,11.974,286.0,1015.7,16.398,16.256
46069,2017-12-03,5.74,3.363,15.613,299.288,1015.698,15.553,16.422
46069,2017-12-10,5.596,1.925,13.612,263.811,1021.216,16.315,15.31
46069,2017-12-17,5.27,2.395,13.808,287.244,1016.165,15.643,15.34
46069,2017-12-24,5.926,1.701,12.055,296.914,1021.32,13.57,14.388
46069,2017-12-31,4.568,1.574,12.774,283.564,1018.999,14.004,14.768
46069,2018-01-07,3.797,1.507,13.435,284.037,1019.573,14.449,15.157
46069,2018-01-14,6.617,2.543,13.777,280.205,1016.299,14.919,14.863
46069,2018-01-21,8.356,3.497,15.345,293.247,1019.439,13.528,14.523
46069,2018-01-28,7.981,2.631,13.673,299.623,1021.575,13.566,13.843
46069,2018-02-04,3.323,1.425,11.468,292.455,1017.052,15.02,14.515
46069,2018-02-11,4.166,1.419,13.306,263.422,1015.716,13.761,14.964
46069,2018-02-18,6.033,1.889,11.444,298.315,1017.333,13.822,14.708
46069,2018-02-25,10.042,2.637,11.436,302.743,1021.413,11.34,13.807
46069,2018-03-04,6.854,2.439,11.801,299.0,1018.738,11.602,13.034
46069,2018-03-11,5.107,1.464,13.423,279.405,1017.018,13.387,13.573
46069,2018-03-18,5.408,1.895,12.364,292.952,1017.126,13.15,14.278
46069,2018-03-25,6.981,1.826,12.181,262.952,1017.254,13.042,14.09
46069,2018-04-01,6.844,1.957,10.474,288.251,1017.586,12.181,13.257
46069,2018-04-08,8.241,1.664,11.171,257.377,1015.393,13.071,13.19
46069,2018-04-15,9.02,2.922,12.364,296.375,1017.801,12.911,12.799
46069,2018-04-22,8.574,2.401,11.775,288.673,1017.812,12.22,12.707
46069,2018-04-29,7.951,2.127,12.552,286.185,1016.19,12.229,12.911
46069,2018-05-06,9.026,2.073,8.316,301.862,1016.862,12.109,12.622
46069,2018-05-13,8.098,2.418,9.351,305.084,1014.195,12.68,12.907
46069,2018-05-20,8.77,1.834,10.168,277.429,1015.322,13.239,13.878
46069,2018-05-27,7.356,1.978,12.155,254.204,1015.864,12.916,13.501
46069,2018-06-03,6.923,2.034,9.48,303.958,1013.537,12.933,13.682
46069,2018-06-10,10.574,2.603,9.041,305.994,1013.174,12.999,13.184
46069,2018-06-17,7.039,2.404,10.085,295.929,1010.349,12.845,13.366
46069,2018-06-24,7.611,2.006,9.975,289.054,1013.495,13.688,15.014
46069,2018-07-01,6.499,2.013,10.342,280.601,1014.33,14.671,15.929
46069,2018-07-08,6.054,2.033,10.405,270.06,1013.92,16.409,17.46
46069,2018-07-15,7.311,1.806,9.373,284.726,1014.24,16.658,18.209
46069,2018-07-22,5.723,1.405,9.242,297.429,1015.374,16.093,17.512
46069,2018-07-29,8.811,2.116,10.111,277.75,1013.677,15.628,16.838
46069,2018-08-05,7.01,1.754,8.102,303.595,1012.839,15.319,17.466
46069,2018-08-12,5.838,1.766,9.281,239.731,1012.449,16.647,17.334
46069,2018-08-19,6.885,1.577,13.964,201.476,1014.767,17.136,18.419
46069,2018-08-26,8.017,1.46,9.479,287.69,1014.6,17.122,19.296
46069,2018-09-02,10.076,1.965,7.887,302.994,1013.131,16.816,17.588
46069,2018-09-09,5.216,1.612,9.877,258.22,1013.027,16.502,18.186
46069,2018-09-16,8.987,2.304,10.249,269.168,1011.263,16.088,16.422
46069,2018-09-23,7.642,1.845,9.666,281.269,1011.947,15.589,16.588
46069,2018-09-30,6.398,1.39,11.127,237.156,1012.558,15.579,16.785
46069,2018-10-07,7.24,1.966,11.756,240.75,1011.489,17.372,18.065
46069,2018-10-14,2.936,1.932,13.058,248.712,1010.382,16.979,17.868
46069,2018-10-21,6.462,1.68,14.526,255.119,1015.807,17.717,18.397
46069,2018-10-28,7.804,2.12,12.301,274.671,1014.257,16.469,18.072
46069,2018-11-04,6.911,2.35,10.847,295.551,1015.073,17.517,17.568
46069,2018-11-11,4.682,1.759,10.683,282.381,1014.208,17.073,17.758
46069,2018-11-18,3.751,1.458,13.461,244.257,1019.989,17.019,17.572
46069,2018-11-25,6.226,1.791,12.682,276.637,1017.652,16.553,17.204
46069,2018-12-02,8.949,3.244,13.34,291.449,1015.287,15.829,16.797
46069,2018-12-09,5.164,1.913,13.166,261.339,1017.177,14.943,15.779
46069,2018-12-16,6.159,2.766,13.825,294.349,1019.212,15.172,15.872
46069,2018-12-23,6.71,3.833,15.159,298.176,1019.41,15.416,16.41
46069,2018-12-30,10.244,3.296,12.495,301.97,1017.721,14.026,15.108
46069,2019-01-06,6.048,2.465,12.959,295.258,1017.187,13.362,14.417
46069,2019-01-13,4.921,2.796,12.902,271.667,1018.565,13.545,14.736
46069,2019-01-20,6.455,3.074,15.314,275.681,1018.63,14.505,14.581
46069,2019-01-27,5.401,2.101,12.467,293.095,1021.705,14.658,14.582
46069,2019-02-03,6.849,2.296,13.349,277.677,1012.386,14.045,14.494
46069,2019-02-10,6.551,2.483,14.462,293.571,1016.914,12.337,14.212
46069,2019-02-17,8.111,2.954,13.629,277.719,1016.805,12.672,14.013
46069,2019-02-24,9.318,2.481,12.161,299.677,1017.381,11.56,13.398
46069,2019-03-03,5.422,1.502,12.521,287.292,1018.146,13.367,14.192
46069,2019-03-10,6.019,1.63,11.02,271.539,1016.289,12.817,14.216
46069,2019-03-17,7.922,2.756,13.86,291.822,1016.045,13.398,13.673
46069,2019-03-24,5.285,2.451,14.863,278.298,1018.373,13.273,13.89
46069,2019-03-31,6.92,2.263,12.628,285.958,1019.41,14.01,14.171
46069,2019-04-07,5.552,1.658,15.256,268.405,1016.91,14.045,14.479
46069,2019-04-14,11.083,3.192,11.592,304.476,1016.533,13.32,13.463
46069,2019-04-21,7.687,2.148,12.776,301.196,1016.072,12.961,13.88
46069,2019-04-28,4.418,1.503,10.438,281.78,1014.789,12.974,13.979
46069,2019-05-05,4.955,1.308,13.724,235.47,1013.659,13.7,14.843
46069,2019-05-12,5.086,1.322,13.286,226.929,1013.345,14.339,15.195
46069,2019-05-19,7.518,1.968,14.716,233.149,1014.799,14.177,14.795
46069,2019-05-26,7.843,2.838,12.407,286.774,1012.904,13.806,13.765
46069,2019-06-02,7.763,1.861,11.533,261.988,1013.063,13.15,13.605
46069,2019-06-09,4.985,1.773,11.618,260.652,1014.218,13.92,14.163
46069,2019-06-16,6.534,1.334,12.001,226.108,1015.211,14.504,15.16
46069,2019-06-23,2.824,1.558,12.976,265.531,1014.482,15.316,16.521
46069,2019-06-30,6.908,1.657,8.664,287.968,1015.641,15.267,16.689
46069,2019-07-07,9.859,2.095,11.019,255.455,1015.562,14.168,14.939
46069,2019-07-14,7.911,1.811,12.788,242.743,1015.614,14.104,14.722
46069,2019-07-21,6.393,1.686,12.855,245.613,1014.189,15.433,15.734
46069,2019-07-28,8.044,1.601,10.864,252.226,1015.469,15.268,16.654
46069,2019-08-04,9.892,1.947,7.975,297.572,1014.89,14.828,15.851
46069,2019-08-11,9.805,1.684,9.745,259.816,1014.694,15.305,15.902
46069,2019-08-18,4.389,1.358,11.757,246.744,1014.536,15.492,16.465
46069,2019-08-25,7.145,1.718,9.696,285.613,1012.957,16.154,16.543
46069,2019-09-01,8.266,1.381,9.156,283.244,1013.679,16.674,17.806
46069,2019-09-08,8.708,1.828,11.093,279.988,1014.215,17.189,18.054
46069,2019-09-15,7.025,1.807,11.776,257.253,1013.483,17.394,18.418
46069,2019-09-22,7.997,1.826,9.808,297.428,1012.902,17.388,18.111
46069,2019-09-29,5.907,2.134,10.535,303.054,1012.34,17.18,17.891
46069,2019-10-06,7.319,1.979,9.683,290.125,1014.62,16.018,16.684
46069,2019-10-13,5.248,1.465,11.542,258.298,1012.749,16.169,17.201
46069,2019-10-20,10.23,2.36,11.807,291.789,1013.776,15.212,15.49
46069,2019-10-27,4.681,1.722,11.122,285.491,1013.693,17.275,16.036
46069,2019-11-03,5.241,1.507,13.005,255.957,1016.973,15.668,15.568
46069,2019-11-10,6.943,1.285,8.794,284.655,1016.993,14.688,16.844
46069,2019-11-17,4.893,1.74,13.5,276.126,1017.503,15.568,17.143
46069,2019-11-24,4.615,2.462,12.694,297.339,1013.226,16.046,16.43
46069,2019-12-01,7.184,2.673,12.4,287.5,1011.328,13.71,15.614
46069,2019-12-08,4.346,1.987,12.685,267.274,1017.848,15.054,15.194
46069,2019-12-15,8.864,2.483,13.434,287.479,1020.879,14.572,15.387
46069,2019-12-22,5.991,2.449,13.925,298.313,1020.294,14.375,14.633
46069,2019-12-29,6.661,2.527,13.841,304.555,1014.417,13.067,14.525
46069,2020-01-05,6.691,2.679,14.481,286.976,1020.282,13.718,13.894
46069,2020-01-12,9.287,2.799,11.0,304.488,1021.161,14.204,14.209
46069,2020-01-19,7.521,2.344,12.498,302.97,1020.233,12.311,13.94
46069,2020-01-26,6.226,2.742,14.833,292.648,1019.876,14.04,14.391
46069,2020-02-02,9.209,3.008,13.425,295.331,1021.682,14.165,14.615
46069,2020-02-09,7.407,2.916,11.096,305.104,1018.594,12.33,13.912
46069,2020-02-16,5.247,2.122,13.735,298.796,1018.057,13.263,14.546
46069,2020-02-23,6.374,1.911,12.465,293.699,1017.788,13.817,14.593
46069,2020-03-01,5.138,2.1,13.266,285.798,1021.263,14.867,14.841
46069,2020-03-08,4.855,2.254,12.41,302.916,1017.34,12.595,14.444
46069,2020-03-15,4.259,1.697,12.133,250.091,1015.938,14.124,14.712
46069,2020-03-22,4.894,1.409,12.84,245.323,1017.535,12.999,14.767
46069,2020-03-29,7.902,1.791,11.831,292.607,1020.393,13.054,14.769
46069,2020-04-05,10.113,2.303,9.608,281.599,1016.161,,13.973
46069,2020-04-12,4.977,1.671,12.433,246.563,1016.575,,13.959
46069,2020-04-19,6.325,1.435,13.226,247.5,1018.423,,14.33
46069,2020-04-26,9.287,2.371,11.406,296.661,1016.843,,14.377
46069,2020-05-03,10.003,2.404,9.317,298.339,1016.147,,13.787
46069,2020-05-10,6.8,2.256,9.946,295.099,1014.316,,13.729
46069,2020-05-17,8.494,2.034,11.917,261.915,1015.951,,14.118
46069,2020-05-24,8.201,2.402,10.632,296.756,1015.514,,13.927
46069,2020-05-31,3.73,1.61,12.848,271.482,1014.428,,14.781
46069,2020-06-07,7.775,1.893,11.819,261.589,1013.433,13.977,14.642
46069,2020-06-14,8.377,2.081,9.127,285.578,1016.37,13.911,14.042
46069,2020-06-21,5.632,1.905,10.01,287.156,1014.893,14.362,14.896
46069,2020-06-28,5.348,1.454,10.927,272.566,1013.292,14.762,16.314
46069,2020-07-05,5.471,2.096,12.623,269.868,1014.151,16.272,17.921
46069,2020-07-12,9.023,2.211,8.716,294.149,1013.675,14.797,16.075
46069,2020-07-19,5.916,1.431,9.204,299.62,1015.084,16.121,18.246
46069,2020-07-26,7.715,1.448,8.661,293.198,1013.906,15.408,16.486
46069,2020-08-02,9.118,1.559,7.819,288.293,1014.323,14.906,16.366
46069,2020-08-09,8.35,1.716,7.918,305.485,1015.119,15.26,15.218
46069,2020-08-16,5.256,1.376,11.05,272.929,1012.803,16.998,18.065
46069,2020-08-23,5.16,1.619,10.283,259.398,1010.979,18.529,19.369
46069,2020-08-30,6.514,1.708,8.52,299.125,1011.198,17.256,18.889
46069,2020-09-06,7.064,1.627,9.216,299.884,1013.605,17.18,19.078
46069,2020-09-13,5.809,1.385,12.824,220.371,1011.745,17.461,18.817
46069,2020-09-20,8.901,1.615,9.38,256.019,1014.299,16.57,18.755
46069,2020-09-27,5.758,1.946,12.362,278.638,1014.463,16.444,18.333
46069,2020-10-04,4.62,1.707,13.17,273.054,1013.031,17.82,18.673
46069,2020-10-11,5.768,1.464,11.479,263.738,1015.071,16.082,18.235
46069,2020-10-18,4.184,1.842,10.608,300.768,1014.45,17.997,18.557
46069,2020-10-25,4.141,1.583,10.523,282.871,1013.733,16.166,18.11
46069,2020-11-01,5.994,1.315,10.587,280.774,1017.157,16.388,17.765
46069,2020-11-08,8.031,2.51,13.633,296.932,1013.832,15.116,16.957
46069,2020-11-15,8.168,2.009,11.219,298.573,1019.216,13.178,15.016
46069,2020-11-22,4.435,1.864,12.721,299.06,1018.074,14.321,14.928
46069,2020-11-29,6.967,2.102,12.104,303.317,1018.755,13.317,14.324
46069,2020-12-06,6.582,2.173,15.369,298.054,1021.379,13.519,14.25
46069,2020-12-13,6.495,2.697,13.608,298.114,1018.717,13.287,13.991
46069,2020-12-20,6.918,2.71,13.88,300.611,1021.777,12.979,14.089
46069,2020-12-27,5.837,1.943,13.484,286.857,1019.632,13.21,14.188
46069,2021-01-03,8.719,3.356,15.569,296.343,1020.126,12.352,13.793
46069,2021-01-10,8.411,3.295,15.622,298.44,1021.043,12.822,13.891
46069,2021-01-17,5.706,2.854,15.388,293.893,1021.075,13.68,13.758
46069,2021-01-24,6.95,2.417,13.791,283.228,1013.302,13.37,13.939
46069,2021-01-31,7.399,3.16,13.112,294.73,1016.49,11.243,13.117
46069,2021-02-07,7.299,2.183,12.308,303.798,1018.829,12.13,13.295
46069,2021-02-14,8.024,1.825,10.936,297.634,1016.749,11.642,13.128
46069,2021-02-21,10.115,2.845,13.571,295.339,1021.354,11.591,12.36
46069,2021-02-28,6.289,2.68,11.735,307.648,1019.716,12.495,12.73
46069,2021-03-07,5.475,2.183,14.351,296.648,1017.918,11.632,12.863
46069,2021-03-14,8.033,2.857,13.67,302.684,1022.19,11.124,12.436
46069,2021-03-21,7.192,2.339,11.821,288.527,1020.73,10.993,12.874
46069,2021-03-28,8.435,2.409,10.403,304.758,1018.062,10.949,12.14
46069,2021-04-04,7.093,1.776,12.027,277.086,1017.18,10.909,
46069,2021-04-11,12.271,2.478,7.784,308.812,1016.953,10.617,
46069,2021-04-18,9.467,2.207,11.59,296.833,1015.293,10.436,
46069,2021-04-25,7.993,1.925,12.636,257.284,1016.82,10.832,
46069,2021-05-02,9.912,2.053,9.373,281.457,1017.233,11.639,
46069,2021-05-09,6.137,2.463,10.859,294.512,1015.087,11.921,
46069,2021-05-16,5.546,1.949,12.093,266.954,1015.811,12.281,
46069,2021-05-23,12.534,3.129,10.336,290.569,1016.262,11.85,
46069,2021-05-30,10.996,2.338,8.579,296.575,1016.532,11.524,
46069,2021-06-06,4.255,1.693,13.017,248.608,1014.665,12.08,
46069,2021-06-13,10.124,2.233,9.364,301.346,1016.309,12.98,
46069,2021-06-20,5.866,2.099,9.86,302.331,1011.243,14.005,
46069,2021-06-27,7.449,1.842,12.236,238.946,1014.043,14.857,
46069,2021-07-04,7.871,2.023,9.758,280.518,1012.458,14.094,
46069,2021-07-11,7.415,2.062,11.07,267.224,1013.57,14.879,
46069,2021-07-18,5.976,1.922,11.829,251.018,1014.685,15.005,
46069,2021-07-25,7.18,1.71,9.857,286.836,1015.99,14.858,
46069,2021-08-01,6.078,1.211,11.839,222.629,1016.063,15.868,
46069,2021-08-08,9.016,1.842,8.763,286.157,1014.835,14.826,
46069,2021-08-15,5.658,1.425,12.672,218.766,1015.709,15.402,
46069,2021-08-22,3.978,1.946,12.432,241.293,1011.611,17.044,
46069,2021-08-29,6.296,1.486,9.393,289.35,1011.587,16.077,
46069,2021-09-05,6.452,1.5,8.835,298.874,1011.983,15.818,
46069,2021-09-12,6.122,1.492,11.854,240.464,1013.809,15.923,
46069,2021-09-19,5.422,1.77,13.931,233.923,1014.717,15.106,
46069,2021-09-26,4.872,1.853,12.938,300.542,1015.971,15.43,
46069,2021-10-03,7.22,2.338,13.053,294.169,1015.018,15.314,
46069,2021-10-10,6.237,1.759,11.664,298.109,1016.552,15.567,
46069,2021-10-17,7.982,2.712,11.529,299.548,1014.99,14.879,
46069,2021-10-24,7.294,2.367,12.641,293.393,1016.8,14.668,
46069,2021-10-31,6.638,2.932,14.11,295.836,1016.317,15.9,
46069,2021-11-07,6.529,2.313,12.582,290.184,1018.24,14.7,
46069,2021-11-14,4.566,1.828,11.813,280.936,1019.486,16.062,
46069,2021-11-21,5.888,1.565,11.646,282.994,1018.742,14.143,
46069,2021-11-28,5.037,1.688,11.712,292.849,1019.415,15.149,
46069,2021-12-05,5.873,1.838,12.496,295.725,1019.63,13.652,
46069,2021-12-12,6.148,1.797,10.241,292.869,1018.339,13.309,
46069,2021-12-19,6.376,2.742,13.671,296.714,1019.918,12.843,
46069,2021-12-26,4.7,1.941,13.173,292.988,1017.737,12.929,
46069,2022-01-02,7.409,2.143,10.612,300.689,1014.582,12.014,
46069,2022-01-09,7.683,2.095,13.069,297.198,1019.822,12.432,
46069,2022-01-16,2.749,2.138,14.122,282.536,1022.965,13.522,
46069,2022-01-23,4.649,1.731,12.917,283.395,1020.1,13.183,
46069,2022-01-30,5.125,1.932,14.695,284.084,1020.261,13.544,
46069,2022-02-06,5.538,2.015,12.589,297.741,1020.489,13.183,
46069,2022-02-13,3.95,1.798,14.387,286.719,1020.665,14.834,
46069,2022-02-20,8.328,2.393,12.498,295.577,1019.009,12.523,
46069,2022-02-27,7.506,2.03,12.847,301.762,1021.562,,
46069,2022-03-06,7.448,2.726,13.707,298.06,1018.441,10.979,
46069,2022-03-13,8.137,1.798,11.227,297.479,1021.233,12.34,
46069,2022-03-20,10.83,2.714,13.824,294.178,1019.872,12.114,
46069,2022-03-27,7.64,2.031,12.673,289.841,1017.31,11.385,
46069,2022-04-03,7.732,2.631,11.096,289.993,1014.874,11.566,
46069,2022-04-10,11.712,3.489,11.85,303.711,1013.9,12.203,
46069,2022-04-17,,1.808,9.446,300.105,,,
46069,2022-04-24,8.104,2.366,12.385,287.027,1017.721,,
46069,2022-05-01,11.002,2.89,10.852,300.275,1015.279,,
46069,2022-05-08,9.893,2.846,12.407,296.263,1015.182,,
46069,2022-05-15,10.813,2.483,8.844,301.614,1018.255,,
46069,2022-05-22,8.482,2.487,9.765,296.722,1014.858,,
46069,2022-05-29,4.159,2.007,9.084,300.8,1013.103,,
46069,2022-08-14,10.936,2.135,7.786,307.435,1013.744,15.593,15.75
46069,2022-08-21,7.29,1.711,9.087,284.98,1011.506,15.519,17.315
46069,2022-08-28,6.89,1.686,12.743,229.595,1012.379,15.742,18.055
46069,2022-09-04,7.475,1.672,9.812,265.308,1010.363,17.526,18.054
46069,2022-09-11,4.347,1.834,11.446,213.378,1008.293,20.49,20.333
46069,2022-09-18,8.756,1.786,10.959,247.054,1012.072,17.803,19.133
46069,2022-09-25,5.803,1.463,13.087,250.411,1013.124,18.633,20.629
46069,2022-10-02,8.131,1.792,9.647,296.405,1012.554,16.881,18.399
46069,2022-10-09,7.21,1.705,13.247,272.515,1015.274,16.4,18.965
46069,2022-10-16,5.63,1.251,13.859,219.193,1014.354,16.662,18.925
46069,2022-10-23,6.381,1.878,13.402,277.024,1013.093,17.318,19.059
46069,2022-10-30,9.206,2.454,11.401,299.464,1017.302,15.49,16.443
46069,2022-11-06,9.418,2.453,12.487,309.345,1016.642,14.163,15.469
46069,2022-11-13,6.5,2.105,11.187,298.708,1015.812,13.668,14.924
46069,2022-11-20,6.502,1.787,13.848,287.222,1019.382,14.134,14.243
46069,2022-11-27,4.442,1.855,15.018,261.744,1019.268,14.628,14.464
46069,2022-12-04,5.863,1.887,13.168,295.575,1015.887,13.826,15.025
46069,2022-12-11,5.763,1.788,12.051,295.277,1019.129,13.754,15.292
46069,2022-12-18,4.399,1.988,12.879,292.17,1016.965,13.21,14.587
46069,2022-12-25,6.248,1.567,12.522,286.884,1020.971,13.783,14.24
46069,2023-01-01,5.979,2.837,13.312,286.057,1015.107,13.931,14.461
46069,2023-01-08,6.555,3.907,14.494,285.616,1017.086,13.677,14.048
46069,2023-01-15,4.719,3.823,15.006,284.31,1016.937,14.458,14.317
46069,2023-01-22,7.997,3.138,13.928,296.699,1017.765,12.769,13.863
46069,2023-01-29,6.315,2.506,15.414,291.536,1020.193,13.036,13.631
46069,2023-02-05,4.324,1.905,14.402,292.804,1020.133,12.696,13.42
46069,2023-02-12,6.411,2.93,13.024,299.336,1020.238,12.782,13.146
46069,2023-02-19,5.802,3.0,14.384,301.033,1016.863,11.918,12.794
46069,2023-02-26,7.383,3.054,12.159,292.842,1013.409,10.954,12.589
46069,2023-03-05,7.631,2.675,12.638,303.938,1016.262,11.229,12.202
46069,2023-03-12,4.968,2.04,11.288,287.378,1018.987,11.94,12.399
46069,2023-03-19,5.33,1.578,10.836,265.53,1015.99,12.205,12.993
46069,2023-03-26,9.918,2.925,10.347,281.057,1017.314,11.708,12.574
46069,2023-04-02,7.511,1.936,10.169,298.253,1018.176,11.6,12.106
46069,2023-04-09,9.533,1.971,8.874,306.301,1018.569,11.294,11.757
46069,2023-04-16,9.238,2.317,10.687,304.509,1015.193,11.147,11.954
46069,2023-04-23,10.42,2.582,9.707,305.83,1015.798,11.739,11.751
46069,2023-04-30,7.482,1.883,13.149,253.229,1013.836,11.048,12.461
46069,2023-05-07,5.534,2.048,13.047,291.027,1014.326,12.544,13.123
46069,2023-05-14,8.508,1.961,12.14,260.125,1015.141,12.672,13.125
46069,2023-05-21,5.6,2.071,13.744,223.222,1015.528,12.869,14.625
46069,2023-05-28,6.478,1.752,12.403,266.761,1013.77,13.317,14.643
46069,2023-06-04,6.763,1.746,13.121,244.78,1013.838,13.878,15.728
46069,2023-06-11,3.963,1.423,13.795,232.77,1013.484,14.939,16.421
46069,2023-06-18,4.32,1.456,12.332,260.296,1014.586,15.219,16.208
46069,2023-06-25,9.848,1.829,8.389,296.843,1015.688,14.406,15.055
46069,2023-07-02,8.292,1.705,8.365,296.301,1012.626,13.481,14.934
46069,2023-07-09,9.417,1.865,12.926,229.372,1012.56,13.84,14.651
46069,2023-07-16,7.745,1.638,8.872,281.312,1012.889,13.467,15.526
46069,2023-07-23,6.003,1.581,8.594,303.57,1012.912,14.825,17.336
46069,2023-07-30,8.18,1.728,7.667,309.086,1013.077,16.062,17.65
46069,2023-08-06,10.779,2.212,7.646,309.54,1013.839,15.286,16.738
46069,2023-08-13,4.025,1.431,12.298,209.985,1014.622,16.708,18.274
46069,2023-08-20,5.697,1.36,13.015,231.254,1011.106,17.546,18.686
46069,2023-08-27,6.878,1.446,13.192,230.925,1012.721,18.231,18.961
46069,2023-09-03,6.457,1.853,11.586,263.24,1011.05,17.739,18.186
46069,2023-09-10,7.139,1.698,14.929,184.03,1013.647,17.407,18.144
46069,2023-09-17,7.773,1.707,12.133,233.069,1013.72,17.179,17.846
46069,2023-09-24,6.063,1.515,12.881,260.719,1013.972,17.593,18.443
46069,2023-10-01,8.202,2.299,11.459,296.805,1012.603,16.944,17.534
46069,2023-10-08,5.315,1.59,12.394,281.536,1012.449,16.845,17.262
46069,2023-10-15,8.687,2.227,11.596,270.167,1010.47,16.712,17.395
46069,2023-10-22,7.733,2.542,15.749,292.238,1012.365,16.28,17.471
46069,2023-10-29,9.328,1.992,9.783,279.424,1013.291,16.003,16.895
46069,2023-11-05,4.353,1.201,12.91,232.565,1016.29,16.926,17.31
46069,2023-11-12,7.185,2.31,12.186,298.272,1016.258,16.285,16.953
46069,2023-11-19,5.883,2.125,12.542,268.221,1014.34,16.703,17.281
46069,2023-11-26,6.335,2.451,13.397,304.205,1016.37,16.279,16.366
46069,2023-12-03,7.181,2.316,12.466,297.033,1017.461,15.589,16.104
46069,2023-12-10,7.777,3.143,14.65,306.713,1018.981,15.746,16.314
46069,2023-12-17,3.819,1.571,11.728,288.659,1015.906,15.474,15.858
46069,2023-12-24,5.763,2.265,11.862,283.958,1012.617,15.61,16.188
46069,2023-12-31,4.63,3.898,15.912,288.923,1019.493,15.002,15.968
46069,2024-01-07,8.737,3.515,14.976,299.062,1019.38,14.476,15.421
46069,2024-01-14,10.878,2.889,12.773,304.988,1019.321,13.267,14.425
46069,2024-01-21,5.11,1.874,12.986,280.935,1015.216,13.5,14.236
46069,2024-01-28,5.921,2.341,12.883,281.122,1016.963,14.668,14.817
46069,2024-02-04,6.031,2.89,12.926,277.033,1013.334,14.403,14.944
46069,2024-02-11,7.622,2.989,13.506,291.666,1013.29,13.287,14.482
46069,2024-02-18,4.924,1.943,14.055,286.298,1018.424,13.591,14.457
46069,2024-02-25,4.887,2.643,14.13,283.707,1017.525,14.28,14.754
46069,2024-03-03,4.77,2.347,13.907,294.725,1016.696,13.866,14.534
46069,2024-03-10,8.012,2.299,12.0,299.616,1016.468,13.643,14.596
46069,2024-03-17,7.019,2.846,14.893,297.769,1015.247,13.825,14.182
46069,2024-03-24,6.309,1.859,15.004,285.625,1015.409,13.799,14.402
46069,2024-03-31,8.045,2.542,13.912,298.586,1013.104,13.242,13.819
46069,2024-04-07,8.447,2.3,11.449,304.494,1017.813,12.712,13.775
46069,2024-04-14,6.695,2.019,12.446,290.562,1014.909,12.594,13.33
46069,2024-04-21,6.089,1.688,12.744,246.509,1015.709,12.871,13.639
46069,2024-04-28,8.344,2.055,10.344,285.208,1015.511,13.343,13.652
46069,2024-05-05,9.879,2.705,9.524,301.902,1011.904,12.127,12.659
46069,2024-05-12,7.111,2.155,10.944,289.997,1013.151,12.338,12.692
46069,2024-05-19,6.032,1.45,13.572,264.158,1014.191,12.77,13.568
46069,2024-05-26,8.878,1.93,10.571,287.406,1014.589,12.538,13.448
46069,2024-06-02,8.465,1.916,8.655,300.361,1014.64,12.368,12.985
46069,2024-06-09,4.764,2.013,11.43,288.25,1011.689,13.427,14.158
46069,2024-06-16,7.562,2.409,10.631,296.786,1012.232,13.535,14.193
46069,2024-06-23,9.14,2.146,8.424,303.676,1008.796,12.647,13.066
46069,2024-06-30,7.063,1.814,9.862,290.22,1011.821,13.803,14.55
46069,2024-07-07,6.419,1.888,11.996,258.669,1010.953,13.836,14.791
46069,2024-07-14,6.251,1.541,10.427,256.753,1011.574,13.764,15.324
46069,2024-07-21,8.932,1.763,13.44,247.137,1014.193,14.871,15.929
46069,2024-07-28,8.433,1.863,9.377,296.152,1013.005,14.61,15.878
46069,2024-08-04,8.961,1.52,8.327,276.673,1013.795,14.293,15.897
46069,2024-08-11,7.166,1.713,8.658,278.284,1012.215,14.342,15.759
46069,2024-08-18,9.065,1.76,7.792,304.976,1012.553,15.035,15.751
46069,2024-08-25,8.904,1.554,9.809,285.176,1014.195,15.852,15.804
46069,2024-09-01,7.222,1.314,9.486,285.609,1014.484,15.71,16.629
46069,2024-09-08,8.649,1.673,10.19,299.189,1010.476,16.342,16.179
46069,2024-09-15,8.747,1.792,7.469,306.074,1009.43,15.363,16.061
46069,2024-09-22,7.399,1.459,10.061,285.654,1011.938,15.559,16.611
46069,2024-09-29,4.988,1.637,12.032,304.748,1010.452,15.205,16.332
46069,2024-10-06,4.08,1.704,12.305,289.735,1010.754,16.059,17.219
46069,2024-10-13,6.109,1.735,12.696,287.4,1013.645,15.921,17.299
46069,2024-10-20,6.172,2.15,12.356,284.782,1014.488,16.501,17.109
46069,2024-10-27,5.817,1.426,12.233,245.679,1015.182,15.961,16.696
46069,2024-11-03,10.108,2.589,12.308,302.994,1014.708,14.796,15.183
46069,2024-11-10,6.057,2.188,13.48,301.461,1015.143,15.185,14.469
46069,2024-11-17,9.42,3.116,13.175,297.792,1015.537,13.548,13.677
46069,2024-11-24,5.626,2.42,11.653,297.952,1017.151,12.69,13.21
46069,2024-12-01,3.177,1.218,14.038,224.009,1017.213,13.134,13.789
46069,2024-12-08,4.988,1.724,14.233,286.045,1018.471,13.871,14.273
46069,2024-12-15,5.255,2.598,14.2,296.696,1019.584,14.161,14.436
46069,2024-12-22,4.329,2.657,14.734,296.83,1019.228,,14.144
46069,2024-12-29,9.514,4.253,16.192,292.526,1018.549,,13.753
46069,2025-01-05,6.603,2.648,13.645,290.857,1017.63,,13.208
46069,2025-01-12,6.25,2.439,14.914,292.31,1018.447,,13.559
46069,2025-01-19,5.434,1.957,14.804,296.402,1021.644,12.34,13.431
46069,2025-01-26,4.829,1.754,14.763,293.786,1019.601,,13.358
46069,2025-02-02,6.823,1.273,9.743,291.035,1019.859,,13.452
46069,2025-02-09,7.01,1.951,11.079,275.598,1015.846,,13.579
46069,2025-02-16,8.585,2.679,10.748,290.42,1016.379,,12.788
46069,2025-02-23,8.051,2.462,13.237,293.612,1017.444,,12.762
46069,2025-03-02,7.954,2.863,13.671,287.943,1015.743,,12.908
46069,2025-03-09,7.814,2.559,11.888,293.238,1018.401,,12.29
46069,2025-03-16,6.422,2.672,13.314,295.577,1014.05,,12.696
46069,2025-03-23,9.277,2.876,12.015,299.991,1019.248,,12.367
46069,2025-03-30,5.588,2.811,14.939,295.185,1015.79,13.9,13.312
46069,2025-04-06,8.09,2.004,11.309,274.628,1017.02,,12.534
46069,2025-04-13,9.276,2.479,13.912,280.061,1016.495,,12.413
46069,2025-04-20,4.048,1.634,12.242,273.353,1015.567,,13.433
46069,2025-04-27,6.263,1.643,12.882,260.093,1014.47,,13.58
46069,2025-05-04,8.485,2.254,13.106,255.618,1014.558,,13.12
46069,2025-05-11,5.701,2.107,12.369,272.27,1013.219,,13.264
46069,2025-05-18,9.645,2.239,9.854,294.982,1014.546,,13.269
46069,2025-05-25,10.392,2.619,9.496,299.586,1013.457,,13.26
46069,2025-06-01,7.171,1.96,9.316,288.78,1013.953,,13.598
46069,2025-06-08,4.776,2.019,11.823,281.299,1013.294,,16.539
46069,2025-06-15,9.911,2.177,9.44,288.455,1012.158,,14.264
46069,2025-06-22,11.297,2.849,9.004,307.274,1010.728,,13.492
46069,2025-06-29,6.724,1.828,8.38,302.227,1013.576,,14.71
46069,2025-07-06,7.279,1.818,10.604,273.946,1013.098,,15.725
46069,2025-07-13,7.526,1.753,9.868,277.473,1014.626,,15.641
46069,2025-07-20,5.267,1.597,13.944,209.194,1013.772,,17.467
46069,2025-07-27,7.638,1.191,13.19,201.518,1015.589,,16.627
46069,2025-08-03,10.086,1.71,7.013,306.574,1016.307,,15.555
46069,2025-08-10,9.293,1.839,11.139,258.732,1013.357,,15.376
46069,2025-08-17,9.743,1.775,12.095,237.719,1013.349,,16.629
46069,2025-08-24,7.986,1.732,8.461,298.024,1011.878,,17.22
46069,2025-08-31,6.536,1.369,13.562,213.94,1013.497,,17.566
46069,2025-09-07,7.845,1.609,11.652,235.125,1012.424,,18.376
46069,2025-09-14,8.776,1.578,12.635,260.009,1012.928,,18.997
46069,2025-09-21,6.242,1.576,11.891,261.167,1011.457,,18.863
46069,2025-09-28,5.402,1.71,11.129,288.23,1011.605,,18.784
46069,2025-10-05,6.653,2.416,11.534,283.856,1013.689,,18.4
46069,2025-10-12,6.465,1.827,10.702,280.77,1010.028,,18.076
46069,2025-10-19,6.384,2.316,12.505,296.164,1011.569,,17.462
46069,2025-10-26,7.92,2.793,14.722,300.938,1015.753,,17.643
46069,2025-11-02,6.563,2.446,12.394,298.862,1014.412,,16.234
46069,2025-11-09,4.497,2.599,13.818,293.149,1016.273,,16.943
46069,2025-11-16,4.801,2.069,13.346,274.967,1014.616,,16.687
46069,2025-11-23,6.077,2.515,12.095,298.096,1013.457,,16.671
46069,2025-11-30,3.991,1.913,14.589,287.236,1016.428,,16.863
46069,2025-12-07,4.69,1.877,12.698,285.337,1016.733,,16.539
46069,2025-12-14,3.391,1.673,12.199,293.098,1016.328,,16.271
46069,2025-12-21,8.701,1.931,9.088,299.884,1016.596,,15.963
46069,2025-12-28,6.417,2.431,10.573,263.146,1014.267,,15.137
46069,2026-01-04,6.615,1.52,9.62,275.549,1017.049,,14.766
46069,2026-03-08,6.164,1.839,10.604,305.837,1014.709,,14.314
46069,2026-03-15,6.622,2.082,12.557,260.35,1015.425,,14.819
46069,2026-03-22,3.733,1.302,13.725,228.64,1013.222,,15.794
46069,2026-03-29,4.738,1.781,10.832,300.392,1013.305,,15.638
46069,2026-04-05,4.598,1.369,11.616,267.757,1014.033,,16.405
46069,2026-04-12,7.624,1.6,13.453,228.853,1013.694,15.04,15.804
46069,2026-04-19,7.652,1.937,10.07,289.48,1016.637,14.922,16.062
46069,2026-04-26,3.382,0.801,14.261,192.959,1015.647,15.718,16.707
46086,2017-01-01,6.383,1.675,12.729,278.75,1012.967,12.979,15.763
46086,2017-01-08,2.713,0.964,12.791,263.583,1019.205,14.547,15.854
46086,2017-01-15,4.237,1.528,10.642,277.161,1017.624,14.82,16.159
46086,2017-01-22,6.045,2.515,14.982,281.798,1015.549,14.236,15.879
46086,2017-01-29,5.638,2.44,14.747,297.458,1022.797,13.854,15.46
46086,2017-02-05,2.454,1.539,13.203,281.202,1019.147,14.663,15.835
46086,2017-02-12,4.62,1.52,12.299,279.988,1018.548,14.812,15.618
46086,2017-02-19,5.729,2.181,13.67,267.295,1012.604,14.17,15.421
46086,2017-02-26,5.514,2.072,12.429,286.762,1020.702,13.446,15.143
46086,2017-03-05,4.708,1.245,13.419,234.899,1017.359,14.199,15.139
46086,2017-03-12,3.718,1.329,12.527,266.701,1018.341,14.089,15.538
46086,2017-03-19,2.954,0.942,13.776,247.988,1017.683,13.533,16.171
46086,2017-03-26,4.864,1.496,13.266,264.899,1019.368,14.711,15.962
46086,2017-04-02,5.435,2.203,12.885,286.256,1014.692,14.994,15.834
46086,2017-04-09,3.846,1.78,13.845,277.292,1016.223,14.329,16.333
46086,2017-04-16,5.133,1.693,12.095,273.452,1016.349,15.027,16.565
46086,2017-04-23,5.079,1.658,13.817,255.631,1016.015,15.849,17.176
46086,2017-04-30,7.075,2.515,10.005,286.162,1012.26,16.06,17.04
46086,2017-05-07,4.341,1.664,14.353,224.94,1012.95,14.837,17.771
46086,2017-05-14,5.234,1.865,11.202,282.861,1014.613,14.633,16.217
46086,2017-05-21,5.572,1.629,9.306,269.747,1013.556,14.667,16.185
46086,2017-05-28,4.346,1.156,13.106,225.325,1014.558,15.07,16.919
46086,2017-06-04,2.667,1.407,10.876,257.239,1012.521,15.321,17.424
46086,2017-06-11,4.262,1.524,11.374,240.733,1013.754,15.25,17.01
46086,2017-06-18,3.919,1.689,9.083,279.418,1012.933,15.722,17.448
46086,2017-06-25,4.445,1.654,13.366,220.311,1010.887,15.921,17.612
46086,2017-07-02,3.767,1.478,11.397,243.56,1012.944,,17.801
46086,2017-07-09,3.573,1.26,12.385,218.745,1013.879,,18.562
46086,2017-07-16,3.428,1.361,14.187,187.178,1014.218,,19.868
46086,2017-07-23,2.552,1.297,10.856,232.745,1013.518,,22.255
46086,2017-07-30,3.38,0.977,11.181,208.741,1014.822,,21.666
46086,2017-08-06,4.433,1.218,14.682,191.542,1013.685,,19.84
46086,2017-08-13,5.293,1.156,10.366,246.413,1012.823,17.932,20.127
46086,2017-08-20,4.073,1.096,14.104,206.44,1014.336,18.296,20.959
46086,2017-08-27,3.626,0.829,10.94,237.257,1013.471,18.928,21.056
46086,2017-09-03,3.946,1.117,13.821,204.173,1008.81,20.91,21.054
46086,2017-09-10,5.826,1.244,11.658,249.351,1013.332,20.695,21.56
46086,2017-09-17,4.858,1.062,13.4,218.226,1012.853,20.107,21.417
46086,2017-09-24,4.435,1.28,9.598,265.006,1011.861,19.282,21.363
46086,2017-10-01,3.615,1.04,9.666,246.641,1010.928,19.92,21.083
46086,2017-10-08,3.137,1.278,12.785,242.756,1010.678,19.389,20.905
46086,2017-10-15,2.668,1.415,11.592,258.893,1013.446,19.048,21.06
46086,2017-10-22,5.519,1.779,14.112,242.405,1015.276,20.242,21.06
46086,2017-10-29,2.889,1.586,14.41,245.185,1013.174,20.807,21.267
46086,2017-11-05,3.581,1.055,13.91,249.988,1015.477,18.071,20.257
46086,2017-11-12,4.638,1.168,13.258,237.435,1017.352,18.081,19.617
46086,2017-11-19,4.469,1.183,12.415,224.398,1017.111,18.308,18.778
46086,2017-11-26,2.474,0.975,12.443,255.802,1015.698,18.228,18.726
46086,2017-12-03,3.447,1.725,14.527,280.667,1015.884,17.602,18.007
46086,2017-12-10,3.948,1.188,14.244,242.81,1020.234,19.732,17.792
46086,2017-12-17,2.87,1.649,13.972,266.875,1015.827,17.451,17.552
46086,2017-12-24,4.049,1.177,12.699,263.839,1020.86,15.978,17.015
46086,2017-12-31,2.563,1.179,13.452,259.179,1019.161,15.64,16.61
46086,2018-01-07,3.036,1.157,13.338,271.202,1019.712,16.166,16.693
46086,2018-01-14,4.538,2.062,13.618,271.161,1017.052,16.249,16.663
46086,2018-01-21,4.867,2.845,15.043,281.685,1019.191,15.632,16.653
46086,2018-01-28,4.749,2.061,13.221,286.167,1020.798,15.779,16.266
46086,2018-02-04,2.517,0.946,12.796,256.717,1016.908,16.477,16.58
46086,2018-02-11,2.956,1.101,14.056,244.089,1015.931,15.399,16.932
46086,2018-02-18,4.046,1.23,13.221,268.395,1017.384,15.848,16.91
46086,2018-02-25,6.752,1.964,10.717,290.667,1021.054,13.102,16.191
46086,2018-03-04,4.522,1.515,11.934,268.321,1019.358,13.548,16.0
46086,2018-03-11,4.408,1.172,12.738,268.685,1017.126,15.53,16.158
46086,2018-03-18,4.444,1.407,12.12,273.72,1017.698,14.685,16.105
46086,2018-03-25,4.99,1.35,11.497,255.292,1017.517,14.968,15.869
46086,2018-04-01,4.532,1.266,12.287,239.377,1017.502,14.448,16.035
46086,2018-04-08,4.792,1.199,12.104,236.423,1015.314,14.934,16.518
46086,2018-04-15,5.405,2.146,11.612,285.113,1017.235,16.182,16.816
46086,2018-04-22,6.203,1.806,11.704,275.635,1017.72,14.633,16.298
46086,2018-04-29,5.482,1.61,13.142,253.44,1016.282,14.373,16.638
46086,2018-05-06,6.912,1.572,8.367,286.393,1016.7,14.342,15.427
46086,2018-05-13,4.274,1.43,10.68,259.563,1014.598,14.572,16.371
46086,2018-05-20,6.29,1.473,11.161,250.726,1015.377,15.046,16.296
46086,2018-05-27,5.229,1.579,12.68,234.345,1015.766,14.973,16.602
46086,2018-06-03,3.842,1.339,10.819,267.667,1013.501,15.33,17.209
46086,2018-06-10,3.844,1.594,9.638,277.631,1012.871,16.089,18.223
46086,2018-06-17,3.226,1.706,11.948,252.899,1010.486,16.479,19.486
46086,2018-06-24,3.577,1.343,11.946,242.089,1013.676,16.218,18.79
46086,2018-07-01,3.538,1.38,12.505,212.542,1014.416,16.352,18.504
46086,2018-07-08,3.149,1.353,11.998,210.768,1013.676,18.266,18.859
46086,2018-07-15,3.51,1.221,13.334,199.095,1014.258,19.327,20.977
46086,2018-07-22,4.278,0.927,12.749,223.449,1015.216,18.662,20.293
46086,2018-07-29,3.313,1.451,14.342,204.476,1013.517,19.299,20.321
46086,2018-08-05,3.638,1.003,9.542,253.607,1012.818,19.943,21.693
46086,2018-08-12,2.957,1.333,10.022,223.946,1012.396,22.854,23.53
46086,2018-08-19,3.54,1.215,15.005,196.762,1014.843,21.321,23.677
46086,2018-08-26,4.318,1.015,11.814,228.595,1014.515,20.449,22.776
46086,2018-09-02,5.444,1.372,7.26,282.19,1012.573,19.597,20.84
46086,2018-09-09,3.267,1.08,11.441,208.786,1013.09,19.172,20.173
46086,2018-09-16,4.035,1.525,14.924,209.168,1011.165,19.332,20.783
46086,2018-09-23,4.882,1.244,13.273,231.946,1011.91,18.175,20.017
46086,2018-09-30,3.233,0.956,13.607,209.048,1012.657,17.805,19.963
46086,2018-10-07,4.258,1.575,12.543,223.018,1011.784,19.633,20.944
46086,2018-10-14,2.605,1.489,13.624,229.393,1010.731,18.671,19.828
46086,2018-10-21,3.899,1.13,15.203,234.244,1015.266,19.666,19.805
46086,2018-10-28,3.604,1.281,14.618,235.192,1014.423,17.91,19.545
46086,2018-11-04,2.223,1.335,12.854,250.198,1015.22,18.099,19.06
46086,2018-11-11,2.546,0.877,12.974,230.798,1014.188,18.263,19.444
46086,2018-11-18,2.447,1.088,13.898,224.323,1019.709,18.408,18.944
46086,2018-11-25,4.223,1.42,12.707,260.988,1017.667,17.884,19.221
46086,2018-12-02,6.943,2.449,13.102,286.524,1015.32,17.189,18.531
46086,2018-12-09,4.364,1.536,12.836,251.44,1017.394,16.348,17.541
46086,2018-12-16,3.372,1.811,13.661,281.245,1019.234,16.413,17.259
46086,2018-12-23,3.098,2.426,15.029,278.042,1019.594,16.133,17.448
46086,2018-12-30,5.974,2.284,12.542,286.327,1016.894,15.621,17.223
46086,2019-01-06,4.813,1.696,12.856,275.344,1017.221,14.455,16.629
46086,2019-01-13,3.211,2.195,13.075,279.429,1019.513,14.774,16.239
46086,2019-01-20,5.496,2.404,14.623,271.705,1019.854,15.781,16.249
46086,2019-01-27,4.788,1.644,12.173,287.964,1020.85,15.777,15.986
46086,2019-02-03,4.024,1.518,13.052,262.335,1013.708,15.334,16.139
46086,2019-02-10,5.526,1.813,13.391,283.065,1017.517,13.577,15.765
46086,2019-02-17,7.247,2.277,12.385,263.587,1017.664,14.221,15.528
46086,2019-02-24,5.895,1.936,11.232,284.565,1017.022,12.938,15.008
46086,2019-03-03,3.245,1.064,12.985,264.607,1018.99,14.617,15.222
46086,2019-03-10,5.017,1.4,10.64,268.845,1016.828,14.094,15.315
46086,2019-03-17,4.727,2.067,13.588,282.968,1015.154,14.876,15.456
46086,2019-03-24,4.229,1.866,14.988,272.47,1018.736,14.78,15.957
46086,2019-03-31,5.104,1.849,12.983,277.623,1019.092,15.242,15.957
46086,2019-04-07,3.908,1.277,14.764,255.268,1017.185,15.692,16.767
46086,2019-04-14,6.707,2.416,11.555,287.119,1015.385,15.927,16.636
46086,2019-04-21,5.355,1.494,13.126,268.095,1016.317,14.707,16.649
46086,2019-04-28,3.042,1.152,11.43,251.214,1015.261,14.789,17.224
46086,2019-05-05,3.936,1.039,14.44,201.208,1014.092,15.385,17.452
46086,2019-05-12,4.026,1.05,15.122,199.107,1013.705,16.162,18.103
46086,2019-05-19,5.998,1.686,14.247,223.663,1014.334,15.858,17.648
46086,2019-05-26,6.68,2.104,12.88,245.101,1013.37,15.466,16.856
46086,2019-06-02,3.846,1.393,13.025,216.131,1013.437,14.92,16.798
46086,2019-06-09,2.237,1.167,13.478,201.747,1013.566,15.339,17.288
46086,2019-06-16,4.177,1.055,13.626,180.03,1014.514,16.197,17.738
46086,2019-06-23,2.619,1.03,15.723,202.71,1013.988,16.25,17.974
46086,2019-06-30,3.34,1.06,11.671,195.897,1014.886,17.007,19.276
46086,2019-07-07,4.546,1.551,11.844,218.766,1014.604,16.695,19.319
46086,2019-07-14,3.509,1.341,12.924,216.395,1014.76,16.426,17.965
46086,2019-07-21,3.91,1.247,14.696,200.75,1013.42,16.657,17.534
46086,2019-07-28,4.494,1.213,13.008,200.904,1014.516,17.962,18.665
46086,2019-08-04,4.038,1.351,9.313,254.048,1013.943,17.25,19.554
46086,2019-08-11,4.905,1.276,11.168,223.656,1013.679,17.461,20.0
46086,2019-08-18,3.018,1.057,13.072,207.731,1013.945,17.465,19.289
46086,2019-08-25,3.797,1.252,12.755,225.262,1011.951,18.581,19.63
46086,2019-09-01,4.224,1.071,11.883,206.464,1012.765,19.213,20.771
46086,2019-09-08,4.44,1.413,12.205,211.619,1013.199,19.75,21.197
46086,2019-09-15,3.593,1.324,13.585,213.619,1012.675,19.195,21.249
46086,2019-09-22,4.195,1.138,10.828,225.619,1012.137,19.074,20.929
46086,2019-09-29,4.523,1.263,14.02,221.018,1011.814,19.177,20.411
46086,2019-10-06,3.78,1.356,12.283,218.905,1013.681,17.975,20.239
46086,2019-10-13,3.313,0.997,12.35,210.292,1012.035,18.17,20.424
46086,2019-10-20,4.592,1.491,12.723,240.845,1012.291,18.45,19.983
46086,2019-10-27,2.632,1.21,12.814,215.719,1012.677,19.871,19.763
46086,2019-11-03,3.438,1.071,14.02,215.826,1015.881,18.179,19.478
46086,2019-11-10,3.998,0.92,11.051,240.958,1015.913,17.461,19.085
46086,2019-11-17,3.411,1.311,13.785,240.173,1016.535,16.791,18.547
46086,2019-11-24,3.991,1.782,13.043,251.185,1012.422,17.517,18.292
46086,2019-12-01,4.871,1.803,11.794,252.641,1011.735,15.219,17.328
46086,2019-12-08,2.877,1.561,12.894,245.869,1018.214,16.504,17.464
46086,2019-12-15,5.175,1.977,12.948,259.28,1019.469,15.837,17.098
46086,2019-12-22,4.135,1.817,13.234,271.446,1019.509,15.735,16.518
46086,2019-12-29,4.983,1.863,12.451,255.917,1013.623,14.273,16.347
46086,2020-01-05,3.504,1.698,14.798,264.132,1018.961,14.957,15.57
46086,2020-01-12,4.909,1.823,10.269,273.494,1019.613,15.03,16.145
46086,2020-01-19,3.344,1.391,12.648,265.381,1019.361,13.892,15.291
46086,2020-01-26,2.793,1.742,14.878,264.399,1019.119,13.606,15.648
46086,2020-02-02,3.934,2.065,13.46,264.843,1019.746,15.451,15.748
46086,2020-02-09,5.079,1.755,12.239,255.268,1017.013,13.43,15.097
46086,2020-02-16,3.338,1.266,14.065,253.725,1016.994,13.917,
46086,2020-02-23,3.144,1.201,12.882,255.327,1017.353,14.6,
46086,2020-03-01,3.755,1.466,13.83,245.857,1020.387,15.524,
46086,2020-03-08,4.017,1.656,12.86,257.629,1016.191,14.169,
46086,2020-03-15,3.566,1.228,13.064,197.756,1015.976,15.477,
46086,2020-03-22,3.989,1.125,13.977,205.452,1017.467,14.204,
46086,2020-03-29,6.013,1.444,11.059,253.055,1019.697,14.191,
46086,2020-04-05,4.791,1.603,10.441,237.886,1015.288,14.813,
46086,2020-04-12,5.048,1.435,12.449,225.162,1016.276,14.124,
46086,2020-04-19,4.3,1.115,13.83,211.655,1017.647,15.149,
46086,2020-04-26,4.21,1.618,12.781,265.25,1016.048,16.435,
46086,2020-05-03,3.249,1.72,11.159,262.97,1015.017,16.333,
46086,2020-05-10,3.64,1.639,10.902,261.521,1013.339,17.011,
46086,2020-05-17,5.702,1.766,11.426,234.94,1014.678,16.724,
46086,2020-05-24,5.361,1.787,11.442,251.833,1014.551,16.524,
46086,2020-05-31,4.029,1.256,15.049,215.911,1013.822,16.886,
46086,2020-06-07,5.179,1.523,13.002,217.274,1012.57,17.48,
46086,2020-06-14,4.956,1.649,11.922,229.143,1014.628,17.687,
46086,2020-06-21,3.361,1.393,10.734,249.677,1014.166,16.539,
46086,2020-06-28,3.251,1.051,13.389,197.988,1012.457,16.964,
46086,2020-07-05,3.721,1.391,16.543,184.571,1013.396,17.549,
46086,2020-07-12,3.94,1.261,12.113,190.299,1012.637,18.861,
46086,2020-07-19,4.853,1.081,9.453,237.452,1013.988,18.481,
46086,2020-07-26,4.365,1.081,11.139,229.131,1012.888,18.12,
46086,2020-08-02,5.238,1.16,8.703,248.291,1012.97,18.176,
46086,2020-08-09,4.462,1.223,7.949,271.395,1014.051,17.651,
46086,2020-08-16,4.402,1.028,13.245,184.56,1011.897,19.205,
46086,2020-08-23,2.177,1.188,13.318,184.446,1010.228,22.039,
46086,2020-08-30,5.569,1.4,10.051,238.119,1009.685,20.195,
46086,2020-09-06,3.813,1.105,10.714,227.524,1012.329,20.318,
46086,2020-09-13,4.41,1.146,14.534,189.22,1010.362,21.329,
46086,2020-09-20,5.147,1.25,10.683,209.417,1012.734,21.162,
46086,2020-09-27,2.881,1.288,14.112,219.577,1013.553,19.645,
46086,2020-10-04,2.897,1.392,14.154,227.06,1011.878,21.708,
46086,2020-10-11,4.155,1.23,11.909,226.381,1013.98,20.107,
46086,2020-10-18,3.535,1.248,11.747,236.923,1013.498,21.401,
46086,2020-10-25,3.196,1.101,14.602,177.787,1012.936,18.801,
46086,2020-11-01,3.425,0.898,13.239,218.089,1015.888,19.049,
46086,2020-11-08,5.632,1.681,14.019,245.993,1013.17,17.843,
46086,2020-11-15,4.76,1.393,12.059,225.904,1017.952,16.026,
46086,2020-11-22,3.005,1.284,12.774,256.399,1017.244,16.748,
46086,2020-11-29,3.253,1.353,12.084,273.036,1017.427,15.96,
46086,2020-12-06,3.124,1.35,15.728,254.916,1020.11,15.814,
46086,2020-12-13,3.188,1.85,13.539,278.226,1017.726,15.439,
46086,2020-12-20,4.529,1.661,14.036,273.256,1020.152,15.302,
46086,2020-12-27,3.487,1.18,14.546,248.173,1018.628,14.884,
46086,2021-01-03,5.45,2.381,14.877,278.373,1018.882,14.255,
46086,2021-01-10,3.078,2.07,15.084,275.143,1019.694,13.662,
46086,2021-01-17,2.306,1.891,15.605,264.81,1019.609,15.209,
46086,2021-01-24,3.832,1.684,14.023,251.143,1012.628,14.027,
46086,2021-01-31,6.361,2.387,12.422,269.808,1016.866,12.896,
46086,2021-02-07,4.42,1.431,12.423,269.827,1017.66,13.707,
46086,2021-02-14,5.074,1.539,11.531,262.28,1015.342,13.224,
46086,2021-02-21,6.811,2.296,12.149,261.831,1019.886,14.216,
46086,2021-02-28,3.528,1.6,11.957,267.149,1017.377,14.727,
46086,2021-03-07,4.973,1.651,13.961,262.05,1017.428,14.137,
46086,2021-03-14,7.066,2.124,13.865,271.512,1020.872,13.612,
46086,2021-03-21,5.346,1.672,11.855,274.288,1019.939,13.118,14.535
46086,2021-03-28,5.602,1.846,10.518,277.82,1016.57,13.54,14.444
46086,2021-04-04,4.583,1.288,14.228,231.849,1015.517,14.057,15.054
46086,2021-04-11,5.81,1.782,9.139,279.929,1014.502,13.927,15.431
46086,2021-04-18,5.073,1.492,12.088,262.551,1014.022,13.206,15.657
46086,2021-04-25,5.317,1.646,12.82,244.693,1014.92,13.635,16.019
46086,2021-05-02,5.224,1.528,12.385,230.307,1015.332,14.85,16.3
46086,2021-05-09,2.55,1.674,12.797,253.917,1013.922,14.486,16.49
46086,2021-05-16,3.259,1.367,13.843,226.232,1014.782,14.939,16.482
46086,2021-05-23,6.345,2.092,12.518,239.196,1015.59,14.426,15.731
46086,2021-05-30,4.718,1.675,11.035,247.452,1015.186,14.336,15.587
46086,2021-06-06,2.201,1.372,13.974,210.56,1013.703,14.41,16.46
46086,2021-06-13,5.503,1.615,9.73,275.653,1014.822,15.271,16.548
46086,2021-06-20,4.013,1.541,10.845,261.262,1010.241,16.288,17.139
46086,2021-06-27,4.979,1.488,13.764,224.113,1012.784,16.716,18.158
46086,2021-07-04,3.011,1.451,12.123,242.131,1011.202,16.818,18.548
46086,2021-07-11,3.976,1.405,13.915,219.256,1012.605,17.07,18.635
46086,2021-07-18,2.93,1.313,15.139,177.185,1013.519,18.643,20.289
46086,2021-07-25,4.124,1.211,12.608,226.524,1014.711,18.905,21.579
46086,2021-08-01,5.242,1.144,10.686,229.28,1014.534,19.402,21.399
46086,2021-08-08,4.838,1.462,9.658,258.611,1013.34,18.647,20.058
46086,2021-08-15,3.686,1.054,13.87,194.161,1014.393,19.775,21.162
46086,2021-08-22,2.722,1.293,14.83,194.321,1010.536,20.138,21.561
46086,2021-08-29,4.901,0.971,11.907,236.107,1010.127,19.431,21.36
46086,2021-09-05,4.005,0.993,10.41,225.042,1010.53,19.771,21.608
46086,2021-09-12,4.21,1.145,13.489,210.263,1012.305,20.514,22.081
46086,2021-09-19,3.735,1.341,15.77,203.774,1013.451,18.09,21.263
46086,2021-09-26,3.891,1.352,12.812,271.887,1014.531,19.276,21.019
46086,2021-10-03,3.242,1.591,13.304,250.548,1013.49,19.341,20.398
46086,2021-10-10,3.996,1.291,12.478,245.263,1015.307,19.278,21.024
46086,2021-10-17,5.115,1.817,13.924,233.238,1013.356,18.119,19.418
46086,2021-10-24,5.034,1.663,12.781,271.982,1015.668,16.797,19.14
46086,2021-10-31,3.854,1.823,14.675,271.458,1015.312,17.029,18.185
46086,2021-11-07,3.179,1.601,12.923,274.238,1017.083,15.975,18.099
46086,2021-11-14,2.936,1.391,13.294,241.161,1017.856,18.111,18.752
46086,2021-11-21,3.189,1.066,13.041,234.56,1017.417,16.302,18.513
46086,2021-11-28,3.333,1.037,12.341,273.179,1017.698,17.82,18.409
46086,2021-12-05,3.317,1.243,12.907,287.298,1018.408,15.7,17.748
46086,2021-12-12,3.262,1.381,10.953,271.497,1016.606,15.654,17.095
46086,2021-12-19,5.527,2.001,13.274,280.244,1019.092,14.503,16.266
46086,2021-12-26,4.736,1.511,12.108,276.81,1016.894,14.477,15.638
46086,2022-01-02,6.042,1.817,9.527,267.577,1013.985,13.765,15.11
46086,2022-01-09,3.266,1.481,13.152,284.629,1018.432,13.977,15.174
46086,2022-01-16,3.319,1.58,13.994,272.571,1020.938,15.792,15.545
46086,2022-01-23,3.671,1.203,12.898,279.994,1018.334,15.224,15.76
46086,2022-01-30,2.679,1.358,14.744,275.774,1018.764,15.142,15.852
46086,2022-02-06,3.371,1.277,12.798,277.412,1018.979,14.918,15.702
46086,2022-02-13,2.615,1.306,14.567,267.072,1018.435,16.794,16.055
46086,2022-02-20,5.291,1.698,13.087,270.137,1017.717,14.528,15.919
46086,2022-02-27,6.029,1.595,11.817,276.929,1019.696,13.189,15.456
46086,2022-03-06,4.945,2.159,13.303,281.22,1017.14,14.659,15.684
46086,2022-03-13,4.652,1.262,11.642,279.922,1019.38,14.573,15.504
46086,2022-03-20,5.895,2.089,13.396,289.173,1017.525,15.033,16.017
46086,2022-03-27,3.733,1.588,12.681,277.44,1015.871,14.657,16.425
46086,2022-04-03,4.96,1.878,11.276,275.244,1013.614,14.438,16.018
46086,2022-04-10,3.22,1.966,12.241,271.661,1012.581,15.817,16.421
46086,2022-04-17,6.924,2.124,8.824,280.518,1016.344,14.107,15.384
46086,2022-04-24,6.391,1.933,11.155,280.315,1016.119,15.167,16.261
46086,2022-05-01,5.021,2.019,11.091,279.577,1013.509,15.202,16.389
46086,2022-05-08,3.907,2.052,12.904,264.53,1013.607,14.697,15.991
46086,2022-05-15,6.578,2.102,8.62,284.417,1015.859,14.874,15.687
46086,2022-05-22,3.695,1.837,11.423,254.316,1013.338,14.498,16.372
46086,2022-05-29,3.403,1.272,13.397,226.565,1012.988,15.162,16.865
46086,2022-06-05,4.073,1.824,12.776,253.339,1010.966,15.322,17.316
46086,2022-06-12,3.221,1.398,9.431,280.226,1010.977,15.822,17.604
46086,2022-06-19,3.918,1.585,10.664,260.857,1011.127,16.252,17.839
46086,2022-06-26,4.979,1.341,13.213,257.635,1012.222,17.037,19.158
46086,2022-07-03,4.158,1.311,12.761,207.583,1014.815,17.66,20.879
46086,2022-07-10,5.083,1.273,7.478,275.205,1015.125,17.386,19.445
46086,2022-07-17,3.864,1.287,13.96,220.185,1013.086,17.25,18.593
46086,2022-07-24,3.872,1.479,14.586,219.898,1013.44,17.824,19.144
46086,2022-07-31,3.954,1.024,13.788,205.065,1013.341,17.605,20.865
46086,2022-08-07,5.496,1.486,11.504,213.042,1013.632,19.573,21.866
46086,2022-08-14,4.543,1.349,8.049,270.185,1013.327,20.585,22.273
46086,2022-08-21,4.024,1.195,11.259,235.957,1011.112,19.326,21.405
46086,2022-08-28,3.262,1.231,13.849,215.107,1011.983,19.352,21.226
46086,2022-09-04,4.457,1.264,11.29,235.088,1009.574,20.7,21.123
46086,2022-09-11,4.389,1.604,12.464,190.681,1007.914,21.931,21.641
46086,2022-09-18,4.195,1.319,11.363,230.934,1011.668,20.113,21.244
46086,2022-09-25,4.921,1.125,14.927,218.31,1012.68,20.109,20.703
46086,2022-10-02,4.225,1.205,13.087,226.357,1012.066,19.365,20.734
46086,2022-10-09,2.902,1.251,14.256,218.11,1014.999,18.975,20.723
46086,2022-10-16,3.39,0.99,14.777,211.089,1014.157,18.679,20.563
46086,2022-10-23,4.106,1.288,13.792,249.539,1012.636,19.573,20.677
46086,2022-10-30,3.528,1.478,11.622,260.923,1016.593,18.288,20.023
46086,2022-11-06,5.445,1.794,11.035,284.336,1015.999,16.619,18.731
46086,2022-11-13,5.299,1.498,11.704,262.283,1015.812,16.076,17.669
46086,2022-11-20,3.664,1.241,14.268,273.012,1018.351,16.37,17.377
46086,2022-11-27,3.11,1.404,15.243,239.964,1018.735,16.536,17.247
46086,2022-12-04,3.367,1.36,12.747,264.31,1016.373,14.893,16.185
46086,2022-12-11,4.974,1.142,12.518,279.815,1019.319,14.685,16.301
46086,2022-12-18,3.95,1.446,13.314,274.229,1016.658,14.046,15.486
46086,2022-12-25,3.107,0.995,14.405,241.744,1020.317,14.87,15.913
46086,2023-01-01,4.493,2.168,13.216,276.979,1015.265,15.137,15.98
46086,2023-01-08,5.21,3.15,14.173,282.586,1018.091,14.563,15.105
46086,2023-01-15,4.365,3.086,14.817,280.411,1018.325,15.074,15.376
46086,2023-01-22,5.719,2.542,13.59,281.862,1017.501,13.792,15.157
46086,2023-01-29,4.609,1.884,15.684,270.991,1019.344,14.26,15.108
46086,2023-02-05,3.978,1.383,14.617,270.125,1019.387,13.966,15.002
46086,2023-02-12,4.581,2.04,12.633,280.985,1019.3,14.412,15.01
46086,2023-02-19,4.932,2.002,13.916,284.678,1016.318,13.283,14.537
46086,2023-02-26,7.594,2.264,11.359,269.155,1014.611,12.485,14.07
46086,2023-03-05,4.974,1.893,11.913,284.729,1016.609,12.133,13.73
46086,2023-03-12,4.762,1.487,11.986,270.021,1019.258,12.787,13.808
46086,2023-03-19,3.642,1.271,11.608,250.634,1016.585,13.186,14.566
46086,2023-03-26,7.098,2.416,10.009,266.799,1017.299,13.178,14.247
46086,2023-04-02,5.423,1.446,10.426,272.646,1017.945,13.071,13.904
46086,2023-04-09,6.392,1.708,8.256,289.315,1017.648,12.87,13.971
46086,2023-04-16,4.207,1.606,11.492,270.256,1015.049,12.621,14.372
46086,2023-04-23,4.418,1.794,9.33,288.384,1015.016,14.257,15.295
46086,2023-04-30,3.17,1.412,13.664,236.643,1013.53,13.635,15.878
46086,2023-05-07,5.002,1.643,13.047,271.545,1014.679,14.27,16.002
46086,2023-05-14,5.496,1.561,12.901,226.847,1014.961,14.517,15.718
46086,2023-05-21,2.503,1.565,14.618,195.179,1015.362,15.006,16.237
46086,2023-05-28,3.739,1.187,14.924,197.521,1013.654,14.862,16.238
46086,2023-06-04,3.95,1.277,14.388,209.051,1013.71,15.446,16.945
46086,2023-06-11,3.743,1.206,14.716,184.344,1013.641,16.083,17.32
46086,2023-06-18,3.946,1.113,13.823,216.574,1014.495,16.399,17.62
46086,2023-06-25,5.999,1.517,9.035,273.276,1015.205,16.495,18.269
46086,2023-07-02,4.392,1.356,10.004,250.994,1012.423,15.836,17.847
46086,2023-07-09,4.788,1.419,13.539,208.411,1012.203,15.919,17.903
46086,2023-07-16,3.919,1.199,12.096,222.613,1012.62,16.867,18.153
46086,2023-07-23,3.936,0.973,9.526,250.574,1012.795,17.544,19.343
46086,2023-07-30,2.565,1.031,11.251,234.881,1012.885,19.421,20.722
46086,2023-08-06,4.248,1.422,9.056,273.036,1013.378,18.443,19.61
46086,2023-08-13,2.821,1.06,13.553,187.72,1014.543,19.016,20.593
46086,2023-08-20,5.262,1.159,13.401,205.994,1010.456,19.264,20.756
46086,2023-08-27,5.577,1.236,13.248,200.485,1012.467,19.663,20.402
46086,2023-09-03,3.67,1.345,11.644,243.734,1010.919,20.761,21.752
46086,2023-09-10,3.931,1.312,15.083,176.17,1013.209,20.551,21.777
46086,2023-09-17,5.041,1.363,12.587,202.185,1013.372,19.518,21.592
46086,2023-09-24,5.144,1.074,14.053,212.872,1013.772,19.057,21.027
46086,2023-10-01,4.103,1.526,10.812,276.039,1012.382,18.652,20.832
46086,2023-10-08,4.262,1.163,12.97,239.208,1012.106,19.088,20.674
46086,2023-10-15,4.73,1.62,12.63,234.078,1010.007,18.77,20.736
46086,2023-10-22,4.792,1.866,15.646,265.068,1011.774,18.848,20.49
46086,2023-10-29,4.649,1.415,12.509,226.385,1012.789,18.265,19.756
46086,2023-11-05,3.224,0.911,13.892,215.631,1015.619,18.93,19.526
46086,2023-11-12,4.749,1.522,12.232,272.592,1015.246,18.145,18.497
46086,2023-11-19,3.111,1.449,12.825,240.598,1014.898,17.481,18.264
46086,2023-11-26,3.651,1.536,13.227,268.714,1015.754,17.485,17.681
46086,2023-12-03,3.941,1.717,12.34,273.283,1017.09,16.581,17.611
46086,2023-12-10,4.113,2.092,14.432,273.057,1018.262,16.6,17.067
46086,2023-12-17,2.928,1.011,13.051,258.779,1015.605,16.25,17.05
46086,2023-12-24,4.536,1.721,11.603,276.233,1013.275,16.654,17.049
46086,2023-12-31,3.541,2.682,15.946,273.925,1019.668,15.578,16.756
46086,2024-01-07,5.586,2.743,13.79,275.65,1018.658,15.353,17.088
46086,2024-01-14,5.788,2.335,11.657,283.351,1018.449,14.422,15.966
46086,2024-01-21,2.955,1.438,13.235,266.219,1015.625,14.615,15.997
46086,2024-01-28,4.241,1.812,12.253,276.098,1016.77,15.312,15.542
46086,2024-02-04,4.573,2.029,12.977,262.158,1014.494,14.923,15.477
46086,2024-02-11,6.665,2.25,12.499,269.217,1013.777,13.769,14.818
46086,2024-02-18,3.774,1.484,14.155,274.504,1018.628,14.101,14.944
46086,2024-02-25,3.942,2.218,13.875,277.196,1018.019,15.075,15.499
46086,2024-03-03,3.552,1.255,14.136,258.381,1017.296,15.047,15.878
46086,2024-03-10,5.786,1.635,12.233,270.759,1016.5,14.682,15.809
46086,2024-03-17,4.71,1.755,14.6,270.11,1014.763,15.052,15.887
46086,2024-03-24,4.667,1.533,14.291,271.188,1015.409,15.096,16.373
46086,2024-03-31,6.274,2.209,12.714,288.539,1013.641,14.385,15.543
46086,2024-04-07,5.572,1.673,11.213,285.03,1017.568,14.025,15.469
46086,2024-04-14,4.599,1.425,12.117,267.991,1015.16,14.437,15.627
46086,2024-04-21,3.87,1.289,14.078,230.331,1015.657,14.356,15.667
46086,2024-04-28,5.668,1.518,12.379,238.402,1015.284,14.528,15.636
46086,2024-05-05,3.45,1.607,10.207,282.018,1011.631,14.994,16.536
46086,2024-05-12,3.514,1.476,13.234,252.213,1013.047,14.812,16.269
46086,2024-05-19,4.674,1.08,15.218,239.128,1014.138,14.253,15.966
46086,2024-05-26,4.808,1.435,13.073,240.068,1014.427,14.307,16.14
46086,2024-06-02,3.615,1.307,10.601,258.494,1014.525,14.277,16.289
46086,2024-06-09,2.549,1.389,13.152,240.155,1011.652,15.474,17.008
46086,2024-06-16,3.588,1.476,12.97,241.958,1012.071,15.969,17.692
46086,2024-06-23,3.881,1.49,10.282,263.839,1008.415,16.344,18.184
46086,2024-06-30,4.226,1.237,12.796,222.229,1011.699,17.609,19.429
46086,2024-07-07,3.066,1.267,12.966,228.491,1010.911,17.4,19.105
46086,2024-07-14,3.006,1.048,12.504,198.393,1011.383,17.753,20.006
46086,2024-07-21,5.07,1.293,14.428,217.796,1013.919,17.697,19.575
46086,2024-07-28,5.07,1.337,10.853,245.461,1012.679,18.102,20.17
46086,2024-08-04,4.961,1.092,12.575,205.351,1013.495,17.343,20.524
46086,2024-08-11,3.284,1.173,9.643,229.205,1012.05,19.029,21.665
46086,2024-08-18,2.682,1.125,11.287,235.098,1012.334,19.558,21.357
46086,2024-08-25,5.125,1.338,9.521,258.115,1013.702,19.425,20.312
46086,2024-09-01,3.666,0.91,12.042,243.589,1014.439,17.94,19.454
46086,2024-09-08,3.638,1.069,10.831,253.881,1009.823,20.06,20.587
46086,2024-09-15,4.706,1.321,9.067,265.643,1008.715,19.142,20.339
46086,2024-09-22,5.051,1.095,9.635,258.625,1011.694,17.981,19.489
46086,2024-09-29,4.59,1.05,12.415,276.647,1010.269,17.242,19.272
46086,2024-10-06,3.33,1.069,12.618,261.405,1010.82,18.014,19.416
46086,2024-10-13,3.534,1.134,14.568,241.86,1013.54,17.676,19.582
46086,2024-10-20,3.234,1.47,12.993,259.14,1014.275,18.371,19.682
46086,2024-10-27,3.306,0.989,13.891,215.586,1015.005,18.563,19.643
46086,2024-11-03,5.719,1.862,10.805,274.812,1014.049,17.301,18.848
46086,2024-11-10,2.935,1.322,13.498,274.256,1014.609,17.642,18.002
46086,2024-11-17,6.104,2.203,13.102,292.431,1014.677,16.477,17.642
46086,2024-11-24,4.402,1.659,11.519,291.836,1016.752,15.837,16.912
46086,2024-12-01,3.193,1.048,14.3,212.872,1017.015,16.284,16.996
46086,2024-12-08,2.893,1.44,14.691,273.961,1018.323,15.267,16.826
46086,2024-12-15,3.936,1.705,14.026,283.414,1019.181,15.049,15.609
46086,2024-12-22,4.451,1.886,14.274,281.479,1019.034,14.127,15.185
46086,2024-12-29,,3.331,15.81,287.836,1018.018,14.665,15.414
46086,2025-01-05,2.668,1.989,13.762,273.135,1017.535,13.458,15.146
46086,2025-01-12,4.701,1.896,15.069,283.938,1017.139,15.388,15.229
46086,2025-01-19,3.552,1.26,15.051,284.003,1021.433,14.004,14.882
46086,2025-01-26,4.242,1.19,15.048,283.113,1019.353,14.213,14.567
46086,2025-02-02,4.422,0.914,10.991,252.097,1019.675,13.042,14.669
46086,2025-02-09,4.6,1.389,11.87,264.866,1016.528,13.865,14.757
46086,2025-02-16,6.4,1.954,10.7,281.098,1016.912,13.442,14.321
46086,2025-02-23,3.56,1.687,13.966,277.92,1017.152,13.512,14.727
46086,2025-03-02,4.524,2.028,13.897,281.42,1015.595,13.985,15.369
46086,2025-03-09,6.725,2.114,10.947,279.176,1018.058,13.18,14.516
46086,2025-03-16,6.49,2.084,12.333,275.97,1014.57,13.598,14.47
46086,2025-03-23,5.268,2.105,11.751,287.086,1018.757,13.957,14.75
46086,2025-03-30,4.913,2.014,14.774,276.569,1016.006,14.19,15.135
46086,2025-04-06,7.168,1.763,10.151,259.158,1016.541,14.335,15.339
46086,2025-04-13,4.238,1.713,14.709,255.003,1016.234,14.506,16.183
46086,2025-04-20,3.923,1.145,13.557,234.729,1015.645,14.697,16.633
46086,2025-04-27,5.176,1.143,15.086,227.949,1014.717,14.23,16.363
46086,2025-05-04,5.572,1.541,14.723,216.223,1014.467,14.255,16.236
46086,2025-05-11,4.431,1.552,14.225,226.105,1013.043,15.283,16.516
46086,2025-05-18,6.206,1.841,9.754,270.787,1014.695,15.039,16.523
46086,2025-05-25,3.157,1.682,11.561,248.937,1014.254,15.4,17.348
46086,2025-06-01,3.67,1.499,12.413,228.475,1014.698,15.811,17.762
46086,2025-06-08,4.05,1.416,14.206,207.902,1014.236,15.933,17.637
46086,2025-06-15,3.198,1.399,14.319,221.227,1012.888,15.88,17.887
46086,2025-06-22,4.184,1.856,10.147,265.287,1011.214,16.465,18.457
46086,2025-06-29,3.211,1.204,11.421,246.128,1014.48,15.705,18.798
46086,2025-07-06,3.799,1.207,14.882,191.687,1013.918,16.391,19.709
46086,2025-07-13,4.477,1.313,11.105,236.449,1015.258,17.217,20.421
46086,2025-07-20,2.883,1.281,15.271,181.314,1014.666,17.856,20.538
46086,2025-07-27,5.148,1.125,11.885,212.26,1016.218,17.754,19.81
46086,2025-08-03,4.271,1.212,8.698,265.275,1017.07,16.968,18.878
46086,2025-08-10,3.539,1.404,13.556,225.048,1014.045,17.428,19.073
46086,2025-08-17,3.235,1.296,13.856,222.476,1014.186,17.212,19.153
46086,2025-08-24,3.468,1.072,12.135,237.533,1012.742,19.005,20.337
46086,2025-08-31,4.226,1.162,14.361,203.003,1014.288,19.384,20.54
46086,2025-09-07,5.065,1.288,14.571,205.554,1013.019,19.399,20.875
46086,2025-09-14,5.061,1.2,13.067,227.749,1014.04,19.134,20.327
46086,2025-09-21,4.143,,,,1012.379,19.419,20.669
46086,2025-09-28,4.304,1.025,13.401,235.145,1012.652,19.353,
46086,2025-10-05,4.732,1.404,11.557,231.965,1014.543,19.401,20.311
46086,2025-10-12,4.956,1.262,11.843,229.639,1010.559,18.848,20.304
46086,2025-10-19,3.971,1.295,13.238,228.698,1012.875,18.024,19.479
46086,2025-10-26,4.218,1.203,14.409,253.682,1016.502,17.483,19.345
46086,2025-11-02,2.739,1.446,16.948,230.029,1015.22,17.218,19.748
46086,2025-11-09,2.756,1.645,13.77,265.794,1017.337,17.044,19.484
46086,2025-11-16,3.918,1.428,13.986,226.313,1016.079,17.232,19.246
46086,2025-11-23,4.011,1.488,11.758,261.887,1014.491,16.327,18.469
46086,2025-11-30,2.559,1.149,14.41,264.395,1017.325,16.494,18.224
46086,2025-12-07,2.601,1.415,15.23,270.373,1017.539,16.658,17.795
46086,2025-12-14,2.928,0.988,13.201,256.473,1017.099,16.544,18.366
46086,2025-12-21,3.106,1.225,10.04,279.012,1017.2,16.077,17.918
46086,2025-12-28,5.05,1.632,9.784,251.395,1016.594,16.311,17.462
46086,2026-01-04,4.201,0.709,8.958,251.486,1017.486,17.883,17.652
46086,2026-03-08,5.111,1.195,11.095,286.083,1013.344,17.659,16.901
46086,2026-03-15,3.066,1.272,14.352,217.205,1016.231,16.537,17.359
46086,2026-03-22,2.966,1.018,14.635,208.535,1014.305,17.652,18.731
46086,2026-03-29,2.964,1.021,13.864,228.653,1014.272,16.031,18.785
46086,2026-04-05,3.709,1.015,12.103,227.548,1015.123,16.963,18.187
46086,2026-04-12,4.108,1.29,14.853,205.667,1014.913,16.707,17.942
46086,2026-04-19,4.181,1.304,12.561,228.158,1015.626,16.371,18.635
46086,2026-04-26,3.378,0.784,14.243,190.773,1014.938,16.567,19.167
46219,2017-01-01,,2.768,12.283,305.354,,,14.071
46219,2017-01-08,,1.503,11.852,287.444,,,13.907
46219,2017-01-15,,2.144,11.484,287.814,,,14.287
46219,2017-01-22,,3.266,15.312,292.168,,,14.684
46219,2017-01-29,,3.05,14.753,290.979,,,13.851
46219,2017-02-05,,1.849,13.218,280.387,,,14.394
46219,2017-02-12,,1.893,12.75,282.138,,,14.75
46219,2017-02-19,,2.731,13.863,278.863,,,14.01
46219,2017-02-26,,2.517,12.4,291.842,,,13.369
46219,2017-03-05,,1.862,13.609,277.502,,,13.46
46219,2017-03-12,,2.174,11.773,290.893,,,13.6
46219,2017-03-19,,1.335,11.486,270.598,,,13.766
46219,2017-03-26,,1.984,13.082,271.408,,,13.997
46219,2017-04-02,,3.201,12.802,295.743,,,13.722
46219,2017-04-09,,2.53,14.008,295.069,,,14.059
46219,2017-04-16,,2.433,12.388,299.359,,,13.863
46219,2017-04-23,,2.265,12.788,275.956,,,13.775
46219,2017-04-30,,3.077,9.743,295.897,,,12.721
46219,2017-05-07,,2.272,13.996,232.709,,,14.276
46219,2017-05-14,,2.827,11.12,297.578,,,13.838
46219,2017-05-21,,2.219,9.93,282.978,,,14.179
46219,2017-05-28,,1.573,12.844,238.743,,,15.131
46219,2017-06-04,,2.101,9.069,285.904,,,14.054
46219,2017-06-11,,2.021,10.932,259.771,,,14.392
46219,2017-06-18,,2.217,8.761,302.46,,,14.272
46219,2017-06-25,,2.211,11.211,270.518,,,15.596
46219,2017-07-02,,2.181,8.286,296.607,,,15.41
46219,2017-07-09,,1.668,11.503,231.524,,,15.968
46219,2017-07-16,,1.698,12.466,199.785,,,16.758
46219,2017-07-23,,1.968,8.648,304.967,,,18.185
46219,2017-07-30,,1.487,9.868,253.482,,,18.885
46219,2017-08-06,,1.566,13.216,195.076,,,18.372
46219,2017-08-13,,1.686,7.373,298.68,,,17.46
46219,2017-08-20,,1.511,13.025,217.91,,,17.021
46219,2017-08-27,,1.268,10.213,272.309,,,17.972
46219,2017-09-03,,1.729,11.221,237.892,,,18.444
46219,2017-09-10,,1.507,13.725,256.575,,,19.436
46219,2017-09-17,,1.491,12.717,240.15,,,19.201
46219,2017-09-24,,2.23,9.713,308.316,,,18.098
46219,2017-10-01,,1.651,8.624,294.123,,,17.802
46219,2017-10-08,,2.125,12.079,272.839,,,17.099
46219,2017-10-15,,2.351,10.975,296.586,,,17.227
46219,2017-10-22,,2.627,13.563,272.847,,,17.165
46219,2017-10-29,,2.36,14.505,276.216,,,17.461
46219,2017-11-05,,1.428,13.567,286.759,,,17.114
46219,2017-11-12,,1.689,12.107,276.25,,,17.117
46219,2017-11-19,,1.859,11.018,288.187,,,16.86
46219,2017-11-26,,1.465,11.914,292.459,,,16.953
46219,2017-12-03,,3.167,15.963,307.102,,,16.838
46219,2017-12-10,,1.904,13.9,277.704,,,16.399
46219,2017-12-17,,2.395,13.89,291.054,,,16.325
46219,2017-12-24,,1.812,12.541,303.117,,,15.784
46219,2017-12-31,,1.565,12.819,287.491,,,15.345
46219,2018-01-07,,1.485,13.339,289.524,,,15.532
46219,2018-01-14,,2.59,13.885,290.101,,,15.181
46219,2018-01-21,,3.537,15.455,291.278,,,15.173
46219,2018-01-28,,2.677,14.018,298.386,,,14.693
46219,2018-02-04,,1.415,11.892,291.794,,,15.122
46219,2018-02-11,,1.422,13.591,257.926,,,15.396
46219,2018-02-18,,1.72,12.787,291.333,,,15.075
46219,2018-02-25,,2.656,11.846,304.618,,,14.136
46219,2018-03-04,,2.422,12.324,301.694,,,13.827
46219,2018-03-11,,1.461,13.392,285.896,,,14.564
46219,2018-03-18,,1.861,12.342,293.21,,,14.563
46219,2018-03-25,,1.82,12.167,271.225,,,14.534
46219,2018-04-01,,1.869,11.408,278.565,,,13.729
46219,2018-04-08,,1.673,11.566,248.431,,,13.905
46219,2018-04-15,,3.04,12.48,300.472,,,13.714
46219,2018-04-22,,2.495,12.328,290.23,,,13.443
46219,2018-04-29,,2.339,12.438,285.336,,,13.586
46219,2018-05-06,,2.228,8.638,309.431,,,13.506
46219,2018-05-13,,2.35,9.353,306.747,,,13.622
46219,2018-05-20,,1.855,10.437,275.015,,,14.663
46219,2018-05-27,,1.969,12.139,252.206,,,14.144
46219,2018-06-03,,1.965,9.603,306.592,,,14.331
46219,2018-06-10,,2.619,8.986,307.97,,,14.153
46219,2018-06-17,,2.296,10.532,290.782,,,13.772
46219,2018-06-24,,1.872,10.368,282.158,,,14.177
46219,2018-07-01,,1.931,11.007,263.783,,,15.495
46219,2018-07-08,,1.937,10.897,259.093,,,16.783
46219,2018-07-15,,1.748,10.768,256.378,,,18.312
46219,2018-07-22,,1.323,9.736,284.863,,,17.095
46219,2018-07-29,,2.187,11.348,266.573,,,17.667
46219,2018-08-05,,1.668,8.271,304.426,,,18.466
46219,2018-08-12,,1.783,9.452,243.403,,,19.94
46219,2018-08-19,,1.623,14.727,193.551,,,20.7
46219,2018-08-26,,1.547,9.396,280.141,,,20.109
46219,2018-09-02,,2.138,7.428,312.657,,,18.328
46219,2018-09-09,,1.596,10.547,237.021,,,17.949
46219,2018-09-16,,2.117,14.162,212.218,,,17.039
46219,2018-09-23,,1.789,11.365,260.804,,,16.826
46219,2018-09-30,,1.341,12.757,216.29,,,17.181
46219,2018-10-07,,1.929,12.304,238.063,,,18.056
46219,2018-10-14,,1.7,13.51,233.649,,,18.421
46219,2018-10-21,,1.446,14.989,242.149,,,18.261
46219,2018-10-28,,2.016,13.253,265.769,,,18.009
46219,2018-11-04,,2.316,11.272,298.881,,,19.081
46219,2018-11-11,,1.854,10.844,298.122,,,18.716
46219,2018-11-18,,1.478,13.558,254.068,,,18.789
46219,2018-11-25,,1.863,12.837,282.501,,,18.353
46219,2018-12-02,,3.346,13.543,296.051,,,17.309
46219,2018-12-09,,1.963,13.882,280.619,,,16.586
46219,2018-12-16,,2.688,13.97,297.467,,,16.602
46219,2018-12-23,,3.181,15.303,295.024,,,15.987
46219,2018-12-30,,3.222,12.697,301.298,,,14.953
46219,2019-01-06,,2.28,13.22,298.912,,,14.242
46219,2019-01-13,,2.569,13.237,283.991,,,14.411
46219,2019-01-20,,2.895,15.304,288.792,,,14.564
46219,2019-01-27,,2.002,12.446,295.928,,,14.567
46219,2019-02-03,,2.059,13.591,291.493,,,15.035
46219,2019-02-10,,2.43,14.254,298.487,,,14.823
46219,2019-02-17,,3.011,14.087,289.45,,,14.437
46219,2019-02-24,,2.625,12.176,301.165,,,13.802
46219,2019-03-03,,1.517,13.337,292.336,,,14.228
46219,2019-03-10,,1.715,11.508,278.981,,,14.701
46219,2019-03-17,,2.845,14.064,298.635,,,14.499
46219,2019-03-24,,2.469,14.954,282.602,,,14.874
46219,2019-03-31,,2.467,12.995,290.245,,,14.635
46219,2019-04-07,,1.818,15.374,268.592,,,15.143
46219,2019-04-14,,3.428,11.852,304.731,,,14.313
46219,2019-04-21,,2.137,12.767,295.02,,,14.201
46219,2019-04-28,,1.569,10.43,286.181,,,14.546
46219,2019-05-05,,1.394,13.524,237.175,,,15.225
46219,2019-05-12,,1.396,14.009,219.926,,,15.616
46219,2019-05-19,,2.046,15.08,225.086,,,15.301
46219,2019-05-26,,2.778,12.115,286.858,,,14.853
46219,2019-06-02,,2.034,11.025,265.033,,,14.362
46219,2019-06-09,,1.652,12.811,242.808,,,14.581
46219,2019-06-16,,1.349,12.266,217.099,,,15.691
46219,2019-06-23,,1.506,13.254,262.913,,,16.091
46219,2019-06-30,,1.603,9.054,285.553,,,16.705
46219,2019-07-07,,2.203,11.664,244.167,,,15.263
46219,2019-07-14,,1.776,13.266,233.674,,,14.962
46219,2019-07-21,,1.556,13.45,236.776,,,15.68
46219,2019-07-28,,1.61,10.317,255.33,,,16.346
46219,2019-08-04,,2.069,8.509,289.111,,,16.366
46219,2019-08-11,,1.789,10.232,257.567,,,15.038
46219,2019-08-18,,1.412,12.55,238.357,,,16.363
46219,2019-08-25,,1.715,10.886,267.737,,,16.231
46219,2019-09-01,,1.526,9.394,280.688,,,17.698
46219,2019-09-08,,1.857,12.091,261.275,,,17.661
46219,2019-09-15,,1.871,12.529,248.325,,,17.634
46219,2019-09-22,,1.842,10.367,288.74,,,17.056
46219,2019-09-29,,2.071,12.019,286.889,,,18.255
46219,2019-10-06,,2.067,9.93,289.815,,,16.421
46219,2019-10-13,,1.506,11.947,262.152,,,17.36
46219,2019-10-20,,2.612,12.281,292.114,,,16.346
46219,2019-10-27,,1.752,11.849,285.188,,,16.775
46219,2019-11-03,,1.63,13.699,277.11,,,17.194
46219,2019-11-10,,1.341,9.412,283.794,,,17.659
46219,2019-11-17,,1.838,13.508,283.276,,,17.087
46219,2019-11-24,,2.478,12.886,295.537,,,16.6
46219,2019-12-01,,2.578,12.988,296.047,,,15.882
46219,2019-12-08,,2.05,12.978,280.592,,,16.265
46219,2019-12-15,,2.731,13.567,280.997,,,15.659
46219,2019-12-22,,2.677,13.865,298.362,,,15.202
46219,2019-12-29,,2.703,14.014,302.449,,,14.67
46219,2020-01-05,,2.622,14.896,283.723,,,14.245
46219,2020-01-12,,2.717,10.625,304.406,,,14.202
46219,2020-01-19,,2.333,12.843,302.216,,,13.795
46219,2020-01-26,,2.677,15.136,292.683,,,13.997
46219,2020-02-02,,3.055,13.445,294.682,,,13.816
46219,2020-02-09,,2.604,11.973,301.342,,,13.555
46219,2020-02-16,,2.02,13.703,299.902,,,13.87
46219,2020-02-23,,1.889,12.569,291.769,,,14.647
46219,2020-03-01,,2.244,13.719,287.169,,,14.929
46219,2020-03-08,,2.291,12.74,303.997,,,14.688
46219,2020-03-15,,1.724,12.824,239.878,,,14.876
46219,2020-03-22,,1.485,13.901,228.329,,,14.83
46219,2020-03-29,,1.851,11.99,289.518,,,14.694
46219,2020-04-05,,2.397,9.602,285.303,,,14.364
46219,2020-04-12,,1.74,12.899,243.066,,,14.428
46219,2020-04-19,,1.446,13.559,237.897,,,14.71
46219,2020-04-26,,2.405,12.46,288.154,,,14.925
46219,2020-05-03,,2.541,9.797,299.231,,,14.403
46219,2020-05-10,,2.348,10.603,296.503,,,14.245
46219,2020-05-17,,2.264,12.069,254.692,,,14.822
46219,2020-05-24,,2.401,10.901,290.643,,,14.998
46219,2020-05-31,,1.594,14.374,249.746,,,15.328
46219,2020-06-07,,1.881,12.674,242.816,,,16.244
46219,2020-06-14,,2.144,10.325,273.105,,,15.457
46219,2020-06-21,,1.906,10.074,288.181,,,15.744
46219,2020-06-28,,1.448,11.286,266.369,,,16.714
46219,2020-07-05,,1.977,13.293,257.136,,,17.518
46219,2020-07-12,,2.096,9.057,292.953,,,16.399
46219,2020-07-19,,1.354,9.507,283.92,,,18.05
46219,2020-07-26,,1.507,9.573,276.993,,,18.06
46219,2020-08-02,,1.602,9.055,266.773,,,17.301
46219,2020-08-09,,1.784,7.806,307.117,,,16.112
46219,2020-08-16,,1.349,11.267,258.859,,,18.289
46219,2020-08-23,,1.54,11.004,247.221,,,19.208
46219,2020-08-30,,1.689,9.709,279.086,,,18.928
46219,2020-09-06,,1.658,9.526,296.014,,,18.817
46219,2020-09-13,,1.36,13.591,215.138,,,19.014
46219,2020-09-20,,1.639,9.918,248.984,,,18.739
46219,2020-09-27,,1.995,13.457,268.442,,,18.075
46219,2020-10-04,,1.841,13.074,274.021,,,18.681
46219,2020-10-11,,1.478,11.671,267.298,,,18.688
46219,2020-10-18,,1.742,11.021,294.478,,,18.954
46219,2020-10-25,,1.619,10.88,275.439,,,18.556
46219,2020-11-01,,1.31,11.443,276.639,,,18.476
46219,2020-11-08,,2.548,13.853,298.377,,,17.446
46219,2020-11-15,,2.027,11.394,293.897,,,15.773
46219,2020-11-22,,1.972,12.871,301.418,,,15.887
46219,2020-11-29,,2.217,12.302,306.359,,,14.474
46219,2020-12-06,,2.067,15.497,297.22,,,14.359
46219,2020-12-13,,2.543,13.992,297.0,,,13.937
46219,2020-12-20,,2.631,14.08,298.89,,,13.787
46219,2020-12-27,,1.853,13.78,283.513,,,13.834
46219,2021-01-03,,3.364,15.745,295.709,,,13.654
46219,2021-01-10,,3.508,15.714,297.631,,,14.127
46219,2021-01-17,,2.902,15.329,294.872,,,13.969
46219,2021-01-24,,2.533,14.419,293.547,,,14.676
46219,2021-01-31,,3.137,13.396,303.582,,,13.705
46219,2021-02-07,,2.196,12.278,305.917,,,13.758
46219,2021-02-14,,2.105,11.424,297.075,,,13.393
46219,2021-02-21,,3.041,12.739,290.677,,,12.936
46219,2021-02-28,,2.718,11.74,304.904,,,13.201
46219,2021-03-07,,2.281,14.549,300.858,,,12.885
46219,2021-03-14,,3.221,14.239,300.701,,,12.609
46219,2021-03-21,,2.201,12.351,274.772,,,13.353
46219,2021-03-28,,2.534,10.518,301.546,,,12.896
46219,2021-04-04,,1.873,12.567,271.744,,,12.646
46219,2021-04-11,,2.782,8.333,307.756,,,12.363
46219,2021-04-18,,2.162,11.504,296.539,,,12.341
46219,2021-04-25,,2.112,12.284,262.956,,,13.391
46219,2021-05-02,,2.14,11.679,250.155,,,13.661
46219,2021-05-09,,2.36,11.955,279.632,,,13.582
46219,2021-05-16,,1.796,12.606,262.121,,,14.876
46219,2021-05-23,,2.914,11.408,270.39,,,13.97
46219,2021-05-30,,2.422,8.986,291.936,,,14.144
46219,2021-06-06,,1.646,13.036,250.475,,,14.234
46219,2021-06-13,,2.376,9.489,301.974,,,14.435
46219,2021-06-20,,2.256,9.609,304.543,,,15.303
46219,2021-06-27,,1.893,12.811,236.775,,,16.322
46219,2021-07-04,,2.004,10.491,273.476,,,16.294
46219,2021-07-11,,1.988,12.645,245.533,,,16.489
46219,2021-07-18,,1.864,12.823,235.506,,,18.078
46219,2021-07-25,,1.88,9.908,287.83,,,17.991
46219,2021-08-01,,1.297,12.304,217.38,,,18.176
46219,2021-08-08,,1.982,10.023,270.822,,,16.95
46219,2021-08-15,,1.344,13.332,202.565,,,17.126
46219,2021-08-22,,1.812,13.175,242.698,,,18.637
46219,2021-08-29,,1.606,9.208,294.979,,,18.376
46219,2021-09-05,,1.612,9.187,293.108,,,18.506
46219,2021-09-12,,1.512,12.068,237.839,,,18.911
46219,2021-09-19,,1.772,14.037,231.193,,,18.451
46219,2021-09-26,,1.876,12.782,300.624,,,18.471
46219,2021-10-03,,2.192,13.338,284.622,,,18.372
46219,2021-10-10,,1.779,11.558,298.438,,,18.459
46219,2021-10-17,,2.745,11.872,304.497,,,17.244
46219,2021-10-24,,2.45,12.853,296.625,,,16.883
46219,2021-10-31,,2.814,14.368,299.259,,,16.724
46219,2021-11-07,,2.185,13.173,287.799,,,16.405
46219,2021-11-14,,1.884,12.079,282.402,,,16.606
46219,2021-11-21,,1.576,11.925,274.866,,,16.891
46219,2021-11-28,,1.608,11.982,294.315,,,16.64
46219,2021-12-05,,1.865,12.983,296.432,,,16.503
46219,2021-12-12,,1.944,10.682,294.884,,,15.852
46219,2021-12-19,,2.954,14.008,304.429,,,15.262
46219,2021-12-26,,1.988,13.622,300.789,,,15.297
46219,2022-01-02,,2.302,11.046,302.83,,,14.123
46219,2022-01-09,,2.171,13.374,296.485,,,13.487
46219,2022-01-16,,2.075,14.116,286.683,,,14.309
46219,2022-01-23,,1.729,12.699,272.765,,,14.391
46219,2022-01-30,,1.856,14.802,285.768,,,14.481
46219,2022-02-06,,2.06,12.755,298.369,,,14.506
46219,2022-02-13,,1.882,14.491,288.854,,,14.493
46219,2022-02-20,,2.425,12.74,291.774,,,13.98
46219,2022-02-27,,2.286,12.842,296.728,,,13.693
46219,2022-03-06,,2.861,13.734,297.226,,,14.349
46219,2022-03-13,,1.962,11.315,302.102,,,13.657
46219,2022-03-20,,2.932,13.383,297.176,,,13.471
46219,2022-03-27,,2.119,12.591,289.545,,,13.172
46219,2022-04-03,,2.471,11.468,291.399,,,13.152
46219,2022-04-10,,3.042,12.657,298.036,,,13.833
46219,2022-04-17,,2.648,9.574,288.087,,,13.197
46219,2022-04-24,,2.205,12.565,287.726,,,13.276
46219,2022-05-01,,2.904,11.07,303.473,,,13.003
46219,2022-05-08,,2.978,12.354,296.057,,,12.767
46219,2022-05-15,,2.648,8.874,303.071,,,13.126
46219,2022-05-22,,2.492,9.958,298.057,,,12.889
46219,2022-05-29,,1.602,12.314,241.58,,,14.381
46219,2022-06-05,,2.438,12.745,262.997,,,13.875
46219,2022-06-12,,1.953,8.952,297.321,,,14.632
46219,2022-06-19,,2.436,9.391,295.997,,,14.234
46219,2022-06-26,,1.758,12.861,264.547,,,15.123
46219,2022-07-03,,1.862,10.447,266.342,,,15.851
46219,2022-07-10,,1.567,6.738,302.929,,,15.729
46219,2022-07-17,,1.739,11.713,257.94,,,15.952
46219,2022-07-24,,2.044,13.178,242.219,,,16.152
46219,2022-07-31,,1.314,12.488,240.337,,,16.724
46219,2022-08-07,,1.762,10.829,215.878,,,17.962
46219,2022-08-14,,2.05,7.166,301.463,,,17.044
46219,2022-08-21,,1.704,9.501,275.126,,,16.227
46219,2022-08-28,,1.708,13.253,224.774,,,17.425
46219,2022-09-04,,1.758,10.882,243.661,,,18.221
46219,2022-09-11,,1.854,12.592,194.539,,,19.862
46219,2022-09-18,,1.894,11.439,232.432,,,18.486
46219,2022-09-25,,1.522,13.909,233.164,,,19.718
46219,2022-10-02,,1.906,9.762,288.092,,,19.029
46219,2022-10-09,,1.787,13.585,258.848,,,18.366
46219,2022-10-16,,1.282,14.0,218.494,,,17.401
46219,2022-10-23,,1.808,13.258,272.896,,,18.241
46219,2022-10-30,,2.438,11.339,302.527,,,16.144
46219,2022-11-06,,2.581,12.717,304.512,,,15.097
46219,2022-11-13,,2.179,11.268,296.994,,,14.756
46219,2022-11-20,,1.856,14.318,288.887,,,14.51
46219,2022-11-27,,1.866,15.128,266.289,,,14.702
46219,2022-12-04,,2.033,12.926,300.259,,,14.135
46219,2022-12-11,,1.781,12.348,296.634,,,14.051
46219,2022-12-18,,2.085,13.264,292.459,,,13.78
46219,2022-12-25,,1.439,13.989,271.206,,,13.762
46219,2023-01-01,,2.591,13.523,285.055,,,15.354
46219,2023-01-08,,3.604,14.649,288.798,,,14.667
46219,2023-01-15,,3.516,15.086,289.455,,,14.714
46219,2023-01-22,,3.053,13.814,293.94,,,13.979
46219,2023-01-29,,2.392,15.066,287.449,,,13.441
46219,2023-02-05,,1.894,14.499,290.711,,,13.355
46219,2023-02-12,,2.818,13.03,297.765,,,13.339
46219,2023-02-19,,2.935,14.49,302.449,,,12.963
46219,2023-02-26,,3.051,12.735,299.811,,,12.701
46219,2023-03-05,,2.72,12.788,302.146,,,12.627
46219,2023-03-12,,2.024,12.402,277.348,,,12.752
46219,2023-03-19,,1.552,11.196,260.256,,,13.27
46219,2023-03-26,,2.975,10.587,278.375,,,12.754
46219,2023-04-02,,1.991,10.483,287.257,,,12.645
46219,2023-04-09,,2.21,8.865,301.119,,,12.49
46219,2023-04-16,,2.486,10.853,300.193,,,12.577
46219,2023-04-23,,2.627,10.241,308.158,,,12.408
46219,2023-04-30,,1.909,13.469,247.345,,,12.438
46219,2023-05-07,,2.113,13.371,283.699,,,13.625
46219,2023-05-14,,2.041,12.86,240.211,,,14.253
46219,2023-05-21,,1.854,14.234,217.318,,,14.212
46219,2023-05-28,,1.597,13.202,254.473,,,14.476
46219,2023-06-04,,1.668,13.652,234.988,,,15.832
46219,2023-06-11,,1.438,14.033,217.86,,,15.932
46219,2023-06-18,,1.47,12.498,251.0,,,16.738
46219,2023-06-25,,2.034,8.573,295.744,,,15.459
46219,2023-07-02,,1.772,9.225,279.676,,,14.897
46219,2023-07-09,,1.997,13.243,222.979,,,14.754
46219,2023-07-16,,1.654,10.369,248.396,,,15.286
46219,2023-07-23,,1.466,8.769,294.587,,,17.252
46219,2023-07-30,,1.722,8.261,295.44,,,18.204
46219,2023-08-06,,2.29,8.094,303.696,,,17.179
46219,2023-08-13,,1.304,13.165,196.491,,,17.408
46219,2023-08-20,,1.35,14.036,210.062,,,18.712
46219,2023-08-27,,1.499,12.931,224.677,,,19.311
46219,2023-09-03,,1.935,11.561,262.578,,,18.751
46219,2023-09-10,,1.677,15.135,178.574,,,18.853
46219,2023-09-17,,1.886,12.144,231.357,,,18.192
46219,2023-09-24,,1.586,13.149,257.743,,,18.443
46219,2023-10-01,,2.379,11.241,296.949,,,18.215
46219,2023-10-08,,1.534,12.788,274.902,,,18.332
46219,2023-10-15,,2.301,11.246,277.473,,,18.074
46219,2023-10-22,,2.735,15.955,290.351,,,17.752
46219,2023-10-29,,2.089,10.009,282.137,,,17.548
46219,2023-11-05,,1.126,13.289,223.824,,,17.332
46219,2023-11-12,,2.157,12.417,296.03,,,17.342
46219,2023-11-19,,1.994,12.767,267.226,,,17.411
46219,2023-11-26,,2.369,13.4,301.997,,,16.22
46219,2023-12-03,,2.372,12.265,296.042,,,16.838
46219,2023-12-10,,3.135,14.84,302.161,,,16.188
46219,2023-12-17,,1.509,12.165,289.324,,,16.148
46219,2023-12-24,,2.168,11.798,288.071,,,15.921
46219,2023-12-31,,3.776,16.128,289.932,,,15.85
46219,2024-01-07,,3.455,14.95,294.801,,,15.504
46219,2024-01-14,,3.043,12.758,305.54,,,14.445
46219,2024-01-21,,1.794,13.146,280.551,,,14.837
46219,2024-01-28,,2.347,12.859,280.685,,,15.153
46219,2024-02-04,,2.699,13.329,283.057,,,15.807
46219,2024-02-11,,2.856,13.557,294.229,,,14.991
46219,2024-02-18,,1.937,14.319,283.643,,,14.886
46219,2024-02-25,,2.731,14.531,287.452,,,14.968
46219,2024-03-03,,2.285,14.258,283.455,,,15.281
46219,2024-03-10,,2.243,12.216,296.068,,,15.077
46219,2024-03-17,,2.904,15.024,300.619,,,14.581
46219,2024-03-24,,1.899,15.065,282.929,,14.256,15.145
46219,2024-03-31,,2.798,13.875,298.51,,13.605,14.243
46219,2024-04-07,,2.241,11.607,301.048,,13.202,14.327
46219,2024-04-14,,2.042,12.49,289.625,,13.006,13.424
46219,2024-04-21,,1.757,14.096,224.927,,13.355,14.065
46219,2024-04-28,,2.042,11.251,266.411,,13.835,14.235
46219,2024-05-05,,2.599,9.81,299.512,,12.901,13.532
46219,2024-05-12,,2.166,11.519,287.021,,12.998,13.364
46219,2024-05-19,,1.45,14.29,253.557,,12.964,13.388
46219,2024-05-26,,2.078,10.539,283.315,,13.207,14.593
46219,2024-06-02,,2.079,9.302,298.39,,12.855,13.579
46219,2024-06-09,,1.999,11.555,284.911,,13.854,14.443
46219,2024-06-16,,2.385,11.083,291.735,,13.996,14.3
46219,2024-06-23,,2.189,8.98,296.786,,13.626,14.246
46219,2024-06-30,,1.751,10.927,271.461,,14.582,15.204
46219,2024-07-07,,1.875,12.315,253.973,,14.637,15.893
46219,2024-07-14,,1.454,10.834,250.033,,14.613,15.731
46219,2024-07-21,,1.848,13.711,237.598,,15.506,16.369
46219,2024-07-28,,1.852,9.582,289.167,,15.137,15.875
46219,2024-08-04,,1.56,9.094,264.259,,15.002,16.366
46219,2024-08-11,,1.631,8.881,269.5,,14.69,15.373
46219,2024-08-18,,1.789,8.463,295.143,,15.706,16.662
46219,2024-08-25,,1.718,9.985,287.36,,16.235,16.238
46219,2024-09-01,,1.356,10.29,273.891,,16.1,16.918
46219,2024-09-08,,1.675,11.244,285.089,,16.977,16.891
46219,2024-09-15,,1.837,8.176,297.524,,16.008,16.539
46219,2024-09-22,,1.455,10.043,283.033,,15.801,16.491
46219,2024-09-29,,1.526,12.322,304.916,,15.909,17.627
46219,2024-10-06,,1.705,12.275,295.645,,16.66,18.132
46219,2024-10-13,,1.791,13.136,286.149,,16.554,18.052
46219,2024-10-20,,2.226,12.669,280.756,,16.619,17.217
46219,2024-10-27,,1.468,12.833,240.267,,16.854,17.968
46219,2024-11-03,,2.754,12.335,301.522,,15.591,16.806
46219,2024-11-10,,2.089,13.56,302.673,,15.646,15.717
46219,2024-11-17,,3.031,13.28,298.265,,14.481,15.522
46219,2024-11-24,,2.373,12.028,302.683,,13.525,14.414
46219,2024-12-01,,1.163,14.745,212.381,,14.491,14.413
46219,2024-12-08,,1.626,14.402,278.804,,13.696,14.415
46219,2024-12-15,,2.43,14.27,295.783,,14.119,14.893
46219,2024-12-22,,2.503,14.816,297.417,,14.306,14.651
46219,2024-12-29,,4.144,15.967,293.243,,14.024,14.163
46219,2025-01-05,,2.59,13.764,293.265,,13.389,13.901
46219,2025-01-12,,2.454,15.024,291.203,,13.723,13.233
46219,2025-01-19,,1.859,15.216,295.899,,13.112,13.562
46219,2025-01-26,,1.652,14.87,294.375,,13.889,14.16
46219,2025-02-02,,1.346,10.406,284.89,,12.62,14.051
46219,2025-02-09,,1.962,11.471,274.185,,13.432,14.161
46219,2025-02-16,,2.826,11.486,295.899,,12.61,13.108
46219,2025-02-23,,2.47,13.781,293.268,,12.768,12.9
46219,2025-03-02,,2.774,13.876,288.521,,13.081,13.151
46219,2025-03-09,,2.441,12.552,292.074,,11.926,12.639
46219,2025-03-16,,2.664,13.453,299.042,,12.69,13.424
46219,2025-03-23,,2.995,12.339,301.211,,12.711,12.636
46219,2025-03-30,,2.799,15.032,297.768,,12.983,13.119
46219,2025-04-06,,2.065,11.713,266.92,,12.766,12.662
46219,2025-04-13,,2.653,13.877,280.397,,12.931,13.038
46219,2025-04-20,,1.442,13.305,253.122,,13.646,13.708
46219,2025-04-27,,1.434,14.552,231.194,,13.33,13.922
46219,2025-05-04,,2.088,14.392,233.193,,12.932,13.382
46219,2025-05-11,,1.886,13.26,256.304,,13.94,14.088
46219,2025-05-18,,2.218,10.08,292.003,,13.519,14.065
46219,2025-05-25,,2.569,10.001,291.711,,13.99,14.905
46219,2025-06-01,,1.937,10.197,275.598,,13.386,14.299
46219,2025-06-08,,1.829,12.544,265.253,,15.052,15.936
46219,2025-06-15,,2.193,11.136,270.658,,14.386,15.253
46219,2025-06-22,,2.943,9.109,303.211,,14.176,14.399
46219,2025-06-29,,1.738,9.659,286.622,,13.303,14.34
46219,2025-07-06,,1.712,12.323,246.842,,14.215,15.265
46219,2025-07-13,,1.862,10.263,274.955,,15.169,16.987
46219,2025-07-20,,1.584,14.254,205.318,,15.643,16.742
46219,2025-07-27,,1.338,13.236,202.021,,16.356,17.322
46219,2025-08-03,,1.9,7.049,306.601,,15.582,16.76
46219,2025-08-10,,2.006,11.83,251.292,,15.655,16.247
46219,2025-08-17,,1.893,12.86,231.263,,15.612,15.843
46219,2025-08-24,,1.707,9.172,289.509,,16.968,16.669
46219,2025-08-31,,1.505,13.7,212.554,,17.62,17.471
46219,2025-09-07,,1.724,13.976,207.902,,18.004,18.317
46219,2025-09-14,,1.619,13.246,256.057,,18.461,18.677
46219,2025-09-21,,1.486,12.812,245.821,,18.248,18.829
46219,2025-09-28,,1.426,11.755,272.012,,18.476,18.932
46219,2025-10-05,,2.147,11.689,270.67,,18.788,19.58
46219,2025-10-12,,1.914,10.866,277.464,,18.248,19.004
46219,2025-10-19,,2.041,12.349,292.786,,17.115,18.001
46219,2025-10-26,,2.313,14.59,302.745,,16.968,18.029
46219,2025-11-02,,2.347,13.006,297.039,,16.344,17.537
46219,2025-11-09,,2.454,13.795,297.919,,16.839,18.23
46219,2025-11-16,,1.887,13.453,275.473,,16.329,17.855
46219,2025-11-23,,2.417,12.073,305.051,,15.942,17.866
46219,2025-11-30,,1.797,14.537,290.214,,16.458,17.494
46219,2025-12-07,,1.684,13.042,285.027,,16.088,17.422
46219,2025-12-14,,1.56,12.807,294.487,,16.207,17.396
46219,2025-12-21,,1.98,9.453,303.982,,16.098,16.726
46219,2025-12-28,,2.321,10.767,274.31,,15.924,16.517
46219,2026-01-04,,1.216,9.443,253.188,,16.947,16.441
46219,2026-03-08,,2.023,10.705,303.537,,16.187,14.634
46219,2026-03-15,,2.041,13.12,253.236,,15.075,15.278
46219,2026-03-22,,1.353,13.901,224.925,,15.948,16.372
46219,2026-03-29,,1.848,11.47,298.729,,15.013,16.332
46219,2026-04-05,,1.498,11.545,266.467,,16.071,16.466
46219,2026-04-12,,1.748,13.26,239.665,,15.933,16.51
46219,2026-04-19,,1.97,10.464,282.126,,15.518,16.295
46219,2026-04-26,,0.911,14.213,183.851,,16.059,16.836
