week_start,station,sample_date,latitude,longitude,month,year,pda,temp,silicate,nitrate,avg_chloro,potential_bloom,sst_roll_14d,anom_roll_14d,sst_roc_3d,warm_degree_days_14d,above_avg,temp_lag1,temp_lag2,silicate_lag1,silicate_lag2,nitrate_lag1,nitrate_lag2,avg_chloro_lag1,avg_chloro_lag2,silicate_nitrate_ratio,isHarmful,station_id,wind_speed_mps,wave_height_m,dominant_period_s,mean_wave_dir_deg,atm_pressure_hpa,air_temp_c,sea_surface_temp_c
2017-01-02,Cal Poly Pier,2017-01-02,35.170204,-120.740685,1,2017,0.0,10.0,14.5145,14.653976,4.36,0,13.069902153242202,-0.6921523628064564,0.0453333536783854,0.0,0,10.0,10.0,14.5145,14.5145,14.653976,14.653976,4.36,4.36,0.9904820370935504,0,46011,5.054,2.243,11.88,304.5,1014.808,10.925,12.996
2017-01-09,Cal Poly Pier,2017-01-11,35.170204,-120.740685,1,2017,0.0,11.0,24.4,7.8152246,1.98,0,13.21124719046273,-0.4943273986365128,0.003809474763416,0.2114285741533552,1,10.0,11.0,14.5145,24.4,14.653976,7.8152246,4.36,1.98,3.122111167476876,0,46011,7.301,1.712,9.879,266.19,1018.021,12.518,13.066
2017-01-16,Cal Poly Pier,2017-01-17,35.170204,-120.740685,1,2017,0.0,12.0,11.1,8.282268,1.45,0,13.278571021800138,-0.32255101306554,0.0190476008823939,0.3700000047683716,0,11.0,10.0,24.4,14.5145,7.8152246,14.653976,1.98,4.36,1.3402126084304444,0,46011,5.767,2.343,11.111,282.156,1017.981,12.616,13.063
2017-01-23,Cal Poly Pier,2017-01-23,35.170204,-120.740685,1,2017,0.0,12.7,15.8,4.951939,1.22,0,13.188673038871922,-0.3216326453780033,-0.053333282470703,0.1585714306150163,0,12.0,11.0,11.1,24.4,8.282268,7.8152246,1.45,1.98,3.1906693519447633,0,46011,6.119,3.598,14.905,284.163,1013.912,12.251,12.991
2017-01-30,Cal Poly Pier,2017-01-31,35.170204,-120.740685,1,2017,0.0,12.0,9.37,5.9432836,1.87,0,13.14050986815472,-0.3157142805201666,0.0480952489943731,0.0342857135193688,1,12.7,12.0,15.8,11.1,4.951939,8.282268,1.22,1.45,1.5765695582825627,0,46011,5.274,3.318,14.539,294.149,1024.173,11.551,12.906
2017-02-06,Cal Poly Pier,2017-02-06,35.170204,-120.740685,2,2017,0.0,12.0,77.5,18.124374,1.22,0,13.404897709282077,-0.0062244900939415,0.1109523319062732,2.377142817314182,1,12.0,12.7,9.37,15.8,5.9432836,4.951939,1.87,1.22,4.276009753495487,0,46011,4.622,1.985,12.88,278.383,1018.847,12.921,13.123
2017-02-13,Cal Poly Pier,2017-02-13,35.170204,-120.740685,2,2017,0.0,14.0,14.6,6.938316,0.45,0,13.796122181172274,0.4293877466448715,-0.1014285314650762,6.362857008086784,1,12.0,12.0,77.5,9.37,18.124374,5.9432836,1.22,1.87,2.1042569983840456,0,46011,5.532,2.179,11.398,268.226,1018.391,13.411,13.493
2017-02-20,Cal Poly Pier,2017-02-21,35.170204,-120.740685,2,2017,0.0,14.1,157.0,29.698704,0.82,0,13.634387502864916,0.3057142776646175,-0.0585714521862211,4.851428447025163,1,14.0,12.0,14.6,77.5,6.938316,18.124374,0.45,1.22,5.286425966601102,0,46011,6.916,2.679,13.313,272.85,1011.763,12.876,13.319
2017-02-27,Cal Poly Pier,2017-02-27,35.170204,-120.740685,2,2017,0.0,12.4,92.15,23.689492,1.23,0,13.084591544404322,-0.2134693839720317,-0.0719047728038969,0.9528571122459004,0,14.1,14.0,157.0,14.6,29.698704,6.938316,0.82,0.45,3.88991034505932,0,46011,7.808,2.541,12.539,287.655,1020.908,11.518,12.805
2017-03-06,Cal Poly Pier,2017-03-07,35.170204,-120.740685,3,2017,0.0,11.5,27.3,17.68028,2.08,0,12.620101704889413,-0.6484693700865823,0.0338095256260463,0.1214285695127078,0,12.4,14.1,92.15,157.0,23.689492,29.698704,1.23,0.82,1.544093193094227,0,46011,5.899,1.932,13.266,294.839,1018.965,12.129,12.792
2017-03-13,Cal Poly Pier,2017-03-13,35.170204,-120.740685,3,2017,0.0,12.9,20.7,12.675707,3.12,0,12.58367310738077,-0.6571428360683578,0.0433333260672432,0.0,0,11.5,12.4,27.3,92.15,17.68028,23.689492,2.08,1.23,1.6330450049058407,0,46011,7.708,1.994,12.247,290.554,1020.939,12.484,12.083
2017-03-20,Cal Poly Pier,2017-03-21,35.170204,-120.740685,3,2017,0.0,16.6,72.8,43.719444,4.27,0,12.938366928879097,-0.2762244795924242,0.0757143383934383,0.4342857067074094,1,12.9,11.5,20.7,27.3,12.675707,17.68028,3.12,2.08,1.6651629878916117,0,46011,4.309,1.215,11.712,278.383,1018.716,12.216,13.151
2017-03-27,Cal Poly Pier,2017-03-27,35.170204,-120.740685,3,2017,0.079456374,13.0,14.9,6.7744503,1.64,0,13.050815971530216,-0.1358163235328939,-0.2104761941092354,1.2499999795109034,1,16.6,12.9,72.8,20.7,43.719444,12.675707,4.27,3.12,2.1994404475887883,0,46011,6.751,1.974,12.103,275.114,1020.01,13.217,13.841
2017-04-03,Cal Poly Pier,2017-04-03,35.170204,-120.740685,4,2017,0.10077226,11.0,16.9,14.23188,2.3,1,12.73040785108294,-0.4287755040413871,0.1152380988711402,0.9128571309681448,1,13.0,16.6,14.9,72.8,6.7744503,43.719444,1.64,4.27,1.1874748803390696,1,46011,7.985,3.019,12.982,299.891,1017.914,12.615,12.881
2017-04-10,Cal Poly Pier,2017-04-10,35.170204,-120.740685,4,2017,0.36,12.0,28.8,27.880634,1.75,1,12.486938486293871,-0.6451020287920018,-0.1642857052031017,0.1700000017881393,0,11.0,13.0,16.9,14.9,14.23188,6.7744503,2.3,1.64,1.032975075100516,1,46011,5.789,2.448,13.69,292.22,1016.785,12.264,13.053
2017-04-17,Cal Poly Pier,2017-04-17,35.170204,-120.740685,4,2017,0.0,11.0,17.2,15.907687,3.74,0,12.282652825725322,-0.8336734540608465,0.0147618793305896,0.0728571436234882,0,12.0,11.0,28.8,16.9,27.880634,14.23188,1.75,2.3,1.081238271786464,0,46011,6.08,2.122,12.45,294.357,1018.101,12.687,12.878
2017-05-01,Cal Poly Pier,2017-05-01,35.170204,-120.740685,5,2017,0.0,13.1,8.12,6.157221,10.85,0,11.668060993661689,-1.5375509693914533,0.0752380916050502,0.0,0,11.0,12.0,17.2,28.8,15.907687,27.880634,3.74,1.75,1.3187767663366312,0,46011,10.109,2.616,9.864,304.994,1016.599,12.574,11.882
2017-05-15,Cal Poly Pier,2017-05-15,35.170204,-120.740685,5,2017,0.0,11.5,6.71,8.438388,9.6,0,11.628367034756408,-1.7126530068261283,0.0571429388863699,0.0,0,13.1,11.0,8.12,17.2,6.157221,15.907687,10.85,3.74,0.7951755714480064,0,46011,6.687,2.459,10.688,312.386,1016.469,12.007,11.861
2017-05-22,Cal Poly Pier,2017-05-22,35.170204,-120.740685,5,2017,0.0,16.1,2.0720162,1.5475154,3.28,0,11.819693614025509,-1.6363264726740974,0.155714262099493,0.0,0,11.5,13.1,6.71,8.12,8.438388,6.157221,9.6,10.85,1.338930908215841,0,46011,6.9,1.822,8.795,304.881,1015.339,11.386,11.347
2017-05-29,Cal Poly Pier,2017-05-29,35.170204,-120.740685,5,2017,0.0,15.4,16.456993,13.959035,1.99,0,12.29928547995431,-1.3251019974752347,-0.1385714213053385,0.0,0,16.1,11.5,2.0720162,6.71,1.5475154,8.438388,3.28,9.6,1.1789491895392483,0,46011,4.124,1.262,12.472,254.915,1015.224,12.207,12.485
2017-06-05,Cal Poly Pier,2017-06-05,35.170204,-120.740685,6,2017,0.0,16.1,11.968238,3.235006,13.0,0,12.363367080688477,-1.4435713941953618,0.134761855715797,0.0,0,15.4,16.1,16.456993,2.0720162,13.959035,1.5475154,1.99,3.28,3.699603030102572,0,46011,9.007,2.12,7.791,303.582,1013.204,12.387,12.254
2017-06-12,Cal Poly Pier,2017-06-12,35.170204,-120.740685,6,2017,0.0,12.1,14.816669,8.172429,10.6,0,12.534693571985985,-1.4572448706140322,-0.0380952017647879,0.0,0,16.1,15.4,11.968238,16.456993,3.235006,13.959035,13.0,1.99,1.813006757232152,0,46011,6.46,1.777,10.051,271.402,1014.451,12.624,12.643
2017-06-19,Cal Poly Pier,2017-06-19,35.170204,-120.740685,6,2017,0.0,15.6,3.4348254,2.5602765,6.16,0,13.00846902691588,-1.2055101811277622,0.1771428244454519,0.0,0,12.1,16.1,14.816669,11.968238,8.172429,3.235006,10.6,13.0,1.3415837703466793,0,46011,8.827,2.224,8.146,305.44,1013.879,13.021,12.495
2017-06-26,Cal Poly Pier,2017-06-26,35.170204,-120.740685,6,2017,0.0,17.2,5.6006474,4.6234636,2.41,0,13.413877166047389,-1.09234691365641,-0.1861904689243861,0.0,0,15.6,12.1,3.4348254,14.816669,2.5602765,8.172429,6.16,10.6,1.211353194172438,0,46011,5.104,1.763,11.934,259.671,1011.823,13.337,13.739
2017-07-03,Cal Poly Pier,2017-07-03,35.170204,-120.740685,7,2017,0.0,13.8,92.597725,12.530788,4.02,0,13.61755068448125,-1.21683671287432,0.2147619156610398,0.0,0,17.2,15.6,5.6006474,3.4348254,4.6234636,2.5602765,2.41,6.16,7.389617077553304,0,46011,8.434,1.923,9.418,286.754,1014.231,13.584,14.075
2017-07-10,Cal Poly Pier,2017-07-10,35.170204,-120.740685,7,2017,0.0,15.3,9.897092,9.12367,7.5,0,14.112652837013712,-1.0526530460397503,0.0680952526274181,0.0,0,13.8,17.2,92.597725,5.6006474,12.530788,4.6234636,4.02,2.41,1.08477093099597,0,46011,6.657,1.598,9.837,267.39,1014.715,13.976,14.408
2017-07-17,Cal Poly Pier,2017-07-17,35.170204,-120.740685,7,2017,0.0,16.5,8.205932,5.4846506,15.0,0,14.6273467200143,-0.8534693702561211,-0.0519048145839146,0.0,0,15.3,13.8,9.897092,92.597725,9.12367,12.530788,7.5,4.02,1.4961631284224377,0,46011,4.956,1.665,12.231,228.573,1014.637,13.935,14.447
2017-07-24,Cal Poly Pier,2017-07-24,35.170204,-120.740685,7,2017,0.059681207,15.8,11.450417,5.2122836,15.7,0,14.7858159785368,-0.9544897742417394,0.1357143038795107,0.0,0,16.5,15.3,8.205932,9.897092,5.4846506,9.12367,15.0,7.5,2.196813887870568,0,46011,6.896,1.963,8.16,308.636,1014.074,14.273,15.335
2017-07-31,Cal Poly Pier,2017-07-31,35.170204,-120.740685,7,2017,0.0,16.1,10.034999,1.4735798,20.6,0,15.096428170496102,-0.8593877348668721,0.152857190086728,0.242857141154153,1,15.8,16.5,11.450417,8.205932,5.2122836,5.4846506,15.7,15.0,6.809946091823463,0,46011,3.618,1.341,9.122,301.643,1015.292,14.267,15.681
2017-08-07,Cal Poly Pier,2017-08-07,35.170204,-120.740685,8,2017,0.0,16.1,15.420972,3.285631,35.15,0,15.405816019797811,-0.7609183473550544,-0.3190476553780692,0.6599999964237213,0,16.1,15.8,10.034999,11.450417,1.4735798,5.2122836,20.6,15.7,4.693458273311885,0,46011,4.56,1.189,13.091,199.798,1014.321,15.676,16.166
2017-08-14,Cal Poly Pier,2017-08-14,35.170204,-120.740685,8,2017,0.0,15.6,18.702024,6.2895584,7.83,0,15.091632434300012,-1.2813264910055666,0.2638095674060639,0.4171428552695683,0,16.1,16.1,15.420972,10.034999,3.285631,1.4735798,35.15,20.6,2.9735035133786183,0,46011,7.121,1.357,8.072,286.321,1013.578,14.968,14.83
2017-08-21,Cal Poly Pier,2017-08-21,35.170204,-120.740685,8,2017,0.0,16.5,19.479252,17.08783,24.8,0,15.436326328588992,-1.0960203765758447,-0.0333333242507208,0.3742857011301176,1,15.6,16.1,18.702024,15.420972,6.2895584,3.285631,7.83,35.15,1.1399488407831773,0,46011,3.453,1.442,10.818,268.143,1014.678,15.596,15.431
2017-08-28,Cal Poly Pier,2017-08-28,35.170204,-120.740685,8,2017,0.0,16.6,10.587433,3.234305,5.63,0,16.088673260747168,-0.540408159092981,0.15285705384754,0.5442856933389392,1,16.5,15.6,19.479252,18.702024,17.08783,6.2895584,24.8,7.83,3.2734800830472084,0,46011,4.663,1.498,9.529,287.743,1013.887,15.962,17.087
2017-09-04,Cal Poly Pier,2017-09-05,35.170204,-120.740685,9,2017,0.0,16.5,26.73589,9.080487,27.05,0,16.55744879586356,-0.146428574940988,0.0480953398204984,3.0171427694814548,1,16.6,16.5,10.587433,19.479252,3.234305,17.08783,5.63,24.8,2.9443233606303276,0,46011,5.751,1.642,9.68,282.006,1010.049,16.553,16.577
2017-09-11,Cal Poly Pier,2017-09-11,35.170204,-120.740685,9,2017,0.0,18.2,9.638225,1.8593177,4.31,0,17.21214276917127,0.4334693754053845,-0.0619048164004371,6.884285529809339,1,16.5,16.6,26.73589,10.587433,9.080487,3.234305,27.05,5.63,5.183742939681583,0,46011,3.923,1.365,13.489,261.5,1014.208,18.078,18.109
2017-09-18,Cal Poly Pier,2017-09-18,35.170204,-120.740685,9,2017,0.0,16.0,8.309464,1.9197592,1.73,0,16.83163256547889,0.0084693923744619,-0.2985714503696987,5.2685712948441505,1,18.2,16.5,9.638225,26.73589,1.8593177,9.080487,4.31,27.05,4.3283886854142954,0,46011,4.145,1.392,10.658,283.696,1013.264,17.784,18.149
2017-09-25,Cal Poly Pier,2017-09-25,35.170204,-120.740685,9,2017,0.0,13.5,14.471368,7.4580746,8.89,0,15.865918110828009,-0.9287754775462104,0.2238095601399739,1.2657142558268135,1,16.0,18.2,8.309464,9.638225,1.9197592,1.8593177,1.73,4.31,1.9403624629874312,0,46011,8.025,1.927,9.9,311.935,1012.806,16.099,15.69
2017-10-02,Cal Poly Pier,2017-10-02,35.170204,-120.740685,10,2017,0.0,14.0,11.536718,4.50103,13.4,0,15.552448700885384,-1.1675509862335665,-0.1290476208641415,0.0799999982118605,0,13.5,16.0,14.471368,8.309464,7.4580746,1.9197592,8.89,1.73,2.5631284394905167,0,46011,6.176,1.606,8.347,302.345,1011.959,16.527,17.073
2017-10-09,Cal Poly Pier,2017-10-09,35.170204,-120.740685,10,2017,0.0,14.7,11.795629,1.2731088,36.2,0,15.589795677029358,-1.0516326296124228,0.0685714085896809,0.0457142846924917,0,14.0,13.5,11.536718,14.471368,4.50103,7.4580746,13.4,8.89,9.26521676701944,0,46011,7.312,2.104,11.595,285.5,1011.755,15.539,15.561
2017-10-16,Cal Poly Pier,2017-10-16,35.170204,-120.740685,10,2017,0.0,15.21,9.724513,0.31399235,14.25,0,15.643979335317807,-0.9040816089670572,-0.2438095183599563,0.0085714283798421,1,14.7,14.0,11.795629,11.536718,1.2731088,4.50103,36.2,13.4,30.970541161273516,0,46011,5.193,2.307,10.852,303.298,1014.134,16.066,16.026
2017-10-30,Cal Poly Pier,2017-10-30,35.170204,-120.740685,10,2017,0.0,13.3,13.262893,3.289874,54.8,0,14.606836416283432,-1.51857139358335,0.1785714285714285,0.0014285713966403,0,15.21,14.7,9.724513,11.795629,0.31399235,1.2731088,14.25,36.2,4.03142886323306,0,46011,4.255,2.351,13.943,286.935,1014.398,15.541,14.385
2017-11-06,Cal Poly Pier,2017-11-06,35.170204,-120.740685,11,2017,0.0,13.4,10.069674,4.906678,54.95,0,15.174897612357626,-0.6841836625672116,0.0395238058907644,0.7242856941052845,1,13.3,15.21,13.262893,9.724513,3.289874,0.31399235,54.8,14.25,2.052238602166272,0,46011,3.262,1.542,12.732,292.149,1015.507,15.03,15.514
2017-11-13,Cal Poly Pier,2017-11-13,35.170204,-120.740685,11,2017,0.0,13.6,7.4812236,3.7993324,45.0,0,15.4686730735156,-0.1248979581405921,-0.22761903490339,1.649999961256981,0,13.4,13.3,10.069674,13.262893,4.906678,3.289874,54.95,54.8,1.969088990476327,0,46011,5.02,1.67,11.619,285.685,1017.999,15.243,16.117
2017-11-20,Cal Poly Pier,2017-11-20,35.170204,-120.740685,11,2017,0.0,13.0,8.689095,6.384089,10.45,0,15.049795462160692,-0.2688775482226391,0.2633332752046131,3.0199999511241913,1,13.6,13.4,7.4812236,10.069674,3.7993324,4.906678,45.0,54.95,1.361054803590614,0,46011,4.862,1.822,11.938,285.0,1018.69,14.97,15.14
2017-11-27,Cal Poly Pier,2017-11-27,35.170204,-120.740685,11,2017,0.0,13.9,9.120508,0.53370667,65.15,0,15.162958729023837,0.1276530596066494,-0.2738094329833984,6.802857047745159,1,13.0,13.6,8.689095,7.4812236,6.384089,3.7993324,10.45,45.0,17.088990100123723,0,46011,5.082,1.486,12.391,295.613,1016.837,16.818,16.615
2017-12-11,Cal Poly Pier,2017-12-11,35.170204,-120.740685,12,2017,0.0,15.8,8.663332,8.251784,3.46,0,14.300203761275936,-0.1617346891791236,-0.0295238040742419,2.259999948952879,1,13.9,13.0,9.120508,8.689095,0.53370667,6.384089,65.15,10.45,1.0498738212245982,0,46011,4.952,1.699,13.904,284.257,1022.474,14.878,15.066
2017-12-18,Cal Poly Pier,2017-12-18,35.170204,-120.740685,12,2017,0.0,13.1,13.665192,2.05415,2.61,0,14.353468992272202,0.1503061188993101,-0.0547618865966796,3.1342856399714947,1,15.8,13.9,8.663332,9.120508,8.251784,0.53370667,3.46,65.15,6.652480101258428,0,46011,5.14,2.497,13.545,288.545,1017.403,15.276,14.989
2017-12-25,Cal Poly Pier,2017-12-26,35.170204,-120.740685,12,2017,0.0,13.1,6.8861527,4.245725,3.64,0,14.191326219208388,0.1770408105827411,0.0966666993640717,3.057142755282777,1,13.1,15.8,13.665192,8.663332,2.05415,8.251784,2.61,3.46,1.6219026668001342,0,46011,4.339,1.624,12.344,297.131,1022.263,12.98,14.329
2018-01-01,Cal Poly Pier,2018-01-02,35.170204,-120.740685,1,2018,0.0,13.5,4.755943,2.1977618,9.05,0,14.46061201484836,0.5846938642540148,0.1190475736345563,8.499999804156166,1,13.1,13.1,6.8861527,13.665192,4.245725,2.05415,3.64,2.61,2.1639938413707984,0,46011,4.273,1.491,13.177,284.512,1019.606,13.87,13.903
2018-01-15,Cal Poly Pier,2018-01-15,35.170204,-120.740685,1,2018,0.0,13.9,9.3428,5.0328026,3.19,0,15.090816040428315,1.4728571097461545,-0.0947619392758324,20.61999953644616,1,13.5,13.1,4.755943,6.8861527,2.1977618,4.245725,9.05,3.64,1.856381174179174,0,46011,6.51,2.495,13.954,285.625,1017.068,14.654,14.618
2018-01-22,Cal Poly Pier,2018-01-23,35.170204,-120.740685,1,2018,0.0,13.7,7.907074,5.1531,1.51,0,14.453979336485572,0.9317346637194256,-0.1328571410406203,13.209999576210976,1,13.9,13.5,9.3428,4.755943,5.0328026,2.1977618,3.19,9.05,1.5344305369583355,0,46011,6.614,3.517,15.231,290.565,1020.661,13.485,14.534
2018-01-29,Cal Poly Pier,2018-01-30,35.170204,-120.740685,1,2018,0.0,13.0,16.800274,17.177198,6.06,0,13.622856801869917,0.1578571374281024,0.01761904216948,3.3799999076873064,1,13.7,13.9,7.907074,9.3428,5.1531,5.0328026,1.51,3.19,0.9780567238032652,0,46011,6.146,2.697,13.582,301.738,1023.381,13.199,13.791
2018-02-05,Cal Poly Pier,2018-02-06,35.170204,-120.740685,2,2018,0.0,14.2,7.985462,2.0117614,12.35,0,13.44530574642882,0.0253061228146662,0.0914285750616163,1.5585714176829373,1,13.0,13.7,16.800274,7.907074,17.177198,5.1531,6.06,1.51,3.969388218702277,0,46011,3.477,1.497,10.947,303.527,1017.733,14.887,13.801
2018-02-12,Cal Poly Pier,2018-02-13,35.170204,-120.740685,2,2018,0.0,13.1,9.815009,3.7028396,3.84,0,13.709387399712387,0.3354081624396601,-0.0414285659790038,4.895714272878,1,14.2,13.0,7.985462,16.800274,2.0117614,17.177198,12.35,6.06,2.6506708527153053,0,46011,4.808,1.503,12.558,277.587,1016.296,13.708,14.151
2018-02-19,Cal Poly Pier,2018-02-20,35.170204,-120.740685,2,2018,0.0,12.1,45.638557,4.843807,3.87,0,13.476020005284523,0.1430612284005904,-0.211904798235212,4.712857097387314,0,13.1,14.2,9.815009,7.985462,3.7028396,2.0117614,3.84,12.35,9.422042827057313,0,46011,6.218,2.163,10.324,310.182,1018.205,13.1,13.712
2018-02-26,Cal Poly Pier,2018-02-26,35.170204,-120.740685,2,2018,0.0,11.1,13.909362,12.873099,3.149,0,12.649387330425029,-0.6525509927649887,0.0185714903331938,1.1871428149087089,0,12.1,13.1,45.638557,9.815009,4.843807,3.7028396,3.87,3.84,1.0804983322197708,0,46011,8.683,2.646,12.209,309.904,1022.657,10.426,12.644
2018-03-05,Cal Poly Pier,2018-03-06,35.170204,-120.740685,3,2018,0.0,12.0,12.043052,10.743239,2.63,0,12.441122103710564,-0.8325509901101492,0.1576190676007952,0.2228571357471602,1,11.1,12.1,13.909362,45.638557,12.873099,4.843807,3.149,3.87,1.1209889308056908,0,46011,6.329,2.607,11.971,299.952,1018.799,10.965,12.553
2018-03-12,Cal Poly Pier,2018-03-13,35.170204,-120.740685,3,2018,0.0,13.2,8.80259,4.6503553,6.06,0,13.128469107102374,-0.1165306121110916,-0.0247619719732375,2.814285608274596,1,12.0,11.1,12.043052,13.909362,10.743239,12.873099,2.63,3.149,1.8928854747937216,0,46011,3.913,1.424,13.201,284.869,1017.942,12.761,13.424
2018-03-19,Cal Poly Pier,2018-03-19,35.170204,-120.740685,3,2018,0.0,12.8,7.4568415,1.8729241,4.87,0,13.393775200357242,0.1759183603357903,-0.0580952053978329,3.345714157181127,1,13.2,12.0,8.80259,12.043052,4.6503553,10.743239,6.06,2.63,3.981390116129105,0,46011,4.813,1.921,12.084,300.563,1017.219,12.534,13.763
2018-03-26,Cal Poly Pier,2018-03-26,35.170204,-120.740685,3,2018,0.0,12.1,11.940728,7.359555,1.53,0,12.95744869660358,-0.2325510140318347,0.0176190421694801,0.7657142558268138,0,12.8,13.2,7.4568415,8.80259,1.8729241,4.6503553,4.87,6.06,1.622479620031374,0,46011,7.014,1.955,11.402,279.898,1017.403,12.653,13.523
2018-04-02,Cal Poly Pier,2018-04-03,35.170204,-120.740685,4,2018,0.0,14.0,4.9024835,1.1973405,4.15,0,12.761836489852596,-0.3996938655000864,-0.0204762050083705,0.0114285711731229,0,12.1,12.8,11.940728,7.4568415,7.359555,1.8729241,1.53,4.87,4.094477301987196,0,46011,5.404,1.788,10.535,298.22,1018.639,12.193,13.645
2018-04-09,Cal Poly Pier,2018-04-10,35.170204,-120.740685,4,2018,0.0,14.1,18.010237,18.925335,2.65,0,12.633775263416524,-0.5005101939017067,-0.1714285441807337,0.0,0,14.0,12.1,4.9024835,11.940728,1.1973405,7.359555,4.15,1.53,0.951646932537786,0,46011,6.626,1.536,12.016,261.446,1016.38,13.167,13.639
2018-04-16,Cal Poly Pier,2018-04-17,35.170204,-120.740685,4,2018,0.0,11.3,16.803072,14.852707,2.45,0,12.009897718624192,-1.1066326368219996,-0.0442857288178943,0.0,0,14.1,14.0,18.010237,4.9024835,18.925335,1.1973405,2.65,4.15,1.1313137733074516,0,46011,7.641,2.809,13.101,300.304,1019.738,12.95,12.691
2018-04-23,Cal Poly Pier,2018-04-24,35.170204,-120.740685,4,2018,0.0,14.6,0.0,1.365846,6.74,0,11.631122180393763,-1.5072448746282228,0.008095241728283,0.0,0,11.3,14.1,16.803072,18.010237,14.852707,18.925335,2.45,2.65,0.0,0,46011,7.07,2.4,11.664,299.125,1018.82,12.04,12.132
2018-04-30,Cal Poly Pier,2018-05-01,35.170204,-120.740685,5,2018,0.0,11.7,19.360046,17.41037,1.72,0,11.506428339043442,-1.68877547188681,0.066190447126116,0.0,0,14.6,11.3,0.0,16.803072,1.365846,14.852707,6.74,2.45,1.1119836051732388,0,46011,5.891,1.935,13.548,291.512,1017.295,12.312,12.655
2018-05-07,Cal Poly Pier,2018-05-08,35.170204,-120.740685,5,2018,0.121340625,13.1,7.679804,6.1313453,6.65,1,11.566938555970482,-1.6917346460478646,0.0252381279355003,0.0,0,11.7,14.6,19.360046,0.0,17.41037,1.365846,1.72,6.74,1.252547952241411,1,46011,7.408,1.87,9.399,305.976,1017.875,12.203,12.154
2018-05-14,Cal Poly Pier,2018-05-15,35.170204,-120.740685,5,2018,0.0,12.7,13.820899,10.126696,4.83,0,12.034183434077672,-1.2948979233600657,-0.0523809705461774,0.0,0,13.1,11.7,7.679804,19.360046,6.1313453,17.41037,6.65,1.72,1.3647984495634111,0,46011,7.944,2.346,9.082,314.395,1015.01,12.396,12.757
2018-05-21,Cal Poly Pier,2018-05-22,35.170204,-120.740685,5,2018,0.0,12.1,19.826996,13.503109,0.93,0,12.161530300062529,-1.277040785368608,0.1214285805111839,0.0,0,12.7,13.1,13.820899,7.679804,10.126696,6.1313453,4.83,6.65,1.4683282198195986,0,46011,6.421,1.731,10.294,285.964,1016.247,12.967,13.017
2018-05-28,Cal Poly Pier,2018-05-29,35.170204,-120.740685,5,2018,0.0,13.9,11.568606,10.407722,5.59,0,12.16520373675288,-1.4354081251183337,-0.0609523682367233,0.0,0,12.1,12.7,19.826996,13.820899,13.503109,10.126696,0.93,4.83,1.1115406426113228,0,46011,5.288,1.826,11.919,262.72,1016.249,12.46,12.721
2018-06-04,Cal Poly Pier,2018-06-05,35.170204,-120.740685,6,2018,0.0,16.2,12.849232,9.303178,2.71,0,12.217244625091553,-1.5649999684217024,-0.0095238458542596,0.0,0,13.9,12.1,11.568606,19.826996,10.407722,13.503109,5.59,0.93,1.3811658768648734,0,46011,5.454,1.953,9.254,305.814,1013.796,12.42,12.267
2018-06-11,Cal Poly Pier,2018-06-11,35.170204,-120.740685,6,2018,0.15215647,13.0,19.493319,13.605782,3.24,1,12.237958927543795,-1.7270407846995763,0.140000025431315,0.0,0,16.2,13.9,12.849232,11.568606,9.303178,10.407722,2.71,5.59,1.4327231613735985,1,46011,9.104,2.294,8.773,305.649,1014.352,12.386,12.115
2018-06-18,Cal Poly Pier,2018-06-18,35.170204,-120.740685,6,2018,0.0,14.9,7.8699055,1.4693886,6.4,0,12.578469149920403,-1.5992856658234889,-0.0423809687296549,0.0,0,13.0,16.2,19.493319,12.849232,13.605782,9.303178,3.24,2.71,5.355904830076945,0,46011,5.92,2.194,9.814,301.452,1010.778,12.217,12.021
2018-06-25,Cal Poly Pier,2018-06-25,35.170204,-120.740685,6,2018,0.0,14.9,30.260422,3.5155585,5.86,0,13.230407958128014,-1.231224447564811,0.3200000127156575,0.1128571374075753,1,14.9,13.0,7.8699055,19.493319,1.4693886,13.605782,6.4,3.24,8.607571741445918,0,46011,6.307,1.864,10.146,286.946,1013.809,12.548,12.4
2018-07-02,Cal Poly Pier,2018-07-02,35.170204,-120.740685,7,2018,0.0,17.0,8.992636,0.43602645,5.07,0,14.543162968693949,-0.2444897888190284,0.0647619338262649,4.35285701070513,1,14.9,14.9,30.260422,7.8699055,3.5155585,1.4693886,5.86,6.4,20.624060765121012,0,46011,4.745,1.668,10.814,279.018,1014.833,13.812,14.452
2018-07-09,Cal Poly Pier,2018-07-09,35.170204,-120.740685,7,2018,0.0,16.9,10.578787,4.7832303,4.35,0,15.225101665574678,0.1079591801199985,-0.1671429134550548,5.60714271238872,0,17.0,14.9,8.992636,30.260422,0.43602645,3.5155585,5.07,5.86,2.211640739940956,0,46011,5.77,1.845,10.36,277.935,1014.908,15.283,15.576
2018-07-16,Cal Poly Pier,2018-07-16,35.170204,-120.740685,7,2018,0.0,16.3,28.306562,5.920737,2.48,0,14.721428170496106,-0.7176530356613957,0.1966666721162341,1.4099999793938227,1,16.9,17.0,10.578787,8.992636,4.7832303,0.43602645,4.35,5.07,4.780918659281776,0,46011,6.504,1.732,9.45,290.274,1014.933,14.829,14.841
2018-07-23,Cal Poly Pier,2018-07-23,35.170204,-120.740685,7,2018,0.0,20.1,24.27892,1.1264915,12.16,0,14.559081262471723,-1.149387727890696,-0.3309523718697684,0.1499999910593032,0,16.3,16.9,28.306562,10.578787,5.920737,4.7832303,2.48,4.35,21.552688147225258,0,46011,3.868,1.207,11.116,278.774,1015.748,14.841,15.939
2018-07-30,Cal Poly Pier,2018-07-30,35.170204,-120.740685,7,2018,0.0,16.9,15.590737,1.9926003,5.57,0,14.136530253351951,-1.789591823457455,0.0509523664202008,0.1071428507566451,0,20.1,16.3,24.27892,28.306562,1.1264915,5.920737,12.16,2.48,7.8243173003637505,0,46011,8.389,1.993,11.055,270.208,1014.915,14.19,14.701
2018-08-06,Cal Poly Pier,2018-08-06,35.170204,-120.740685,8,2018,0.0,17.3,14.181547,2.0209794,5.51,0,13.849081272981604,-2.2868367070142104,0.2795238949003674,0.0,0,16.9,20.1,15.590737,24.27892,1.9926003,1.1264915,5.57,12.16,7.017165538649231,0,46011,6.729,1.768,7.646,307.101,1013.55,13.224,13.517
2018-08-13,Cal Poly Pier,2018-08-14,35.170204,-120.740685,8,2018,0.0,18.0,9.425088,2.083299,12.76,0,15.23051001101124,-1.113877528023963,0.2285713922409784,2.829999932221004,1,17.3,16.9,14.181547,15.590737,2.0209794,1.9926003,5.51,5.57,4.524116797444822,0,46011,5.444,1.515,9.52,253.868,1013.445,13.25,14.216
2018-08-20,Cal Poly Pier,2018-08-21,35.170204,-120.740685,8,2018,0.0,19.3,6.833485,1.9247638,2.76,0,16.767346771395935,0.2534693801889614,-0.0071429298037574,6.808571223701749,1,18.0,17.3,9.425088,14.181547,2.083299,2.0209794,12.76,5.51,3.5502979638332763,0,46011,6.023,1.376,15.036,195.315,1015.498,15.108,17.129
2018-08-27,Cal Poly Pier,2018-08-27,35.170204,-120.740685,8,2018,0.0,16.9,14.688793,3.7747962,5.95,0,17.06591814391467,0.446734679216633,-0.1647617703392392,6.744285502604076,1,19.3,18.0,6.833485,9.425088,1.9247638,2.083299,2.76,12.76,3.891281071015172,0,46011,5.411,1.194,10.545,275.345,1015.596,16.137,17.74
2018-09-03,Cal Poly Pier,2018-09-03,35.170204,-120.740685,9,2018,0.0,17.2,6.5493364,0.47220957,5.21,0,16.62142837290861,-0.0725510219036011,0.0552379971458798,3.2171427735260556,1,16.9,19.3,14.688793,6.833485,3.7747962,1.9247638,5.95,2.76,13.869554570865642,0,46011,7.255,1.553,8.658,305.292,1014.352,16.367,17.521
2018-09-10,Cal Poly Pier,2018-09-11,35.170204,-120.740685,9,2018,0.0,17.0,6.213406,3.4060736,2.94,0,16.095305802870772,-0.6720407960024112,-0.1957142693655831,0.7957142719200679,0,17.2,16.9,6.5493364,14.688793,0.47220957,3.7747962,5.21,5.95,1.8242136634980524,0,46011,5.176,1.628,9.503,273.131,1013.68,15.462,16.49
2018-09-17,Cal Poly Pier,2018-09-18,35.170204,-120.740685,9,2018,0.0,16.6,7.745343,0.39328992,9.67,0,15.466632239672602,-1.354081590716936,0.0509523664202008,0.3442857095173427,0,17.0,17.2,6.213406,6.5493364,3.4060736,0.47220957,2.94,5.21,19.69372365302421,0,46011,8.561,2.071,11.377,262.376,1012.324,15.005,15.285
2018-09-24,Cal Poly Pier,2018-09-24,35.170204,-120.740685,9,2018,0.0,16.4,10.726931,1.4257947,22.24,0,15.21826490090818,-1.585101990979545,0.1038095837547665,0.0,0,16.6,17.0,7.745343,6.213406,0.39328992,3.4060736,9.67,2.94,7.52347515389137,0,46011,6.735,1.476,11.195,260.234,1012.884,14.198,15.271
2018-10-01,Cal Poly Pier,2018-10-01,35.170204,-120.740685,10,2018,0.0,16.6,8.553751,3.5447712,7.45,0,15.913367018407705,-0.8179591529223383,0.0461903526669456,0.5642857040677752,1,16.4,16.6,10.726931,7.745343,1.4257947,0.39328992,22.24,9.67,2.41306152566349,0,46011,3.799,1.151,12.346,240.946,1013.312,14.563,15.65
2018-10-08,Cal Poly Pier,2018-10-08,35.170204,-120.740685,10,2018,0.0,17.1,10.308039,5.5607953,8.18,0,16.508162907191686,-0.1446938723781887,0.2209523518880208,2.708571344614029,1,16.6,16.4,8.553751,10.726931,3.5447712,1.4257947,7.45,22.24,1.853698696659451,0,46011,5.985,1.838,11.992,259.405,1012.306,16.346,17.131
2018-10-15,Cal Poly Pier,2018-10-15,35.170204,-120.740685,10,2018,0.0,17.8,5.535264,3.734765,11.63,0,17.25428528688392,0.6888775335130644,-0.0338094802129835,11.824285400765282,1,17.1,16.6,10.308039,8.553751,5.5607953,3.5447712,8.18,7.45,1.4820916443203254,0,46011,3.09,1.939,12.158,273.319,1010.508,16.62,17.568
2018-10-22,Cal Poly Pier,2018-10-22,35.170204,-120.740685,10,2018,0.0,18.5,7.8318987,4.0163097,2.22,0,17.454081204472754,1.0458162979850052,-0.2742856797717866,14.984285309112495,1,17.8,17.1,5.535264,10.308039,3.734765,5.5607953,11.63,8.18,1.9500236000226776,0,46011,5.824,1.619,14.159,264.214,1016.882,16.652,17.896
2018-10-29,Cal Poly Pier,2018-10-29,35.170204,-120.740685,10,2018,0.0,16.5,10.463672,5.4692025,4.49,0,16.30061181710691,0.1362244806879637,-0.0319047201247442,5.351428405514786,0,18.5,17.8,7.8318987,5.535264,4.0163097,3.734765,2.22,11.63,1.9131988621741471,0,46011,8.076,2.194,12.136,285.15,1015.178,15.828,16.332
2018-11-05,Cal Poly Pier,2018-11-05,35.170204,-120.740685,11,2018,0.0,16.0,8.548579,3.3857343,10.66,0,15.901632367348183,0.0053061131121856,0.2633332752046131,4.54142838477024,1,16.5,18.5,10.463672,7.8318987,5.4692025,4.0163097,4.49,2.22,2.5248818254876055,0,46011,7.024,2.409,10.485,295.733,1016.914,16.062,15.618
2018-11-12,Cal Poly Pier,2018-11-12,35.170204,-120.740685,11,2018,0.0,16.6,3.2355247,2.6105664,2.52,0,16.98030572034875,1.3510203659534454,0.0880951654343377,20.16999939084053,1,16.0,16.5,8.548579,10.463672,3.3857343,5.4692025,10.66,4.49,1.2393956729083773,0,46011,4.87,1.81,10.568,296.756,1014.773,15.782,16.376
2018-11-19,Cal Poly Pier,2018-11-19,35.170204,-120.740685,11,2018,0.0,16.7,5.2900014,3.288567,6.78,0,17.748060654620733,2.3901019862719943,-0.0790475209554036,33.46142780780792,1,16.6,16.0,3.2355247,8.548579,2.6105664,3.3857343,2.52,10.66,1.6086038082848853,0,46011,2.851,1.336,13.012,256.82,1020.605,16.408,17.5
2018-11-26,Cal Poly Pier,2018-11-26,35.170204,-120.740685,11,2018,0.0,16.4,10.856743,3.9387994,7.9,0,17.504795473449086,2.4280611653717195,-0.2228571119762602,33.99285631520407,1,16.7,16.6,5.2900014,3.2355247,3.288567,2.6105664,6.78,2.52,2.7563584477036325,0,46011,5.782,1.755,11.886,274.685,1018.101,16.262,17.009
2018-12-03,Cal Poly Pier,2018-12-03,35.170204,-120.740685,12,2018,0.0,14.9,12.60523,10.191737,1.53,0,16.430305733972666,1.6395917936247224,-0.1361905052548362,22.95428511074611,1,16.4,16.7,10.856743,5.2900014,3.9387994,3.288567,7.9,6.78,1.2368087991281564,0,46011,7.335,3.048,13.463,292.018,1015.601,15.335,16.554
2018-12-03,Cal Poly Pier,2018-12-09,35.170204,-120.740685,12,2018,0.0,14.8,5.6553,5.9372,4.72,0,16.430305733972666,1.6395917936247224,-0.1361905052548362,22.95428511074611,1,14.9,16.4,12.60523,10.856743,10.191737,3.9387994,1.53,7.9,0.9525197062588426,0,46011,7.335,3.048,13.463,292.018,1015.601,15.335,16.554
2018-12-10,Cal Poly Pier,2018-12-16,35.170204,-120.740685,12,2018,0.0,14.45,9.0808,9.5118,3.12,0,15.275917967971491,0.7718367205590618,-0.0119047619047618,10.805714087826866,1,14.8,14.9,5.6553,12.60523,5.9372,10.191737,4.72,1.53,0.9546878613932168,0,46011,5.243,1.917,13.127,278.31,1017.45,14.532,15.237
2018-12-31,Cal Poly Pier,2018-12-31,35.170204,-120.740685,12,2018,0.0,14.1,11.9614,10.385,2.57,0,13.849489387200803,-0.045408156757452,-0.0357143311273483,4.999999897820609,0,14.45,14.8,9.0808,5.6553,9.5118,5.9372,3.12,4.72,1.1517958594126143,0,46011,8.104,3.01,12.628,306.768,1019.537,13.361,14.229
2019-01-07,Cal Poly Pier,2019-01-09,35.170204,-120.740685,1,2019,0.0,13.75,9.88815,7.8241,1.67,0,13.29642813546317,-0.4680612056839223,0.1766667138962518,1.4842856909547533,1,14.1,14.45,11.9614,9.0808,10.385,9.5118,2.57,3.12,1.263806699812119,0,46011,5.277,2.367,12.813,305.051,1017.498,12.282,13.535
2019-01-14,Cal Poly Pier,2019-01-14,35.170204,-120.740685,1,2019,0.0,13.4,7.8149,5.2632,1.54,0,13.93653020080255,0.3004081600478717,0.0938094911121186,7.069999850222042,1,13.75,14.1,9.88815,11.9614,7.8241,10.385,1.67,2.57,1.4848191214470283,0,46011,6.152,2.956,12.205,273.619,1017.893,13.289,13.688
2019-01-14,Cal Poly Pier,2019-01-20,35.170204,-120.740685,1,2019,0.0,14.4,23.3176,21.8171,2.5,0,13.93653020080255,0.3004081600478717,0.0938094911121186,7.069999850222042,1,13.4,13.75,7.8149,9.88815,5.2632,7.8241,1.54,1.67,1.0687763268262052,0,46011,6.152,2.956,12.205,273.619,1017.893,13.289,13.688
2019-01-21,Cal Poly Pier,2019-01-27,35.170204,-120.740685,1,2019,0.0,14.3,18.2368,18.6618,1.86,0,14.596632198411593,1.0627550773170529,0.0204762050083705,14.87857108243874,1,14.4,13.4,23.3176,7.8149,21.8171,5.2632,2.5,1.54,0.9772262054035517,0,46011,7.871,3.241,14.077,266.398,1018.227,14.26,14.184
2019-01-28,Cal Poly Pier,2019-02-03,35.170204,-120.740685,2,2019,0.0,14.3,16.411,6.5767,4.47,0,14.86744853428432,1.3958162969472456,-0.1076190131051199,19.54142815726144,1,14.3,14.4,18.2368,23.3176,18.6618,21.8171,1.86,2.5,2.4953244028160024,0,46011,5.605,2.231,12.216,300.251,1022.811,14.163,14.759
2019-02-04,Cal Poly Pier,2019-02-10,35.170204,-120.740685,2,2019,0.0,13.8,10.5227,3.3024,1.66,0,14.61346909464622,1.1884693588529314,-0.0328571682884579,16.63857102394104,1,14.3,14.3,16.411,18.2368,6.5767,18.6618,4.47,1.86,3.1863796027131785,0,46011,7.059,2.264,13.1,278.419,1011.807,13.732,14.309
2019-02-11,Cal Poly Pier,2019-02-17,35.170204,-120.740685,2,2019,0.0,13.4,38.7072,7.8033,1.88,0,14.147550796975894,0.7677550823712835,-0.0395238058907644,10.74857115319797,1,13.8,14.3,10.5227,16.411,3.3024,6.5767,1.66,4.47,4.960362923378571,0,46011,6.377,2.676,13.884,297.345,1016.533,11.495,13.904
2019-02-18,Cal Poly Pier,2019-02-24,35.170204,-120.740685,2,2019,0.0,13.2,24.71,9.9276,3.16,0,13.78050998765595,0.4414285635385586,-0.1376190639677501,6.694285598716566,1,13.4,13.8,38.7072,10.5227,7.8033,3.3024,1.88,1.66,2.4890205084814054,0,46011,8.869,3.277,12.839,271.747,1016.038,12.277,13.715
2019-02-25,Cal Poly Pier,2019-03-03,35.170204,-120.740685,3,2019,0.0,13.9,51.4387,14.4044,3.15,0,13.242142570262052,-0.0652040808404586,0.0623809723626999,2.129999952124698,1,13.2,13.4,24.71,38.7072,9.9276,7.8033,3.16,1.88,3.5710407930909995,0,46011,6.882,2.691,11.356,308.595,1018.243,11.086,13.161
2019-03-04,Cal Poly Pier,2019-03-10,35.170204,-120.740685,3,2019,0.0,13.8,22.1043,8.8742,0.99,0,13.119285398600054,-0.1606122421252787,-0.0266666412353515,0.5814285531107869,1,13.9,13.2,51.4387,24.71,14.4044,9.9276,3.15,3.16,2.4908498794257508,0,46011,5.386,1.706,12.409,285.881,1017.716,12.729,13.172
2019-03-11,Cal Poly Pier,2019-03-17,35.170204,-120.740685,3,2019,0.0,16.2,47.0918,19.3608,2.01,0,13.091632444031385,-0.1583673426577327,-0.0723809741792224,0.5899999820228133,0,13.8,13.9,22.1043,51.4387,8.8742,14.4044,0.99,3.15,2.4323271765629517,0,46011,5.574,1.806,11.144,273.449,1016.023,12.076,13.209
2019-03-18,Cal Poly Pier,2019-03-24,35.170204,-120.740685,3,2019,0.0,13.8,7.0813,4.2125,1.72,0,12.875816072736468,-0.3453061120888712,0.0742856888543991,0.1057142828192029,1,16.2,13.8,47.0918,22.1043,19.3608,8.8742,2.01,0.99,1.681020771513353,0,46011,6.854,2.855,13.864,304.815,1017.664,12.941,13.201
2019-03-25,Cal Poly Pier,2019-03-31,35.170204,-120.740685,3,2019,0.0,14.6,25.830507,12.245053,1.14,0,13.125305759663483,-0.0689795888504203,0.0595238095238094,1.834285675414971,1,13.8,16.2,7.0813,47.0918,4.2125,19.3608,1.72,2.01,2.1094646956611784,0,46011,4.348,2.419,14.554,280.994,1018.547,12.933,13.666
2019-04-01,Cal Poly Pier,2019-04-07,35.170204,-120.740685,4,2019,0.0,16.4,4.564857,2.26667,4.64,0,13.711632251739502,0.5438775341311584,0.1114285786946614,7.979999756174428,1,14.6,13.8,25.830507,7.0813,12.245053,4.2125,1.14,1.72,2.013904538375679,0,46011,5.223,2.183,12.846,294.814,1020.506,13.657,13.786
2019-04-08,Cal Poly Pier,2019-04-14,35.170204,-120.740685,4,2019,0.0,13.5,22.548237,16.529255,5.39,0,13.707754670357218,0.5689795772183914,-0.3995237350463867,10.557142548263071,1,16.4,14.6,4.564857,25.830507,2.26667,12.245053,4.64,1.14,1.3641411545771422,0,46011,4.208,1.763,15.294,280.083,1017.6,13.877,14.286
2019-04-15,Cal Poly Pier,2019-04-21,35.170204,-120.740685,4,2019,0.0,12.9,10.268868,1.3676497,2.74,0,12.82265277784698,-0.2928571271881157,0.1499999364217122,4.408571324710335,0,13.5,16.4,22.548237,4.564857,16.529255,2.26667,5.39,4.64,7.508405112800448,0,46011,9.82,3.383,11.447,310.778,1018.449,13.047,13.337
2019-04-22,Cal Poly Pier,2019-04-28,35.170204,-120.740685,4,2019,0.0,13.9,1.143643,1.4782412,1.54,0,12.554591538954751,-0.5761224281194867,0.1752380643572126,0.6985714089657579,1,12.9,13.5,10.268868,22.548237,1.3676497,16.529255,2.74,5.39,0.7736511470523213,0,46011,6.65,1.993,12.947,294.196,1016.783,12.364,13.332
2019-04-29,Cal Poly Pier,2019-05-05,35.170204,-120.740685,5,2019,0.0,14.5,12.004095,12.694315,0.86,0,13.32285668898602,0.1356122425320196,-0.0061904816400437,4.859999871679714,1,13.9,12.9,1.143643,10.268868,1.4782412,1.3676497,1.54,2.74,0.9456276293758268,0,46011,3.514,1.522,10.156,297.411,1015.428,12.82,13.8
2019-05-06,Cal Poly Pier,2019-05-12,35.170204,-120.740685,5,2019,0.0,15.2,12.712773,6.207154,13.93,0,13.873264886895004,0.620204065375182,0.0419047673543294,8.79714262698378,1,14.5,13.9,12.004095,1.143643,12.694315,1.4782412,0.86,1.54,2.0480840333589274,0,46011,4.257,1.253,13.426,247.982,1014.09,13.176,14.148
2019-05-20,Cal Poly Pier,2019-05-20,35.170204,-120.740685,5,2019,0.18,13.4,26.947468,16.155373,3.93,1,13.343877043042864,-0.0713265257298337,-0.1309523355393182,2.402857106178999,1,15.2,14.5,12.712773,12.004095,6.207154,12.694315,13.93,0.86,1.66801893091543,1,46011,6.16,1.937,14.494,234.036,1015.162,13.654,13.694
2019-05-20,Cal Poly Pier,2019-05-26,35.170204,-120.740685,5,2019,0.04,12.4,45.024525,18.072498,4.07,0,13.343877043042864,-0.0713265257298337,-0.1309523355393182,2.402857106178999,1,13.4,15.2,26.947468,12.712773,16.155373,6.207154,3.93,13.93,2.491328260210625,0,46011,6.16,1.937,14.494,234.036,1015.162,13.654,13.694
2019-05-27,Cal Poly Pier,2019-06-02,35.170204,-120.740685,6,2019,0.39,13.9,4.719858,2.020385,24.68,1,12.492652649782142,-1.079693847411901,-0.0280952453613281,0.0385714277092899,0,12.4,13.4,45.024525,26.947468,18.072498,16.155373,4.07,3.93,2.336118116101634,1,46011,5.422,2.741,11.903,297.821,1013.377,13.362,13.41
2019-06-03,Cal Poly Pier,2019-06-09,35.170204,-120.740685,6,2019,0.0,15.6,8.578071,3.8527017,3.37,0,12.184387460046889,-1.571020365977774,0.0947618938627697,0.0,0,13.9,12.4,4.719858,45.024525,2.020385,18.072498,24.68,4.07,2.2265079593366908,0,46011,5.429,1.586,12.387,253.607,1013.986,12.572,12.689
2019-06-10,Cal Poly Pier,2019-06-16,35.170204,-120.740685,6,2019,0.0,15.6,6.806257,1.3474587,10.1,0,13.08173434588374,-0.85744895702418,0.226666632152739,1.5557142394993986,1,15.6,13.9,8.578071,4.719858,3.8527017,2.020385,3.37,24.68,5.051180418368295,0,46011,4.679,1.854,10.206,290.761,1013.695,13.064,13.023
2019-06-17,Cal Poly Pier,2019-06-23,35.170204,-120.740685,6,2019,0.0,17.0,11.816812,1.5621452,18.41,0,14.174795442697953,0.0315306115211272,0.0757142929803757,4.0457141777234416,1,15.6,15.6,6.806257,8.578071,1.3474587,3.8527017,10.1,3.37,7.564477361003318,0,46011,2.818,1.15,11.875,233.667,1014.854,14.142,14.545
2019-06-24,Cal Poly Pier,2019-06-30,35.170204,-120.740685,6,2019,0.0,17.0,8.318139,0.9635955,8.4,0,14.6733668969602,0.2572448927985162,-0.1428570974440801,4.561428469206605,1,17.0,15.6,11.816812,6.806257,1.5621452,1.3474587,18.41,10.1,8.632397100235524,0,46011,0.669,1.804,10.615,309.739,1013.943,14.193,14.949
2019-07-01,Cal Poly Pier,2019-07-07,35.170204,-120.740685,7,2019,0.0,15.8,15.75358,1.4865578,12.55,0,14.197040470278994,-0.5443877433331645,-0.0952380952380952,2.1942856716258183,0,17.0,17.0,8.318139,11.816812,0.9635955,1.5621452,8.4,18.41,10.597354505825471,0,46011,3.113,1.637,8.049,301.119,1015.324,14.265,14.482
2019-07-08,Cal Poly Pier,2019-07-14,35.170204,-120.740685,7,2019,0.0,18.1,12.4488945,2.940359,5.62,0,13.53612218584333,-1.5345918131726128,-0.0123809632800874,0.122857140643256,0,15.8,17.0,15.75358,8.318139,1.4865578,0.9635955,12.55,8.4,4.233800872614535,0,46011,,1.886,8.88,288.629,1015.538,13.368,13.387
2019-07-15,Cal Poly Pier,2019-07-21,35.170204,-120.740685,7,2019,0.0,16.2,21.487415,2.1507227,41.74,0,13.330714001947518,-2.063469365543249,0.1785713831583658,0.0,0,18.1,15.8,12.4488945,15.75358,2.940359,1.4865578,5.62,12.55,9.990788212724958,0,46011,,1.673,11.434,254.946,1015.338,13.135,12.892
2019-07-22,Cal Poly Pier,2019-07-28,35.170204,-120.740685,7,2019,0.0,17.9,17.941954,2.1950686,4.59,0,13.776836297949966,-1.8946938453888404,-0.0580952053978329,0.0,0,16.2,18.1,21.487415,12.4488945,2.1507227,2.940359,41.74,5.62,8.173755480808207,0,46011,,1.577,11.476,269.792,1014.001,14.235,14.283
2019-07-29,Cal Poly Pier,2019-08-04,35.170204,-120.740685,8,2019,0.0,16.6,16.980461,0.68231964,8.78,0,14.024693430686485,-1.8703060849588744,-0.0352381297520229,0.0,0,17.9,16.2,17.941954,21.487415,2.1950686,2.1507227,4.59,41.74,24.886372902881703,0,46011,,1.358,9.588,276.149,1015.66,14.203,14.983
2019-08-05,Cal Poly Pier,2019-08-11,35.170204,-120.740685,8,2019,0.0,18.2,17.29481,1.2879332,15.72,0,13.78806090841488,-2.3176530246831932,0.0342857724144344,0.0,0,16.6,17.9,16.980461,17.941954,0.68231964,2.1950686,8.78,4.59,13.428343954484596,0,46011,,1.754,7.893,300.449,1014.973,14.102,14.993
2019-08-12,Cal Poly Pier,2019-08-17,35.170204,-120.740685,8,2019,0.0,16.5,8.284204,1.859275,11.87,0,13.898775275872678,-2.4167346406956107,0.1395237786429269,0.0,0,18.2,16.6,17.29481,16.980461,1.2879332,0.68231964,15.72,8.78,4.4556098479245945,0,46011,,1.345,10.425,250.542,1014.629,14.358,14.253
2019-08-19,Cal Poly Pier,2019-08-25,35.170204,-120.740685,8,2019,0.0,18.2,8.768306,0.20945238,26.58,0,14.356326219986896,-2.1391836173680363,-0.0085713976905459,0.0,0,16.5,18.2,8.284204,17.29481,1.859275,1.2879332,11.87,15.72,41.86300485103106,0,46011,,1.468,9.568,281.101,1013.914,14.68,14.942
2019-08-26,Cal Poly Pier,2019-09-01,35.170204,-120.740685,9,2019,0.0,18.8,9.089811,0.4587708,13.59,0,14.866938415838748,-1.743265261455458,0.1109523773193359,0.0,0,18.2,16.5,8.768306,8.284204,0.20945238,1.859275,26.58,11.87,19.813403555762484,0,46011,,1.591,10.825,274.238,1012.93,15.547,15.283
2019-09-02,Cal Poly Pier,2019-09-08,35.170204,-120.740685,9,2019,0.0,16.1,17.833042,0.0,27.75,0,15.29224459978999,-1.3927550623003315,-0.1433333442324683,0.0,0,18.8,18.2,9.089811,8.768306,0.4587708,0.20945238,13.59,26.58,,0,46011,,1.09,10.172,272.18,1013.706,15.641,15.804
2019-09-09,Cal Poly Pier,2019-09-15,35.170204,-120.740685,9,2019,0.0,18.6,13.435241,0.8349282,346.06,0,15.229591535062209,-1.528673421971652,0.2166666757492792,0.0,0,16.1,18.8,17.833042,9.089811,0.0,0.4587708,27.75,13.59,16.091492657692,0,46011,,1.648,10.605,289.863,1014.592,15.517,15.265
2019-09-16,Cal Poly Pier,2019-09-22,35.170204,-120.740685,9,2019,0.0,16.7,12.14677,0.32081378,5.9,0,15.034183356226707,-1.7826529957202015,-0.2457142784481956,0.0,0,18.6,16.1,13.435241,17.833042,0.8349282,0.0,346.06,27.75,37.86236987700466,0,46011,,1.746,11.19,274.417,1013.43,15.767,15.157
2019-09-23,Cal Poly Pier,2019-09-29,35.170204,-120.740685,9,2019,0.0,16.1,8.75633,0.40000668,28.44,0,15.146938469945168,-1.6626529912559354,0.1661904652913411,0.0,0,16.7,18.6,12.14677,13.435241,0.32081378,0.8349282,5.9,346.06,21.89045942932753,0,46011,,1.815,10.664,292.673,1013.057,16.089,16.008
2019-09-30,Cal Poly Pier,2019-10-06,35.170204,-120.740685,10,2019,0.0,15.8,8.349327,0.0,5.72,0,14.976122087361862,-1.7655101454987818,-0.1609523864019484,0.0,0,16.1,16.7,8.75633,12.14677,0.40000668,0.32081378,28.44,5.9,,0,46011,,2.276,10.51,304.53,1012.087,15.954,16.057
2019-10-07,Cal Poly Pier,2019-10-13,35.170204,-120.740685,10,2019,0.0,14.5,17.472137,1.4639354,61.32,0,14.69622416398963,-1.9679591540171175,0.0219047637212844,0.0,0,15.8,16.1,8.349327,8.75633,0.0,0.40000668,5.72,28.44,11.935046450820169,0,46011,,1.965,9.957,293.905,1014.839,14.691,14.821
2019-10-14,Cal Poly Pier,2019-10-20,35.170204,-120.740685,10,2019,0.0,14.6,18.960377,0.30983326,13.3,0,14.541224255853772,-2.0410203909387397,-0.1552380607241676,0.0,0,14.5,15.8,17.472137,8.349327,1.4639354,0.0,61.32,5.72,61.19542169229992,0,46011,,1.545,10.726,284.988,1012.689,13.742,14.517
2019-10-21,Cal Poly Pier,2019-10-27,35.170204,-120.740685,10,2019,0.0,15.8,16.480764,2.691032,13.44,0,14.404489536674657,-2.0319387504108706,0.3342856906709217,0.0,0,14.6,14.5,18.960377,17.472137,0.30983326,1.4639354,13.3,61.32,6.124328510400471,0,46011,,2.395,12.568,295.917,1014.971,14.064,15.04
2019-10-28,Cal Poly Pier,2019-11-03,35.170204,-120.740685,11,2019,0.0,15.7,12.377265,1.1931695,6.63,0,14.865203828227765,-1.3373469148325372,0.0161904380435035,0.0842857126678739,1,15.8,14.6,16.480764,18.960377,2.691032,0.30983326,13.44,13.3,10.37343395049907,0,46011,3.932,1.855,11.627,295.437,1012.591,15.748,15.106
2019-11-04,Cal Poly Pier,2019-11-10,35.170204,-120.740685,11,2019,0.0,17.0,8.261248,0.76086634,7.65,0,15.83561207323658,-0.0999999977838324,0.0823810668218703,3.5642855667642186,1,15.7,15.8,12.377265,16.480764,1.1931695,2.691032,6.63,13.44,10.857686252752355,0,46011,3.325,1.339,13.463,273.571,1017.041,15.136,15.672
2019-11-11,Cal Poly Pier,2019-11-17,35.170204,-120.740685,11,2019,0.0,16.5,11.832111,1.5749307,3.31,0,16.209081494078344,0.5420407966083409,-0.150952520824614,8.315713988883155,1,17.0,15.7,8.261248,12.377265,0.76086634,1.1931695,7.65,6.63,7.512781990979032,0,46011,5.61,1.138,9.596,283.095,1017.553,13.815,16.023
2019-11-18,Cal Poly Pier,2019-11-24,35.170204,-120.740685,11,2019,0.0,14.7,14.586656,5.267152,23.23,0,15.668673164990484,0.27204080671072,-0.1423808960687546,5.612856973494802,1,16.5,17.0,11.832111,8.261248,1.5749307,0.76086634,3.31,7.65,2.7693630257869906,0,46011,4.151,1.769,13.366,279.754,1017.797,14.103,15.384
2019-11-25,Cal Poly Pier,2019-12-01,35.170204,-120.740685,12,2019,0.0,13.2,22.23814,17.154995,3.74,0,14.865611864595996,-0.2532653006135809,-0.0085714431036086,0.7799999815012727,0,14.7,16.5,14.586656,11.832111,5.267152,1.5749307,23.23,3.31,1.296306993968812,0,46011,4.677,2.599,12.514,297.377,1013.218,14.834,15.137
2019-12-02,Cal Poly Pier,2019-12-08,35.170204,-120.740685,12,2019,0.0,15.6,6.952561,0.8238328,9.05,0,14.634897601847744,-0.1973469310193037,0.1457143056960332,1.045714278838464,1,13.2,14.7,22.23814,14.586656,17.154995,5.267152,3.74,23.23,8.439286466865607,0,46011,7.491,2.962,12.113,283.333,1011.287,12.495,14.686
2019-12-09,Cal Poly Pier,2019-12-15,35.170204,-120.740685,12,2019,0.0,14.9,11.168476,5.874624,3.21,0,15.061734335763116,0.517959186161051,-0.0223810105096726,8.585714263575417,1,15.6,13.2,6.952561,22.23814,0.8238328,17.154995,9.05,3.74,1.9011388643766816,0,46011,6.681,2.24,12.406,274.802,1016.887,14.902,14.848
2019-12-16,Cal Poly Pier,2019-12-22,35.170204,-120.740685,12,2019,0.0,13.3,15.686324,8.905081,3.0,0,15.15550983195402,0.8847959114580739,-0.0861904053460984,12.434285615171705,1,14.9,15.6,11.168476,6.952561,5.874624,0.8238328,3.21,9.05,1.761502674708967,0,46011,6.671,2.508,13.762,292.97,1021.716,14.102,15.548
2019-12-23,Cal Poly Pier,2019-12-29,35.170204,-120.740685,12,2019,0.0,13.5,10.807319,6.057132,2.46,0,14.596428199690214,0.5356122338954283,-0.0980953034900483,7.498571274535997,1,13.3,14.9,15.686324,11.168476,8.905081,5.874624,3.0,3.21,1.7842303915450413,0,46011,5.689,2.538,13.913,297.982,1020.112,13.753,14.735
2019-12-30,Cal Poly Pier,2020-01-05,35.170204,-120.740685,1,2020,0.0,13.7,11.864615,7.4249187,3.44,0,14.207244503254794,0.2926530527825258,4.541306268634233e-08,4.097142738955362,1,13.5,13.3,10.807319,15.686324,6.057132,8.905081,2.46,3.0,1.597945442823502,0,46011,5.081,2.41,13.518,301.827,1014.382,12.493,14.258
2020-01-06,Cal Poly Pier,2020-01-12,35.170204,-120.740685,1,2020,0.0,13.3,11.619141,7.628959,3.05,0,13.887448544404943,0.1045918329333772,-0.1157143002464657,2.2657142175095424,0,13.7,13.5,11.864615,10.807319,7.4249187,6.057132,3.44,2.46,1.5230309928261512,0,46011,6.432,2.817,14.893,292.161,1021.339,13.56,14.109
2020-01-13,Cal Poly Pier,2020-01-19,35.170204,-120.740685,1,2020,0.0,12.5,17.45435,17.67386,2.19,0,13.41142816932834,-0.2411224426207493,0.0361904870896112,0.8071428356426101,1,13.3,13.7,11.619141,11.864615,7.628959,7.4249187,3.05,3.44,0.9875799627246112,0,46011,7.793,2.695,11.647,303.269,1022.668,12.859,13.693
2020-01-20,Cal Poly Pier,2020-01-25,35.170204,-120.740685,1,2020,0.0,13.9,8.772819,5.429467,3.56,0,13.392142480733444,-0.1522448939100211,0.115714254833403,2.0671427798058306,1,12.5,13.3,17.45435,11.619141,17.67386,7.628959,2.19,3.05,1.615779044241359,0,46011,5.83,2.413,12.593,299.012,1020.759,11.921,13.411
2020-01-27,Cal Poly Pier,2020-02-02,35.170204,-120.740685,2,2020,0.0,13.5,18.743332,28.296427,3.32,0,13.838979244232178,0.3593877431157292,-0.0619047255743117,5.8485712222754955,1,13.9,12.5,8.772819,17.45435,5.429467,17.67386,3.56,2.19,0.6623921811753829,0,46011,5.012,2.77,14.595,290.305,1020.44,13.079,13.571
2020-02-03,Cal Poly Pier,2020-02-09,35.170204,-120.740685,2,2020,0.0,13.1,14.44965,20.341213,7.25,0,13.643265004060703,0.2091836648023858,-0.1204761777605328,4.97285696225507,0,13.5,13.9,18.743332,8.772819,28.296427,5.429467,3.32,3.56,0.710363241366186,0,46011,7.026,2.966,13.608,290.819,1023.502,13.197,13.564
2020-02-10,Cal Poly Pier,2020-02-16,35.170204,-120.740685,2,2020,0.0,13.6,13.474847,18.307964,2.7,0,13.197142552356327,-0.1905102004126018,0.0804761704944428,1.3228570925337928,1,13.1,13.5,14.44965,18.743332,20.341213,28.296427,7.25,3.32,0.7360101319840918,0,46011,7.951,2.926,11.365,309.006,1019.138,11.667,12.888
2020-02-17,Cal Poly Pier,2020-02-23,35.170204,-120.740685,2,2020,0.0,14.3,9.741523,3.9936156,5.04,0,13.374183353112668,0.0282653068401375,0.063333375113351,2.381428537624223,1,13.6,13.1,13.474847,14.44965,18.307964,20.341213,2.7,7.25,2.439274075351669,0,46011,4.607,2.106,13.677,303.193,1018.455,12.396,13.02
2020-02-24,Cal Poly Pier,2020-03-01,35.170204,-120.740685,3,2020,0.0,14.5,10.627446,3.2655816,15.99,0,13.87316300917645,0.5612244786580607,0.0785713649931407,7.897142699786595,1,14.3,13.6,9.741523,13.474847,3.9936156,18.307964,5.04,2.7,3.254380781665355,0,46011,5.82,1.859,12.656,293.437,1018.259,12.951,13.323
2020-03-02,Cal Poly Pier,2020-03-08,35.170204,-120.740685,3,2020,0.0,15.0,8.029592,0.45325804,6.24,0,14.17989764894758,0.8971428393709415,-0.0266666412353515,12.559999751193184,1,14.5,14.3,10.627446,9.741523,3.2655816,3.9936156,15.99,5.04,17.715277593310866,0,46011,5.422,2.296,13.584,293.452,1021.789,13.765,14.019
2020-03-09,Cal Poly Pier,2020-03-15,35.170204,-120.740685,3,2020,0.0,14.7,12.163778,3.3378005,11.31,0,14.273571063061151,1.0182652747144505,0.0052381243024553,14.255713846002308,1,15.0,14.5,8.029592,10.627446,0.45325804,3.2655816,6.24,15.99,3.644249558953568,0,46011,3.823,2.56,12.467,306.44,1017.24,12.537,14.097
2020-03-16,Cal Poly Pier,2020-03-22,35.170204,-120.740685,3,2020,0.0,15.5,5.867346,0.39595753,5.17,0,14.392652754880944,1.1644897564333314,0.0690476099650065,16.302856590066636,1,14.7,15.0,12.163778,8.029592,3.3378005,0.45325804,11.31,6.24,14.818119508928143,0,46011,4.98,1.843,11.33,278.006,1015.297,13.519,14.085
2020-03-30,Cal Poly Pier,2020-03-30,35.170204,-120.740685,3,2020,0.0,14.7,14.345389,6.9630365,3.22,0,14.386530272814692,1.2122448682785034,-0.3628571374075753,18.12285669360842,1,15.5,14.7,5.867346,12.163778,0.39595753,3.3378005,5.17,11.31,2.060220278897001,0,46011,6.235,1.664,12.777,296.648,1020.39,12.645,14.384
2020-04-06,Cal Poly Pier,2020-04-06,35.170204,-120.740685,4,2020,0.0,12.9,16.526104,7.4025865,15.86,0,13.089591580994275,-0.0565306085104845,0.1090476172310965,6.447142660617828,0,14.7,15.5,14.345389,5.867346,6.9630365,0.39595753,3.22,5.17,2.2324769862533858,0,46011,9.165,2.16,8.98,293.333,1016.946,12.712,13.336
2020-04-13,Cal Poly Pier,2020-04-13,35.170204,-120.740685,4,2020,0.0,13.8,26.35902,10.875211,10.58,0,12.774183399823247,-0.3451020270586014,0.1471428189958845,2.677142781870706,1,12.9,14.7,16.526104,14.345389,7.4025865,6.9630365,15.86,3.22,2.423770904307052,0,46011,4.444,1.637,13.488,249.198,1016.301,11.887,12.699
2020-04-20,Cal Poly Pier,2020-04-21,35.170204,-120.740685,4,2020,0.0,14.2,12.072987,6.061972,4.63,0,13.280918033755556,0.1601020392714714,-0.1666666212536039,4.809999883174896,1,13.8,12.9,26.35902,16.526104,10.875211,7.4025865,10.58,15.86,1.991593989546636,0,46011,4.532,1.285,12.991,259.935,1018.454,12.843,13.901
2020-04-27,Cal Poly Pier,2020-04-27,35.170204,-120.740685,4,2020,0.0,14.2,20.311186,12.345275,10.55,0,12.865407856143252,-0.3017346893950384,-0.1128571828206379,2.3557142359869823,0,14.2,13.8,12.072987,26.35902,6.061972,10.875211,4.63,10.58,1.6452599071304608,0,46011,9.116,2.184,12.401,297.179,1019.126,13.397,13.507
2020-05-04,Cal Poly Pier,2020-05-04,35.170204,-120.740685,5,2020,0.0,12.8,4.5846567,1.4532175,24.54,0,12.36622415270124,-0.8674489750849956,0.3247618902297247,0.5385714173316956,1,14.2,14.2,20.311186,12.072987,12.345275,6.061972,10.55,4.63,3.15483174404382,0,46011,9.145,2.133,10.982,299.97,1017.425,12.886,12.912
2020-05-11,Cal Poly Pier,2020-05-11,35.170204,-120.740685,5,2020,0.0,13.6,3.6768763,2.3177366,9.13,0,13.08499963916078,-0.2150000133076492,-0.0752380916050502,4.921428393040385,1,12.8,14.2,4.5846567,20.311186,1.4532175,12.345275,24.54,10.55,1.5864081794281542,0,46011,7.022,2.017,10.798,299.488,1015.532,13.151,13.321
2020-05-18,Cal Poly Pier,2020-05-18,35.170204,-120.740685,5,2020,0.0,14.3,20.301313,16.400568,1.92,0,13.607244588890854,0.2243877429591149,-0.2609523137410481,6.3571426165955405,1,13.6,12.8,3.6768763,4.5846567,2.3177366,1.4532175,9.13,24.54,1.2378420674210795,0,46011,5.609,1.668,12.847,249.756,1016.607,14.182,14.711
2020-05-25,Cal Poly Pier,2020-05-25,35.170204,-120.740685,5,2020,0.0,14.4,15.296215,5.7588344,20.27,0,13.19683652994584,-0.3269387654656049,0.4090475354875837,3.479999874319349,1,14.3,13.6,20.301313,3.6768763,16.400568,2.3177366,1.92,9.13,2.656130379439284,0,46011,7.262,2.228,10.393,300.488,1015.777,,13.561
2020-06-01,Cal Poly Pier,2020-06-01,35.170204,-120.740685,6,2020,0.0,15.7,14.889934,1.4492944,36.19,0,13.717856864539945,0.0135714265764976,-0.0499999636695498,5.779999788318362,1,14.4,14.3,15.296215,20.301313,5.7588344,16.400568,20.27,1.92,10.273919501793424,0,46011,3.024,1.592,13.877,250.571,1013.875,,14.525
2020-06-08,Cal Poly Pier,2020-06-08,35.170204,-120.740685,6,2020,0.0,13.3,29.215008,21.945522,1.46,0,13.885815941557592,-0.0001020449764874,-0.2452380770728701,5.538571208715439,0,15.7,14.4,14.889934,15.296215,1.4492944,5.7588344,36.19,20.27,1.3312514507515474,0,46011,5.806,1.798,11.438,271.821,1013.863,,14.779
2020-06-15,Cal Poly Pier,2020-06-15,35.170204,-120.740685,6,2020,0.0,15.4,25.356525,16.217165,6.36,0,13.008673171607814,-1.0699999773380708,0.1885713849748884,1.2642856538295746,0,13.3,15.7,29.215008,14.889934,21.945522,1.4492944,1.46,36.19,1.5635608936580467,0,46011,7.248,1.771,9.884,282.161,1017.3,,12.944
2020-06-22,Cal Poly Pier,2020-06-22,35.170204,-120.740685,6,2020,0.0,15.8,23.664534,4.7013,46.67,0,13.482142536007627,-0.8483673341724337,0.3138095310756138,1.7542856527226312,1,15.4,13.3,25.356525,29.215008,16.217165,21.945522,6.36,1.46,5.033614957564929,0,46011,5.189,1.936,9.731,293.292,1014.78,,13.557
2020-06-29,Cal Poly Pier,2020-06-29,35.170204,-120.740685,6,2020,0.0,16.3,13.749973,1.5937573,6.45,0,15.066734313964844,0.419489781695361,-0.0366666884649367,8.732856919722897,1,15.8,15.4,23.664534,25.356525,4.7013,16.217165,46.67,6.36,8.627394522365481,0,46011,3.305,1.394,10.473,281.257,1013.064,,15.174
2020-07-06,Cal Poly Pier,2020-07-06,35.170204,-120.740685,7,2020,0.0,18.6,17.378212,0.96556896,14.82,0,15.104693461437614,0.1278571356468054,-0.3066666012718564,9.205714094851698,0,16.3,15.8,13.749973,23.664534,1.5937573,4.7013,6.45,46.67,17.997898358290225,0,46011,4.501,2.016,12.6,266.065,1014.09,,15.653
2020-07-13,Cal Poly Pier,2020-07-13,35.170204,-120.740685,7,2020,0.0,16.8,17.375393,0.0,8.39,0,14.0538771590408,-1.248979570914288,0.1333332970028831,2.2271428278514316,0,18.6,16.3,17.378212,13.749973,0.96556896,1.5937573,14.82,6.45,,0,46011,7.478,2.039,8.199,310.253,1014.17,,13.713
2020-07-20,Cal Poly Pier,2020-07-20,35.170204,-120.740685,7,2020,0.0,16.9,20.663986,0.2177684,13.1,0,13.930407747930408,-1.667346902647797,-0.0723809741792224,0.0,0,16.8,18.6,17.375393,17.378212,0.0,0.96556896,8.39,14.82,94.8897360682266,0,46011,2.821,1.287,8.881,304.161,1014.988,,15.108
2020-07-27,Cal Poly Pier,2020-07-27,35.170204,-120.740685,7,2020,0.04,16.4,17.844433,0.0,7.46,0,14.173162732805524,-1.6627550569115852,-0.076666650317964,0.0,0,16.9,16.8,20.663986,17.375393,0.2177684,0.0,13.1,8.39,,0,46011,4.727,1.225,9.314,298.988,1014.144,,15.492
2020-08-03,Cal Poly Pier,2020-08-03,35.170204,-120.740685,8,2020,0.24,17.1,11.391982,0.64964205,7.6,1,13.725203601681455,-2.321428514256769,0.0671428498767671,0.0,0,16.4,16.9,17.844433,20.663986,0.0,0.2177684,7.46,13.1,17.535782974639652,1,46011,6.819,1.445,9.48,277.667,1014.763,,15.517
2020-08-10,Cal Poly Pier,2020-08-10,35.170204,-120.740685,8,2020,0.05,15.9,8.158798,3.8179128,12.27,0,13.547754725631403,-2.708163206674614,0.0580952508108956,0.0,0,17.1,16.4,11.391982,17.844433,0.64964205,0.0,7.6,7.46,2.1369786130264683,0,46011,5.731,1.708,8.114,305.837,1015.177,,14.005
2020-08-17,Cal Poly Pier,2020-08-17,35.170204,-120.740685,8,2020,0.0,19.4,14.130756,0.43491402,18.89,0,14.250305749932114,-2.1990815814660523,0.100000018165225,0.0,0,15.9,17.1,8.158798,11.391982,3.8179128,0.64964205,12.27,7.6,32.49091854983199,0,46011,3.263,1.446,10.064,297.226,1012.739,,14.822
2020-08-24,Cal Poly Pier,2020-08-24,35.170204,-120.740685,8,2020,0.0,18.4,23.056648,2.2220309,29.09,0,15.055611921816457,-1.527346905396909,0.0371428444271995,0.0,0,19.4,15.9,14.130756,8.158798,0.43491402,3.8179128,18.89,12.27,10.376384954862688,0,46011,5.404,1.703,8.744,288.405,1011.129,,15.053
2020-08-31,Cal Poly Pier,2020-08-31,35.170204,-120.740685,8,2020,0.0,15.4,13.320169,0.4860858,6.83,0,15.432040516211062,-1.2319387598913545,-0.0223809650966099,0.0,0,18.4,19.4,23.056648,14.130756,2.2220309,0.43491402,29.09,18.89,27.402917345044845,0,46011,4.319,1.61,9.053,301.714,1011.423,,17.078
2020-09-07,Cal Poly Pier,2020-09-07,35.170204,-120.740685,9,2020,0.0,17.8,15.734711,1.5626519,4.69,0,15.443264990436788,-1.2939795717901112,-0.0461904889061337,0.0,0,15.4,18.4,13.320169,23.056648,0.4860858,2.2220309,6.83,29.09,10.069236149138526,0,46011,5.03,1.647,9.06,307.0,1013.944,,16.089
2020-09-14,Cal Poly Pier,2020-09-14,35.170204,-120.740685,9,2020,0.0,15.9,16.60345,0.35961536,14.32,0,15.316020060558708,-1.4890815877184576,0.0085714885166713,0.0,0,17.8,15.4,15.734711,13.320169,1.5626519,0.4860858,4.69,6.83,46.17002455067547,0,46011,3.741,1.164,13.665,225.875,1011.957,,15.788
2020-09-21,Cal Poly Pier,2020-09-21,35.170204,-120.740685,9,2020,0.0,15.8,20.483118,0.39723563,5.03,0,14.94459154167954,-1.8757142211709703,-0.133809589204334,0.0,0,15.9,17.8,16.60345,15.734711,0.35961536,1.5626519,14.32,4.69,51.56415098011223,0,46011,6.525,1.243,10.114,248.708,1014.823,,16.408
2020-09-28,Cal Poly Pier,2020-09-28,35.170204,-120.740685,9,2020,0.0,16.5,14.771559,0.5647048,6.47,0,14.773060954346947,-1.9929591247013636,0.3047619320097423,0.0,0,15.8,15.9,20.483118,16.60345,0.39723563,0.35961536,5.03,14.32,26.158019198703464,0,46011,6.241,2.058,11.423,297.5,1014.546,,15.417
2020-10-05,Cal Poly Pier,2020-10-05,35.170204,-120.740685,10,2020,0.0,16.1,10.235875,2.1196568,3.12,0,15.548367033199389,-1.139285687053082,0.1328571864536829,0.3557142817548343,1,16.5,15.8,14.771559,20.483118,0.5647048,0.39723563,6.47,5.03,4.829024679844397,0,46011,4.813,1.895,12.488,290.488,1013.55,,15.985
2020-10-12,Cal Poly Pier,2020-10-12,35.170204,-120.740685,10,2020,0.0,17.1,8.720285,0.21393624,9.0,0,16.613571118335333,0.0051020386875891,-0.0014286041259765,3.0499999448657036,1,16.1,16.5,10.235875,14.771559,2.1196568,0.5647048,3.12,6.47,40.761139861110024,0,46011,4.447,1.415,11.531,267.72,1015.129,,16.989
2020-10-19,Cal Poly Pier,2020-10-19,35.170204,-120.740685,10,2020,0.0,16.9,7.682316,0.0,9.52,0,16.759795461382186,0.2729591768691126,-0.1161905924479166,4.6299998845372885,1,17.1,16.1,8.720285,10.235875,0.21393624,2.1196568,9.0,3.12,,0,46011,4.474,1.928,10.794,294.589,1014.701,,16.775
2020-10-26,Cal Poly Pier,2020-10-26,35.170204,-120.740685,10,2020,0.0,15.7,8.398252,0.2460625,46.74,0,16.49285649280159,0.2175510143481042,0.075714383806501,4.185714166079249,1,16.9,17.1,7.682316,8.720285,0.0,0.21393624,9.52,9.0,34.13056438912878,0,46011,3.134,1.465,11.256,274.54,1013.393,,18.364
2020-11-02,Cal Poly Pier,2020-11-02,35.170204,-120.740685,11,2020,0.0,15.7,8.954296,0.6559128,8.1,0,16.249489268478083,0.2362244847819817,-0.3895238240559895,5.0571427409137995,1,15.7,16.9,8.398252,7.682316,0.2460625,0.0,46.74,9.52,13.651656134778891,0,46011,4.334,1.233,10.961,294.084,1017.289,,17.441
2020-11-09,Cal Poly Pier,2020-11-09,35.170204,-120.740685,11,2020,0.0,12.0,15.627193,10.937311,0.88,0,14.747244513764672,-0.9998979508040512,-0.1814285459972563,2.8242856530206546,0,15.7,15.7,8.954296,8.398252,0.6559128,0.2460625,8.1,46.74,1.428796621034183,0,46011,7.687,2.712,13.409,301.336,1013.564,,15.711
2020-11-16,Cal Poly Pier,2020-11-16,35.170204,-120.740685,11,2020,0.0,12.4,14.822886,9.565198,8.84,0,13.15663227743032,-2.320510173178449,0.0576190040225074,0.0171428567596844,0,12.0,15.7,15.627193,8.954296,10.937311,0.6559128,0.88,8.1,1.5496684961461331,0,46011,6.333,1.981,12.192,296.478,1020.032,,13.451
2020-11-23,Cal Poly Pier,2020-11-23,35.170204,-120.740685,11,2020,0.0,12.8,14.1859255,21.314737,8.58,0,12.983162860481109,-2.2164285328923437,-0.0242856797717866,0.0,0,12.4,12.0,14.822886,15.627193,9.565198,10.937311,8.84,0.88,0.6655454158313096,0,46011,4.635,2.042,12.73,294.768,1018.158,,13.51
2020-11-30,Cal Poly Pier,2020-11-30,35.170204,-120.740685,11,2020,0.0,11.7,6.586183,4.440516,5.6,0,12.90397919440756,-2.010306088291869,-0.095714251200358,0.0,0,12.8,12.4,14.1859255,14.822886,21.314737,9.565198,8.58,8.84,1.483202177404608,0,46011,6.18,2.426,12.61,304.161,1019.471,,13.437
2020-12-07,Cal Poly Pier,2020-12-07,35.170204,-120.740685,12,2020,0.0,11.5,4.4807763,3.0963995,2.44,0,12.62224464027249,-2.0037754883571544,0.1033332915533156,0.0,0,11.7,12.8,6.586183,14.1859255,4.440516,21.314737,5.6,8.58,1.4470924375230003,0,46011,5.064,2.481,15.27,297.899,1021.989,,12.648
2020-12-14,Cal Poly Pier,2020-12-14,35.170204,-120.740685,12,2020,0.0,12.1,9.892883,6.9460025,3.36,0,12.759285498638542,-1.583979572568621,-0.0361904870896112,0.0,0,11.5,11.7,4.4807763,6.586183,3.0963995,4.440516,2.44,5.6,1.424255606012235,0,46011,5.378,2.801,13.659,294.821,1019.102,,13.373
2020-12-21,Cal Poly Pier,2020-12-21,35.170204,-120.740685,12,2020,0.0,11.6,15.283921,10.617432,2.34,0,12.948469054942228,-1.1641836586047192,0.041904812767392,0.0,0,12.1,11.5,9.892883,4.4807763,6.9460025,3.0963995,3.36,2.44,1.4395120213626045,0,46011,6.708,2.952,14.184,297.006,1022.711,,13.191
2020-12-28,Cal Poly Pier,2020-12-28,35.170204,-120.740685,12,2020,0.0,11.5,9.174073,7.3904896,2.54,0,12.99673433693088,-0.9567346828324454,0.0480952489943731,0.0,0,11.6,12.1,15.283921,9.892883,10.617432,6.9460025,2.34,3.36,1.2413349448458733,0,46011,4.34,2.054,13.329,291.149,1019.782,,12.996
2021-01-04,Cal Poly Pier,2021-01-05,35.170204,-120.740685,1,2021,0.0,12.7,13.139906,12.8055725,2.67,0,13.154387542179652,-0.6653061071220708,-0.0752380916050502,0.0,0,11.5,11.6,9.174073,15.283921,7.3904896,10.617432,2.54,2.34,1.026108438338075,0,46011,5.884,3.386,15.638,294.102,1020.342,,13.516
2021-01-11,Cal Poly Pier,2021-01-11,35.170204,-120.740685,1,2021,0.0,11.8,14.08792,11.014488,2.34,0,13.04428550175258,-0.6447959007049093,0.0290475572858537,0.0,0,12.7,11.5,13.139906,9.174073,12.8055725,7.3904896,2.67,2.54,1.2790353941100123,0,46011,5.938,3.476,15.824,297.928,1022.079,,13.082
2021-01-18,Cal Poly Pier,2021-01-18,35.170204,-120.740685,1,2021,0.0,11.8,14.95586,11.703574,4.1,0,12.981326219986896,-0.5917346743600709,0.0266666866484142,0.0,0,11.8,12.7,14.08792,13.139906,11.014488,12.8055725,2.34,2.67,1.2778882758377912,0,46011,5.767,3.206,15.075,298.317,1022.071,,12.723
2021-01-25,Cal Poly Pier,2021-01-25,35.170204,-120.740685,1,2021,0.0,11.3,14.822569,11.836688,4.26,0,13.08581611088344,-0.408877539543473,-0.0752380461919875,0.0,0,11.8,11.8,14.95586,14.08792,11.703574,11.014488,4.1,2.34,1.2522564589013412,0,46011,4.984,2.579,14.255,294.539,1013.565,,13.211
2021-02-01,Cal Poly Pier,2021-02-01,35.170204,-120.740685,2,2021,0.0,11.3,33.220833,26.70976,3.1,0,12.961224351610456,-0.4838775390264939,-0.0404762540544782,0.0,0,11.3,11.8,14.822569,14.95586,11.836688,11.703574,4.26,4.1,1.243771303074232,0,46011,7.672,3.632,12.721,286.22,1014.907,,12.788
2021-02-08,Cal Poly Pier,2021-02-08,35.170204,-120.740685,2,2021,0.0,11.7,13.474071,10.964963,2.86,0,12.659183385420818,-0.7394897755311459,-0.0076190403529575,0.0,0,11.3,11.3,33.220833,14.822569,26.70976,11.836688,3.1,4.26,1.2288295911258431,0,46011,5.816,2.282,12.365,307.375,1019.325,,12.716
2021-02-15,Cal Poly Pier,2021-02-15,35.170204,-120.740685,2,2021,0.0,11.3,26.20066,29.726387,2.48,0,12.312856800702152,-1.0420407953919195,-0.0719047728038969,0.0,0,11.7,11.3,13.474071,33.220833,10.964963,26.70976,2.86,3.1,0.8813940288135251,0,46011,6.924,1.873,11.972,300.772,1017.152,,12.613
2021-02-22,Cal Poly Pier,2021-02-22,35.170204,-120.740685,2,2021,0.0,9.9,22.698343,22.115313,9.54,0,12.12316299944508,-1.1954081496413873,0.0328571682884579,0.0,0,11.3,11.7,26.20066,13.474071,29.726387,10.964963,2.48,2.86,1.0263631810230314,0,46011,8.201,2.832,13.477,296.904,1023.444,,12.271
2021-03-01,Cal Poly Pier,2021-03-01,35.170204,-120.740685,3,2021,0.0,9.8,4.312708,8.374371,36.4,0,12.122550750265315,-1.1660203854648434,-0.0014285587129138,0.0,0,9.9,11.3,22.698343,26.20066,22.115313,29.726387,9.54,2.48,0.5149888869265524,0,46011,6.843,3.079,11.48,311.53,1019.889,,12.53
2021-03-08,Cal Poly Pier,2021-03-08,35.170204,-120.740685,3,2021,0.0,11.0,4.8641944,3.9075313,11.37,0,12.021428293111372,-1.2393877202150774,-0.0428571701049804,0.0,0,9.8,9.9,4.312708,22.698343,8.374371,22.115313,36.4,9.54,1.2448254477193823,0,46011,4.413,2.309,14.385,302.258,1018.471,,12.585
2021-03-15,Cal Poly Pier,2021-03-15,35.170204,-120.740685,3,2021,0.0,11.2,10.10219,8.8631115,3.29,0,11.968775272369385,-1.265204056185119,0.0300000508626301,0.0,0,11.0,9.8,4.8641944,4.312708,3.9075313,8.374371,11.37,36.4,1.1398017502092803,0,46011,4.703,3.107,14.068,304.195,1022.347,,12.434
2021-03-22,Cal Poly Pier,2021-03-22,35.170204,-120.740685,3,2021,0.0,10.4,20.135546,17.225498,5.29,0,11.946224222377854,-1.2597958938199645,-0.0019048055013021,0.0,0,11.2,11.0,10.10219,4.8641944,8.8631115,3.9075313,3.29,11.37,1.1689383958594404,0,46011,5.998,2.592,11.806,296.596,1021.124,,12.697
2021-03-29,Cal Poly Pier,2021-03-29,35.170204,-120.740685,3,2021,0.0,11.3,7.863756,15.917428,8.46,0,12.098367068232324,-1.0795918093348036,0.0700000127156575,0.0,0,10.4,11.2,20.135546,10.10219,17.225498,8.8631115,5.29,3.29,0.4940343377083283,0,46011,7.917,2.634,10.008,316.613,1018.615,,12.297
2021-04-05,Cal Poly Pier,2021-04-05,35.170204,-120.740685,4,2021,0.0,11.6,28.14401,57.27204,1.25,0,12.035101783518888,-1.1152040551663662,-0.2861904870896112,0.0,0,11.3,10.4,7.863756,20.135546,15.917428,17.225498,8.46,5.29,0.4914092461173027,0,46011,5.702,1.78,12.583,286.783,1017.479,,12.713
2021-04-12,Cal Poly Pier,2021-04-12,35.170204,-120.740685,4,2021,0.0,10.7,23.934574,17.929178,6.42,0,11.257346669021915,-1.8654081166854928,0.0857142947968982,0.0,0,11.6,11.3,28.14401,7.863756,57.27204,15.917428,1.25,8.46,1.3349509944069942,0,46011,10.243,2.385,8.429,319.042,1017.924,,11.634
2021-04-19,Cal Poly Pier,2021-04-19,35.170204,-120.740685,4,2021,0.0,12.5,23.850115,55.955086,2.18,0,10.926326226214972,-2.191632591948218,0.0342857270013718,0.0,0,10.7,11.6,23.934574,28.14401,17.929178,57.27204,6.42,1.25,0.4262367678248229,0,46011,6.589,1.906,12.608,293.928,1015.712,,11.076
2021-04-26,Cal Poly Pier,2021-04-26,35.170204,-120.740685,4,2021,0.0,11.9,25.906982,24.946459,2.58,0,11.246530318746762,-1.912755039273476,0.0085714431036086,0.0,0,12.5,10.7,23.850115,23.934574,55.955086,17.929178,2.18,6.42,1.038503380379556,0,46011,5.391,2.02,12.31,269.952,1016.459,,11.319
2021-05-03,Cal Poly Pier,2021-05-03,35.170204,-120.740685,5,2021,0.0,12.6,10.3239155,6.4288507,17.41,0,11.563469156926994,-1.6610203592144714,0.1533333006359281,0.0,0,11.9,12.5,25.906982,23.850115,24.946459,55.955086,2.58,2.18,1.6058726484346573,0,46011,7.627,1.982,10.24,272.702,1017.581,,11.212
2021-05-10,Cal Poly Pier,2021-05-10,35.170204,-120.740685,5,2021,0.0,13.0,10.321709,1.8818419,9.29,0,12.241122129012128,-1.0480612016720128,0.109523818606422,0.1842857122953448,1,12.6,11.9,10.3239155,25.906982,6.4288507,24.946459,17.41,2.58,5.484897004365776,0,46011,6.992,2.445,11.769,287.156,1014.945,,12.415
2021-05-17,Cal Poly Pier,2021-05-17,35.170204,-120.740685,5,2021,0.0,13.9,22.556131,18.989424,10.02,0,12.745305771730385,-0.6225510076334586,-0.2828571682884579,0.3499999959021806,0,13.0,12.6,10.321709,10.3239155,1.8818419,6.4288507,9.29,17.41,1.187825970919392,0,46011,3.61,1.99,11.323,290.214,1015.602,,13.023
2021-05-24,Cal Poly Pier,2021-05-24,35.170204,-120.740685,5,2021,0.0,12.6,35.20981,38.806774,2.48,0,12.239489477507922,-1.259285689198545,0.1471428644089471,0.1657142836068357,0,13.9,13.0,22.556131,10.321709,18.989424,1.8818419,10.02,9.29,0.9073109246339311,0,46011,8.675,2.589,11.116,277.262,1017.809,,12.291
2021-05-31,Cal Poly Pier,2021-05-31,35.170204,-120.740685,5,2021,0.0,13.2,26.744604,33.16545,18.18,0,12.082244581105757,-1.592653030035447,0.087142853509812,0.0,0,12.6,13.9,35.20981,22.556131,38.806774,18.989424,2.48,10.02,0.8063995513403255,0,46011,8.815,2.037,9.304,285.179,1017.171,,11.639
2021-06-07,Cal Poly Pier,2021-06-07,35.170204,-120.740685,6,2021,0.0,14.2,6.0278583,0.5690838,23.25,0,12.679897687873062,-1.1792856917089345,-0.0147618793305896,0.0,0,13.2,12.6,26.744604,35.20981,33.16545,38.806774,18.18,2.48,10.592215592852932,0,46011,3.968,1.779,12.503,254.868,1014.293,,12.48
2021-06-14,Cal Poly Pier,2021-06-14,35.170204,-120.740685,6,2021,0.0,15.2,18.806673,39.39053,7.51,0,13.095611951789078,-0.9541836501460292,0.1995237895420619,0.0,0,14.2,13.2,6.0278583,26.744604,0.5690838,33.16545,23.25,18.18,0.4774414814931406,0,46011,7.738,1.892,9.609,295.494,1017.017,,12.705
2021-06-21,Cal Poly Pier,2021-06-21,35.170204,-120.740685,6,2021,0.0,15.0,15.708586,4.975584,20.43,0,13.977142518880417,-0.3131632585534635,0.2009523936680385,2.741428473166057,1,15.2,14.2,18.806673,6.0278583,39.39053,0.5690838,7.51,23.25,3.157134117321706,0,46011,5.439,2.003,9.583,300.497,1012.365,,13.84
2021-06-28,Cal Poly Pier,2021-06-28,35.170204,-120.740685,6,2021,0.0,15.5,22.51975,10.688876,14.42,0,14.795407791526952,0.1971428486119422,-0.1057142984299432,5.4242855818676095,1,15.0,15.2,15.708586,18.806673,4.975584,39.39053,20.43,7.51,2.1068398585594967,0,46011,5.268,1.534,12.832,229.485,1013.946,,15.752
2021-07-05,Cal Poly Pier,2021-07-05,35.170204,-120.740685,7,2021,0.0,15.5,19.550129,5.3304257,20.54,0,14.842958878497688,-0.0856122450180808,0.0442857288178943,2.762857106913413,1,15.5,15.0,22.51975,15.708586,10.688876,4.975584,14.42,20.43,3.667648720814174,0,46011,6.089,1.9,9.462,295.714,1012.634,,14.883
2021-07-12,Cal Poly Pier,2021-07-12,35.170204,-120.740685,7,2021,0.0,17.1,18.74585,0.44413957,7.15,0,15.039795632265053,-0.2188775470974493,0.0304761614118303,0.2228571360132523,1,15.5,15.5,19.550129,22.51975,5.3304257,10.688876,20.54,14.42,42.20711520930234,0,46011,6.116,2.014,10.612,284.958,1013.713,,15.175
2021-07-19,Cal Poly Pier,2021-07-19,35.170204,-120.740685,7,2021,0.0,16.0,14.851779,1.7277504,6.01,0,15.188979275372564,-0.37255101413371,-0.148571423121861,0.1457142805946724,0,17.1,15.5,18.74585,19.550129,0.44413957,5.3304257,7.15,20.54,8.596021161389979,0,46011,5.149,1.907,9.872,297.738,1014.816,,15.84
2021-07-26,Cal Poly Pier,2021-07-26,35.170204,-120.740685,7,2021,0.0,16.3,17.722542,4.3161316,7.53,0,15.006530333538445,-0.7994897806522798,0.1828571501232328,0.0028571427932807,0,16.0,17.1,14.851779,18.74585,1.7277504,0.44413957,6.01,7.15,4.106117153610422,0,46011,5.617,1.702,9.447,294.958,1016.048,,15.739
2021-08-02,Cal Poly Pier,2021-08-02,35.170204,-120.740685,8,2021,0.0,15.6,16.523283,1.2747108,18.36,0,15.083775150532627,-0.9341836522086238,-0.2438095183599562,0.0,0,16.3,16.0,17.722542,14.851779,4.3161316,1.7277504,7.53,6.01,12.962377819345376,0,46011,3.16,1.024,12.579,216.363,1016.136,,15.883
2021-08-09,Cal Poly Pier,2021-08-09,35.170204,-120.740685,8,2021,0.0,15.8,16.0525,0.5121448,19.27,0,14.831632215149549,-1.3955101578173286,0.1028571355910528,0.0,0,15.6,16.3,16.523283,17.722542,1.2747108,4.3161316,18.36,7.53,31.3436746795047,0,46011,6.26,1.583,9.206,283.679,1015.35,,15.263
2021-08-16,Cal Poly Pier,2021-08-16,35.170204,-120.740685,8,2021,0.0,18.1,18.217901,2.1544764,19.17,0,14.813571015182806,-1.6113264751525558,0.2847619283766973,0.0585714259317942,1,15.8,15.6,16.0525,16.523283,0.5121448,1.2747108,19.27,18.36,8.4558368799027,0,46011,3.604,1.25,12.128,246.917,1015.68,,14.932
2021-08-23,Cal Poly Pier,2021-08-23,35.170204,-120.740685,8,2021,0.0,16.6,15.576844,1.844539,19.38,0,15.784999604127846,-0.780612221329796,-0.1942857560657319,0.5871428347059658,1,18.1,15.8,18.217901,16.0525,2.1544764,0.5121448,19.17,19.27,8.444843942036465,0,46011,3.048,1.813,12.679,252.417,1011.469,,16.279
2021-08-30,Cal Poly Pier,2021-08-30,35.170204,-120.740685,8,2021,0.0,16.7,16.036354,1.8992414,2.83,0,15.905611816717654,-0.7452040545034165,-0.0280952453613281,0.5514285511204174,0,16.6,18.1,15.576844,18.217901,1.844539,2.1544764,19.38,19.17,8.443557517227667,0,46011,4.072,1.532,8.884,301.94,1011.627,,16.618
2021-09-06,Cal Poly Pier,2021-09-07,35.170204,-120.740685,9,2021,0.0,16.9,18.896818,6.923442,4.16,0,15.249489326866303,-1.4766326133085756,-0.0209523155575706,0.0228571423462459,0,16.7,16.6,16.036354,15.576844,1.8992414,1.844539,2.83,19.38,2.7293964476051076,0,46011,4.1,1.414,9.425,305.583,1012.097,,17.006
2021-09-13,Cal Poly Pier,2021-09-13,35.170204,-120.740685,9,2021,0.0,16.2,15.561167,1.9970263,16.78,0,14.888571087194949,-1.9078571176042365,-0.0642857324509393,0.0,0,16.9,16.7,18.896818,16.036354,6.923442,1.8992414,4.16,2.83,7.792169286904233,0,46011,4.11,1.495,10.186,278.228,1013.892,,15.917
2021-09-20,Cal Poly Pier,2021-09-20,35.170204,-120.740685,9,2021,0.0,15.8,17.568073,4.8254933,16.0,0,14.51326506478446,-2.309387734958104,-0.0647618884132021,0.0,0,16.2,16.9,15.561167,18.896818,1.9970263,6.923442,16.78,4.16,3.640679181960526,0,46011,3.61,1.88,12.913,260.808,1014.641,,15.518
2021-09-27,Cal Poly Pier,2021-09-27,35.170204,-120.740685,9,2021,0.0,14.9,16.865808,4.519727,29.19,0,14.243367039427469,-2.534081601366705,0.0761904035295758,0.0,0,15.8,16.2,17.568073,15.561167,4.8254933,1.9970263,16.0,16.78,3.7315988332923657,0,46011,3.356,2.066,13.119,300.03,1015.842,,15.153
2021-10-04,Cal Poly Pier,2021-10-04,35.170204,-120.740685,10,2021,0.0,14.9,18.716698,8.870742,6.38,0,14.642958796754174,-2.056428528561884,0.1571428208124069,0.0,0,14.9,15.8,16.865808,17.568073,4.519727,4.8254933,29.19,16.0,2.1099360121171378,0,46011,5.673,2.487,12.535,296.317,1015.341,,15.142
2021-10-11,Cal Poly Pier,2021-10-11,35.170204,-120.740685,10,2021,0.0,13.6,16.081367,0.839853,16.34,0,14.82785669638186,-1.7915305580411638,-0.2728570756458101,0.0,0,14.9,14.9,18.716698,16.865808,8.870742,4.519727,6.38,29.19,19.14783539500365,0,46011,5.184,1.726,12.759,290.446,1016.713,,
2021-10-18,Cal Poly Pier,2021-10-18,35.170204,-120.740685,10,2021,0.0,13.7,18.858755,22.588446,11.22,0,14.16775470850419,-2.3404081013737894,-0.0104761577787853,0.0,0,13.6,14.9,16.081367,18.716698,0.839853,8.870742,16.34,6.38,0.834885011567418,0,46011,6.277,2.923,11.643,305.238,1015.437,,
2021-10-25,Cal Poly Pier,2021-10-25,35.170204,-120.740685,10,2021,0.0,14.2,26.320982,0.9622129,67.13,0,13.869285388868684,-2.440510154986868,0.0804762159075055,0.0,0,13.7,13.6,18.858755,16.081367,22.588446,0.839853,11.22,16.34,27.35463430182655,0,46011,4.155,2.679,12.9,295.012,1016.787,,
2021-11-01,Cal Poly Pier,2021-11-01,35.170204,-120.740685,11,2021,0.0,13.8,19.363743,20.807276,3.46,0,14.171326257744614,-1.8767346630291064,-0.0400000526791527,0.0,0,14.2,13.7,26.320982,18.858755,0.9622129,22.588446,67.13,11.22,0.9306236433832088,0,46011,5.733,3.393,14.271,301.286,1016.747,,
2021-11-08,Cal Poly Pier,2021-11-08,35.170204,-120.740685,11,2021,0.0,13.5,17.292307,8.608246,5.35,0,14.154693613246994,-1.6272448678405915,0.0057142802647181,0.0,0,13.8,14.2,19.363743,26.320982,20.807276,0.9622129,3.46,67.13,2.008807252952576,0,46011,6.435,2.395,12.978,296.798,1018.678,,
2021-11-15,Cal Poly Pier,2021-11-15,35.170204,-120.740685,11,2021,0.0,13.7,15.543642,4.164007,8.98,0,13.928571039316603,-1.5870407807583713,-0.0428571246919177,0.0,0,13.5,13.8,17.292307,19.363743,8.608246,20.807276,5.35,3.46,3.7328568371763065,0,46011,5.351,2.006,12.026,288.419,1020.012,,
2021-11-22,Cal Poly Pier,2021-11-22,35.170204,-120.740685,11,2021,0.0,14.2,16.300104,1.765368,5.03,0,13.920611799979696,-1.3195918013854904,0.0561904453095935,0.0,0,13.7,13.5,15.543642,17.292307,4.164007,8.608246,8.98,5.35,9.233261280367609,0,46011,4.2,1.626,11.83,281.095,1018.695,,
2021-11-29,Cal Poly Pier,2021-11-29,35.170204,-120.740685,11,2021,0.0,12.9,12.74571,6.1814985,8.29,0,14.08132605649987,-0.8747958972746012,0.0390476499285016,0.0,0,14.2,13.7,16.300104,15.543642,1.765368,4.164007,5.03,8.98,2.0619126575861824,0,46011,3.452,1.592,12.11,288.244,1019.729,,
2021-12-06,Cal Poly Pier,2021-12-06,35.170204,-120.740685,12,2021,0.0,13.7,13.844062,3.197165,15.12,0,14.188469001225062,-0.4818367282955013,-0.0957142966134207,0.0,0,12.9,14.2,12.74571,16.300104,6.1814985,1.765368,8.29,5.03,4.330105577910429,0,46011,3.795,1.872,12.845,289.833,1019.665,,
2021-12-13,Cal Poly Pier,2021-12-13,35.170204,-120.740685,12,2021,0.0,12.8,16.52188,7.545375,5.93,0,13.863673219875412,-0.5220408111202474,-0.0757142929803756,0.0,0,13.7,12.9,13.844062,12.74571,3.197165,6.1814985,15.12,8.29,2.1896698308566505,0,46011,5.399,1.912,10.079,294.048,1018.325,,
2021-12-20,Cal Poly Pier,2021-12-20,35.170204,-120.740685,12,2021,0.0,12.2,11.790679,7.9462776,2.71,0,13.376938450093173,-0.7653061115011877,-0.0080951963152204,0.0,0,12.8,13.7,16.52188,13.844062,7.545375,3.197165,5.93,15.12,1.4837990306303923,0,46011,6.025,2.805,13.642,299.351,1019.078,,
2021-12-27,Cal Poly Pier,2021-12-28,35.170204,-120.740685,12,2021,0.0,13.1,34.86356,18.951082,1.75,0,13.100815918980812,-0.8722448756500166,-0.041904812767392,0.0,0,12.2,12.8,11.790679,16.52188,7.9462776,7.545375,2.71,5.93,1.8396606589534044,0,46011,5.537,2.004,12.599,283.833,1016.286,,
2022-01-03,Cal Poly Pier,2022-01-03,35.170204,-120.740685,1,2022,0.0,12.5,12.254471,8.153548,2.75,0,12.941632280544358,-0.8972448724873212,0.0100000472295851,0.0,0,13.1,12.2,34.86356,11.790679,18.951082,7.9462776,1.75,2.71,1.502961778111811,0,46011,6.031,2.237,11.315,303.232,1014.658,,
2022-01-10,Cal Poly Pier,2022-01-10,35.170204,-120.740685,1,2022,0.0,13.6,16.185707,11.061134,5.97,0,12.952142579214913,-0.7539795743567603,0.0542857306344167,0.0,0,12.5,13.1,12.254471,34.86356,8.153548,18.951082,2.75,1.75,1.463295445114398,0,46011,5.645,1.92,13.439,292.946,1020.864,,
2022-01-17,Cal Poly Pier,2022-01-17,35.170204,-120.740685,1,2022,0.0,13.2,15.077367,12.083,5.07,0,13.191734566980475,-0.3929591748901471,0.0185713995070684,0.0014285713966403,1,13.6,12.5,16.185707,12.254471,11.061134,8.153548,5.97,2.75,1.2478165190763884,0,46011,3.159,2.206,14.11,285.417,1022.768,,
2022-01-24,Cal Poly Pier,2022-01-24,35.170204,-120.740685,1,2022,0.0,12.9,12.792485,7.716197,5.67,0,13.378673319913904,-0.1234693838359445,0.0171428407941545,0.1299999960299049,1,13.2,13.6,15.077367,16.185707,12.083,11.061134,5.07,5.97,1.657874338874448,0,46011,4.679,1.613,13.161,283.911,1020.237,,
2022-01-31,Cal Poly Pier,2022-01-31,35.170204,-120.740685,1,2022,0.0,13.0,15.619084,20.806128,18.04,0,13.451734416338862,0.0004081631801566,-0.0114285605294363,0.5371428363557372,1,12.9,13.2,12.792485,15.077367,7.716197,12.083,5.67,5.07,0.7506963333110322,0,46011,4.684,1.899,14.567,282.619,1020.565,,
2022-02-07,Cal Poly Pier,2022-02-07,35.170204,-120.740685,2,2022,0.0,13.4,12.103677,8.728708,3.11,0,13.533775154425172,0.1283673428721269,0.089523814973377,1.9328570810279675,1,13.0,12.9,15.619084,12.792485,20.806128,7.716197,18.04,5.67,1.3866516098373325,0,46011,5.366,2.083,12.349,299.433,1021.37,,
2022-02-14,Cal Poly Pier,2022-02-14,35.170204,-120.740685,2,2022,0.0,15.0,7.1095614,4.453297,2.26,0,13.656122081133784,0.2961224403650481,-0.1228571846371605,4.268571303891284,1,13.4,13.0,12.103677,15.619084,8.728708,20.806128,3.11,18.04,1.596471423307271,0,46011,3.304,1.785,14.295,283.476,1020.622,,
2022-02-21,Cal Poly Pier,2022-02-21,35.170204,-120.740685,2,2022,0.0,12.5,12.182003,4.067803,3.57,0,13.321734379748907,0.0004081640164462,-0.1366666158040364,2.8071427749735967,0,15.0,13.4,7.1095614,12.103677,4.453297,8.728708,2.26,3.11,2.994737699932863,0,46011,5.497,2.319,13.147,288.399,1019.511,,
2022-02-28,Cal Poly Pier,2022-02-28,35.170204,-120.740685,2,2022,0.0,12.1,27.652157,20.731447,6.39,0,12.679591568148869,-0.6122448761396262,0.0047619229271297,0.0628571403878075,0,12.5,15.0,12.182003,7.1095614,4.067803,4.453297,3.57,2.26,1.3338266740377551,0,46011,7.249,2.238,12.738,299.417,1021.342,,
2022-03-07,Cal Poly Pier,2022-03-07,35.170204,-120.740685,3,2022,0.0,13.3,20.806578,14.765489,3.15,0,12.277856904633191,-0.9856122215183412,-0.0071428843906947,0.0,0,12.1,12.5,27.652157,12.182003,20.731447,4.067803,6.39,3.57,1.4091357218172724,0,46011,6.872,2.829,13.573,294.685,1019.072,,
2022-03-14,Cal Poly Pier,2022-03-14,35.170204,-120.740685,3,2022,0.0,13.1,9.132619,6.754435,4.71,0,12.1593874814559,-1.0761224213911562,-0.0080952417282831,0.0,0,13.3,12.1,20.806578,27.652157,14.765489,20.731447,3.15,6.39,1.3520922179279244,0,46011,5.798,1.766,11.523,298.331,1021.834,,
2022-03-21,Cal Poly Pier,2022-03-21,35.170204,-120.740685,3,2022,0.0,12.8,19.722052,19.419048,2.12,0,12.28163241366951,-0.9264285388041514,0.0571428934733072,0.0,0,13.1,13.3,9.132619,20.806578,6.754435,14.765489,4.71,3.15,1.0156034425580494,0,46011,7.975,2.716,13.919,293.089,1020.719,,
2022-03-28,Cal Poly Pier,2022-03-28,35.170204,-120.740685,3,2022,0.0,12.9,10.639868,6.8858614,6.79,0,12.42112225902324,-0.7585714021507574,-0.0895238603864397,0.0,0,12.8,13.1,19.722052,9.132619,19.419048,6.754435,2.12,4.71,1.545176032732811,0,46011,6.277,2.286,12.025,293.78,1017.804,,
2022-04-04,Cal Poly Pier,2022-04-04,35.170204,-120.740685,4,2022,0.0,11.9,16.418333,27.429361,5.69,0,12.301326265140457,-0.8515305817127228,0.0452381315685453,0.0,0,12.9,12.8,10.639868,19.722052,6.8858614,19.419048,6.79,2.12,0.5985678266438653,0,46011,8.036,2.649,10.709,290.815,1014.601,,
2022-04-11,Cal Poly Pier,2022-04-11,35.170204,-120.740685,4,2022,0.0,11.5,37.546925,20.350256,3.73,0,11.883979320526125,-1.24244893996083,-0.1876190276372999,0.0,0,11.9,12.9,16.418333,10.639868,27.429361,6.8858614,5.69,6.79,1.8450345292953565,0,46011,8.165,3.202,12.652,309.515,1015.929,,
2022-04-18,Cal Poly Pier,2022-04-18,35.170204,-120.740685,4,2022,0.0,11.0,26.326986,15.313302,17.48,0,11.455203961352913,-1.6608162692614965,0.0699999673025948,0.0,0,11.5,11.9,37.546925,16.418333,20.350256,27.429361,3.73,5.69,1.7192233262297054,0,46011,8.522,2.274,10.837,283.988,1019.252,,
2022-04-25,Cal Poly Pier,2022-04-25,35.170204,-120.740685,4,2022,0.3,11.5,19.943216,19.227892,5.93,1,11.22795903925993,-1.9225509604629205,-0.1285714649018787,0.0,0,11.0,11.5,26.326986,37.546925,15.313302,20.350256,17.48,3.73,1.0372024140763845,1,46011,6.414,2.13,13.383,293.077,1018.354,,
2022-05-02,Cal Poly Pier,2022-05-02,35.170204,-120.740685,5,2022,0.1,10.9,33.88817,43.22355,4.21,0,11.0105099191471,-2.2031632163086714,0.093809581938244,0.0,0,11.5,11.0,19.943216,26.326986,19.227892,15.313302,5.93,17.48,0.7840209793041062,0,46011,9.723,2.921,10.646,302.861,1016.252,,
2022-05-09,Cal Poly Pier,2022-05-09,35.170204,-120.740685,5,2022,0.0,10.4,27.712715,23.11235,4.62,0,10.846122216205208,-2.4311223869421044,-0.0228572118849981,0.0,0,10.9,11.5,33.88817,19.943216,43.22355,19.227892,4.21,5.93,1.199043584923212,0,46011,8.493,2.733,12.357,297.792,1015.897,,
2022-05-16,Cal Poly Pier,2022-05-16,35.170204,-120.740685,5,2022,0.0,10.4,45.712563,27.746288,10.8,0,10.953469198577256,-2.3975509587599304,0.10238097962879,0.0,0,10.4,10.9,27.712715,33.88817,23.11235,43.22355,4.62,4.21,1.6475199493352048,0,46011,9.16,2.357,8.546,304.733,1019.697,,
2022-05-23,Cal Poly Pier,2022-05-23,35.170204,-120.740685,5,2022,0.0,12.7,12.600357,3.9112287,2.69,0,11.710816091420698,-1.7644897641576065,0.2757142838977632,0.0599999970623424,1,10.4,10.4,45.712563,27.712715,27.746288,23.11235,10.8,4.62,3.2215853294388026,0,46011,7.096,2.637,9.413,303.205,1014.899,,
2022-05-30,Cal Poly Pier,2022-05-31,35.170204,-120.740685,5,2022,0.0,13.6,31.986435,26.48454,2.76,0,12.797856885559703,-0.8530612113904589,-0.0733332861037481,0.159999992698431,0,12.7,10.4,12.600357,45.712563,3.9112287,27.746288,2.69,10.8,1.2077398739037946,0,46011,5.005,1.601,11.357,256.5,1014.009,,
2022-06-06,Cal Poly Pier,2022-06-07,35.170204,-120.740685,6,2022,0.0,13.8,33.661312,53.395405,3.04,0,13.301428308292312,-0.5333673373548959,0.1485713777087983,0.2671428466481821,1,13.6,12.7,31.986435,12.600357,26.48454,3.9112287,2.76,2.69,0.6304158944014003,0,46011,7.701,2.312,11.861,269.88,1013.091,,
2022-06-13,Cal Poly Pier,2022-06-14,35.170204,-120.740685,6,2022,0.0,15.4,25.975855,19.455,1.27,0,13.64714257571162,-0.3726530533892159,-0.171904790969122,1.149999976158142,1,13.8,13.6,33.661312,31.986435,53.395405,26.48454,3.04,2.76,1.3351763042919558,0,46011,7.583,1.92,8.849,291.725,1012.395,,
2022-06-20,Cal Poly Pier,2022-06-22,35.170204,-120.740685,6,2022,0.1,15.0,19.067266,13.985957,5.55,0,13.667958872658868,-0.5817346876030978,0.2147619610741024,1.02857140983854,1,15.4,13.8,25.975855,33.661312,19.455,53.395405,1.27,3.04,1.363315073827268,0,46011,9.399,2.305,9.296,291.685,1013.394,,
2022-06-27,Cal Poly Pier,2022-06-28,35.170204,-120.740685,6,2022,0.0,16.5,16.19911,21.45278,7.01,0,13.992244603682536,-0.5582653028814464,-0.0190476462954566,0.5485714099236897,1,15.0,15.4,19.067266,25.975855,13.985957,19.455,5.55,1.27,0.7551053989273185,0,46011,5.029,1.59,12.681,266.515,1013.92,,
2022-07-04,Cal Poly Pier,2022-07-05,35.170204,-120.740685,7,2022,0.0,15.0,38.052963,21.135311,3.78,0,14.435407852639957,-0.4460204031546504,-0.0042857215518043,0.654285688485418,0,16.5,15.0,16.19911,19.067266,21.45278,13.985957,7.01,5.55,1.8004449047378577,0,46011,7.79,1.706,8.999,286.298,1016.899,,
2022-07-11,Cal Poly Pier,2022-07-12,35.170204,-120.740685,7,2022,0.0,15.2,39.050323,25.046404,13.33,0,14.336122094368449,-0.8754081449338368,0.050476210457938,0.1514285632542201,0,15.0,16.5,38.052963,16.19911,21.135311,21.45278,3.78,7.01,1.5591189457776051,0,46011,6.017,1.258,7.788,293.904,1016.904,,
2022-07-18,Cal Poly Pier,2022-07-19,35.170204,-120.740685,7,2022,0.0,15.9,30.648687,9.672403,4.11,0,14.576122069845397,-0.9447958955959398,-0.0042857215518043,0.0,0,15.2,15.0,39.050323,38.052963,25.046404,21.135311,13.33,3.78,3.168673493029602,0,46011,5.366,1.748,9.571,292.446,1014.304,,
2022-07-25,Cal Poly Pier,2022-07-26,35.170204,-120.740685,7,2022,0.0,15.5,21.062424,8.708699,8.67,0,14.76591798237392,-1.0090816087868748,0.0490476517450241,0.0,0,15.9,15.2,30.648687,39.050323,9.672403,25.046404,4.11,13.33,2.41855000385247,0,46011,6.581,1.86,12.78,253.321,1015.03,,
2022-08-01,Cal Poly Pier,2022-08-02,35.170204,-120.740685,8,2022,0.0,18.0,26.43534,8.240148,8.44,0,15.078979200246382,-0.9087754892831554,0.1080952144804454,0.104285712220839,1,15.5,15.9,21.062424,30.648687,8.708699,9.672403,8.67,4.11,3.2081147086193114,0,46011,4.627,1.107,11.825,250.69,1014.713,,
2022-08-08,Cal Poly Pier,2022-08-09,35.170204,-120.740685,8,2022,0.0,16.6,19.707165,3.6334496,15.5,0,15.401938428684158,-0.7939795798869157,-0.1623809451148623,0.1799999959766864,0,18.0,15.5,26.43534,21.062424,8.240148,8.708699,8.44,8.67,5.423816804834722,0,46011,4.227,1.284,12.354,204.673,1015.489,,
2022-08-15,Cal Poly Pier,2022-08-16,35.170204,-120.740685,8,2022,0.0,16.3,17.516722,4.078107,22.45,0,14.999897664907026,-1.3988775366118975,-0.0142857687813895,0.0757142837558473,0,16.6,18.0,19.707165,26.43534,3.6334496,8.240148,15.5,8.44,4.295307111853613,0,46011,7.629,1.655,6.6,305.597,1015.968,15.874,15.048
2022-08-22,Cal Poly Pier,2022-08-23,35.170204,-120.740685,8,2022,0.0,15.7,26.248026,3.9739,3.48,0,14.587142525887003,-1.9630611867320784,0.0071429298037574,0.0,0,16.3,16.6,17.516722,19.707165,4.078107,3.6334496,22.45,15.5,6.605104808877928,0,46011,5.125,1.589,8.938,296.4,1012.992,14.429,14.647
2022-08-29,Cal Poly Pier,2022-08-30,35.170204,-120.740685,8,2022,0.0,15.7,21.367302,5.7580914,3.51,0,14.800611963077468,-1.840204027842502,0.1299999782017299,0.0,0,15.7,16.3,26.248026,17.516722,3.9739,4.078107,3.48,22.45,3.7108306408613103,0,46011,5.198,1.643,11.379,267.03,1012.946,14.587,15.157
2022-09-05,Cal Poly Pier,2022-09-06,35.170204,-120.740685,9,2022,0.0,17.1,30.631575,7.8746443,11.6,0,15.59857109614781,-1.1179591516907117,0.2690476008823939,0.6171428529279572,1,15.7,15.7,21.367302,26.248026,5.7580914,3.9739,3.51,3.48,3.8898995094927655,0,46011,6.4,1.674,9.855,267.108,1011.448,16.255,16.676
2022-09-12,Cal Poly Pier,2022-09-13,35.170204,-120.740685,9,2022,0.0,15.9,28.426231,7.8832054,10.8,0,16.43224451493244,-0.3571428459669862,-0.3257142929803757,2.57999999076128,1,17.1,15.7,30.631575,21.367302,7.8746443,5.7580914,11.6,3.51,3.605922915569345,0,46011,2.988,1.585,10.967,274.187,1008.912,18.26,17.39
2022-09-19,Cal Poly Pier,2022-09-20,35.170204,-120.740685,9,2022,0.0,15.9,25.073397,10.182797,7.06,0,16.415611967748525,-0.4070408067913079,0.2266666775658017,2.3685714123504504,1,15.9,17.1,28.426231,30.631575,7.8832054,7.8746443,10.8,11.6,2.462329063419412,0,46011,7.036,1.498,11.753,229.677,1012.658,17.174,17.358
2022-09-26,Cal Poly Pier,2022-09-27,35.170204,-120.740685,9,2022,0.0,16.3,23.392673,6.2391157,4.67,0,16.142346644888118,-0.6425510037652388,-0.2252380734398251,0.6699999794363976,0,15.9,15.9,25.073397,28.426231,10.182797,7.8832054,7.06,10.8,3.7493571404678385,0,46011,4.843,1.537,13.014,263.259,1013.488,17.81,18.275
2022-10-03,Cal Poly Pier,2022-10-04,35.170204,-120.740685,10,2022,0.0,15.0,34.91571,10.947978,5.12,0,15.542142576100874,-1.166530570718555,-0.0028571628388904,0.26428570491927,0,16.3,15.9,23.392673,25.073397,6.2391157,10.182797,4.67,7.06,3.189238231936527,0,46011,5.489,1.679,11.131,285.47,1013.454,16.367,16.264
2022-10-10,Cal Poly Pier,2022-10-11,35.170204,-120.740685,10,2022,0.0,14.9,36.720284,7.7867446,5.23,0,15.035407903243083,-1.5957142430908824,0.0061904816400437,0.0,0,15.0,16.3,34.91571,23.392673,10.947978,6.2391157,5.12,4.67,4.715742699458771,0,46011,5.462,1.508,13.031,261.649,1016.053,15.445,14.87
2022-10-17,Cal Poly Pier,2022-10-18,35.170204,-120.740685,10,2022,0.0,13.8,21.840334,4.5080523,3.4,0,15.305918090197506,-1.2255101739143837,0.0680952072143554,0.0,0,14.9,15.0,36.720284,34.91571,7.7867446,10.947978,5.23,5.12,4.844738380697136,0,46011,3.804,1.138,13.69,227.731,1014.926,15.95,17.55
2022-10-24,Cal Poly Pier,2022-10-25,35.170204,-120.740685,10,2022,0.0,13.6,25.62443,13.4935055,10.73,0,15.16418336362255,-1.1825509898516595,-0.3095237641107468,0.0,0,13.8,14.9,21.840334,36.720284,4.5080523,7.7867446,3.4,5.23,1.899019494971118,0,46011,4.64,1.85,13.04,280.952,1013.647,16.868,16.947
2022-10-31,Cal Poly Pier,2022-11-01,35.170204,-120.740685,11,2022,0.0,13.0,28.721043,17.670017,2.66,0,14.03989766568554,-2.0497958763521544,-0.1290476208641415,0.0,0,13.6,13.8,25.62443,21.840334,13.4935055,4.5080523,10.73,3.4,1.625411169666673,0,46011,7.482,2.44,12.657,305.036,1018.619,14.566,14.454
2022-11-07,Cal Poly Pier,2022-11-08,35.170204,-120.740685,11,2022,0.0,12.3,30.375612,18.278128,3.87,0,12.82479564511046,-2.9977550409278093,-0.0580952962239582,0.0,0,13.0,13.6,28.721043,25.62443,17.670017,13.4935055,2.66,10.73,1.6618557436516477,0,46011,5.559,2.3,12.998,312.815,1017.916,13.08,12.384
2022-11-14,Cal Poly Pier,2022-11-15,35.170204,-120.740685,11,2022,0.0,11.5,22.793215,15.380914,3.41,0,12.30795886565228,-3.2472448203028463,0.0490476971580868,0.0,0,12.3,13.0,30.375612,28.721043,18.278128,17.670017,3.87,2.66,1.4819155090523228,0,46011,5.083,2.125,11.113,305.238,1016.223,12.864,12.465
2022-11-28,Cal Poly Pier,2022-11-29,35.170204,-120.740685,11,2022,0.0,12.2,16.265965,10.023692,4.05,0,13.047142544571232,-1.9472448424417144,0.089523814973377,0.0,0,11.5,12.3,22.793215,30.375612,15.380914,18.278128,3.41,3.87,1.6227518762547772,0,46011,4.126,1.766,14.802,269.125,1020.048,14.143,13.606
2022-12-05,Cal Poly Pier,2022-12-06,35.170204,-120.740685,12,2022,0.0,12.9,18.988865,7.2544823,2.91,0,13.715203791248555,-0.9930611932840272,0.0357142857142857,0.0,0,12.2,11.5,16.265965,22.793215,10.023692,15.380914,4.05,3.41,2.617535506289677,0,46011,5.937,2.125,12.456,293.685,1015.816,13.216,13.773
2022-12-12,Cal Poly Pier,2022-12-13,35.170204,-120.740685,12,2022,0.0,12.6,25.264996,12.330418,6.25,0,14.068673231163803,-0.3529591701392616,-0.0676190966651552,0.0,0,12.9,12.2,18.988865,16.265965,7.2544823,10.023692,2.91,4.05,2.048997527902136,0,46011,4.038,1.748,11.932,287.413,1018.864,13.439,14.328
2022-12-19,Cal Poly Pier,2022-12-20,35.170204,-120.740685,12,2022,0.0,12.7,13.00676,6.9553437,3.65,0,13.882448712173773,-0.2876530523050803,-0.0309523627871558,0.0,0,12.6,12.9,25.264996,18.988865,12.330418,7.2544823,6.25,2.91,1.8700384281512932,0,46011,3.807,2.062,12.792,294.943,1017.449,12.551,13.932
2022-12-26,Cal Poly Pier,2022-12-26,35.170204,-120.740685,12,2022,0.0,12.8,18.948616,12.031108,1.76,0,13.579285397821543,-0.4143877461248514,-0.0257143293108258,0.0,0,12.7,12.6,13.00676,25.264996,6.9553437,12.330418,3.65,6.25,1.574968490017711,0,46011,5.409,1.323,14.85,270.845,1022.134,13.658,13.41
2023-01-02,Cal Poly Pier,2023-01-03,35.170204,-120.740685,1,2023,0.0,12.6,49.5621,19.716202,11.24,0,13.386632277041064,-0.4735714218446186,-0.0295238040742419,0.0,0,12.8,12.7,18.948616,13.00676,12.031108,6.9553437,1.76,3.65,2.5137752189798017,0,46011,5.459,2.83,13.263,283.64,1014.906,13.637,13.254
2023-01-09,Cal Poly Pier,2023-01-11,35.170204,-120.740685,1,2023,0.0,13.5,122.60317,32.512794,1.63,0,13.322448545572708,-0.4047959109350126,0.0971429007393972,0.2199999945504324,1,12.6,12.8,49.5621,18.948616,19.716202,12.031108,11.24,1.76,3.77092076429974,0,46011,6.44,3.711,13.93,275.935,1016.195,13.488,13.057
2023-01-16,Cal Poly Pier,2023-01-17,35.170204,-120.740685,1,2023,0.0,12.1,114.29222,27.991777,0.24,0,13.511428171274614,-0.0882653032942693,-0.0361904870896112,1.338571407965251,1,13.5,12.6,122.60317,49.5621,32.512794,19.716202,1.63,11.24,4.083064108434416,0,46011,6.681,3.939,15.028,277.295,1015.533,14.265,13.542
2023-01-23,Cal Poly Pier,2023-01-23,35.170204,-120.740685,1,2023,0.0,12.5,18.99957,11.323722,1.74,0,13.58448940393876,0.0732653056632498,-0.0442856834048315,1.3899999825017793,0,12.1,13.5,114.29222,122.60317,27.991777,32.512794,0.24,1.63,1.6778555672772608,0,46011,6.913,3.125,13.723,291.651,1018.376,12.473,13.561
2023-01-30,Cal Poly Pier,2023-01-30,35.170204,-120.740685,1,2023,0.0,11.6,90.78494,43.91488,0.85,0,13.31224452232828,-0.145714279929442,-0.020000003633045,0.2714285690869603,0,12.5,12.1,18.99957,114.29222,11.323722,27.991777,1.74,0.24,2.0672933638894153,0,46011,4.857,2.504,14.575,293.737,1020.989,12.709,13.298
2023-02-06,Cal Poly Pier,2023-02-06,35.170204,-120.740685,2,2023,0.0,11.8,16.605577,14.645824,3.08,0,13.072142513430848,-0.3389795812379036,-0.0538095746721539,0.0,0,11.6,12.5,90.78494,18.99957,43.91488,11.323722,0.85,1.74,1.1338096784448592,0,46011,4.25,1.924,14.178,294.11,1020.703,12.728,13.282
2023-02-13,Cal Poly Pier,2023-02-13,35.170204,-120.740685,2,2023,0.0,11.6,46.556202,41.83093,3.72,0,12.68224454412655,-0.6852040721141562,-0.1242856979370117,0.0,0,11.8,11.6,16.605577,90.78494,14.645824,43.91488,3.08,0.85,1.1129611988067205,0,46011,5.856,2.941,13.037,299.11,1021.514,12.665,12.958
2023-02-20,Cal Poly Pier,2023-02-20,35.170204,-120.740685,2,2023,0.0,11.8,7.9710026,6.494319,14.2,0,12.148877192516716,-1.180102018981564,-0.035714240301223,0.0,0,11.6,11.8,46.556202,16.605577,41.83093,14.645824,3.72,3.08,1.227380823147123,0,46011,5.504,3.052,13.868,306.887,1017.616,11.831,12.334
2023-02-27,Cal Poly Pier,2023-02-27,35.170204,-120.740685,2,2023,0.0,11.7,193.46832,25.669651,0.81,0,11.832652763444552,-1.464387716079245,0.0100000018165225,0.0,0,11.8,11.6,7.9710026,46.556202,6.494319,41.83093,14.2,3.72,7.536850423093013,0,46011,6.303,3.179,12.577,305.91,1012.62,11.026,12.098
2023-03-06,Cal Poly Pier,2023-03-06,35.170204,-120.740685,3,2023,0.0,11.3,24.912834,19.311874,1.34,0,11.8130609745882,-1.4558162853425862,0.066190447126116,0.0,0,11.7,11.8,193.46832,7.9710026,25.669651,6.494319,0.81,14.2,1.2900267472747595,0,46011,7.219,2.992,12.89,306.536,,,12.489
2023-03-13,Cal Poly Pier,2023-03-13,35.170204,-120.740685,3,2023,0.025,13.6,258.43945,65.76134,0.52,0,12.211734431130546,-1.029999974734929,0.0971428553263346,0.0,0,11.3,11.7,24.912834,193.46832,19.311874,25.669651,1.34,0.81,3.929960216747408,0,46011,5.411,2.179,11.215,279.72,,,12.334
2023-03-20,Cal Poly Pier,2023-03-20,35.170204,-120.740685,3,2023,0.0,13.0,263.3322,76.310936,0.46,0,12.61346910437759,-0.6004081517457962,-0.0809523718697683,0.0,0,13.6,11.3,258.43945,24.912834,65.76134,19.311874,0.52,1.34,3.4507793221144607,0,46011,5.969,1.721,10.561,260.134,,,12.662
2023-03-27,Cal Poly Pier,2023-03-28,35.170204,-120.740685,3,2023,0.023,11.1,170.69191,54.48984,0.5,0,12.414999669911907,-0.7707142741704474,-0.0357142857142857,0.0,0,13.0,13.6,263.3322,258.43945,76.310936,65.76134,0.46,0.52,3.132545626854474,0,46011,8.602,3.064,10.362,279.527,,,12.297
2023-04-03,Cal Poly Pier,2023-04-03,35.170204,-120.740685,4,2023,0.037,10.6,29.163273,21.340065,2.15,0,11.82346907440497,-1.332959160208702,-0.1114285786946614,0.0,0,11.1,13.0,170.69191,263.3322,54.48984,76.310936,0.5,0.46,1.366597196400292,0,46011,6.449,1.941,9.874,300.982,,,12.153
2023-04-10,Cal Poly Pier,2023-04-10,35.170204,-120.740685,4,2023,0.0,13.8,18.615822,7.423552,15.21,0,11.473367068232324,-1.6544897617126,-0.0485714049566359,0.0,0,10.6,11.1,29.163273,170.69191,21.340065,54.48984,2.15,0.5,2.5076704520962476,0,46011,7.442,2.038,9.23,305.292,,,11.677
2023-04-17,Cal Poly Pier,2023-04-17,35.170204,-120.740685,4,2023,0.0,12.0,32.746067,14.608636,4.63,0,11.148979352445016,-1.9659183317301223,-0.0109524045671735,0.0,0,13.8,10.6,18.615822,29.163273,7.423552,21.340065,15.21,2.15,2.241555405994098,0,46011,8.464,2.483,10.415,309.901,,,11.812
2023-04-24,Cal Poly Pier,2023-04-24,35.170204,-120.740685,4,2023,0.0,12.4,54.566208,26.819963,7.59,0,10.832244668688093,-2.3114285420398324,0.0842856906709216,0.0,0,12.0,13.8,32.746067,18.615822,14.608636,7.423552,4.63,15.21,2.034537034969064,0,46011,8.904,2.212,10.45,311.982,,,11.082
2023-05-01,Cal Poly Pier,2023-05-01,35.170204,-120.740685,5,2023,0.0,11.8,13.716007,8.688035,7.35,0,11.1772446048503,-2.0271428397723605,0.1380952653430756,0.0,0,12.4,12.0,54.566208,32.746067,26.819963,14.608636,7.59,4.63,1.578723727517212,0,46011,6.119,1.767,12.601,261.31,,,11.28
2023-05-08,Cal Poly Pier,2023-05-08,35.170204,-120.740685,5,2023,0.0,13.8,25.854155,17.695599,2.865,0,12.05510171578855,-1.2140816174903697,0.0723809287661597,0.0,0,11.8,12.4,13.716007,54.566208,8.688035,26.819963,7.35,7.59,1.4610500045802346,0,46011,4.759,2.021,13.283,285.388,,,12.07
2023-05-15,Cal Poly Pier,2023-05-15,35.170204,-120.740685,5,2023,0.38,14.5,17.20674,8.466618,6.72,1,12.718060921649544,-0.6218367199204405,-0.0085713976905459,0.0,0,13.8,11.8,25.854155,13.716007,17.695599,8.688035,2.865,7.35,2.0323038077305484,1,46011,6.83,1.736,12.623,256.397,,,12.469
2023-05-22,Cal Poly Pier,2023-05-25,35.170204,-120.740685,5,2023,0.0,13.2,45.693993,44.63634,2.37,0,12.992142628650276,-0.4634693768635696,0.0909523736862908,0.0,0,14.5,13.8,17.20674,25.854155,8.466618,17.695599,6.72,2.865,1.0236948862742778,0,46011,5.427,1.757,13.58,234.179,,,12.582
2023-05-29,Cal Poly Pier,2023-05-30,35.170204,-120.740685,5,2023,0.037,14.8,24.67574,8.482362,14.58,0,13.372040592894264,-0.2522448925111366,0.0590476081484839,0.2085714281669684,1,13.2,14.5,45.693993,17.20674,44.63634,8.466618,2.37,6.72,2.9090647157006506,0,46011,4.351,1.571,12.161,272.79,,,13.286
2023-06-05,Cal Poly Pier,2023-06-05,35.170204,-120.740685,6,2023,0.982,14.5,21.867807,8.101296,23.03,1,13.916224187734176,0.1071428531514746,0.14238098689488,2.2157142093139037,1,14.8,13.2,24.67574,45.693993,8.482362,44.63634,14.58,2.37,2.6992973716797906,1,46011,4.445,1.803,11.935,272.259,,,14.17
2023-06-12,Cal Poly Pier,2023-06-12,35.170204,-120.740685,6,2023,0.0,13.41,22.254835,3.5257077,29.93,0,14.683264946450992,0.6884693656572881,0.154761859348842,9.681428261101246,1,14.5,14.8,21.867807,24.67574,8.101296,8.482362,23.03,14.58,6.312161101727179,0,46011,2.821,1.4,13.776,230.186,,,14.672
2023-06-19,Cal Poly Pier,2023-06-19,35.170204,-120.740685,6,2023,0.0,15.47,18.51839,1.1243923,54.37,0,15.06173426764352,0.8466326302411604,-0.3571428571428571,13.53285676240921,1,13.41,14.5,22.254835,21.867807,3.5257077,8.101296,29.93,23.03,16.4696876703976,0,46011,2.965,1.463,11.447,280.42,,,16.002
2023-06-26,Cal Poly Pier,2023-06-26,35.170204,-120.740685,6,2023,0.0,12.78,20.84914,7.0193176,13.8,0,14.1333669253758,-0.3728571263503055,0.0995238167898995,5.889999853713172,0,15.47,13.41,18.51839,22.254835,1.1243923,3.5257077,54.37,29.93,2.970251695122044,0,46011,7.325,1.756,8.652,301.576,,,14.049
2023-07-03,Cal Poly Pier,2023-07-03,35.170204,-120.740685,7,2023,0.0,15.47,2.8702319,0.91563463,4.46,0,13.658979250460254,-1.175918331255718,-0.0980952126639229,0.0314285712582724,0,12.78,15.47,20.84914,18.51839,7.0193176,1.1243923,13.8,54.37,3.1346912905642283,0,46011,6.32,1.541,8.616,300.637,,,13.675
2023-07-03,Cal Poly Pier,2023-07-09,35.170204,-120.740685,7,2023,0.0,13.9,14.399109,9.302894,2.57,0,13.658979250460254,-1.175918331255718,-0.0980952126639229,0.0314285712582724,0,15.47,12.78,2.8702319,20.84914,0.91563463,7.0193176,4.46,13.8,1.5478096385920337,0,46011,6.32,1.541,8.616,300.637,,,13.675
2023-07-17,Cal Poly Pier,2023-07-20,35.170204,-120.740685,7,2023,0.0,16.17,17.889153,1.5670341,8.95,0,14.207040572653012,-1.2726530235032647,0.0557142893473307,0.0,0,13.9,15.47,14.399109,2.8702319,9.302894,0.91563463,2.57,4.46,11.4159308977386,0,46011,6.135,1.581,7.439,307.997,,,13.437
2023-07-24,Cal Poly Pier,2023-07-24,35.170204,-120.740685,7,2023,0.022,17.1,13.510801,1.97763505,15.75,0,14.893979335317807,-0.8462244731431104,-0.020952406383696,0.0,0,16.17,13.9,17.889153,14.399109,1.5670341,9.302894,8.95,2.57,6.831796898017155,0,46011,4.824,1.606,8.684,310.519,,,14.832
2023-07-31,Cal Poly Pier,2023-08-01,35.170204,-120.740685,8,2023,1.121,16.78,9.132449,2.388236,8.3,1,14.710816023301104,-1.2449999773988918,-0.1123809360322498,0.0,0,17.1,16.17,13.510801,17.889153,1.97763505,1.5670341,15.75,8.95,3.823930717064812,1,46011,7.673,1.802,7.441,312.824,,,14.535
2023-08-07,Cal Poly Pier,2023-08-07,35.170204,-120.740685,8,2023,0.0,16.3,30.634987,4.599719,7.34,0,14.398264982262436,-1.7685713865319077,0.2619047619047619,0.0,0,16.78,17.1,9.132449,13.510801,2.388236,1.97763505,8.3,15.75,6.66018663313998,0,46011,8.553,1.94,7.435,315.321,,,13.9
2023-08-14,Cal Poly Pier,2023-08-14,35.170204,-120.740685,8,2023,0.0,17.9,13.664341,0.70334524,12.22,0,15.453367165156774,-0.919693852261621,0.2285714830671038,2.252857072012765,1,16.3,16.78,30.634987,9.132449,4.599719,2.388236,7.34,8.3,19.427644096944483,0,46011,3.416,1.292,11.902,246.926,,,16.275
2023-08-21,Cal Poly Pier,2023-08-21,35.170204,-120.740685,8,2023,0.0,17.9,15.000655,0.6339729,16.98,0,16.794591679865,0.2621428508843694,-0.0642858232770647,6.294285529426166,1,17.9,16.3,13.664341,30.634987,0.70334524,4.599719,12.22,7.34,23.6613505088309,0,46011,3.507,1.291,11.609,271.293,,,17.645
2023-08-28,Cal Poly Pier,2023-08-28,35.170204,-120.740685,8,2023,0.0,18.6,9.306054,0.9728784,3.7,0,16.807754759885828,0.177959176350613,-0.1576190221877325,4.997142704469817,0,17.9,17.9,15.000655,13.664341,0.6339729,0.70334524,16.98,12.22,9.565485265167773,0,46011,5.181,1.382,11.128,267.123,,,18.206
2023-09-04,Cal Poly Pier,2023-09-04,35.170204,-120.740685,9,2023,0.0,15.5,27.668438,9.218763,4.87,0,16.11397913524083,-0.5906122323809838,0.0904761723109653,0.955714247056416,0,18.6,17.9,9.306054,15.000655,0.9728784,0.6339729,3.7,16.98,3.001317855768719,0,46011,5.975,2.046,10.722,278.051,,,16.371
2023-09-11,Cal Poly Pier,2023-09-12,35.170204,-120.740685,9,2023,0.0,17.0,11.271144,1.1130859,7.4,0,15.894489346718302,-0.8834693660693509,-0.0442856379917689,0.0,0,15.5,18.6,27.668438,9.306054,9.218763,0.9728784,4.87,3.7,10.126032501175336,0,46011,5.067,1.577,12.841,240.237,,,17.344
2023-09-18,Cal Poly Pier,2023-09-18,35.170204,-120.740685,9,2023,0.0,16.7,15.524004,0.5918764,11.605,0,16.03244870049613,-0.7896938624278623,0.0147617885044642,0.0,0,17.0,15.5,11.271144,27.668438,1.1130859,9.218763,7.4,4.87,26.22845580597571,0,46011,4.818,1.662,10.408,270.152,,,17.127
2023-09-25,Cal Poly Pier,2023-09-25,35.170204,-120.740685,9,2023,0.0,16.0,14.886395,3.2993448,8.45,0,15.972244515710946,-0.8224489719283825,-0.1995237441289992,0.0,0,16.7,17.0,15.524004,11.271144,0.5918764,1.1130859,11.605,7.4,4.511924610001356,0,46011,3.533,1.791,11.915,282.784,,,17.46
2023-10-02,Cal Poly Pier,2023-10-02,35.170204,-120.740685,10,2023,0.0,14.93,12.437307,0.6732884,2.66,0,15.479897440696249,-1.2404081429145772,0.1714285441807338,0.0,0,16.0,16.7,14.886395,15.524004,3.2993448,0.5918764,8.45,11.605,18.472480737823496,0,46011,6.301,2.688,11.76,297.787,,,15.895
2023-10-09,Cal Poly Pier,2023-10-09,35.170204,-120.740685,10,2023,0.0,17.1,8.487265,0.0,7.9,0,15.345203594285616,-1.297653034481467,-0.200476192292713,0.0,0,14.93,16.0,12.437307,14.886395,0.6732884,3.2993448,2.66,8.45,,0,46011,3.784,1.669,12.266,281.851,,,17.074
2023-10-16,Cal Poly Pier,2023-10-16,35.170204,-120.740685,10,2023,0.03,15.3,11.790057,1.3071777,23.49,0,15.205407668133171,-1.345306093139308,0.0509524572463262,0.0,0,17.1,14.93,8.487265,12.437307,0.0,0.6732884,7.9,2.66,9.019475316936632,0,46011,5.963,2.123,12.651,266.454,,,16.68
2023-10-23,Cal Poly Pier,2023-10-23,35.170204,-120.740685,10,2023,0.0,15.14,13.200136,0.8453268,14.54,0,14.768469051438936,-1.6106122087459176,-0.1247618993123371,0.0,0,15.3,17.1,11.790057,8.487265,1.3071777,0.0,23.49,7.9,15.615423526143973,0,46011,4.926,2.627,15.746,291.116,,,16.48
2023-10-30,Cal Poly Pier,2023-10-30,35.170204,-120.740685,10,2023,0.0,15.1,8.698823,2.1057563,5.3,0,14.508162985042649,-1.6206122125898088,0.1209523337227957,0.0,0,15.14,15.3,13.200136,11.790057,0.8453268,1.3071777,14.54,23.49,4.130973275492516,0,46011,7.269,1.904,10.301,290.246,,,15.689
2023-11-06,Cal Poly Pier,2023-11-06,35.170204,-120.740685,11,2023,0.0,15.6,9.951087,0.3992484,8.37,0,14.555305763166777,-1.306428546808204,0.0014285587129138,0.0,0,15.1,15.14,8.698823,13.200136,2.1057563,0.8453268,5.3,14.54,24.924550730823213,0,46011,3.234,1.056,13.38,236.25,,,15.829
2023-11-13,Cal Poly Pier,2023-11-13,35.170204,-120.740685,11,2023,0.0,14.0,7.8987584,2.9140463,5.25,0,14.899693479343338,-0.6916326400348727,0.0385714485531761,0.0314285712582724,1,15.6,15.1,9.951087,8.698823,0.3992484,2.1057563,8.37,5.3,2.710580954050044,0,46011,5.552,2.051,12.409,298.485,,,15.816
2023-11-20,Cal Poly Pier,2023-11-20,35.170204,-120.740685,11,2023,0.0,15.6,8.89936,2.6962857,4.22,0,15.220815999167304,-0.0969387720700125,0.0485714503696986,2.61857139638492,1,14.0,15.6,7.8987584,9.951087,2.9140463,0.3992484,5.25,8.37,3.300599784362614,0,46011,6.157,2.089,11.606,264.61,,,15.695
2023-11-27,Cal Poly Pier,2023-11-27,35.170204,-120.740685,11,2023,0.0,14.94,9.054883,2.3852968,21.88,0,15.513979347384703,0.4773469279729286,-0.0352381297520228,7.169999837875366,1,15.6,14.0,8.89936,7.8987584,2.6962857,2.9140463,4.22,5.25,3.7961242391303256,0,46011,4.585,2.241,13.464,295.251,,,16.055
2023-12-04,Cal Poly Pier,2023-12-04,35.170204,-120.740685,12,2023,0.0,15.4,11.917822,9.343574,4.44,0,15.388979318190591,0.6398979446717671,-0.0942856924874441,8.95857122540474,1,14.94,15.6,9.054883,8.89936,2.3852968,2.6962857,21.88,4.22,1.2755099922149702,0,46011,5.489,2.114,12.211,291.054,,,15.896
2023-12-11,Cal Poly Pier,2023-12-12,35.170204,-120.740685,12,2023,0.021,13.88,13.0274315,9.856433,2.6,0,14.893979286660953,0.4318367260299167,0.0085714431036086,6.074285592351641,1,15.4,14.94,11.917822,9.054883,9.343574,2.3852968,4.44,21.88,1.3217186684067146,0,46011,5.947,3.075,14.645,305.033,,,15.504
2023-12-18,Cal Poly Pier,2023-12-19,35.170204,-120.740685,12,2023,0.0,14.75,5.55982,3.9206774,8.22,0,14.774897653229385,0.571734679672791,0.122857093811035,8.044285514525004,1,13.88,15.4,13.0274315,11.917822,9.856433,9.343574,2.6,4.44,1.4180763762915052,0,46011,3.863,1.54,11.23,294.14,,,14.733
2023-12-18,Cal Poly Pier,2023-12-24,35.170204,-120.740685,12,2023,0.0,15.26,10.709523,5.9959335,1.45,0,14.774897653229385,0.571734679672791,0.122857093811035,8.044285514525004,1,14.75,13.88,5.55982,13.0274315,3.9206774,9.856433,8.22,2.6,1.7861310503193542,0,46011,3.863,1.54,11.23,294.14,,,14.733
2024-01-01,Cal Poly Pier,2024-01-01,35.170204,-120.740685,1,2024,0.0,15.6,10.386971,5.1969566,2.285,0,15.729693597676802,1.8509183209769584,-0.1242857433500743,25.912856493677413,1,15.26,14.75,10.709523,5.55982,5.9959335,3.9206774,1.45,8.22,1.9986641797239564,0,46011,4.757,3.806,15.884,282.958,,,16.106
2024-01-08,Cal Poly Pier,2024-01-08,35.170204,-120.740685,1,2024,0.02,14.7,12.274188,8.143296,1.26,0,15.157346637881531,1.412040784802972,-0.2695237568446568,20.01571384498051,1,15.6,15.26,10.386971,10.709523,5.1969566,5.9959335,2.285,1.45,1.5072751868530876,0,46011,6.369,3.736,14.845,298.381,,,15.746
2024-01-15,Cal Poly Pier,2024-01-16,35.170204,-120.740685,1,2024,0.0,12.3,52.124832,38.27095,2.75,0,13.831224207975426,0.2141836728064381,-0.0195238022577195,6.705714202352932,0,14.7,15.6,12.274188,10.386971,8.143296,5.1969566,1.26,2.285,1.3619947244581072,0,46011,7.343,2.758,13.562,308.494,,,14.43
2024-01-22,Cal Poly Pier,2024-01-22,35.170204,-120.740685,1,2024,0.0,13.8,33.628666,17.365572,7.21,0,13.228877398432518,-0.2935714213063522,0.1223808924357095,0.8499999865889549,1,12.3,14.7,52.124832,12.274188,38.27095,8.143296,2.75,1.26,1.9365135798578936,0,46011,5.68,1.887,12.314,275.099,,,13.796
2024-01-29,Cal Poly Pier,2024-01-29,35.170204,-120.740685,1,2024,0.0,13.7,19.079546,9.480806,0.83,0,13.679489583385234,0.213775506319136,0.0014286041259765,4.4957141908151765,1,13.8,12.3,33.628666,52.124832,17.365572,38.27095,7.21,2.75,2.012439237761009,0,46011,5.19,2.111,13.019,281.682,,,14.198
2024-02-05,Cal Poly Pier,2024-02-05,35.170204,-120.740685,2,2024,0.0,13.6,118.55002,20.18804,1.68,0,13.9948976867053,0.5746938639073348,0.0066666376023065,8.048571237495967,1,13.7,13.8,19.079546,33.628666,9.480806,17.365572,0.83,7.21,5.872289731940297,0,46011,5.765,3.123,13.196,277.199,,,14.307
2024-02-12,Cal Poly Pier,2024-02-12,35.170204,-120.740685,2,2024,0.0,13.1,29.297462,12.2852125,1.99,0,14.009387425013951,0.6335714143149707,0.0404761632283528,8.86999980040959,1,13.6,13.7,118.55002,19.079546,20.18804,9.480806,1.68,0.83,2.384774540936919,0,46011,6.153,3.074,13.271,291.609,,,14.18
2024-02-19,Cal Poly Pier,2024-02-19,35.170204,-120.740685,2,2024,0.0,14.26,17.549532,7.169831,2.4,0,14.114999625147606,0.779285702170158,0.0052381243024553,10.90999983038221,1,13.1,13.6,29.297462,118.55002,12.2852125,20.18804,1.99,1.68,2.447691165942405,0,46011,4.839,2.043,13.867,284.802,,,14.083
2024-02-26,Cal Poly Pier,2024-02-26,35.170204,-120.740685,2,2024,0.0,14.5,36.9703,18.35785,1.82,0,14.279081354335862,0.9756122219319248,0.030476206824893,13.658571107046944,1,14.26,13.1,17.549532,29.297462,7.169831,12.2852125,2.4,1.99,2.013868726457619,0,46011,4.865,2.676,14.203,288.518,,,14.258
2024-03-04,Cal Poly Pier,2024-03-04,35.170204,-120.740685,3,2024,0.0,14.2,68.68635,16.034046,1.51,0,14.393163009565706,1.1171428232776877,-0.1076191039312453,15.639999525887626,1,14.5,14.26,36.9703,17.549532,18.35785,7.169831,1.82,2.4,4.283781523390915,0,46011,4.988,2.558,13.517,307.012,,,14.437
2024-03-11,Cal Poly Pier,2024-03-11,35.170204,-120.740685,3,2024,0.0,12.9,23.3,10.561,3.71,0,14.05999961191294,0.8114285508018672,-0.0714285260155087,11.36428542541606,1,14.2,14.5,68.68635,36.9703,16.034046,18.35785,1.51,1.82,2.206230470599375,0,46011,6.074,2.268,12.025,301.684,,,14.243
2024-03-11,Cal Poly Pier,2024-03-17,35.170204,-120.740685,3,2024,0.0,13.2,106.33,42.718,1.71,0,14.05999961191294,0.8114285508018672,-0.0714285260155087,11.36428542541606,1,12.9,14.2,23.3,68.68635,10.561,16.034046,3.71,1.51,2.4891146589259794,0,46011,6.074,2.268,12.025,301.684,,,14.243
2024-03-18,Cal Poly Pier,2024-03-24,35.170204,-120.740685,3,2024,0.027,13.5,12.51,9.146,4.5,0,13.446734340823427,0.2261224444005257,-0.0228571210588727,3.5614285011376654,0,13.2,12.9,106.33,23.3,42.718,10.561,1.71,3.71,1.3678110649464246,0,46011,4.846,3.048,14.922,302.817,,,13.555
2024-04-01,Cal Poly Pier,2024-04-01,35.170204,-120.740685,4,2024,0.0,13.4,41.93,21.679,4.0,0,12.525101817384057,-0.6402040677411216,-0.0114285605294363,0.0,0,13.5,13.2,12.51,106.33,9.146,42.718,4.5,1.71,1.9341298030351952,0,46011,7.093,2.833,13.862,301.931,,,13.045
2024-04-01,Cal Poly Pier,2024-04-07,35.170204,-120.740685,4,2024,0.0,12.7,21.38,16.346,3.19,0,12.525101817384057,-0.6402040677411216,-0.0114285605294363,0.0,0,13.4,13.5,41.93,12.51,21.679,9.146,4.0,4.5,1.3079652514376603,0,46011,7.093,2.833,13.862,301.931,,,13.045
2024-04-08,Cal Poly Pier,2024-04-14,35.170204,-120.740685,4,2024,0.0,13.7,99.53,15.816,6.72,0,12.221530398544,-0.9156122280626882,0.01761904216948,0.0,0,12.7,13.4,21.38,41.93,16.346,21.679,3.19,4.0,6.292994436014163,0,46011,6.64,2.439,11.362,308.161,,,13.114
2024-04-22,Cal Poly Pier,2024-04-22,35.170204,-120.740685,4,2024,0.11,14.6,30.61,13.316,4.14,1,12.574591519881269,-0.5571428397480322,-0.0671428952898297,0.0514285692146845,1,13.7,12.7,99.53,21.38,15.816,16.346,6.72,3.19,2.298738359867828,1,46011,6.36,1.645,12.769,253.612,,,13.171
2024-04-29,Cal Poly Pier,2024-04-29,35.170204,-120.740685,4,2024,0.0,14.1,38.04,23.465,0.86,0,12.25091792126091,-0.9362244656955708,-0.2499999545869373,0.089999996125698,0,14.6,13.7,30.61,99.53,13.316,15.816,4.14,6.72,1.621137864905178,0,46011,6.185,1.876,10.098,296.913,,,12.891
2024-05-06,Cal Poly Pier,2024-05-06,35.170204,-120.740685,5,2024,0.0,11.4,10.21,5.113,20.43,0,11.218673131903824,-2.0327550652531943,0.0914285750616164,0.0385714269110134,0,14.1,14.6,38.04,30.61,23.465,13.316,0.86,4.14,1.9968707216898105,0,46011,9.12,2.663,9.002,307.101,,,10.984
2024-05-13,Cal Poly Pier,2024-05-13,35.170204,-120.740685,5,2024,0.0,13.8,5.73,1.269,1.16,0,11.19602022365648,-2.1216326182594103,0.2423809596470423,0.0,0,11.4,14.1,10.21,38.04,5.113,23.465,20.43,0.86,4.515366430260048,0,46011,5.441,1.998,11.608,287.83,,,11.071
2024-05-20,Cal Poly Pier,2024-05-20,35.170204,-120.740685,5,2024,0.0,13.1,8.49,2.231,3.29,0,12.263877265307368,-1.152550994437568,-0.0576190948486327,0.0,0,13.8,11.4,5.73,10.21,1.269,5.113,1.16,20.43,3.805468399820709,0,46011,3.076,1.491,13.007,277.03,,,12.896
2024-05-27,Cal Poly Pier,2024-05-27,35.170204,-120.740685,5,2024,0.0,13.4,16.3,11.248,2.36,0,12.59428529350125,-0.9773469123305106,-0.0719047273908342,0.0,0,13.1,13.8,8.49,5.73,2.231,1.269,3.29,1.16,1.4491465149359888,0,46011,6.726,2.214,9.412,311.521,,,12.713
2024-06-03,Cal Poly Pier,2024-06-03,35.170204,-120.740685,6,2024,0.0,15.6,5.35,1.029,5.77,0,12.41255061480464,-1.3415305726230145,0.238095238095238,0.0,0,13.4,13.1,16.3,8.49,11.248,2.231,2.36,3.29,5.199222546161322,0,46011,7.367,2.113,8.882,309.713,,,12.173
2024-06-10,Cal Poly Pier,2024-06-10,35.170204,-120.740685,6,2024,0.0,14.8,3.419,1.166,3.16,0,12.954999602570824,-0.982755074923744,-0.0876190548851376,0.0,0,15.6,13.4,5.35,16.3,1.029,11.248,5.77,2.36,2.9322469982847346,0,46011,4.913,2.063,11.26,293.621,,,12.594
2024-06-17,Cal Poly Pier,2024-06-17,35.170204,-120.740685,6,2024,0.0,15.4,11.428,4.155,2.79,0,13.001326181450668,-1.141938764830025,-0.0890476135980515,0.0,0,14.8,15.6,3.419,5.35,1.166,1.029,3.16,5.77,2.750421179302046,0,46011,6.606,2.487,10.192,308.675,,,13.169
2024-06-24,Cal Poly Pier,2024-06-24,35.170204,-120.740685,6,2024,0.0,15.1,35.467,19.314,17.97,0,12.765918138075849,-1.6502040667193276,0.1157143002464657,0.0,0,15.4,14.8,11.428,3.419,4.155,1.166,2.79,3.16,1.8363363363363363,0,46011,7.804,2.008,7.872,309.601,,,11.953
2024-07-01,Cal Poly Pier,2024-07-01,35.170204,-120.740685,7,2024,0.0,15.9,11.419,2.994,9.35,0,13.422958938442932,-1.3172448837027255,0.1871428262619745,0.0,0,15.1,15.4,35.467,11.428,19.314,4.155,17.97,2.79,3.8139612558450233,0,46011,5.48,1.743,9.767,294.455,,,13.219
2024-07-01,Cal Poly Pier,2024-07-07,35.170204,-120.740685,7,2024,0.0,17.6,16.899,5.109,32.64,0,13.422958938442932,-1.3172448837027255,0.1871428262619745,0.0,0,15.9,15.1,11.419,35.467,2.994,19.314,9.35,17.97,3.307692307692308,0,46011,5.48,1.743,9.767,294.455,,,13.219
2024-07-15,Cal Poly Pier,2024-07-15,35.170204,-120.740685,7,2024,0.0,16.1,6.334,3.664,2.7,0,14.3621425336721,-1.0304081360904538,0.1738095510573614,0.0,0,17.6,15.9,16.899,11.419,5.109,2.994,32.64,9.35,1.728711790393013,0,46011,3.986,1.412,10.344,267.336,,,14.017
2024-07-22,Cal Poly Pier,2024-07-22,35.170204,-120.740685,7,2024,0.0,16.3,8.056,0.946,9.16,0,14.569591551410907,-1.1021428284596424,-0.119047619047619,0.0,0,16.1,17.6,6.334,16.899,3.664,5.109,2.7,32.64,8.515856236786469,0,46011,6.116,1.542,13.115,248.348,,,14.455
2024-07-29,Cal Poly Pier,2024-07-29,35.170204,-120.740685,7,2024,0.0,14.9,13.616,5.924,15.05,0,14.435816093366972,-1.4612244671704815,-0.0223810105096726,0.0,0,16.3,16.1,8.056,6.334,0.946,3.664,9.16,2.7,2.298446995273464,0,46011,4.887,1.69,9.396,310.431,,,14.724
2024-07-29,Cal Poly Pier,2024-08-04,35.170204,-120.740685,8,2024,0.0,16.1,9.997,1.254,14.98,0,14.435816093366972,-1.4612244671704815,-0.0223810105096726,0.0,0,14.9,16.3,13.616,8.056,5.924,0.946,15.05,9.16,7.9720893141945774,0,46011,4.887,1.69,9.396,310.431,,,14.724
2024-08-05,Cal Poly Pier,2024-08-11,35.170204,-120.740685,8,2024,0.0,16.8,8.813,2.211,8.64,0,14.046836463772522,-2.0595918030154947,-0.0119047164916992,0.0,0,16.1,14.9,9.997,13.616,1.254,5.924,14.98,15.05,3.985979194934419,0,46011,6.428,1.374,8.19,286.539,,,14.21
2024-08-12,Cal Poly Pier,2024-08-18,35.170204,-120.740685,8,2024,0.0,16.7,12.486,3.276,7.14,0,13.930918138854356,-2.3840815972308724,0.0314285641624813,0.0,0,16.8,16.1,8.813,9.997,2.211,1.254,8.64,14.98,3.811355311355312,0,46011,5.958,1.671,8.353,298.331,,,13.371
2024-08-19,Cal Poly Pier,2024-08-25,35.170204,-120.740685,8,2024,0.0,15.0,11.501,1.853,28.83,0,13.9901018531955,-2.5037754761929416,-0.0152380807059151,0.0,0,16.7,16.8,12.486,8.813,3.276,2.211,7.14,8.64,6.206691851052347,0,46011,7.08,1.574,9.227,285.155,,,13.339
2024-08-26,Cal Poly Pier,2024-09-01,35.170204,-120.740685,9,2024,0.0,15.9,14.948,3.958,20.71,0,14.462652848691356,-2.145408115216664,0.1985714322044736,0.0,0,15.0,16.7,11.501,12.486,1.853,3.276,28.83,7.14,3.776654876200101,0,46011,6.349,1.36,10.655,283.875,,,14.413
2024-09-02,Cal Poly Pier,2024-09-08,35.170204,-120.740685,9,2024,0.0,16.9,14.948,2.799,8.57,0,15.074999780071025,-1.6099999686893152,-0.01761904216948,0.0,0,15.9,15.0,14.948,11.501,3.958,1.853,20.71,28.83,5.340478742408003,0,46011,5.156,1.281,10.529,294.03,,,15.175
2024-09-09,Cal Poly Pier,2024-09-15,35.170204,-120.740685,9,2024,0.0,14.7,18.667446,11.595688,84.33,0,14.92979569337806,-1.8301019936191791,-0.2204761959257579,0.0,0,16.9,15.9,14.948,14.948,2.799,3.958,8.57,20.71,1.6098610104031774,0,46011,6.725,1.538,11.304,298.345,,,15.063
2024-09-16,Cal Poly Pier,2024-09-22,35.170204,-120.740685,9,2024,0.0,15.7,15.542667,4.2422986,112.18,0,14.386122226715088,-2.4322448093063977,0.1838095074608212,0.0,0,14.7,16.9,18.667446,14.948,11.595688,2.799,84.33,8.57,3.663737154192777,0,46011,5.154,1.499,9.413,285.075,,,14.48
2024-09-23,Cal Poly Pier,2024-09-29,35.170204,-120.740685,9,2024,0.0,16.1,15.767852,6.56516,59.27,0,14.77255070939356,-2.0373468861287956,0.1295237768264043,0.0,0,15.7,14.7,15.542667,18.667446,4.2422986,11.595688,112.18,84.33,2.401746796726965,0,46011,5.424,1.33,10.153,288.481,,,15.361
2024-09-30,Cal Poly Pier,2024-10-06,35.170204,-120.740685,10,2024,0.0,16.5,15.191012,2.344632,72.08,0,15.6392853016756,-1.1027550920083815,0.0809523718697684,0.0057142855865614,1,16.1,15.7,15.767852,15.542667,6.56516,4.2422986,59.27,112.18,6.479060253378782,0,46011,3.431,1.755,11.891,305.189,,,16.156
2024-10-07,Cal Poly Pier,2024-10-13,35.170204,-120.740685,10,2024,0.0,16.9,17.489302,2.7834334,56.93,0,16.11418322154454,-0.5494897850998203,-0.0366665976388113,0.0199999995529651,0,16.5,16.1,15.191012,15.767852,2.344632,6.56516,72.08,59.27,6.283355657081646,0,46011,2.98,1.626,11.973,297.74,,,16.417
2024-10-14,Cal Poly Pier,2024-10-20,35.170204,-120.740685,10,2024,0.0,13.8,24.149399,13.633749,1.12,0,15.98877511705671,-0.5916326345153609,-0.2166667211623418,0.0142857139664036,0,16.9,16.5,17.489302,15.191012,2.7834334,2.344632,56.93,72.08,1.7712955548763587,0,46011,4.932,1.637,13.022,289.543,,,16.186
2024-10-21,Cal Poly Pier,2024-10-27,35.170204,-120.740685,10,2024,0.0,15.4,13.321327,2.5533218,37.9,0,15.282958828673072,-1.152959155184882,-0.0023809160505022,0.0,0,13.8,16.9,24.149399,17.489302,13.633749,2.7834334,1.12,56.93,5.217253461745401,0,46011,6.131,2.338,11.941,297.988,,,15.53
2024-10-28,Cal Poly Pier,2024-11-03,35.170204,-120.740685,11,2024,0.0,12.8,19.637783,13.996039,3.93,0,14.423367033199389,-1.7780611898217882,-0.2466666811988467,0.0,0,15.4,13.8,13.321327,24.149399,2.5533218,13.633749,37.9,1.12,1.4030957615936908,0,46011,5.434,1.556,10.447,282.233,,,15.598
2024-11-04,Cal Poly Pier,2024-11-10,35.170204,-120.740685,11,2024,0.0,12.5,16.571445,12.683202,13.16,0,13.531632394206769,-2.404081570858858,0.007142838977632,0.0,0,12.8,15.4,19.637783,13.321327,13.996039,2.5533218,3.93,37.9,1.3065663544584405,0,46011,7.759,2.712,12.523,311.521,,,14.132
2024-11-11,Cal Poly Pier,2024-11-17,35.170204,-120.740685,11,2024,0.0,12.1,20.835371,17.654457,2.5,0,12.942652780182508,-2.7276529852224853,-0.1019047782534644,0.0,0,12.5,12.8,16.571445,19.637783,12.683202,13.996039,13.16,3.93,1.1801762580406747,0,46011,3.9,2.286,13.594,300.312,,,13.297
2024-11-18,Cal Poly Pier,2024-11-24,35.170204,-120.740685,11,2024,0.0,12.1,22.16003,18.03003,7.47,0,12.534285350721708,-2.8634693306319567,0.0080952417282831,0.0,0,12.1,12.5,20.835371,16.571445,17.654457,12.683202,2.5,13.16,1.2290622921869792,0,46011,6.236,3.229,13.515,300.662,,,13.005
2024-11-25,Cal Poly Pier,2024-12-01,35.170204,-120.740685,12,2024,0.0,12.9,10.710304,6.377709,7.12,0,12.36571386882237,-2.750612193224381,0.1047619410923548,0.0,0,12.1,12.1,22.16003,20.835371,18.03003,17.654457,7.47,2.5,1.679334068079933,0,46011,4.454,2.446,11.813,294.542,,,12.551
2024-12-02,Cal Poly Pier,2024-12-08,35.170204,-120.740685,12,2024,0.0,12.4,23.7,20.738,2.27,0,12.885713985988072,-1.9431632246289936,0.0395238058907644,0.0,0,12.9,12.1,10.710304,22.16003,6.377709,18.03003,7.12,7.47,1.142829588195583,0,46011,3.764,1.268,13.824,227.104,,,12.689
2024-12-02,Cal Poly Pier,2024-12-08,35.170204,-120.740685,12,2024,0.0,12.3,15.238,9.539,2.91,0,12.885713985988072,-1.9431632246289936,0.0395238058907644,0.0,0,12.4,12.9,23.7,10.710304,20.738,6.377709,2.27,7.12,1.5974420798825872,0,46011,3.764,1.268,13.824,227.104,,,12.689
2024-12-16,Cal Poly Pier,2024-12-22,35.170204,-120.740685,12,2024,0.0,12.9,13.873,9.274,1.6,0,13.164285387311663,-1.103979578431772,0.0176189967564174,0.0,0,12.3,12.4,15.238,23.7,9.539,20.738,2.91,2.27,1.4959025231830927,0,46011,4.122,2.663,14.295,298.149,,,13.529
2024-12-23,Cal Poly Pier,2024-12-29,35.170204,-120.740685,12,2024,0.0,12.9,21.655,13.901,1.11,0,12.999897635712916,-1.059591820653604,-0.0890476135980515,0.0,0,12.9,12.3,13.873,15.238,9.274,9.539,1.6,2.91,1.5578015970074095,0,46011,3.811,2.385,14.68,296.33,,,13.293
2024-12-30,Cal Poly Pier,2025-01-05,35.170204,-120.740685,1,2025,0.0,11.9,24.876,18.416,2.28,0,12.679489524997011,-1.2364285478786543,-0.0452380407424199,0.0,0,12.9,12.9,21.655,13.873,13.901,9.274,1.11,1.6,1.3507819287576022,0,46011,5.388,3.759,15.843,295.322,,,13.364
2025-01-06,Cal Poly Pier,2025-01-12,35.170204,-120.740685,1,2025,0.0,11.4,19.591,19.244,3.03,0,12.239285488517917,-1.544285679350094,-0.0142857687813895,0.0,0,11.9,12.9,24.876,21.655,18.416,13.901,2.28,1.11,1.018031594263147,0,46011,6.382,2.6,13.422,296.78,,,12.762
2025-01-13,Cal Poly Pier,2025-01-19,35.170204,-120.740685,1,2025,0.0,12.0,15.163,13.821,1.36,0,12.1078568769961,-1.5434693511651487,0.0395238058907645,0.0,0,11.4,11.9,19.591,24.876,19.244,18.416,3.03,2.28,1.097098618045004,0,46011,5.101,2.389,14.85,292.562,,,12.588
2025-01-20,Cal Poly Pier,2025-01-26,35.170204,-120.740685,1,2025,0.0,11.5,14.284,17.049,2.88,0,12.299387445255205,-1.243877523407644,0.0457143329438708,0.0,0,12.0,11.4,15.163,19.591,13.821,19.244,1.36,3.03,0.8378204000234618,0,46011,3.738,1.89,15.459,294.896,,,13.08
2025-01-27,Cal Poly Pier,2025-02-02,35.170204,-120.740685,2,2025,0.0,12.5,19.507,19.644,3.15,0,12.542244697103696,-0.9365305894491625,0.0147618339175269,0.0,0,11.5,12.0,14.284,15.163,17.049,13.821,2.88,1.36,0.993025860313582,0,46011,4.235,1.905,14.627,297.893,,,12.916
2025-02-03,Cal Poly Pier,2025-02-09,35.170204,-120.740685,2,2025,0.0,12.5,10.573,6.565,4.22,0,12.716632385643162,-0.7154081439485356,0.0419047673543293,0.0,0,12.5,11.5,19.507,14.284,19.644,17.049,3.15,2.88,1.6105102817974104,0,46011,3.679,1.194,10.745,299.022,,,12.84
2025-02-10,Cal Poly Pier,2025-02-16,35.170204,-120.740685,2,2025,0.0,11.3,33.283,16.251,0.99,0,12.792448598511363,-0.5922448841892943,-0.0942856470743814,0.0,0,12.5,12.5,10.573,19.507,6.565,19.644,4.22,3.15,2.0480585810103995,0,46011,7.104,2.112,10.179,271.651,,,12.951
2025-02-17,Cal Poly Pier,2025-02-23,35.170204,-120.740685,2,2025,0.0,12.3,72.903,37.06,1.67,0,12.473367097426433,-0.8708163049756265,-0.0647618884132021,0.0,0,11.3,12.5,33.283,10.573,16.251,6.565,0.99,4.22,1.9671613599568267,0,46011,8.352,2.717,10.972,286.666,,,12.54
2025-02-24,Cal Poly Pier,2025-03-02,35.170204,-120.740685,3,2025,0.0,12.0,21.226,15.601,4.35,0,12.079183481177504,-1.2324489488893626,0.0119047164916991,0.0,0,12.3,11.3,72.903,33.283,37.06,16.251,1.67,0.99,1.3605538106531632,0,46011,7.114,2.487,14.017,296.679,,,12.608
2025-03-03,Cal Poly Pier,2025-03-09,35.170204,-120.740685,3,2025,0.0,10.6,24.265648,21.343538,2.66,0,11.84704047806409,-1.435612213854887,-0.0828571773710704,0.0,0,12.0,12.3,21.226,72.903,15.601,37.06,4.35,1.67,1.1369084169644226,0,46011,5.926,2.999,13.939,294.167,,,12.538
2025-03-10,Cal Poly Pier,2025-03-16,35.170204,-120.740685,3,2025,0.328,11.5,18.85365,12.277112,5.25,1,11.749285269756706,-1.5045918043778868,0.0814285732450939,0.0,0,10.6,12.0,24.265648,21.226,21.343538,15.601,2.66,4.35,1.5356746765851772,1,46011,6.669,2.494,11.868,300.318,,,12.547
2025-03-17,Cal Poly Pier,2025-03-23,35.170204,-120.740685,3,2025,0.378,11.6,46.41672,25.473034,2.92,1,11.866020037203418,-1.3602040434370235,-0.0514285223824636,0.0,0,11.5,10.6,18.85365,24.265648,12.277112,21.343538,5.25,2.66,1.8221904779776137,1,46011,5.473,2.51,13.06,295.19,,,13.078
2025-03-24,Cal Poly Pier,2025-03-30,35.170204,-120.740685,3,2025,0.712,11.7,11.287025,12.865206,5.2,1,11.941632348663951,-1.2571428168793113,0.0599999654860723,0.0,0,11.6,11.5,46.41672,18.85365,25.473034,12.277112,2.92,5.25,0.877329519636141,1,46011,8.623,2.635,12.343,302.11,,,12.57
2025-03-31,Cal Poly Pier,2025-04-06,35.170204,-120.740685,4,2025,0.497,11.9,81.200584,64.77097,9.99,1,11.940305787689832,-1.229897924223725,-0.0909523736862909,0.0,0,11.7,11.6,11.287025,46.41672,12.865206,25.473034,5.2,2.92,1.253657062724242,1,46011,4.936,2.764,14.524,293.167,,,12.378
2025-04-07,Cal Poly Pier,2025-04-13,35.170204,-120.740685,4,2025,0.219,11.3,15.355717,16.49106,2.4,1,11.69295885124985,-1.4491836355656993,-0.0428571246919177,0.0,0,11.9,11.7,81.200584,11.287025,64.77097,12.865206,9.99,5.2,0.931154031335766,1,46011,7.135,2.072,10.454,292.679,,,12.337
2025-04-14,Cal Poly Pier,2025-04-20,35.170204,-120.740685,4,2025,0.06,13.3,8.212715,5.7710624,8.08,0,11.428673189513535,-1.6898979222287935,0.1566666648501441,0.0,0,11.3,11.9,15.355717,81.200584,16.49106,64.77097,2.4,9.99,1.4230854616993918,0,46011,7.61,2.487,12.479,298.748,,,11.518
2025-04-21,Cal Poly Pier,2025-04-27,35.170204,-120.740685,4,2025,0.244,12.3,3.9442277,5.7463365,4.81,1,11.830203766725502,-1.2965305839874308,0.0380952471778505,0.0,0,13.3,11.3,8.212715,15.355717,5.7710624,16.49106,8.08,2.4,0.6863899634140813,1,46011,3.32,1.558,11.952,283.408,,,12.628
2025-04-28,Cal Poly Pier,2025-05-04,35.170204,-120.740685,5,2025,0.0,12.3,25.150854,19.285059,1.74,0,12.34571395601545,-0.830714263478104,0.0309523627871558,0.0,0,12.3,13.3,3.9442277,8.212715,5.7463365,5.7710624,4.81,8.08,1.3041626681048784,0,46011,3.952,1.621,11.814,279.946,,,12.459
2025-05-12,Cal Poly Pier,2025-05-12,35.170204,-120.740685,5,2025,0.0,14.8,2.236056,7.0426283,4.56,0,12.771020159429431,-0.5347959110323263,-0.254285766964867,0.85999995470047,0,12.3,12.3,25.150854,3.9442277,19.285059,5.7463365,1.74,4.81,0.3175030549319208,0,46011,5.004,2.242,11.259,296.837,,,13.946
2025-05-12,Cal Poly Pier,2025-05-18,35.170204,-120.740685,5,2025,0.0,13.0,16.255554,12.0550785,13.51,0,12.771020159429431,-0.5347959110323263,-0.254285766964867,0.85999995470047,0,14.8,12.3,2.236056,25.150854,7.0426283,19.285059,4.56,1.74,1.348440327452036,0,46011,5.004,2.242,11.259,296.837,,,13.946
2025-05-26,Cal Poly Pier,2025-05-26,35.170204,-120.740685,5,2025,0.022,13.2,2.4694772,1.7286373,15.12,0,12.072958897571176,-1.4757142535277776,0.1052380970546177,0.0,0,13.0,14.8,16.255554,2.236056,12.0550785,7.0426283,13.51,4.56,1.4285687344592184,0,46011,9.382,2.511,9.362,300.418,1015.967,12.247,12.335
2025-05-26,Cal Poly Pier,2025-06-01,35.170204,-120.740685,6,2025,0.0,14.4,3.2065816,5.90497,4.58,0,12.072958897571176,-1.4757142535277776,0.1052380970546177,0.0,0,13.2,13.0,2.4694772,16.255554,1.7286373,12.0550785,15.12,13.51,0.5430309722149308,0,46011,9.382,2.511,9.362,300.418,1015.967,12.247,12.335
2025-06-02,Cal Poly Pier,2025-06-08,35.170204,-120.740685,6,2025,0.0,15.1,18.634008,6.981371,15.33,0,12.688367065118284,-1.0411224234469083,0.2628570738292875,0.4828571464334215,1,14.4,13.2,3.2065816,2.4694772,5.90497,1.7286373,4.58,15.12,2.669104392246165,0,46011,6.116,1.912,9.649,291.277,1015.714,12.054,12.418
2025-06-16,Cal Poly Pier,2025-06-16,35.170204,-120.740685,6,2025,0.0,15.5,0.71720964,0.15,15.47,0,13.515203748430524,-0.5948979387021794,-0.2290475936163039,2.1471428413476263,0,15.1,14.4,18.634008,3.2065816,6.981371,5.90497,15.33,4.58,4.7813976,0,46011,8.558,1.984,11.296,278.577,1014.427,12.94,13.602
2025-06-23,Cal Poly Pier,2025-06-23,35.170204,-120.740685,6,2025,0.0,12.9,2.5367656,0.29743335,6.04,0,12.471224249625692,-1.89979587723406,0.2604761577787853,0.0914285693849836,0,15.5,15.1,0.71720964,18.634008,0.15,6.981371,15.47,15.33,8.528853943244764,0,46011,10.354,2.676,8.584,309.182,1013.466,12.518,12.442
2025-06-30,Cal Poly Pier,2025-06-30,35.170204,-120.740685,6,2025,0.0,14.5,2.599809,0.209,6.27,0,12.613673219875412,-2.0774489337084243,0.0680952526274181,0.0,0,12.9,15.5,2.5367656,0.71720964,0.29743335,0.15,6.04,15.47,12.439277511961723,0,46011,5.251,1.724,8.688,300.321,1015.397,11.448,12.247
2025-07-07,Cal Poly Pier,2025-07-07,35.170204,-120.740685,7,2025,0.0,15.2,9.787138,0.626,4.37,0,13.589897583942022,-1.4310203699433075,0.055714243934268,0.0,0,14.5,12.9,2.599809,2.5367656,0.209,0.29743335,6.27,6.04,15.634405750798724,0,46011,5.936,1.765,10.199,288.232,1014.989,12.6,13.185
2025-07-14,Cal Poly Pier,2025-07-14,35.170204,-120.740685,7,2025,0.0,15.0,8.868177,0.356,23.13,0,14.344795460603676,-1.0039795644733371,0.1333333878290085,0.0,0,15.2,14.5,9.787138,2.599809,0.626,0.209,4.37,6.27,24.9106095505618,0,46011,4.708,1.646,10.719,272.792,1016.633,13.127,
2025-07-21,Cal Poly Pier,2025-07-21,35.170204,-120.740685,7,2025,0.0,14.8,5.68409,0.42,8.52,0,14.853060829396153,-0.7834693708894205,-0.0490476517450241,0.0,0,15.0,15.2,8.868177,9.787138,0.356,0.626,23.13,4.37,13.53354761904762,0,46011,3.545,1.454,13.672,225.257,1015.477,14.018,
2025-07-28,Cal Poly Pier,2025-07-28,35.170204,-120.740685,7,2025,0.074,15.3,9.387541,0.209,9.92,0,14.773673145138488,-1.0918367216173483,-0.1414285387311662,0.0,0,14.8,15.0,5.68409,8.868177,0.42,0.356,8.52,23.13,44.91646411483254,0,46011,4.456,0.947,13.37,211.699,1017.46,14.866,
2025-08-04,Cal Poly Pier,2025-08-04,35.170204,-120.740685,8,2025,0.71,15.0,7.9580765,0.426,15.96,1,14.151122151588908,-1.9238775336012548,0.055714243934268,0.0,0,15.3,14.8,9.387541,5.68409,0.209,0.42,9.92,8.52,18.680930751173708,1,46011,8.502,1.581,6.853,304.929,1018.441,14.614,
2025-08-04,Cal Poly Pier,2025-08-10,35.170204,-120.740685,8,2025,0.539,15.6,11.853694,3.21391,9.17,1,14.151122151588908,-1.9238775336012548,0.055714243934268,0.0,0,15.0,15.3,7.9580765,9.387541,0.426,0.209,15.96,9.92,3.6882470262079528,1,46011,8.502,1.581,6.853,304.929,1018.441,14.614,
2025-08-18,Cal Poly Pier,2025-08-18,35.170204,-120.740685,8,2025,0.707,15.6,4.446803,1.266,14.0,1,14.184591653395673,-2.287448941444864,0.153809456598191,0.0,0,15.6,15.0,11.853694,7.9580765,3.21391,0.426,9.17,15.96,3.5124826224328594,1,46011,6.391,1.469,12.47,250.435,1015.584,14.476,
2025-08-25,Cal Poly Pier,2025-08-26,35.170204,-120.740685,8,2025,0.0,16.8,14.084507,3.7947733,12.67,0,14.748775268087584,-1.846836699210868,0.132857186453683,0.0,0,15.6,15.6,4.446803,11.853694,1.266,3.21391,14.0,9.17,3.711554258063321,0,46011,7.096,1.62,8.414,300.491,1014.04,14.869,
2025-09-01,Cal Poly Pier,2025-09-01,35.170204,-120.740685,9,2025,0.0,18.7,6.2209325,3.76,4.21,0,15.90591811160652,-0.7677550767453349,0.0052380334763299,1.8328571213143212,1,16.8,15.6,14.084507,4.446803,3.7947733,1.266,12.67,14.0,1.6545033244680851,0,46011,3.22,1.074,14.3,205.714,1015.309,16.17,
2025-09-08,Cal Poly Pier,2025-09-08,35.170204,-120.740685,9,2025,0.0,17.6,9.9978075,1.97,12.69,0,16.29091806800998,-0.4549999850973182,-0.0771428062802269,2.149999972432852,0,18.7,16.8,6.2209325,14.084507,3.76,3.7947733,4.21,12.67,5.075029187817259,0,46011,4.855,1.256,14.477,210.693,1014.423,16.615,
2025-09-15,Cal Poly Pier,2025-09-15,35.170204,-120.740685,9,2025,0.0,16.8,10.935361,1.606,8.8,0,15.869081234445376,-0.9410203799833448,0.0571428026471819,0.3171428511185305,0,17.6,18.7,9.9978075,6.2209325,1.97,3.76,12.69,4.21,6.809066625155666,0,46011,5.006,1.484,13.402,265.961,1014.819,16.895,
2025-09-15,Cal Poly Pier,2025-09-21,35.170204,-120.740685,9,2025,0.0,17.1,21.54417,10.834129,7.33,0,15.869081234445376,-0.9410203799833448,0.0571428026471819,0.3171428511185305,0,16.8,17.6,10.935361,9.9978075,1.606,1.97,8.8,12.69,1.9885465642877245,0,46011,5.006,1.484,13.402,265.961,1014.819,16.895,
2025-09-22,Cal Poly Pier,2025-09-28,35.170204,-120.740685,9,2025,0.0,16.8,15.050946,4.125974,54.48,0,15.946938407664396,-0.8680612011527529,0.0638095310756138,0.0,0,17.1,16.8,21.54417,10.935361,10.834129,1.606,7.33,8.8,3.6478528463824538,0,46011,3.696,1.697,11.744,278.845,1013.263,16.0,
2025-09-29,Cal Poly Pier,2025-10-05,35.170204,-120.740685,10,2025,0.0,16.3,13.712368,4.648937,11.8,0,16.43999969715975,-0.3123469339037428,0.0214286077590215,1.279999967132296,1,16.8,17.1,15.050946,21.54417,4.125974,10.834129,54.48,7.33,2.949570622273436,0,46011,2.914,1.801,11.457,302.554,1013.167,16.684,
2025-10-06,Cal Poly Pier,2025-10-12,35.170204,-120.740685,10,2025,0.0,14.0,16.213,10.92,2.75,0,16.48948944831381,-0.1859183621649839,-0.1166667029971168,1.9699999392032623,0,16.3,16.8,13.712368,15.050946,4.648937,4.125974,11.8,54.48,1.4847069597069598,0,46011,4.826,2.369,11.647,298.494,1015.555,17.141,
2025-10-13,Cal Poly Pier,2025-10-19,35.170204,-120.740685,10,2025,0.0,14.1,17.32,10.426,6.98,0,15.687754708893443,-0.9079591586273544,-0.0899999709356398,0.6899999720709664,0,14.0,16.3,16.213,13.712368,10.92,4.648937,2.75,11.8,1.6612315365432573,0,46011,4.703,1.533,10.917,295.589,1012.254,16.096,
2025-10-20,Cal Poly Pier,2025-10-26,35.170204,-120.740685,10,2025,0.0,14.7,16.548,8.496,2.83,0,15.221020085471016,-1.2426530293055944,0.0466666902814593,0.0,0,14.1,14.0,17.32,16.213,10.426,10.92,6.98,2.75,1.94774011299435,0,46011,5.026,2.21,13.41,301.973,1013.48,14.538,15.25
2025-10-27,Cal Poly Pier,2025-11-02,35.170204,-120.740685,11,2025,0.0,14.6,17.391,8.186,6.7,0,15.256326218040622,-0.9843877359312406,-0.0666666939145042,0.0,0,14.7,14.1,16.548,17.32,8.496,10.426,2.83,6.98,2.124480820913755,0,46011,5.387,2.84,15.083,301.658,1017.922,14.885,
2025-11-03,Cal Poly Pier,2025-11-09,35.170204,-120.740685,11,2025,0.0,15.0,24.324,13.339,2.96,0,15.11469349569204,-0.8597959039770827,0.0700000127156575,0.0,0,14.6,14.7,17.391,16.548,8.186,8.496,6.7,2.83,1.8235250018742035,0,46011,6.411,2.627,12.959,306.221,1016.758,14.741,
2025-11-10,Cal Poly Pier,2025-11-16,35.170204,-120.740685,11,2025,0.0,15.1,13.428,8.315,16.0,0,15.212856711173544,-0.4941836639630551,0.0595238095238095,0.402857135449137,1,15.0,14.6,24.324,17.391,13.339,8.186,2.96,6.7,1.6149128081779918,0,46011,4.766,2.87,13.596,295.125,1018.387,14.624,
2025-11-17,Cal Poly Pier,2025-11-23,35.170204,-120.740685,11,2025,0.0,14.5,12.524,5.68,1.9,0,15.564591339656284,0.1273469364612686,0.0157142820812406,3.7499999180436134,1,15.1,15.0,13.428,24.324,8.315,13.339,16.0,2.96,2.204929577464789,0,46011,4.297,2.186,12.886,278.83,1015.659,14.732,
2025-11-24,Cal Poly Pier,2025-11-30,35.170204,-120.740685,11,2025,0.0,15.3,11.608,4.316,3.27,0,15.860305688819109,0.7009183485441062,0.055714243934268,9.85142830546413,1,14.5,15.1,12.524,13.428,5.68,8.315,1.9,16.0,2.68952734012975,0,46011,5.477,2.505,12.285,300.003,1015.294,14.355,
2025-12-08,Cal Poly Pier,2025-12-08,35.170204,-120.740685,12,2025,0.0,15.2,11.69,4.968,2.15,0,16.227652647057358,1.6432652716733973,-0.056666646684919,23.00571380342756,1,15.3,14.5,11.608,12.524,4.316,5.68,3.27,1.9,2.353059581320451,0,46011,4.87,1.852,12.532,288.096,1018.573,15.038,
2025-12-15,Cal Poly Pier,2025-12-15,35.170204,-120.740685,12,2025,0.0,15.5,7.671,1.64,6.1,0,16.014285330869715,1.7094897664323143,-0.1142856961204891,23.932856730052404,1,15.2,15.3,11.69,11.608,4.968,4.316,2.15,3.27,4.677439024390244,0,46011,4.391,1.83,12.281,295.908,1018.293,15.462,15.936
2025-12-22,Cal Poly Pier,2025-12-22,35.170204,-120.740685,12,2025,0.04,15.2,9.015,1.925,4.75,0,15.527958928322306,1.4427550848649473,0.0595237641107468,20.198571188109263,1,15.5,15.2,7.671,11.69,1.64,4.968,6.1,2.15,4.683116883116884,0,46011,6.913,1.694,10.716,298.711,1019.522,15.071,
2025-12-22,Cal Poly Pier,2025-12-28,35.170204,-120.740685,12,2025,0.0,13.2,164.248,52.267,1.29,0,15.527958928322306,1.4427550848649473,0.0595237641107468,20.198571188109263,1,15.2,15.5,9.015,7.671,1.925,1.64,4.75,6.1,3.1424799586737326,0,46011,6.913,1.694,10.716,298.711,1019.522,15.071,
2025-12-29,Cal Poly Pier,2026-01-04,35.170204,-120.740685,1,2026,0.0,15.3,53.408,13.472,2.56,0,15.453877244676862,1.5188775354502153,0.0214286077590215,21.264285496303017,1,13.2,15.2,164.248,9.015,52.267,1.925,1.29,4.75,3.96437054631829,0,46011,6.949,2.56,10.25,260.711,1014.935,14.806,
2026-01-05,Cal Poly Pier,2026-01-11,35.170204,-120.740685,1,2026,0.0,13.1,53.408,13.472,0.36,0,15.63153024595611,1.829693842907341,-0.105238051641555,25.615713800702775,1,15.3,13.2,53.408,164.248,13.472,52.267,2.56,1.29,3.96437054631829,0,46011,3.192,1.108,10.359,310.861,1019.048,15.461,
2026-01-19,Cal Poly Pier,2026-01-19,35.170204,-120.740685,1,2026,0.0,14.6,53.408,13.472,3.1,0,15.068163015404526,1.51040814604078,-0.0342857270013718,21.145714044570923,1,13.1,15.3,53.408,53.408,13.472,13.472,0.36,2.56,3.96437054631829,0,46011,,,,,,,
2026-01-19,Cal Poly Pier,2026-01-25,35.170204,-120.740685,1,2026,0.0,13.9,53.408,13.472,2.57,0,15.068163015404526,1.51040814604078,-0.0342857270013718,21.145714044570923,1,14.6,13.1,53.408,53.408,13.472,13.472,3.1,0.36,3.96437054631829,0,46011,,,,,,,
2026-01-26,Cal Poly Pier,2026-02-01,35.170204,-120.740685,2,2026,0.0,14.5,53.408,13.472,2.05,0,14.915816063783607,1.4304081420509185,0.0161904834565662,20.025713988712855,1,13.9,14.6,53.408,53.408,13.472,13.472,2.57,3.1,3.96437054631829,0,46011,,,,,,,
2026-02-02,Cal Poly Pier,2026-02-08,35.170204,-120.740685,2,2026,0.0,15.1,53.408,13.472,1.64,0,14.922244539066238,1.4846938459240662,0.0704761686779203,20.785713842936925,1,14.5,13.9,53.408,53.408,13.472,13.472,2.05,2.57,3.96437054631829,0,46011,,,,,,,
2026-02-16,Cal Poly Pier,2026-02-16,35.170204,-120.740685,2,2026,0.0,14.7,53.408,13.472,1.65,0,15.211938527165628,1.8628571155119915,-0.0880952562604631,26.07999961716788,1,15.1,14.5,53.408,53.408,13.472,13.472,1.64,2.05,3.96437054631829,0,46011,,,,,,,
2026-02-16,Cal Poly Pier,2026-02-22,35.170204,-120.740685,2,2026,0.0,14.2,53.408,13.472,0.74,0,15.211938527165628,1.8628571155119915,-0.0880952562604631,26.07999961716788,1,14.7,15.1,53.408,53.408,13.472,13.472,1.65,1.64,3.96437054631829,0,46011,,,,,,,
2026-02-23,Cal Poly Pier,2026-03-01,35.170204,-120.740685,3,2026,0.0,15.2,53.408,13.472,1.64,0,14.84367324868027,1.5292856741924674,0.0233333224341982,21.409999438694545,1,14.2,14.7,53.408,53.408,13.472,13.472,0.74,1.65,3.96437054631829,0,46011,,,,,,,
2026-03-02,Cal Poly Pier,2026-03-08,35.170204,-120.740685,3,2026,0.035,12.4,53.408,13.472,2.15,0,14.35397937346478,1.0684693483065586,-0.2780951999482654,15.6057137293475,1,15.2,14.2,53.408,53.408,13.472,13.472,1.64,0.74,3.96437054631829,0,46011,,,,,,,
2017-09-04,Humboldt,2017-09-05,40.77833,-124.1967,9,2017,0.043244723,18.8,3.789,0.24,2.345,0,13.69459159033639,-0.1702040777712756,-0.068571408589681,1.375714267737099,1,18.8,18.8,3.789,3.789,0.24,0.24,2.345,2.345,15.7875,0,46022,3.422,1.424,9.386,310.0,1012.961,13.971,13.523
2017-09-04,Humboldt,2017-09-05,40.77833,-124.1967,9,2017,0.1936457,18.8,3.789,0.24,2.345,1,13.69459159033639,-0.1702040777712756,-0.068571408589681,1.375714267737099,1,18.8,18.8,3.789,3.789,0.24,0.24,2.345,2.345,15.7875,1,46022,3.422,1.424,9.386,310.0,1012.961,13.971,13.523
2017-10-02,Humboldt,2017-10-05,40.77833,-124.1967,10,2017,0.045379233,18.0,4.197,0.29,2.36,0,13.397550816438637,-0.2124489727525078,-0.265714372907366,3.502857062433447,0,18.8,18.8,3.789,3.789,0.24,0.24,2.345,2.345,14.472413793103447,0,46022,4.867,1.38,7.973,310.356,1016.3,14.175,14.005
2017-10-02,Humboldt,2017-10-05,40.77833,-124.1967,10,2017,0.043085914,18.0,4.197,0.29,2.36,0,13.397550816438637,-0.2124489727525078,-0.265714372907366,3.502857062433447,0,18.0,18.8,4.197,3.789,0.29,0.24,2.36,2.345,14.472413793103447,0,46022,4.867,1.38,7.973,310.356,1016.3,14.175,14.005
2018-01-29,Humboldt,2018-02-01,40.77833,-124.1967,2,2018,0.0,14.1,7.9710026,2.283,2.05,0,11.45969383084044,0.226632648261682,-0.0190476462954566,3.234285645452993,1,18.0,18.0,4.197,4.197,0.29,0.29,2.36,2.36,3.4914597459483137,0,46022,7.074,3.644,11.777,280.315,1021.939,10.578,11.72
2018-01-29,Humboldt,2018-02-01,40.77833,-124.1967,2,2018,0.0,14.1,7.9710026,2.283,2.05,0,11.45969383084044,0.226632648261682,-0.0190476462954566,3.234285645452993,1,14.1,18.0,7.9710026,4.197,2.283,0.29,2.05,2.36,3.4914597459483137,0,46022,7.074,3.644,11.777,280.315,1021.939,10.578,11.72
2019-03-25,Humboldt,2019-03-29,40.77833,-124.1967,3,2019,0.0,14.2,7.787878,2.13,2.75,0,11.178979328700477,0.093265304531978,0.0619047709873744,2.2057142364127293,1,14.1,14.1,7.9710026,7.9710026,2.283,2.283,2.05,2.05,3.656280751173709,0,46022,4.489,,,,1017.353,,11.383
2019-04-08,Humboldt,2019-04-12,40.77833,-124.1967,4,2019,0.08959566,14.5,8.2213575,1.2315,4.15,0,11.892958932993364,0.7783673326579892,-0.0066666830153692,10.94428551197052,1,14.2,14.1,7.787878,7.9710026,2.13,2.283,2.75,2.05,6.67588915956151,0,46022,7.643,,,,1015.098,,11.98
2019-04-22,Humboldt,2019-04-25,40.77833,-124.1967,4,2019,0.005501818,14.5,8.2213575,1.2315,4.15,0,12.00918333871024,0.8079591670206615,-0.2314285550798688,11.655714039291654,1,14.5,14.2,8.2213575,7.787878,1.2315,2.13,4.15,2.75,6.67588915956151,0,46022,6.878,,,,1019.38,,12.23
2019-05-13,Humboldt,2019-05-15,40.77833,-124.1967,5,2019,0.003251564,15.8,7.71,0.74,4.66,0,10.41081598826817,-1.1729591564864528,0.1523809432983398,0.0,0,14.5,14.5,8.2213575,8.2213575,1.2315,1.2315,4.15,4.15,10.41891891891892,0,46022,3.97,,,,1014.698,,10.244
2019-05-20,Humboldt,2019-05-23,40.77833,-124.1967,5,2019,0.0,15.8,7.71,0.74,4.66,0,11.180305743704038,-0.5427550938816703,0.1247618993123372,0.7799999926771436,1,15.8,14.5,7.71,8.2213575,0.74,1.2315,4.66,4.15,10.41891891891892,0,46022,5.767,,,,1011.543,,11.193
2019-06-17,Humboldt,2019-06-18,40.77833,-124.1967,6,2019,0.0,17.35,5.96592915,0.435,3.12,0,11.91489756837183,-0.4458163055990423,-0.197142828078497,3.1428570321628024,0,15.8,15.8,7.71,7.71,0.74,0.74,4.66,4.66,13.714779655172414,0,46022,,,,,,,
2019-07-29,Humboldt,2019-07-29,40.77833,-124.1967,7,2019,0.0,18.4,5.57,0.27,2.825,0,13.0691834079976,-0.2295918257298822,0.0990476608276367,2.8228571013148342,0,17.35,15.8,5.96592915,7.71,0.435,0.74,3.12,4.66,20.62962962962963,0,46022,,,,,,,
2019-08-19,Humboldt,2019-08-23,40.77833,-124.1967,8,2019,0.0,18.6,4.381,0.27,2.69,0,13.903469144081583,0.1387755032248642,0.1861904689243861,6.279999790447099,1,18.4,17.35,5.57,5.96592915,0.27,0.435,2.825,3.12,16.225925925925925,0,46022,,,,,,,
2019-09-02,Humboldt,2019-09-04,40.77833,-124.1967,9,2019,0.44380346,18.8,3.789,0.24,2.345,1,14.83663239771006,0.9801020172937792,-0.0023810068766276,14.304285365555968,1,18.6,18.4,4.381,5.57,0.27,0.27,2.69,2.825,15.7875,1,46022,,,,,,,
2019-10-14,Humboldt,2019-10-15,40.77833,-124.1967,10,2019,0.017377563,18.0,4.197,0.29,2.36,0,11.804489486071528,-1.521224455261717,0.0219047183082217,0.0,0,18.8,18.6,3.789,4.381,0.24,0.27,2.345,2.69,14.472413793103447,0,46022,,,,,,,
2020-01-06,Humboldt,2020-01-10,40.77833,-124.1967,1,2020,0.0,14.3,6.289,1.83,1.781,0,11.471122196742469,-0.0122448985597916,0.0695237659272693,1.1999999723796333,1,18.0,18.8,4.197,3.789,0.29,0.24,2.36,2.345,3.4366120218579232,0,46022,5.632,3.326,14.367,296.611,1024.692,11.321,11.625
2020-01-27,Humboldt,2020-01-31,40.77833,-124.1967,1,2020,0.008382563,14.3,6.289,1.83,1.781,0,11.234591484069824,-0.0073469360644111,-0.0547618865966796,1.0028571321495945,1,14.3,18.0,6.289,4.197,1.83,0.29,1.781,2.36,3.4366120218579232,0,46022,7.737,2.933,14.134,267.76,1018.328,11.554,11.217
2020-02-10,Humboldt,2020-02-14,40.77833,-124.1967,2,2020,0.0070651,14.1,7.9710026,2.283,2.05,0,10.586326287717233,-0.5901020337656444,-0.1828571501232328,0.0,0,14.3,14.3,6.289,6.289,1.83,1.83,1.781,1.781,3.4914597459483137,0,46022,9.252,3.169,12.214,319.827,1026.248,9.611,10.879
2020-02-24,Humboldt,2020-02-28,40.77833,-124.1967,2,2020,0.008512653,14.1,7.9710026,2.283,2.05,0,9.256938593728202,-1.8705101779529028,-0.011428605942499,0.0,0,14.1,14.3,7.9710026,6.289,2.283,1.83,2.05,1.781,3.4914597459483137,0,46022,4.901,2.179,12.462,303.689,1021.854,9.201,9.433
2020-03-09,Humboldt,2020-03-13,40.77833,-124.1967,3,2020,0.5676362,14.2,7.787878,2.13,2.75,1,9.28979562253368,-1.8082652639369576,0.0076190857660203,0.0,0,14.1,14.1,7.9710026,7.9710026,2.283,2.283,2.05,2.05,3.656280751173709,1,46022,5.534,2.98,11.988,319.607,1019.897,9.014,9.406
2020-08-10,Humboldt,2020-08-11,40.77833,-124.1967,8,2020,0.0,18.6,4.381,0.27,2.69,0,12.405713947451844,-1.179285691404829,0.1638095492408388,0.0,0,14.2,14.1,7.787878,7.9710026,2.13,2.283,2.75,2.05,16.225925925925925,0,46022,4.856,1.782,8.097,305.22,1017.765,13.872,13.304
2020-08-24,Humboldt,2020-08-25,40.77833,-124.1967,8,2020,0.016132783,18.6,4.381,0.27,2.69,0,13.228265129790016,-0.5917346843195206,-0.3428571337745302,1.1999999657273293,0,18.6,14.2,4.381,7.787878,0.27,2.13,2.69,2.75,16.225925925925925,0,46022,3.753,1.228,10.684,281.473,1016.533,14.102,14.126
2020-09-14,Humboldt,2020-09-17,40.77833,-124.1967,9,2020,0.033449844,18.8,3.789,0.24,2.345,0,13.421020128289047,-0.470510195484575,0.2938095274425688,2.962857079293047,1,18.6,18.6,4.381,4.381,0.27,0.27,2.69,2.69,15.7875,0,46022,3.67,1.282,10.738,285.125,1013.113,,13.038
2020-10-19,Humboldt,2020-10-22,40.77833,-124.1967,10,2020,0.25917602,18.0,4.197,0.29,2.36,1,12.400305942613253,-0.8094897863208032,-0.1976191202799479,8.221428321940559,0,18.8,18.6,3.789,4.381,0.24,0.27,2.345,2.69,14.472413793103447,1,46022,6.03,2.46,9.485,320.509,1021.888,,14.225
2020-11-30,Humboldt,2020-12-02,40.77833,-124.1967,12,2020,0.008630053,15.15,4.542,0.875,2.32,0,11.316122181561528,-0.9246938666518856,-0.067142849876767,0.0,0,18.0,18.8,4.197,3.789,0.29,0.24,2.36,2.345,5.190857142857142,0,46022,,,,,,,
2021-01-04,Humboldt,2021-01-05,40.77833,-124.1967,1,2021,0.002698787,14.3,6.289,1.83,1.781,0,10.798265174943577,-0.7187754955826974,0.0076190857660203,0.0,0,15.15,18.0,4.542,4.197,0.875,0.29,2.32,2.36,3.4366120218579232,0,46022,5.825,3.8,15.439,285.851,1020.323,10.567,10.906
2021-01-18,Humboldt,2021-01-22,40.77833,-124.1967,1,2021,0.0,14.3,6.289,1.83,1.781,0,11.057142715064847,-0.2568367273185629,-0.0614285696120489,0.0700000002980232,0,14.3,15.15,6.289,4.542,1.83,0.875,1.781,2.32,3.4366120218579232,0,46022,5.712,3.598,14.139,279.464,1025.183,11.368,11.443
2021-02-08,Humboldt,2021-02-12,40.77833,-124.1967,2,2021,0.0,14.1,7.9710026,2.283,2.05,0,10.308367135573404,-0.8775509997290009,-0.0042856761387416,0.0,0,14.3,14.3,6.289,6.289,1.83,1.83,1.781,1.781,3.4914597459483137,0,46022,8.468,2.828,11.614,304.03,1021.477,10.179,10.565
2021-03-15,Humboldt,2021-03-15,40.77833,-124.1967,3,2021,0.0,14.2,7.787878,2.13,2.75,0,10.26142829778243,-0.8229591633592334,-0.0247619265601748,0.0,0,14.1,14.3,7.9710026,6.289,2.283,1.83,2.05,1.781,3.656280751173709,0,46022,7.875,4.497,14.448,309.732,1017.853,8.621,10.132
2021-03-29,Humboldt,2021-03-30,40.77833,-124.1967,3,2021,0.0,14.2,7.787878,2.13,2.75,0,9.86959155724973,-1.2235713990367187,0.0119047619047619,0.0,0,14.2,14.1,7.787878,7.9710026,2.13,2.283,2.75,2.05,3.656280751173709,0,46022,8.197,2.614,9.534,329.856,1022.976,9.401,9.994
2021-04-12,Humboldt,2021-04-13,40.77833,-124.1967,4,2021,0.0,14.5,8.2213575,1.2315,4.15,0,9.612754880165568,-1.511428532551746,0.0690475645519438,0.0,0,14.2,14.2,7.787878,7.787878,2.13,2.13,2.75,2.75,6.67588915956151,0,46022,7.256,2.049,9.359,316.155,1022.133,9.056,10.027
2021-04-26,Humboldt,2021-04-27,40.77833,-124.1967,4,2021,0.0,14.5,8.2213575,1.2315,4.15,0,9.870101685426674,-1.3982652778528173,0.1176191057477678,0.0,0,14.5,14.2,8.2213575,7.787878,1.2315,2.13,4.15,2.75,6.67588915956151,0,46022,7.387,2.087,10.033,298.539,1016.788,9.685,10.244
2021-05-10,Humboldt,2021-05-11,40.77833,-124.1967,5,2021,0.0,15.8,7.71,0.74,4.66,0,10.138877333426962,-1.3881632323775972,-0.1942856652396065,0.0,0,14.5,14.5,8.2213575,8.2213575,1.2315,1.2315,4.15,4.15,10.41891891891892,0,46022,6.583,2.081,10.652,306.601,1021.48,10.729,10.584
2021-06-21,Humboldt,2021-06-25,40.77833,-124.1967,6,2021,0.005103175,17.35,5.96592915,0.435,3.12,0,12.59765269804974,0.1475510219758262,0.070476214090983,3.788571379014424,1,15.8,14.5,7.71,8.2213575,0.74,1.2315,4.66,4.15,13.714779655172414,0,46022,5.824,2.448,8.959,318.476,1016.117,12.954,12.684
2021-07-05,Humboldt,2021-07-08,40.77833,-124.1967,7,2021,0.00560673,18.4,5.57,0.27,2.825,0,13.407040527888707,0.6520408053255203,-0.3642856961204891,10.599999822143998,1,17.35,15.8,5.96592915,7.71,0.435,0.74,3.12,4.66,20.62962962962963,0,46022,6.048,2.205,9.604,310.565,1013.087,13.962,13.923
2021-07-19,Humboldt,2021-07-22,40.77833,-124.1967,7,2021,0.00294392,18.4,5.57,0.27,2.825,0,11.221938561420052,-1.840306074947727,0.0166666848318917,0.0657142826489039,0,18.4,17.35,5.57,5.96592915,0.27,0.435,2.825,3.12,20.62962962962963,0,46022,7.093,2.235,8.571,323.417,1016.598,11.519,10.86
2022-01-17,Humboldt,2022-01-18,40.77833,-124.1967,1,2022,0.0,14.3,6.289,1.83,1.781,0,10.598571222655629,-0.726734685464477,0.0242857251848493,0.0,0,18.4,18.4,5.57,5.57,0.27,0.27,2.825,2.825,3.4366120218579232,0,46022,5.183,3.223,13.043,278.0,1025.12,10.683,11.127
2022-01-24,Humboldt,2022-01-25,40.77833,-124.1967,1,2022,0.0,14.3,6.289,1.83,1.781,0,10.716326304844449,-0.5429591770873082,-0.0252381279355003,0.0,0,14.3,18.4,6.289,5.57,1.83,0.27,1.781,2.825,3.4366120218579232,0,46022,4.382,,,,1023.712,10.271,10.854
2022-02-07,Humboldt,2022-02-08,40.77833,-124.1967,2,2022,0.0,14.1,7.9710026,2.283,2.05,0,10.471122196742469,-0.7192856985695508,0.0709523700532459,0.0,0,14.3,14.3,6.289,6.289,1.83,1.83,1.781,1.781,3.4914597459483137,0,46022,8.336,,,,1027.551,9.448,10.41
2022-02-21,Humboldt,2022-02-23,40.77833,-124.1967,2,2022,0.0,14.1,7.9710026,2.283,2.05,0,9.97530576160976,-1.1586734400111802,-0.0138095219930013,0.0,0,14.1,14.3,7.9710026,6.289,2.283,1.83,2.05,1.781,3.4914597459483137,0,46022,7.604,,,,1023.42,9.302,10.222
2022-03-21,Humboldt,2022-03-25,40.77833,-124.1967,3,2022,0.0,14.2,7.787878,2.13,2.75,0,9.818979457933075,-1.2622448741173258,0.0628570829119,0.0,0,14.1,14.1,7.9710026,7.9710026,2.283,2.283,2.05,2.05,3.656280751173709,0,46022,5.533,2.981,12.076,296.611,1023.07,9.8,9.964
2022-04-04,Humboldt,2022-04-08,40.77833,-124.1967,4,2022,0.0165,14.5,8.2213575,1.2315,4.15,0,9.815816149419666,-1.2888775303655742,-0.0376190912155877,0.0,0,14.2,14.1,7.787878,7.9710026,2.13,2.283,2.75,2.05,6.67588915956151,0,46022,7.553,,,,1018.418,10.014,9.907
2022-05-02,Humboldt,2022-05-03,40.77833,-124.1967,5,2022,0.0,15.8,7.71,0.74,4.66,0,10.667550884947484,-0.7082652887519524,-0.0252381279355003,0.0,0,14.5,14.2,8.2213575,7.787878,1.2315,2.13,4.15,2.75,10.41891891891892,0,46022,4.586,,,,1020.573,10.821,11.122
2022-05-16,Humboldt,2022-05-20,40.77833,-124.1967,5,2022,0.0,15.8,7.71,0.74,4.66,0,11.104591573987689,-0.5361224380036702,-0.1661904652913411,0.0,0,15.8,14.5,7.71,8.2213575,0.74,1.2315,4.66,4.15,10.41891891891892,0,46022,4.592,,,,1022.089,10.627,11.52
2022-06-13,Humboldt,2022-06-13,40.77833,-124.1967,6,2022,0.0,17.35,5.96592915,0.435,3.12,0,12.200509917979335,-0.0695918364336296,-0.1495238258725121,4.549999862909317,1,15.8,15.8,7.71,7.71,0.74,0.74,4.66,4.66,13.714779655172414,0,46022,3.664,,,,1016.362,13.903,13.776
2022-06-27,Humboldt,2022-06-28,40.77833,-124.1967,6,2022,0.0,17.35,5.96592915,0.435,3.12,0,12.32908143802565,-0.2533673375692902,0.0309523173740931,0.2957142825637545,1,17.35,15.8,5.96592915,7.71,0.435,0.74,3.12,4.66,13.714779655172414,0,46022,6.623,,,,1016.037,12.342,12.411
2022-07-11,Humboldt,2022-07-12,40.77833,-124.1967,7,2022,0.0,18.4,5.57,0.27,2.825,0,13.306122157038477,0.41908162482539,-0.0623809723626999,6.857142706002508,1,17.35,17.35,5.96592915,5.96592915,0.435,0.435,3.12,3.12,20.62962962962963,0,46022,3.144,0.907,8.724,280.795,1017.559,13.654,13.086
2022-07-25,Humboldt,2022-07-28,40.77833,-124.1967,7,2022,0.0,18.4,5.57,0.27,2.825,0,13.069285421955342,-0.1337755043059587,0.1414285841442289,1.165714266044753,1,18.4,17.35,5.57,5.96592915,0.27,0.435,2.825,3.12,20.62962962962963,0,46022,5.722,1.889,11.702,283.512,1016.575,12.458,12.052
2022-08-08,Humboldt,2022-08-11,40.77833,-124.1967,8,2022,0.0,18.6,4.381,0.27,2.69,0,14.297652818718737,0.7615305885330451,0.2785714467366537,10.927142519769925,1,18.4,18.4,5.57,5.57,0.27,0.27,2.825,2.825,16.225925925925925,0,46022,3.962,1.445,9.728,293.18,1015.266,14.749,15.204
2022-08-22,Humboldt,2022-08-25,40.77833,-124.1967,8,2022,0.0,18.6,4.381,0.27,2.69,0,14.80989762714931,1.007448948919773,-0.0842857360839843,14.15428528402533,1,18.6,18.4,4.381,5.57,0.27,0.27,2.69,2.825,16.225925925925925,0,46022,5.568,1.519,7.493,314.563,1014.346,14.456,14.576
2022-09-12,Humboldt,2022-09-12,40.77833,-124.1967,9,2022,0.0048,18.8,3.789,0.24,2.345,0,12.605305798199712,-1.2859183367417784,0.0161904834565662,0.0,0,18.6,18.6,4.381,4.381,0.27,0.27,2.69,2.69,15.7875,0,46022,5.041,2.324,9.159,314.245,1010.904,13.467,12.818
2022-09-26,Humboldt,2022-09-27,40.77833,-124.1967,9,2022,0.1039,18.8,3.789,0.24,2.345,1,14.15969352332913,0.4099999927744573,-0.0242857251848493,10.879999799387797,1,18.8,18.6,3.789,4.381,0.24,0.27,2.345,2.69,15.7875,1,46022,3.398,1.537,10.699,305.077,1014.917,15.16,16.64
2022-10-10,Humboldt,2022-10-14,40.77833,-124.1967,10,2022,0.1686,18.0,4.197,0.29,2.36,1,13.812856946672712,0.3919387655142619,-0.2380952380952381,7.909999864442008,1,18.8,18.8,3.789,3.789,0.24,0.24,2.345,2.345,14.472413793103447,1,46022,4.202,1.522,12.561,294.042,1018.378,13.287,13.925
2022-10-24,Humboldt,2022-10-28,40.77833,-124.1967,10,2022,2.0182,18.0,4.197,0.29,2.36,1,11.661428286104783,-1.4357142462490164,-0.0219047637212844,0.0,0,18.0,18.8,4.197,3.789,0.29,0.24,2.36,2.345,14.472413793103447,1,46022,3.954,2.307,12.481,293.699,1016.905,12.407,12.179
2022-11-14,Humboldt,2022-11-16,40.77833,-124.1967,11,2022,0.0398,16.0,4.7585,0.455,2.724,0,10.558673303954455,-2.0686734209255295,-0.0161904380435035,0.0,0,18.0,18.0,4.197,4.197,0.29,0.29,2.36,2.36,10.458241758241757,0,46022,4.789,2.699,11.657,304.25,1015.713,9.859,11.353
2022-11-28,Humboldt,2022-11-30,40.77833,-124.1967,11,2022,0.0,16.0,4.7585,0.455,2.724,0,10.354081348497042,-1.9387754445173304,-0.0961904525756835,0.0,0,16.0,18.0,4.7585,4.197,0.455,0.29,2.724,2.36,10.458241758241757,0,46022,3.995,2.326,13.768,288.937,1023.433,11.099,11.711
2022-12-12,Humboldt,2022-12-13,40.77833,-124.1967,12,2022,0.0,15.15,4.542,0.875,2.32,0,10.272448763555412,-1.6726530157789892,-0.0847618920462471,0.0,0,16.0,16.0,4.7585,4.7585,0.455,0.455,2.724,2.724,5.190857142857142,0,46022,6.667,2.639,10.784,282.512,1013.914,9.47,11.18
2023-01-16,Humboldt,2023-01-20,40.77833,-124.1967,1,2023,0.1371,14.3,6.289,1.83,1.781,1,11.246530231164426,-0.0914285687007465,-0.09761905670166,0.8999999761581421,1,15.15,16.0,4.542,4.7585,0.875,0.455,2.32,2.724,3.4366120218579232,1,46022,10.369,4.531,13.922,257.749,1004.652,12.448,12.05
2023-01-30,Humboldt,2023-02-03,40.77833,-124.1967,2,2023,0.0539,14.1,7.9710026,2.283,2.05,0,10.716122189346624,-0.5121428430156441,-0.0723809741792224,0.0,0,14.3,15.15,6.289,4.542,1.83,0.875,1.781,2.32,3.4914597459483137,0,46022,8.455,3.153,15.065,298.18,1025.21,10.661,11.196
2023-02-20,Humboldt,2023-02-20,40.77833,-124.1967,2,2023,0.0,14.1,7.9710026,2.283,2.05,0,9.64377532686506,-1.492755061509658,-0.0609523682367233,0.0,0,14.1,14.3,7.9710026,6.289,2.283,1.83,2.05,1.781,3.4914597459483137,0,46022,,,,,,,
2023-03-06,Humboldt,2023-03-06,40.77833,-124.1967,3,2023,0.0,14.2,7.787878,2.13,2.75,0,8.859693819162796,-2.2442856418843173,0.0223809196835472,0.0,0,14.1,14.1,7.9710026,7.9710026,2.283,2.283,2.05,2.05,3.656280751173709,0,46022,,,,,,,
2023-03-20,Humboldt,2023-03-24,40.77833,-124.1967,3,2023,0.0,14.2,7.787878,2.13,2.75,0,9.481122308847857,-1.6026530381368131,0.0190476008823939,0.0,0,14.2,14.1,7.787878,7.9710026,2.13,2.283,2.75,2.05,3.656280751173709,0,46022,,,,,,,
2023-04-10,Humboldt,2023-04-11,40.77833,-124.1967,4,2023,0.0,14.5,8.2213575,1.2315,4.15,0,10.105714068120838,-1.01030609863145,0.0276190893990652,0.0,0,14.2,14.2,7.787878,7.787878,2.13,2.13,2.75,2.75,6.67588915956151,0,46022,,,,,,,
2023-04-24,Humboldt,2023-04-28,40.77833,-124.1967,4,2023,0.0,14.5,8.2213575,1.2315,4.15,0,10.499693568871946,-0.7312244658871573,0.2319047564551943,0.4399999933583395,1,14.5,14.2,8.2213575,7.787878,1.2315,2.13,4.15,2.75,6.67588915956151,0,46022,,,,,,,
2023-05-22,Humboldt,2023-05-24,40.77833,-124.1967,5,2023,0.0,15.8,7.71,0.74,4.66,0,11.521734364178716,-0.2432653041062306,-0.2295237949916294,1.519999940480505,0,14.5,14.5,8.2213575,8.2213575,1.2315,1.2315,4.15,4.15,10.41891891891892,0,46022,,,,,,,
2023-06-12,Humboldt,2023-06-14,40.77833,-124.1967,6,2023,0.0,17.35,5.96592915,0.435,3.12,0,11.127550689541565,-1.120204059445128,-0.0361904416765485,0.0,0,15.8,14.5,7.71,8.2213575,0.74,1.2315,4.66,4.15,13.714779655172414,0,46022,,,,,,,
2023-07-17,Humboldt,2023-07-19,40.77833,-124.1967,7,2023,0.0061,18.4,5.57,0.27,2.825,0,12.188877261414818,-0.8279591596552304,-0.0466666448683965,0.0,0,17.35,15.8,5.96592915,7.71,0.435,0.74,3.12,4.66,20.62962962962963,0,46022,,,,,,,
2023-08-21,Humboldt,2023-08-24,40.77833,-124.1967,8,2023,0.005,18.6,4.381,0.27,2.69,0,13.877040580827364,0.0845918395575515,0.020000003633045,2.692857130829777,1,18.4,17.35,5.57,5.96592915,0.27,0.435,2.825,3.12,16.225925925925925,0,46022,,,,,,,
2023-09-11,Humboldt,2023-09-13,40.77833,-124.1967,9,2023,0.0039,18.8,3.789,0.24,2.345,0,13.600816074682742,-0.2864285640950714,0.108571415855771,0.2657142787107399,1,18.6,18.4,4.381,5.57,0.27,0.27,2.69,2.825,15.7875,0,46022,,,,,,,
2023-10-23,Humboldt,2023-10-25,40.77833,-124.1967,10,2023,0.0,18.0,4.197,0.29,2.36,0,13.029795685592962,-0.0864285705801175,-0.1980952762422107,2.869999885559082,1,18.8,18.6,3.789,4.381,0.24,0.27,2.345,2.69,14.472413793103447,0,46022,,,,,,,
2023-11-13,Humboldt,2023-11-13,40.77833,-124.1967,11,2023,0.0,16.0,4.7585,0.455,2.724,0,13.54795893844293,0.8978571195383461,-0.063333375113351,14.789999629770008,1,18.0,18.8,4.197,3.789,0.29,0.24,2.36,2.345,10.458241758241757,0,46022,5.098,2.745,12.183,295.595,1020.539,13.184,14.828
2023-12-18,Humboldt,2023-12-20,40.77833,-124.1967,12,2023,0.0,15.15,4.542,0.875,2.32,0,12.464693633877502,0.659489782489076,0.076666650317964,9.232856954847064,1,16.0,18.0,4.7585,4.197,0.455,0.29,2.724,2.36,5.190857142857142,0,46022,3.776,1.887,11.236,274.1,1018.832,12.032,12.92
2024-01-08,Humboldt,2024-01-11,40.77833,-124.1967,1,2024,0.0,14.3,6.289,1.83,1.781,0,12.549081296336894,1.094999977520534,-0.0685714540027436,15.329999685287476,1,15.15,16.0,4.542,4.7585,0.875,0.455,2.32,2.724,3.4366120218579232,0,46022,6.32,,,,1021.929,11.273,13.063
2024-02-05,Humboldt,2024-02-09,40.77833,-124.1967,2,2024,0.0,14.1,7.9710026,2.283,2.05,0,12.234999656677246,1.03408161535555,-0.0452381315685453,14.4771426149777,1,14.3,15.15,6.289,4.542,1.83,0.875,1.781,2.32,3.4914597459483137,0,46022,8.446,3.733,13.047,276.982,1008.274,12.403,12.856
2024-02-26,Humboldt,2024-03-01,40.77833,-124.1967,3,2024,0.0,14.2,7.787878,2.13,2.75,0,12.048469105545356,0.9270407904167564,0.0038095201764787,12.97857106583459,1,14.1,14.3,7.9710026,6.289,2.283,1.83,2.05,1.781,3.656280751173709,0,46022,6.562,2.75,14.158,278.991,1015.999,11.9,12.464
2024-04-15,Humboldt,2024-04-16,40.77833,-124.1967,4,2024,0.0,14.5,8.2213575,1.2315,4.15,0,10.953877293333717,-0.180612240442816,0.0019047600882394,0.4657142715794699,0,14.2,14.1,7.787878,7.9710026,2.13,2.283,2.75,2.05,6.67588915956151,0,46022,6.214,2.279,11.957,311.877,1018.769,10.552,11.466
2024-05-13,Humboldt,2024-05-13,40.77833,-124.1967,5,2024,0.0,15.8,7.71,0.74,4.66,0,10.899999686649869,-0.6837754917083955,-0.0409523191906157,0.0,0,14.5,14.2,8.2213575,7.787878,1.2315,2.13,4.15,2.75,10.41891891891892,0,46022,5.887,2.26,10.05,308.526,1018.298,11.308,11.028
2024-05-27,Humboldt,2024-05-29,40.77833,-124.1967,5,2024,0.0,15.8,7.71,0.74,4.66,0,10.155918131069262,-1.7206122066293443,0.0619047709873744,0.0,0,15.8,14.5,7.71,8.2213575,0.74,1.2315,4.66,4.15,10.41891891891892,0,46022,6.511,2.079,9.09,320.404,1019.469,10.295,9.888
2024-06-10,Humboldt,2024-06-13,40.77833,-124.1967,6,2024,0.022,17.35,5.96592915,0.435,3.12,0,11.068264980705418,-1.1329591572284698,-0.1123809360322498,0.0,0,15.8,15.8,7.71,7.71,0.74,0.74,4.66,4.66,13.714779655172414,0,46022,4.632,2.571,11.82,297.589,1016.32,12.011,11.498
2024-06-24,Humboldt,2024-06-27,40.77833,-124.1967,6,2024,0.02,17.35,5.96592915,0.435,3.12,0,10.463775196853948,-2.0524489253151175,0.1761905125209263,0.0,0,17.35,15.8,5.96592915,7.71,0.435,0.74,3.12,4.66,13.714779655172414,0,46022,6.093,1.532,7.205,325.348,1015.344,11.171,10.914
2024-07-08,Humboldt,2024-07-10,40.77833,-124.1967,7,2024,0.204,18.4,5.57,0.27,2.825,1,12.2710200718471,-0.5504081483778297,-0.0866666521344865,0.8628571182489395,1,17.35,17.35,5.96592915,5.96592915,0.435,0.435,3.12,3.12,20.62962962962963,1,46022,4.783,2.292,11.231,299.084,1015.716,13.99,13.785
2025-07-14,Humboldt,2025-07-16,40.77833,-124.1967,7,2025,0.0,18.4,5.57,0.27,2.825,0,12.620611930380065,-0.3314285615877229,-0.154761859348842,2.3942856022289822,1,18.4,17.35,5.57,5.96592915,0.27,0.435,2.825,3.12,20.62962962962963,0,46022,4.876,2.027,8.654,320.757,1017.652,12.408,12.535
2025-08-18,Humboldt,2025-08-20,40.77833,-124.1967,8,2025,0.027446127,18.6,4.381,0.27,2.69,0,13.667550709782814,-0.0823469339128659,0.1090475718180338,1.4371428356638976,1,18.4,18.4,5.57,5.57,0.27,0.27,2.825,2.825,16.225925925925925,0,46022,2.219,1.672,10.421,294.935,1017.096,13.528,12.978
2025-09-22,Humboldt,2025-09-22,40.77833,-124.1967,9,2025,0.0,18.8,3.789,0.24,2.345,0,14.337856818218622,0.5108163118818585,-0.1119047346569242,7.279999791511467,1,18.6,18.4,4.381,5.57,0.27,0.27,2.69,2.825,15.7875,0,46022,4.341,2.199,9.61,313.979,1015.057,14.921,14.836
2025-11-17,Humboldt,2025-11-18,40.77833,-124.1967,11,2025,0.0,16.0,4.7585,0.455,2.724,0,13.455203844576465,0.8962244744203528,-0.0928572246006556,12.54714264188494,1,18.8,18.6,3.789,4.381,0.24,0.27,2.345,2.69,10.458241758241757,0,46022,6.92,2.531,10.236,258.95,1012.924,14.04,14.295
2026-01-12,Humboldt,2026-01-12,40.77833,-124.1967,1,2026,0.0,14.3,6.289,1.83,1.781,0,11.868673207808513,0.4752040766939824,0.0238095692225864,6.652857073715755,1,16.0,18.8,4.7585,3.789,0.455,0.24,2.724,2.345,3.4366120218579232,0,46022,,,,,,,
2017-08-14,Humboldt South Bay,2017-08-16,40.72343,-124.2234,8,2017,0.004766986,18.6,4.381,0.27,2.69,0,13.100815996831775,-0.5327550911401607,-0.1347619011288597,0.5914285640631404,0,18.6,18.6,4.381,4.381,0.27,0.27,2.69,2.69,16.225925925925925,0,46022,3.498,0.979,8.273,312.061,1015.418,13.631,12.835
2017-09-18,Humboldt South Bay,2017-09-18,40.72343,-124.2234,9,2017,0.03493547,18.8,3.789,0.24,2.345,0,13.307244553857922,-0.5719387679531867,0.1142857415335519,0.8371428288519382,1,18.6,18.8,4.381,3.789,0.27,0.24,2.69,2.345,15.7875,0,46022,4.395,1.659,8.435,321.861,1013.634,13.789,13.411
2018-02-12,Humboldt South Bay,2018-02-14,40.72343,-124.2234,2,2018,0.0,14.1,7.9710026,2.283,2.05,0,11.065918104989189,-0.2224489668840352,-0.1628571464901878,1.6971428444875138,0,18.8,18.6,3.789,4.381,0.24,0.27,2.345,2.69,3.4914597459483137,0,46022,6.738,1.933,11.091,297.304,1021.796,11.176,11.057
2019-03-11,Humboldt South Bay,2019-03-14,40.72343,-124.2234,3,2019,0.0,14.2,7.787878,2.13,2.75,0,10.953775182062268,-0.242653055990837,0.0204762504214332,0.0171428567596844,1,14.1,18.8,7.9710026,3.789,2.283,0.24,2.05,2.345,3.656280751173709,0,46022,5.158,,,,1014.048,,10.759
2019-04-08,Humboldt South Bay,2019-04-11,40.72343,-124.2234,4,2019,0.023081258,14.5,8.2213575,1.2315,4.15,0,11.982652810155129,0.7851020266511003,0.0028571174258277,11.009999801005636,1,14.2,14.1,7.787878,7.9710026,2.13,2.283,2.75,2.05,6.67588915956151,0,46022,7.643,,,,1015.098,,11.98
2019-04-22,Humboldt South Bay,2019-04-25,40.72343,-124.2234,4,2019,0.0,14.5,8.2213575,1.2315,4.15,0,11.853469109048648,0.5783673370523112,-0.2471428371611095,9.031428409474236,1,14.5,14.2,8.2213575,7.787878,1.2315,2.13,4.15,2.75,6.67588915956151,0,46022,6.878,,,,1019.38,,12.23
2019-05-13,Humboldt South Bay,2019-05-15,40.72343,-124.2234,5,2019,0.0,15.8,7.71,0.74,4.66,0,10.519387488462488,-1.1095918141761605,0.1266666594005766,0.0,0,14.5,14.5,8.2213575,8.2213575,1.2315,1.2315,4.15,4.15,10.41891891891892,0,46022,3.97,,,,1014.698,,10.244
2019-05-20,Humboldt South Bay,2019-05-23,40.72343,-124.2234,5,2019,0.0,15.8,7.71,0.74,4.66,0,11.350612007841772,-0.4083673350360928,0.0666666939145042,0.2442857090915952,1,15.8,14.5,7.71,8.2213575,0.74,1.2315,4.66,4.15,10.41891891891892,0,46022,5.767,,,,1011.543,,11.193
2019-06-17,Humboldt South Bay,2019-06-19,40.72343,-124.2234,6,2019,0.008500363,17.35,5.96592915,0.435,3.12,0,10.967856845077204,-1.3735713961781286,-0.0623809269496372,0.7599999904632568,0,15.8,15.8,7.71,7.71,0.74,0.74,4.66,4.66,13.714779655172414,0,46022,,,,,,,
2019-07-29,Humboldt South Bay,2019-07-29,40.72343,-124.2234,7,2019,0.0,18.4,5.57,0.27,2.825,0,12.179081313464106,-1.0601020184706669,0.1895237877255394,0.8057142581258502,0,17.35,15.8,5.96592915,7.71,0.435,0.74,3.12,4.66,20.62962962962963,0,46022,,,,,,,
2019-08-19,Humboldt South Bay,2019-08-20,40.72343,-124.2234,8,2019,0.01345846,18.6,4.381,0.27,2.69,0,14.261326118391386,0.5303060994768629,0.0695238567533947,12.231428129332404,0,18.4,17.35,5.57,5.96592915,0.27,0.435,2.825,3.12,16.225925925925925,0,46022,,,,,,,
2019-09-02,Humboldt South Bay,2019-09-04,40.72343,-124.2234,9,2019,0.0,18.8,3.789,0.24,2.345,0,15.484591552189418,1.6421428362325745,-0.0566666920979817,24.348571125950137,1,18.6,18.4,4.381,5.57,0.27,0.27,2.69,2.825,15.7875,0,46022,,,,,,,
2019-09-09,Humboldt South Bay,2019-09-09,40.72343,-124.2234,9,2019,0.0,18.8,3.789,0.24,2.345,0,16.62489756759332,2.7487754760956276,0.0909523736862909,38.48285666533879,1,18.8,18.6,3.789,4.381,0.24,0.27,2.345,2.69,15.7875,0,46022,,,,,,,
2019-10-14,Humboldt South Bay,2019-10-14,40.72343,-124.2234,10,2019,0.084963255,18.0,4.197,0.29,2.36,0,11.381734439304896,-2.00826525323245,0.2228571573893229,0.0,0,18.8,18.8,3.789,3.789,0.24,0.24,2.345,2.345,14.472413793103447,0,46022,,,,,,,
2020-01-13,Humboldt South Bay,2020-01-13,40.72343,-124.2234,1,2020,0.0,14.3,6.289,1.83,1.781,0,11.529591667408846,0.0176530602217024,-0.1242857433500743,1.8128570927573104,1,18.0,18.8,4.197,3.789,0.29,0.24,2.36,2.345,3.4366120218579232,0,46022,5.922,3.297,11.791,302.47,1024.388,10.362,11.835
2020-01-27,Humboldt South Bay,2020-01-27,40.72343,-124.2234,1,2020,0.0,14.3,6.289,1.83,1.781,0,11.207346711839948,-0.1630612211111856,0.020952406383696,0.3371428442852838,1,14.3,18.0,6.289,4.197,1.83,0.29,1.781,2.36,3.4366120218579232,0,46022,7.737,2.933,14.134,267.76,1018.328,11.554,11.217
2020-02-03,Humboldt South Bay,2020-02-07,40.72343,-124.2234,2,2020,0.0,14.1,7.9710026,2.283,2.05,0,11.228265061670418,-0.1063265284067209,-0.128571419488816,0.6499999729650361,0,14.3,14.3,6.289,6.289,1.83,1.83,1.781,1.781,3.4914597459483137,0,46022,5.028,3.314,13.222,279.566,1026.148,10.955,11.266
2020-02-17,Humboldt South Bay,2020-02-19,40.72343,-124.2234,2,2020,0.0,14.1,7.9710026,2.283,2.05,0,9.81540806439458,-1.4514285380742986,0.0304761614118303,0.0,0,14.1,14.3,7.9710026,6.289,2.283,1.83,2.05,1.781,3.4914597459483137,0,46022,7.333,3.001,11.998,316.754,1022.892,9.918,9.617
2020-03-09,Humboldt South Bay,2020-03-10,40.72343,-124.2234,3,2020,0.0,14.2,7.787878,2.13,2.75,0,9.496836535784665,-1.70591830842349,0.0252380825224377,0.0,0,14.1,14.1,7.9710026,7.9710026,2.283,2.283,2.05,2.05,3.656280751173709,0,46022,5.534,2.98,11.988,319.607,1019.897,9.014,9.406
2020-06-29,Humboldt South Bay,2020-06-29,40.72343,-124.2234,6,2020,0.0,17.35,5.96592915,0.435,3.12,0,11.655305823501276,-0.9315305755150562,-0.0247618811471121,1.5471428228276116,0,14.2,14.1,7.787878,7.9710026,2.13,2.283,2.75,2.05,13.714779655172414,0,46022,6.877,2.618,8.157,329.583,1014.169,12.487,11.841
2020-07-13,Humboldt South Bay,2020-07-16,40.72343,-124.2234,7,2020,0.004237738,18.4,5.57,0.27,2.825,0,12.06459158294055,-0.804387737825817,-0.240476199558803,0.5799999758601189,1,17.35,14.2,5.96592915,7.787878,0.435,2.13,3.12,2.75,20.62962962962963,0,46022,3.919,1.037,10.897,267.047,1020.124,13.162,12.884
2020-08-03,Humboldt South Bay,2020-08-07,40.72343,-124.2234,8,2020,0.5302285,18.6,4.381,0.27,2.69,1,11.76683656536803,-1.5966326278083176,0.0509523664202009,0.0,0,18.4,17.35,5.57,5.96592915,0.27,0.435,2.825,3.12,16.225925925925925,1,46022,2.947,1.169,9.008,302.465,1016.96,11.938,11.959
2020-08-24,Humboldt South Bay,2020-08-25,40.72343,-124.2234,8,2020,0.0,18.6,4.381,0.27,2.69,0,12.50653029461296,-1.2861224285954116,-0.4628571555728004,0.0799999982118605,0,18.6,18.4,4.381,5.57,0.27,0.27,2.69,2.825,16.225925925925925,0,46022,3.753,1.228,10.684,281.473,1016.533,14.102,14.126
2020-09-07,Humboldt South Bay,2020-09-09,40.72343,-124.2234,9,2020,0.0,18.8,3.789,0.24,2.345,0,11.796020040706711,-2.070714275295637,0.1199999309721447,0.0,0,18.6,18.6,4.381,4.381,0.27,0.27,2.69,2.69,15.7875,0,46022,3.346,1.816,9.944,313.25,1016.834,12.051,11.658
2020-09-21,Humboldt South Bay,2020-09-24,40.72343,-124.2234,9,2020,0.023372171,18.8,3.789,0.24,2.345,0,14.840101641051625,0.9886734332053028,0.0538095292590913,15.85714230792863,1,18.8,18.6,3.789,4.381,0.24,0.27,2.345,2.69,15.7875,0,46022,4.003,1.096,9.0,265.458,1016.553,,14.926
2020-10-05,Humboldt South Bay,2020-10-07,40.72343,-124.2234,10,2020,0.023990562,18.0,4.197,0.29,2.36,0,14.841530332759934,1.2591836592752714,0.0280952907743908,17.714285510459117,1,18.8,18.8,3.789,3.789,0.24,0.24,2.345,2.345,14.472413793103447,0,46022,4.735,2.033,12.48,293.792,1017.415,,14.468
2020-10-19,Humboldt South Bay,2020-10-22,40.72343,-124.2234,10,2020,0.18637396,18.0,4.197,0.29,2.36,1,13.536938511595435,0.2519387537423445,-0.438571430387951,12.218570917844772,0,18.0,18.8,4.197,3.789,0.29,0.24,2.36,2.345,14.472413793103447,1,46022,6.03,2.46,9.485,320.509,1021.888,,14.225
2020-11-30,Humboldt South Bay,2020-12-01,40.72343,-124.2234,12,2020,0.006483153,15.15,4.542,0.875,2.32,0,11.38989782333374,-0.9829591634322188,-0.0438094820295061,0.0,0,18.0,18.0,4.197,4.197,0.29,0.29,2.36,2.36,5.190857142857142,0,46022,,,,,,,
2020-12-14,Humboldt South Bay,2020-12-16,40.72343,-124.2234,12,2020,0.0,15.15,4.542,0.875,2.32,0,10.799489614914874,-1.2357142525059837,0.0414285659790039,0.0,0,15.15,18.0,4.542,4.197,0.875,0.29,2.32,2.36,5.190857142857142,0,46022,5.465,3.42,13.889,286.665,1021.221,10.484,10.792
2021-01-04,Humboldt South Bay,2021-01-05,40.72343,-124.2234,1,2021,0.002430424,14.3,6.289,1.83,1.781,0,10.998163164878378,-0.6554081419064682,0.0719047273908342,0.0428571429635796,1,15.15,15.15,4.542,4.542,0.875,0.875,2.32,2.32,3.4366120218579232,0,46022,5.825,3.8,15.439,285.851,1020.323,10.567,10.906
2021-01-04,Humboldt South Bay,2021-01-07,40.72343,-124.2234,1,2021,0.0,14.3,6.289,1.83,1.781,0,10.998163164878378,-0.6554081419064682,0.0719047273908342,0.0428571429635796,1,14.3,15.15,6.289,4.542,1.83,0.875,1.781,2.32,3.4366120218579232,0,46022,5.825,3.8,15.439,285.851,1020.323,10.567,10.906
2021-01-18,Humboldt South Bay,2021-01-22,40.72343,-124.2234,1,2021,0.0,14.3,6.289,1.83,1.781,0,11.46071400934336,0.0159183681315305,-0.1347619011288597,1.3871428306613651,0,14.3,14.3,6.289,6.289,1.83,1.83,1.781,1.781,3.4366120218579232,0,46022,5.712,3.598,14.139,279.464,1025.183,11.368,11.443
2021-02-01,Humboldt South Bay,2021-02-04,40.72343,-124.2234,2,2021,0.0,14.1,7.9710026,2.283,2.05,0,10.41826514808499,-0.9237754904493992,0.060952413649786,0.0,0,14.3,14.3,6.289,6.289,1.83,1.83,1.781,1.781,3.4914597459483137,0,46022,8.881,3.658,11.771,270.798,1009.326,8.623,10.078
2021-02-15,Humboldt South Bay,2021-02-18,40.72343,-124.2234,2,2021,0.0,14.1,7.9710026,2.283,2.05,0,10.484387504811192,-0.7879591645026693,-0.0519047691708518,0.0,0,14.1,14.3,7.9710026,6.289,2.283,1.83,2.05,1.781,3.4914597459483137,0,46022,4.96,2.164,11.356,300.798,1017.291,9.816,10.664
2021-03-01,Humboldt South Bay,2021-03-03,40.72343,-124.2234,3,2021,0.0,14.2,7.787878,2.13,2.75,0,9.95122428816192,-1.2764285498735857,0.0676190512520925,0.0,0,14.1,14.1,7.9710026,7.9710026,2.283,2.283,2.05,2.05,3.656280751173709,0,46022,9.425,3.378,12.158,326.024,1029.217,9.561,10.033
2021-03-15,Humboldt South Bay,2021-03-19,40.72343,-124.2234,3,2021,0.0,14.2,7.787878,2.13,2.75,0,9.959897771173592,-1.2283673189124282,-0.0090476444789341,0.0,0,14.2,14.1,7.787878,7.9710026,2.13,2.283,2.75,2.05,3.656280751173709,0,46022,7.875,4.497,14.448,309.732,1017.853,8.621,10.132
2021-03-29,Humboldt South Bay,2021-04-01,40.72343,-124.2234,4,2021,0.0,14.5,8.2213575,1.2315,4.15,0,9.79540794722888,-1.3903060962959213,0.0295237586611793,0.0,0,14.2,14.2,7.787878,7.787878,2.13,2.13,2.75,2.75,6.67588915956151,0,46022,8.197,2.614,9.534,329.856,1022.976,9.401,9.994
2021-04-12,Humboldt South Bay,2021-04-15,40.72343,-124.2234,4,2021,0.0,14.5,8.2213575,1.2315,4.15,0,9.662958923651248,-1.5398979369474917,0.0847618920462472,0.0,0,14.5,14.2,8.2213575,7.787878,1.2315,2.13,4.15,2.75,6.67588915956151,0,46022,7.256,2.049,9.359,316.155,1022.133,9.056,10.027
2021-05-03,Humboldt South Bay,2021-05-06,40.72343,-124.2234,5,2021,0.0,15.8,7.71,0.74,4.66,0,10.3710202294953,-1.0843877232804588,-0.0152381261189778,0.0,0,14.5,14.5,8.2213575,8.2213575,1.2315,1.2315,4.15,4.15,10.41891891891892,0,46022,4.281,1.414,11.741,278.69,1021.315,10.339,10.642
2021-06-28,Humboldt South Bay,2021-06-30,40.72343,-124.2234,6,2021,0.0,17.35,5.96592915,0.435,3.12,0,13.182040487016952,0.6163265204475242,-0.0142857233683268,8.708571283412832,1,15.8,14.5,7.71,8.2213575,0.74,1.2315,4.66,4.15,13.714779655172414,0,46022,4.008,1.522,10.897,278.292,1014.418,12.422,13.137
2021-07-12,Humboldt South Bay,2021-07-14,40.72343,-124.2234,7,2021,0.00082948,18.4,5.57,0.27,2.825,0,11.76765267702998,-1.079795894117988,-0.0914285750616164,1.7442856622593743,0,17.35,15.8,5.96592915,7.71,0.435,0.74,3.12,4.66,20.62962962962963,0,46022,7.026,2.107,8.805,322.226,1016.829,12.477,11.99
2021-07-26,Humboldt South Bay,2021-07-28,40.72343,-124.2234,7,2021,0.0,18.4,5.57,0.27,2.825,0,10.867856843130928,-2.2942856635366167,-0.0257142384847005,0.0,0,18.4,17.35,5.57,5.96592915,0.27,0.435,2.825,3.12,20.62962962962963,0,46022,5.969,1.888,7.332,331.863,1018.365,12.173,11.768
2022-01-24,Humboldt South Bay,2022-01-25,40.72343,-124.2234,1,2022,0.0,14.3,6.289,1.83,1.781,0,11.008775185565558,-0.3808163145404993,-0.0204761141822451,0.0099999997764825,0,18.4,18.4,5.57,5.57,0.27,0.27,2.825,2.825,3.4366120218579232,0,46022,4.382,,,,1023.712,10.271,10.854
2022-02-07,Humboldt South Bay,2022-02-08,40.72343,-124.2234,2,2022,0.0,14.1,7.9710026,2.283,2.05,0,10.57102022365648,-0.740816307919366,0.0933333805629185,0.0,0,14.3,18.4,6.289,5.57,1.83,0.27,1.781,2.825,3.4914597459483137,0,46022,8.336,,,,1027.551,9.448,10.41
2022-02-21,Humboldt South Bay,2022-02-23,40.72343,-124.2234,2,2022,0.0,14.1,7.9710026,2.283,2.05,0,10.120509984541911,-1.130408141685992,-0.0295238494873046,0.0,0,14.1,14.3,7.9710026,6.289,2.283,1.83,2.05,1.781,3.4914597459483137,0,46022,7.604,,,,1023.42,9.302,10.222
2022-03-07,Humboldt South Bay,2022-03-07,40.72343,-124.2234,3,2022,0.0,14.2,7.787878,2.13,2.75,0,9.543367045266288,-1.6652040384253677,0.0133333660307384,0.0,0,14.1,14.1,7.9710026,7.9710026,2.283,2.283,2.05,2.05,3.656280751173709,0,46022,8.968,2.951,13.624,272.559,1021.188,9.799,9.731
2022-03-21,Humboldt South Bay,2022-03-21,40.72343,-124.2234,3,2022,0.0,14.2,7.787878,2.13,2.75,0,9.842142747372998,-1.3395918224539076,0.0233333224341983,0.0,0,14.2,14.1,7.787878,7.9710026,2.13,2.283,2.75,2.05,3.656280751173709,0,46022,5.533,2.981,12.076,296.611,1023.07,9.8,9.964
2022-03-28,Humboldt South Bay,2022-03-29,40.72343,-124.2234,3,2022,0.0,14.2,7.787878,2.13,2.75,0,10.042550933604335,-1.1413265229487906,-0.1352381479172479,0.0,0,14.2,14.2,7.787878,7.787878,2.13,2.13,2.75,2.75,3.656280751173709,0,46022,4.237,,,,1020.597,9.727,10.203
2022-04-04,Humboldt South Bay,2022-04-06,40.72343,-124.2234,4,2022,0.0,14.5,8.2213575,1.2315,4.15,0,9.721224220431582,-1.4709183397341747,-0.029047511872791,0.0,0,14.2,14.2,7.787878,7.787878,2.13,2.13,2.75,2.75,6.67588915956151,0,46022,7.553,,,,1018.418,10.014,9.907
2022-04-18,Humboldt South Bay,2022-04-20,40.72343,-124.2234,4,2022,0.0,14.5,8.2213575,1.2315,4.15,0,9.135101882778867,-2.0984693218250663,0.1666666212536039,0.0,0,14.5,14.2,8.2213575,7.787878,1.2315,2.13,4.15,2.75,6.67588915956151,0,46022,5.82,,,,1018.335,8.191,9.233
2022-05-02,Humboldt South Bay,2022-05-04,40.72343,-124.2234,5,2022,0.0,15.8,7.71,0.74,4.66,0,10.622346693155718,-0.816734680411767,-0.0395238058907644,0.0,0,14.5,14.5,8.2213575,8.2213575,1.2315,1.2315,4.15,4.15,10.41891891891892,0,46022,4.586,,,,1020.573,10.821,11.122
2022-05-09,Humboldt South Bay,2022-05-12,40.72343,-124.2234,5,2022,0.0,15.8,7.71,0.74,4.66,0,10.82673453311531,-0.7349999784206858,0.0333333242507207,0.0,0,15.8,14.5,7.71,8.2213575,0.74,1.2315,4.66,4.15,10.41891891891892,0,46022,7.553,,,,1017.74,10.641,10.849
2022-05-23,Humboldt South Bay,2022-05-26,40.72343,-124.2234,5,2022,0.0,15.8,7.71,0.74,4.66,0,10.23642834838556,-1.5824489404960556,0.0385714939662388,0.0,0,15.8,15.8,7.71,7.71,0.74,0.74,4.66,4.66,10.41891891891892,0,46022,8.562,,,,1021.792,11.231,11.326
2022-06-13,Humboldt South Bay,2022-06-13,40.72343,-124.2234,6,2022,0.0,17.35,5.96592915,0.435,3.12,0,12.02520380214769,-0.2310204015550564,-0.1600000290643601,4.159999944269657,1,15.8,15.8,7.71,7.71,0.74,0.74,4.66,4.66,13.714779655172414,0,46022,3.664,,,,1016.362,13.903,13.776
2022-06-20,Humboldt South Bay,2022-06-23,40.72343,-124.2234,6,2022,0.0,17.35,5.96592915,0.435,3.12,0,12.289693550187716,-0.1124489789410513,-0.0947618938627696,3.1999999518905367,0,17.35,15.8,5.96592915,7.71,0.435,0.74,3.12,4.66,13.714779655172414,0,46022,5.489,1.743,8.626,303.075,1018.115,13.083,13.284
2022-07-04,Humboldt South Bay,2022-07-05,40.72343,-124.2234,7,2022,0.0,18.4,5.57,0.27,2.825,0,11.706530337430994,-0.9795918167397684,0.2533333642142159,0.1185714251228741,1,17.35,17.35,5.96592915,5.96592915,0.435,0.435,3.12,3.12,20.62962962962963,0,46022,5.114,1.304,10.757,265.778,1018.357,12.764,12.219
2022-07-18,Humboldt South Bay,2022-07-18,40.72343,-124.2234,7,2022,0.0,18.4,5.57,0.27,2.825,0,12.228571171663246,-0.7468367323127328,0.0219047637212843,1.0614285224250384,0,18.4,17.35,5.57,5.96592915,0.27,0.435,2.825,3.12,20.62962962962963,0,46022,4.695,1.75,9.184,308.216,1015.945,13.431,13.122
2022-08-01,Humboldt South Bay,2022-08-02,40.72343,-124.2234,8,2022,0.0,18.6,4.381,0.27,2.69,0,12.78704051582181,-0.5246938676858435,0.2114285968598865,0.8771428401981082,1,18.4,18.4,5.57,5.57,0.27,0.27,2.825,2.825,16.225925925925925,0,46022,2.938,1.405,8.708,312.018,1013.923,12.503,12.744
2022-08-15,Humboldt South Bay,2022-08-16,40.72343,-124.2234,8,2022,0.0,18.6,4.381,0.27,2.69,0,14.80479552794476,1.1474489362112112,-0.2938095274425688,17.362856528588704,1,18.6,18.4,4.381,5.57,0.27,0.27,2.69,2.825,16.225925925925925,0,46022,4.156,1.097,8.122,324.074,1018.165,16.498,17.108
2022-08-29,Humboldt South Bay,2022-08-31,40.72343,-124.2234,8,2022,0.0,18.6,4.381,0.27,2.69,0,12.92326513601809,-0.8999999787430374,-0.0919047764369419,0.0,0,18.6,18.6,4.381,4.381,0.27,0.27,2.69,2.69,16.225925925925925,0,46022,5.375,1.953,8.824,314.595,1014.401,14.311,13.971
2022-09-12,Humboldt South Bay,2022-09-15,40.72343,-124.2234,9,2022,0.0,18.8,3.789,0.24,2.345,0,12.34795891508764,-1.5414285276617323,0.2861904870896112,0.0957142795835222,1,18.6,18.6,4.381,4.381,0.27,0.27,2.69,2.69,15.7875,0,46022,5.041,2.324,9.159,314.245,1010.904,13.467,12.818
2022-09-19,Humboldt South Bay,2022-09-23,40.72343,-124.2234,9,2022,0.0026,18.8,3.789,0.24,2.345,0,13.54989768047722,-0.3226530472843014,0.2276189894903273,6.631428412028721,1,18.8,18.6,3.789,4.381,0.24,0.27,2.345,2.69,15.7875,0,46022,3.321,1.045,12.013,267.327,1013.392,13.468,14.939
2022-10-03,Humboldt South Bay,2022-10-05,40.72343,-124.2234,10,2022,0.0,18.0,4.197,0.29,2.36,0,14.292754766892411,0.66734692771748,-0.1738095056442987,11.47857118504388,0,18.8,18.8,3.789,3.789,0.24,0.24,2.345,2.345,14.472413793103447,0,46022,4.228,1.827,11.097,292.083,1015.113,14.4,15.73
2022-10-17,Humboldt South Bay,2022-10-20,40.72343,-124.2234,10,2022,0.0,18.0,4.197,0.29,2.36,0,12.012346666686389,-1.3141836475352853,-0.0323809669131324,0.0,0,18.0,18.8,4.197,3.789,0.29,0.24,2.36,2.345,14.472413793103447,0,46022,4.139,1.616,9.938,304.036,1015.002,11.754,12.457
2022-10-24,Humboldt South Bay,2022-10-27,40.72343,-124.2234,10,2022,1.3492,18.0,4.197,0.29,2.36,1,11.520714059167975,-1.658469346104836,-0.0385714485531761,0.0,0,18.0,18.0,4.197,4.197,0.29,0.29,2.36,2.36,14.472413793103447,1,46022,3.954,2.307,12.481,293.699,1016.905,12.407,12.179
2022-10-31,Humboldt South Bay,2022-11-01,40.72343,-124.2234,11,2022,0.6506,16.0,4.7585,0.455,2.724,1,11.15540788611587,-1.878673414794766,-0.0514285223824637,0.0,0,18.0,18.0,4.197,4.197,0.29,0.29,2.36,2.36,10.458241758241757,1,46022,3.474,2.863,12.803,316.619,1022.501,11.845,12.131
2022-11-14,Humboldt South Bay,2022-11-16,40.72343,-124.2234,11,2022,0.0,16.0,4.7585,0.455,2.724,0,11.117142618918905,-1.6261224016851308,0.0276189985729398,0.0,0,16.0,18.0,4.7585,4.197,0.455,0.29,2.724,2.36,10.458241758241757,0,46022,4.789,2.699,11.657,304.25,1015.713,9.859,11.353
2022-11-28,Humboldt South Bay,2022-11-30,40.72343,-124.2234,11,2022,0.1009,16.0,4.7585,0.455,2.724,1,10.922958870323338,-1.499081618323618,-0.0923809778122674,0.0,0,16.0,16.0,4.7585,4.7585,0.455,0.455,2.724,2.724,10.458241758241757,1,46022,3.995,2.326,13.768,288.937,1023.433,11.099,11.711
2022-12-12,Humboldt South Bay,2022-12-12,40.72343,-124.2234,12,2022,0.0,15.15,4.542,0.875,2.32,0,10.683060889341393,-1.3995918011178776,-0.0633333297002882,0.0,0,16.0,16.0,4.7585,4.7585,0.455,0.455,2.724,2.724,5.190857142857142,0,46022,6.667,2.639,10.784,282.512,1013.914,9.47,11.18
2023-01-16,Humboldt South Bay,2023-01-20,40.72343,-124.2234,1,2023,0.0,14.3,6.289,1.83,1.781,0,11.651224175278022,0.1821428494794028,-0.0904761723109653,3.8814284524747302,1,15.15,16.0,4.542,4.7585,0.875,0.455,2.32,2.724,3.4366120218579232,0,46022,10.369,4.531,13.922,257.749,1004.652,12.448,12.05
2023-02-06,Humboldt South Bay,2023-02-08,40.72343,-124.2234,2,2023,0.0,14.1,7.9710026,2.283,2.05,0,10.471020066008276,-0.8466326302411604,0.0038095655895414,0.0,0,14.3,15.15,6.289,4.542,1.83,0.875,1.781,2.32,3.4914597459483137,0,46022,6.675,,,,1019.396,9.947,10.361
2023-02-20,Humboldt South Bay,2023-02-22,40.72343,-124.2234,2,2023,0.0021,14.1,7.9710026,2.283,2.05,0,9.630714163488271,-1.6218366987851205,-0.0776190530686151,0.0,0,14.1,14.3,7.9710026,6.289,2.283,1.83,2.05,1.781,3.4914597459483137,0,46022,,,,,,,
2023-03-13,Humboldt South Bay,2023-03-13,40.72343,-124.2234,3,2023,0.0,14.2,7.787878,2.13,2.75,0,9.133979359451606,-2.057653033611726,0.1238095873878115,0.0,0,14.1,14.1,7.9710026,7.9710026,2.283,2.283,2.05,2.05,3.656280751173709,0,46022,,,,,,,
2023-04-17,Humboldt South Bay,2023-04-21,40.72343,-124.2234,4,2023,0.0,14.5,8.2213575,1.2315,4.15,0,10.142856957961104,-1.0837754777499609,-0.0380952925909133,0.0,0,14.2,14.1,7.787878,7.9710026,2.13,2.283,2.75,2.05,6.67588915956151,0,46022,,,,,,,
2023-05-01,Humboldt South Bay,2023-05-05,40.72343,-124.2234,5,2023,0.0,15.8,7.71,0.74,4.66,0,10.612040636490804,-0.807142839900085,-0.0695238567533946,0.0,0,14.5,14.2,8.2213575,7.787878,1.2315,2.13,4.15,2.75,10.41891891891892,0,46022,,,,,,,
2023-05-22,Humboldt South Bay,2023-05-24,40.72343,-124.2234,5,2023,0.0,15.8,7.71,0.74,4.66,0,11.017142694823596,-0.7785714086221189,-0.1833333060854956,0.0,0,15.8,14.5,7.71,8.2213575,0.74,1.2315,4.66,4.15,10.41891891891892,0,46022,,,,,,,
2023-06-05,Humboldt South Bay,2023-06-05,40.72343,-124.2234,6,2023,0.0,17.35,5.96592915,0.435,3.12,0,10.388571272090989,-1.6999999515864317,0.079047611781529,0.0,0,15.8,15.8,7.71,7.71,0.74,0.74,4.66,4.66,13.714779655172414,0,46022,,,,,,,
2023-06-19,Humboldt South Bay,2023-06-20,40.72343,-124.2234,6,2023,0.0,17.35,5.96592915,0.435,3.12,0,10.998979257077588,-1.3819387445644458,0.0790476117815289,0.0,0,17.35,15.8,5.96592915,7.71,0.435,0.74,3.12,4.66,13.714779655172414,0,46022,,,,,,,
2023-06-26,Humboldt South Bay,2023-06-27,40.72343,-124.2234,6,2023,0.0,17.35,5.96592915,0.435,3.12,0,11.184795603460191,-1.3396938473594433,0.0161905288696289,0.0,0,17.35,17.35,5.96592915,5.96592915,0.435,0.435,3.12,3.12,13.714779655172414,0,46022,,,,,,,
2023-07-17,Humboldt South Bay,2023-07-19,40.72343,-124.2234,7,2023,0.0,18.4,5.57,0.27,2.825,0,11.420612004338478,-1.5336734397070748,-0.1066667011805942,0.0,0,17.35,17.35,5.96592915,5.96592915,0.435,0.435,3.12,3.12,20.62962962962963,0,46022,,,,,,,
2023-07-31,Humboldt South Bay,2023-08-02,40.72343,-124.2234,8,2023,0.0,18.6,4.381,0.27,2.69,0,11.58397930495593,-1.703571371886195,0.0300000054495674,0.0,0,18.4,17.35,5.57,5.96592915,0.27,0.435,2.825,3.12,16.225925925925925,0,46022,,,,,,,
2023-08-21,Humboldt South Bay,2023-08-24,40.72343,-124.2234,8,2023,0.0011,18.6,4.381,0.27,2.69,0,12.962958802982254,-0.7996938605697788,0.1090476172310965,0.0,0,18.6,18.4,4.381,5.57,0.27,0.27,2.69,2.825,16.225925925925925,0,46022,,,,,,,
2023-09-18,Humboldt South Bay,2023-09-18,40.72343,-124.2234,9,2023,0.0066,18.8,3.789,0.24,2.345,0,12.75357112106012,-1.1273469208758704,-0.3033333278837657,0.0,0,18.6,18.6,4.381,4.381,0.27,0.27,2.69,2.69,15.7875,0,46022,,,,,,,
2023-10-23,Humboldt South Bay,2023-10-25,40.72343,-124.2234,10,2023,0.0,18.0,4.197,0.29,2.36,0,13.052142571429815,-0.1491836708761295,-0.2238095147269112,2.0799999479204416,1,18.8,18.6,3.789,4.381,0.24,0.27,2.345,2.69,14.472413793103447,0,46022,,,,,,,
2023-10-30,Humboldt South Bay,2023-11-01,40.72343,-124.2234,11,2023,0.0,16.0,4.7585,0.455,2.724,0,12.479183391648895,-0.5772448872425119,0.0976190567016601,1.2228571155241557,1,18.0,18.8,4.197,3.789,0.29,0.24,2.36,2.345,10.458241758241757,0,46022,,,,,,,
2023-11-13,Humboldt South Bay,2023-11-15,40.72343,-124.2234,11,2023,0.0,16.0,4.7585,0.455,2.724,0,13.749897703832508,0.983775480669372,-0.0561904453095935,15.438570967742375,1,16.0,18.0,4.7585,4.197,0.455,0.29,2.724,2.36,10.458241758241757,0,46022,5.098,2.745,12.183,295.595,1020.539,13.184,14.828
2023-11-27,Humboldt South Bay,2023-11-29,40.72343,-124.2234,11,2023,0.0,16.0,4.7585,0.455,2.724,0,12.972856852473043,0.5243877472774107,0.0100000018165224,8.029999870274748,1,16.0,16.0,4.7585,4.7585,0.455,0.455,2.724,2.724,10.458241758241757,0,46022,6.539,2.962,12.788,306.87,1022.215,11.948,13.153
2023-12-18,Humboldt South Bay,2023-12-20,40.72343,-124.2234,12,2023,2.6346,15.15,4.542,0.875,2.32,1,12.909183268644371,0.9621428342498078,0.0438095274425688,13.46999967949731,1,16.0,16.0,4.7585,4.7585,0.455,0.455,2.724,2.724,5.190857142857142,1,46022,3.776,1.887,11.236,274.1,1018.832,12.032,12.92
2024-01-08,Humboldt South Bay,2024-01-12,40.72343,-124.2234,1,2024,0.0,14.3,6.289,1.83,1.781,0,12.835918144303928,1.2452040460644935,-0.0580952053978329,17.43285664490291,1,15.15,16.0,4.542,4.7585,0.875,0.455,2.32,2.724,3.4366120218579232,0,46022,6.32,,,,1021.929,11.273,13.063
2024-01-15,Humboldt South Bay,2024-01-17,40.72343,-124.2234,1,2024,0.0,14.3,6.289,1.83,1.781,0,12.564693752600222,1.0816326281245874,0.02285707564581,15.142856793744224,1,14.3,15.15,6.289,4.542,1.83,0.875,1.781,2.32,3.4366120218579232,0,46022,7.007,,,,1020.548,10.614,12.814
2024-02-12,Humboldt South Bay,2024-02-13,40.72343,-124.2234,2,2024,0.0,14.1,7.9710026,2.283,2.05,0,12.584387516488832,1.2971428304302448,-0.0328571228753952,18.159999626023428,1,14.3,14.3,6.289,6.289,1.83,1.83,1.781,1.781,3.4914597459483137,0,46022,6.068,3.354,14.491,295.158,1013.748,10.391,12.592
2024-02-26,Humboldt South Bay,2024-03-01,40.72343,-124.2234,3,2024,0.0,14.2,7.787878,2.13,2.75,0,12.342856893734057,1.1091836465864764,-0.0223809650966099,15.52857105221067,1,14.1,14.3,7.9710026,6.289,2.283,1.83,2.05,1.781,3.656280751173709,0,46022,6.562,2.75,14.158,278.991,1015.999,11.9,12.464
2024-04-01,Humboldt South Bay,2024-04-03,40.72343,-124.2234,4,2024,0.0,14.5,8.2213575,1.2315,4.15,0,11.812040533338276,0.6224489545411601,-0.1100000199817475,8.784285360681158,1,14.2,14.1,7.787878,7.9710026,2.13,2.283,2.75,2.05,6.67588915956151,0,46022,6.808,3.054,13.181,298.598,1012.986,11.052,11.893
2024-05-06,Humboldt South Bay,2024-05-09,40.72343,-124.2234,5,2024,0.0,15.8,7.71,0.74,4.66,0,10.643673235056353,-0.8635714096682412,-0.0676190058390299,0.0,0,14.5,14.2,8.2213575,7.787878,1.2315,2.13,4.15,2.75,10.41891891891892,0,46022,5.536,1.94,9.171,303.545,1019.285,10.629,11.47
2024-05-20,Humboldt South Bay,2024-05-23,40.72343,-124.2234,5,2024,0.0,15.8,7.71,0.74,4.66,0,9.874387643775163,-1.8847958883460687,-0.0323810123261951,0.0,0,15.8,14.5,7.71,8.2213575,0.74,1.2315,4.66,4.15,10.41891891891892,0,46022,7.23,2.766,9.151,325.757,1016.464,10.787,10.326
2024-06-03,Humboldt South Bay,2024-06-05,40.72343,-124.2234,6,2024,2.5467,17.35,5.96592915,0.435,3.12,1,9.94408132592026,-2.102755064866981,0.0752381370181129,0.0,0,15.8,15.8,7.71,7.71,0.74,0.74,4.66,4.66,13.714779655172414,1,46022,5.016,1.867,9.733,311.304,1020.546,11.258,10.333
2024-06-24,Humboldt South Bay,2024-06-27,40.72343,-124.2234,6,2024,0.0127,17.35,5.96592915,0.435,3.12,0,10.504897623646016,-1.979489751008092,0.1795238313220795,0.0,0,17.35,15.8,5.96592915,7.71,0.435,0.74,3.12,4.66,13.714779655172414,0,46022,6.093,1.532,7.205,325.348,1015.344,11.171,10.914
2024-07-08,Humboldt South Bay,2024-07-11,40.72343,-124.2234,7,2024,0.0124,18.4,5.57,0.27,2.825,0,12.62683645559817,-0.1390816210484018,-0.2614285151163736,4.174285680055618,1,17.35,17.35,5.96592915,5.96592915,0.435,0.435,3.12,3.12,20.62962962962963,0,46022,4.783,2.292,11.231,299.084,1015.716,13.99,13.785
2024-07-22,Humboldt South Bay,2024-07-26,40.72343,-124.2234,7,2024,0.0244,18.4,5.57,0.27,2.825,0,12.13540796357758,-0.9327550825415823,-0.1609523864019484,0.3357142806053161,0,18.4,17.35,5.57,5.96592915,0.27,0.435,2.825,3.12,20.62962962962963,0,46022,5.325,1.271,11.908,270.884,1019.236,13.402,13.93
2024-08-26,Humboldt South Bay,2024-08-28,40.72343,-124.2234,8,2024,0.2647,18.6,4.381,0.27,2.69,1,12.515407951510683,-1.2906122207641602,0.0633333297002883,0.0,0,18.4,18.4,5.57,5.57,0.27,0.27,2.825,2.825,16.225925925925925,1,46022,2.89,1.19,10.622,297.18,1017.984,13.622,12.715
2017-01-02,Monterey Wharf,2017-01-04,36.603683,-121.889275,1,2017,0.0138,12.1,6.31,1.83,5.68,0,12.078278397151404,-0.7656809248952638,0.0066665649414062,0.0,0,12.1,12.1,6.31,6.31,1.83,1.83,5.68,5.68,3.4480874316939887,0,46042,7.775,3.0,11.109,311.417,1014.8,11.133,12.104
2017-01-09,Monterey Wharf,2017-01-11,36.603683,-121.889275,1,2017,0.0012,12.4,8.0,1.83,4.99,0,12.161058737234592,-0.6375702754355629,0.0290476481119791,0.0,0,12.1,12.4,6.31,8.0,1.83,1.83,5.68,4.99,4.371584699453551,0,46042,8.486,2.426,9.758,241.327,1015.452,11.427,12.356
2017-01-16,Monterey Wharf,2017-01-18,36.603683,-121.889275,1,2017,0.0005,12.6,11.56,1.83,7.65,0,12.283162837125818,-0.4342857022978821,0.0400000072660899,0.0200000000851494,1,12.4,12.1,8.0,6.31,1.83,1.83,4.99,5.68,6.316939890710382,0,46042,6.501,2.571,11.933,269.976,1016.646,12.011,12.561
2017-01-23,Monterey Wharf,2017-01-25,36.603683,-121.889275,1,2017,0.0003,12.6,11.07,1.83,4.2,0,12.447040528667216,-0.2025510138470907,-0.0033333188011532,0.1971428564616612,1,12.6,12.4,11.56,8.0,1.83,1.83,7.65,4.99,6.049180327868853,0,46042,6.913,4.315,15.038,275.583,1011.221,11.821,12.521
2017-01-30,Monterey Wharf,2017-02-01,36.603683,-121.889275,2,2017,0.0002,13.0,10.67,2.283,3.3,0,12.61112220919862,0.0041836740601123,0.0423809687296549,0.8614285556333405,1,12.6,12.6,11.07,11.56,1.83,1.83,4.2,7.65,4.673674989049497,0,46042,4.109,3.518,14.208,286.768,1024.438,11.336,12.455
2017-02-06,Monterey Wharf,2017-02-08,36.603683,-121.889275,2,2017,0.0002,13.2,9.23,2.283,2.96,0,12.791326299005624,0.2247959106818449,0.0361904416765485,3.27142845839262,1,13.0,12.6,10.67,11.07,2.283,1.83,3.3,4.2,4.042925974594832,0,46042,6.945,2.311,11.72,249.108,1016.983,12.756,12.712
2017-02-13,Monterey Wharf,2017-02-15,36.603683,-121.889275,2,2017,0.0002,14.2,9.11,2.283,7.01,0,13.06306096485683,0.5343877373605358,-0.0085713976905459,7.481428323047502,1,13.2,13.0,9.23,10.67,2.283,2.283,2.96,3.3,3.9903635567236098,0,46042,7.354,2.439,10.501,253.452,1016.431,13.301,13.032
2017-02-20,Monterey Wharf,2017-02-22,36.603683,-121.889275,2,2017,0.0002,12.9,8.29,2.283,4.17,0,13.10459162264454,0.6106122263840267,-0.0247618811471121,8.548571169376373,1,14.2,13.2,9.11,9.23,2.283,2.283,7.01,2.96,3.631187034603592,0,46042,7.263,2.919,13.139,265.917,1010.998,12.715,13.139
2017-02-27,Monterey Wharf,2017-03-01,36.603683,-121.889275,3,2017,0.0003,13.6,16.44,2.13,6.64,0,12.929999828338625,0.4675510063463327,-0.0119047619047618,6.545714088848659,1,12.9,14.2,8.29,9.11,2.283,2.283,4.17,7.01,7.718309859154931,0,46042,7.155,2.551,12.297,282.359,1020.25,11.39,12.898
2017-03-06,Monterey Wharf,2017-03-09,36.603683,-121.889275,3,2017,0.0,13.9,5.65,2.13,12.21,0,12.841326295113078,0.4094897840096026,0.0590476081484839,5.732856976134436,1,13.6,12.9,16.44,8.29,2.13,2.283,6.64,4.17,2.6525821596244135,0,46042,7.74,2.137,12.888,304.228,1019.638,11.464,12.767
2017-03-13,Monterey Wharf,2017-03-15,36.603683,-121.889275,3,2017,0.0,14.4,2.15,2.13,8.99,0,13.016224238337305,0.6141836621931621,0.0257142838977631,8.59857127070427,1,13.9,13.6,5.65,16.44,2.13,2.13,12.21,6.64,1.0093896713615025,0,46042,6.5,2.142,12.344,293.713,1022.77,12.166,12.765
2017-03-20,Monterey Wharf,2017-03-22,36.603683,-121.889275,3,2017,0.0009,13.4,1.63,2.13,5.65,0,13.252754834233498,0.8815305923320809,0.0019047146751767,12.341428292649132,1,14.4,13.9,2.15,5.65,2.13,2.13,8.99,12.21,0.7652582159624413,0,46042,3.808,1.439,10.99,287.653,1018.654,12.717,13.301
2017-03-27,Monterey Wharf,2017-03-29,36.603683,-121.889275,3,2017,0.0024,14.1,4.53,2.13,5.6,0,13.249795641217911,0.9132652817940226,-0.1014285314650762,12.785713945116315,1,13.4,14.4,1.63,2.15,2.13,2.13,5.65,8.99,2.126760563380282,0,46042,6.686,2.167,11.775,259.054,1018.655,13.029,13.314
2017-04-03,Monterey Wharf,2017-04-05,36.603683,-121.889275,4,2017,0.0021,13.1,12.77,1.2315,6.79,0,12.862550745205002,0.5612244755789942,-0.0938095365251813,8.148571221956185,1,14.1,13.4,4.53,1.63,2.13,2.13,5.6,5.65,10.369468128298822,0,46042,10.198,3.321,13.529,301.247,1019.187,12.763,12.963
2017-04-10,Monterey Wharf,2017-04-12,36.603683,-121.889275,4,2017,0.4019,12.8,10.41,1.2315,18.9,1,12.4190814057175,0.1525510135962038,0.0876190548851375,3.0057141727634837,1,13.1,14.1,12.77,4.53,1.2315,2.13,6.79,5.6,8.453105968331304,1,46042,7.032,3.009,13.316,291.506,1015.788,12.328,12.758
2017-04-17,Monterey Wharf,2017-04-19,36.603683,-121.889275,4,2017,0.0757,13.9,4.43,1.2315,13.12,0,12.615305929767842,0.3731632511682656,0.0780952544439406,5.802856934922082,1,12.8,13.1,10.41,12.77,1.2315,1.2315,18.9,6.79,3.597239139261063,0,46042,6.7,2.31,12.633,291.536,1017.938,12.311,12.815
2017-05-01,Monterey Wharf,2017-05-03,36.603683,-121.889275,5,2017,0.0166,14.5,14.58,0.74,11.53,0,12.381530333538446,0.0990816309135787,-0.0271428880237397,5.4985712340899875,1,13.9,12.8,4.43,10.41,1.2315,1.2315,13.12,18.9,19.7027027027027,0,46042,7.915,2.446,10.1,299.76,1018.459,12.943,12.66
2017-05-08,Monterey Wharf,2017-05-10,36.603683,-121.889275,5,2017,0.0185,12.5,15.68,0.74,5.38,0,11.792652811322894,-0.5269387587144667,0.0519047691708519,0.5285714130316461,0,14.5,13.9,14.58,4.43,0.74,1.2315,11.53,13.12,21.18918918918919,0,46042,8.486,2.849,11.012,292.512,1013.531,11.72,11.341
2017-05-15,Monterey Wharf,2017-05-17,36.603683,-121.889275,5,2017,0.7076,12.7,11.93,0.74,12.5,1,11.70224467102362,-0.6581632527617776,0.0557142893473307,0.0585714269961629,0,12.5,14.5,15.68,14.58,0.74,0.74,5.38,11.53,16.12162162162162,1,46042,0.0,2.529,10.883,304.896,1016.957,11.732,11.85
2017-05-22,Monterey Wharf,2017-05-24,36.603683,-121.889275,5,2017,0.7076,13.2,6.14,0.74,95.5,1,12.06132629939488,-0.3738775455525943,0.159047626313709,0.8157142698764801,1,12.7,12.5,11.93,15.68,0.74,0.74,12.5,5.38,8.297297297297296,1,46042,,2.009,9.498,313.702,1015.43,11.971,13.112
2017-05-29,Monterey Wharf,2017-05-31,36.603683,-121.889275,5,2017,0.3517,14.0,3.1,0.74,18.6,1,12.666428274037886,0.1165306104385122,-0.118095216296968,3.2828570806554387,1,13.2,12.7,6.14,11.93,0.74,0.74,95.5,12.5,4.1891891891891895,1,46042,,1.533,11.43,280.62,1014.673,12.548,13.273
2017-06-05,Monterey Wharf,2017-06-07,36.603683,-121.889275,6,2017,2.2362,14.1,8.13,0.435,37.6,1,12.515713983652542,-0.1594897910800515,-0.0666666939145042,2.714285656809807,0,14.0,13.2,3.1,6.14,0.74,0.74,18.6,95.5,18.689655172413794,1,46042,,1.877,9.61,300.944,1014.887,12.944,12.985
2017-06-12,Monterey Wharf,2017-06-14,36.603683,-121.889275,6,2017,0.8473,14.3,3.21,0.435,13.56,1,12.05775480854268,-0.7447959001423144,0.0276190893990652,0.2471428460308483,0,14.1,14.0,8.13,3.1,0.435,0.74,37.6,18.6,7.379310344827586,1,46042,,1.89,9.658,292.464,1014.769,12.949,12.563
2017-07-03,Monterey Wharf,2017-07-05,36.603683,-121.889275,7,2017,1.2646,15.1,0.87,0.27,24.3,1,13.396428137409444,-0.0193877603326525,-0.0571428480602446,3.467142735208784,0,14.3,14.1,3.21,8.13,0.435,0.435,13.56,37.6,3.222222222222222,1,46042,,1.968,10.29,291.329,1015.062,14.068,14.445
2017-07-10,Monterey Wharf,2017-07-12,36.603683,-121.889275,7,2017,1.1035,14.4,3.86,0.27,22.46,1,12.953673177835892,-0.7064285608274596,0.0042856761387416,0.3899999856948852,0,15.1,14.3,0.87,3.21,0.27,0.435,24.3,13.56,14.296296296296294,1,46042,,1.607,10.3,256.97,1015.858,13.321,13.544
2022-07-25,Monterey Wharf,2022-07-27,36.603683,-121.889275,7,2022,0.04025755,13.7,3.86,0.27,28.22,0,13.851224081856865,-0.3114285624719092,0.0838095347086588,0.4457142714943204,0,14.4,15.1,3.86,0.87,0.27,0.27,22.46,24.3,14.296296296296294,0,46042,7.852,1.883,12.727,261.019,1015.261,13.274,13.432
2022-08-01,Monterey Wharf,2022-08-03,36.603683,-121.889275,8,2022,0.13301368,14.5,3.86,0.27,11.41,1,14.3655098019814,-0.0155102053505121,0.2038095565069289,2.974285615342004,1,13.7,14.4,3.86,3.86,0.27,0.27,28.22,22.46,14.296296296296294,1,46042,4.089,1.135,12.279,248.213,1014.382,14.146,14.176
2022-08-08,Monterey Wharf,2022-08-10,36.603683,-121.889275,8,2022,0.2806659,16.5,3.86,0.27,20.71,1,15.183060850415911,0.5841836565535287,-0.1671428680419922,9.002856897456306,1,14.5,13.7,3.86,3.86,0.27,0.27,11.41,28.22,14.296296296296294,1,46042,4.204,1.327,12.638,200.335,1015.257,15.627,15.431
2022-08-15,Monterey Wharf,2022-08-17,36.603683,-121.889275,8,2022,0.017633524,12.6,3.86,0.27,7.5,0,15.033469034700977,0.2245918314675895,-0.050476210457938,6.705714123589652,0,16.5,14.5,3.86,3.86,0.27,0.27,20.71,11.41,14.296296296296294,0,46042,6.497,1.201,8.13,296.148,1016.824,16.163,15.278
2022-08-22,Monterey Wharf,2022-08-24,36.603683,-121.889275,8,2022,0.018923048,13.3,3.86,0.27,19.73,0,14.404693515933287,-0.5703061092264798,0.014761970156715,0.6771428414753505,0,12.6,16.5,3.86,3.86,0.27,0.27,7.5,20.71,14.296296296296294,0,46042,5.102,1.682,8.211,312.103,1012.455,13.947,13.862
2022-08-29,Monterey Wharf,2022-08-31,36.603683,-121.889275,8,2022,0.05220236,14.6,3.86,0.27,9.42,0,14.468162877219063,-0.620918354551707,-0.0180953343709309,0.0942857121782642,1,13.3,12.6,3.86,3.86,0.27,0.27,19.73,7.5,14.296296296296294,0,46042,4.261,1.746,9.303,295.21,1013.493,14.545,14.336
2017-01-02,Newport Beach Pier,2017-01-02,33.6061,-117.9311,1,2017,0.0,14.2,4.22,2.59,3.2,0,14.797890265782677,-0.2274166605949756,0.0526666641235351,0.0379999998956918,1,14.2,14.2,4.22,4.22,2.59,2.59,3.2,3.2,1.6293436293436294,0,46025,4.865,1.133,9.401,246.125,1012.347,12.553,14.533
2017-01-09,Newport Beach Pier,2017-01-09,33.6061,-117.9311,1,2017,0.0,15.2,3.49,0.0,1.79,0,14.977734143306424,0.0192993855472344,-0.0076190403529575,1.608571417895811,1,14.2,15.2,4.22,3.49,2.59,0.0,3.2,1.79,,0,46025,3.717,0.787,10.939,245.673,1018.692,14.089,14.842
2017-01-16,Newport Beach Pier,2017-01-16,33.6061,-117.9311,1,2017,0.0,15.0,4.26,0.0,1.93,0,15.072040635712291,0.2333673440984316,0.0047618775140671,3.43999995291233,1,15.2,14.2,3.49,4.22,0.0,2.59,1.79,3.2,,0,46025,4.58,1.287,10.128,259.398,1016.974,14.693,15.079
2017-01-23,Newport Beach Pier,2017-01-23,33.6061,-117.9311,1,2017,0.0,14.3,19.0,14.48,2.62,0,14.877652771618902,0.127448977655446,-0.0442857288178943,2.7542856646967784,1,15.0,15.2,4.26,3.49,0.0,0.0,1.93,1.79,1.3121546961325967,0,46025,5.705,2.004,14.472,260.804,1014.592,13.962,14.956
2017-01-30,Newport Beach Pier,2017-01-30,33.6061,-117.9311,1,2017,0.0,15.1,4.53,2.32,1.07,0,14.707856732971814,-0.0110204077458807,0.0052380788893926,1.41142854546862,1,14.3,15.0,19.0,4.26,14.48,0.0,2.62,1.93,1.952586206896552,0,46025,4.792,1.765,13.945,262.196,1022.741,13.688,14.229
2017-02-06,Newport Beach Pier,2017-02-06,33.6061,-117.9311,2,2017,0.0,14.7,2.62,0.16,2.09,0,14.75857094355992,0.0602040793746709,0.0485714503696986,1.552857099899224,1,15.1,14.3,4.53,19.0,2.32,14.48,1.07,2.62,16.375,0,46025,2.718,1.221,13.07,259.545,1018.869,14.258,14.263
2017-02-13,Newport Beach Pier,2017-02-13,33.6061,-117.9311,2,2017,0.0,14.8,5.66,1.93,2.42,0,15.009693418230327,0.3304081529150812,-0.0042857215518043,4.739999853074551,1,14.7,15.1,2.62,4.53,0.16,2.32,2.09,1.07,2.9326424870466323,0,46025,3.674,1.328,10.515,254.701,1018.065,14.422,14.592
2017-02-20,Newport Beach Pier,2017-02-21,33.6061,-117.9311,2,2017,0.0,15.0,2.62,0.61,1.69,0,15.167448608242736,0.4907142687208798,-0.0357142857142857,6.891428332243647,1,14.8,14.7,5.66,2.62,1.93,0.16,2.42,2.09,4.295081967213115,0,46025,5.403,1.757,13.009,248.976,1012.016,14.014,14.81
2017-02-27,Newport Beach Pier,2017-03-01,33.6061,-117.9311,3,2017,0.0,15.2,6.07,3.91,1.83,0,14.89928537485551,0.2028571344075762,0.0033334096272786,3.9657141364046504,1,15.0,14.8,2.62,5.66,0.61,1.93,1.69,2.42,1.5524296675191815,0,46025,5.336,1.66,11.654,260.47,1020.301,13.036,14.626
2017-03-06,Newport Beach Pier,2017-03-06,33.6061,-117.9311,3,2017,0.0,14.8,3.98,0.23,3.47,0,14.742958896014157,0.0205102028819371,0.088571412222726,2.055714230452265,1,15.2,15.0,6.07,2.62,3.91,0.61,1.83,1.69,17.304347826086957,0,46025,3.648,0.91,13.265,220.601,1017.196,14.049,14.765
2017-03-13,Newport Beach Pier,2017-03-13,33.6061,-117.9311,3,2017,0.14,15.8,0.0,0.21,1.3,1,15.120509926153687,0.3728571357775707,0.0638094856625511,5.914285605507238,1,14.8,15.2,3.98,6.07,0.23,3.91,3.47,1.83,0.0,1,46025,3.562,1.068,12.034,244.24,1018.142,14.309,14.96
2017-03-20,Newport Beach Pier,2017-03-20,33.6061,-117.9311,3,2017,0.0,16.0,3.11,0.41,1.6,0,15.650713949787374,0.8682652946029391,0.0109524045671735,12.185714123504502,1,15.8,14.8,0.0,3.98,0.21,0.23,1.3,3.47,7.585365853658537,0,46025,2.674,0.792,13.627,229.179,1017.523,13.381,15.587
2017-03-27,Newport Beach Pier,2017-03-27,33.6061,-117.9311,3,2017,0.0,15.9,3.95,0.54,3.85,0,15.90214254418198,1.0702040651623084,-0.0709523700532459,14.982856912272316,1,16.0,15.8,3.11,0.0,0.41,0.21,1.6,1.3,7.314814814814815,0,46025,4.688,1.295,12.756,229.923,1018.828,14.641,15.453
2017-04-03,Newport Beach Pier,2017-04-03,33.6061,-117.9311,4,2017,0.3,15.8,5.6,0.39,3.19,1,15.81448949113184,0.9269387591250088,0.0352380389258975,12.977142627750125,1,15.9,16.0,3.95,3.11,0.54,0.41,3.85,1.6,14.358974358974358,1,46025,5.12,1.595,12.244,263.57,1014.233,15.423,15.537
2017-04-10,Newport Beach Pier,2017-04-10,33.6061,-117.9311,4,2017,0.25,15.8,3.77,0.0,9.86,1,15.673264892733828,0.7312244745541593,-0.0066666376023065,10.23714264375823,1,15.8,15.9,5.6,3.95,0.39,0.54,3.19,3.85,,1,46025,3.507,1.329,13.376,255.202,1015.883,14.605,16.056
2017-04-17,Newport Beach Pier,2017-04-17,33.6061,-117.9311,4,2017,0.0,15.0,0.0,0.0,3.55,0,15.642142383419738,0.6323469227978161,0.1585713795253208,8.852856919169426,1,15.8,15.8,3.77,5.6,0.0,0.39,9.86,3.19,,0,46025,3.602,1.33,11.195,255.875,1015.982,14.799,15.586
2017-04-24,Newport Beach Pier,2017-04-24,33.6061,-117.9311,4,2017,0.0,17.2,2.87,0.0,2.07,0,15.957958600959,0.8387754956374363,-0.080952417282831,11.742856938924108,1,15.0,15.8,0.0,3.77,0.0,0.0,3.55,9.86,,0,46025,3.208,1.354,13.529,239.667,1015.724,15.318,15.13
2017-05-01,Newport Beach Pier,2017-05-01,33.6061,-117.9311,5,2017,0.13,15.4,5.33,1.81,4.88,1,16.49714219813444,1.2386734427846209,0.0776190530686151,17.34142819898469,1,17.2,15.0,2.87,0.0,0.0,0.0,2.07,3.55,2.9447513812154695,1,46025,5.755,1.883,9.574,257.353,1012.071,16.232,15.905
2017-05-08,Newport Beach Pier,2017-05-08,33.6061,-117.9311,5,2017,0.33,17.2,4.06,0.0,3.48,1,16.692244247514374,1.293673434123701,0.0028572536650158,18.111428077731812,1,15.4,17.2,5.33,2.87,1.81,0.0,4.88,2.07,,1,46025,3.408,1.242,14.103,206.893,1012.247,14.984,17.082
2017-05-15,Newport Beach Pier,2017-05-15,33.6061,-117.9311,5,2017,0.0,17.4,4.39,0.0,7.65,0,16.772346399268326,1.2276530326629174,0.1480951763334728,17.18714245728084,1,17.2,15.4,4.06,5.33,0.0,1.81,3.48,4.88,,0,46025,3.955,1.256,10.295,252.665,1014.128,15.314,16.898
2017-05-22,Newport Beach Pier,2017-05-22,33.6061,-117.9311,5,2017,0.06,18.0,3.55,0.63,3.59,0,16.997652735028947,1.2602040563919108,-0.1666666666666666,17.64285678948675,1,17.4,17.2,4.39,4.06,0.0,0.0,7.65,3.48,5.634920634920634,0,46025,3.36,1.211,9.241,238.798,1012.941,15.69,16.98
2017-05-29,Newport Beach Pier,2017-05-30,33.6061,-117.9311,5,2017,0.04,16.1,1.67,0.0,7.69,0,16.961326151478048,0.9761224306967794,0.0828571319580077,13.665714029754913,1,18.0,17.4,3.55,4.39,0.63,0.0,3.59,7.65,,0,46025,3.078,0.906,13.409,203.76,1013.949,15.294,17.082
2017-06-05,Newport Beach Pier,2017-06-05,33.6061,-117.9311,6,2017,0.05,17.2,0.0,0.0,2.42,0,17.08550968948676,0.8365305960178375,0.0623810177757626,11.711428344249724,1,16.1,18.0,1.67,3.55,0.0,0.63,7.69,3.59,,0,46025,2.788,1.018,12.595,228.07,1011.858,15.686,17.34
2017-06-12,Newport Beach Pier,2017-06-12,33.6061,-117.9311,6,2017,0.0,18.0,1.58,0.87,2.28,0,17.823162837904327,1.3083673156037623,0.2338094257173084,18.317142418452672,1,17.2,16.1,0.0,1.67,0.0,0.0,2.42,7.69,1.8160919540229885,0,46025,3.074,1.068,12.093,208.435,1013.011,16.02,17.258
2017-06-19,Newport Beach Pier,2017-06-19,33.6061,-117.9311,6,2017,0.0,19.0,0.0,0.0,2.27,0,18.48275466841094,1.6658162806107073,-0.2019046601795014,23.3214279285499,1,18.0,17.2,1.58,0.0,0.87,0.0,2.28,2.42,,0,46025,3.586,1.109,9.185,246.845,1012.233,16.97,17.95
2017-06-26,Newport Beach Pier,2017-06-26,33.6061,-117.9311,6,2017,0.0,18.8,3.09,0.44,1.21,0,18.51040779814428,1.3215305717015755,0.1728570120675223,18.501428003822053,1,19.0,18.0,0.0,1.58,0.0,0.87,2.27,2.28,7.0227272727272725,0,46025,3.03,1.121,14.401,180.452,1010.314,16.919,19.107
2017-07-03,Newport Beach Pier,2017-07-03,33.6061,-117.9311,7,2017,0.0,18.6,1.72,0.0,1.16,0,18.866530360007772,1.2675509866403074,0.187619163876488,17.745713812964304,1,18.8,19.0,3.09,0.0,0.44,0.0,1.21,2.27,,0,46025,3.171,1.069,11.238,217.101,1012.239,17.336,18.456
2017-07-10,Newport Beach Pier,2017-07-10,33.6061,-117.9311,7,2017,0.0,22.0,1.39,0.21,1.12,0,20.237448633933553,2.2261223866015065,0.1357143038795108,31.16571341242109,1,18.6,18.8,1.72,3.09,0.0,0.44,1.16,1.21,6.619047619047619,0,46025,2.833,0.923,12.716,198.089,1013.328,18.649,19.291
2017-07-17,Newport Beach Pier,2017-07-17,33.6061,-117.9311,7,2017,0.0,21.2,1.9,0.31,0.72,0,21.489999654341716,3.089183595715737,0.1447618575323195,43.248570340020315,1,22.0,18.6,1.39,1.72,0.21,0.0,1.12,1.16,6.129032258064516,0,46025,2.604,1.059,13.524,175.066,1013.689,18.921,20.833
2017-07-24,Newport Beach Pier,2017-07-24,33.6061,-117.9311,7,2017,0.0,23.1,0.0,0.0,0.81,0,21.83734654407112,3.127652990574739,-0.1533333006359281,43.787141868046355,1,21.2,22.0,1.9,1.39,0.31,0.21,0.72,1.12,,0,46025,2.676,0.962,12.015,190.399,1012.973,,21.723
2017-07-31,Newport Beach Pier,2017-07-31,33.6061,-117.9311,7,2017,0.0,22.5,1.75,0.0,1.42,0,21.56530574876435,2.613979520846386,0.0719046819777715,36.59571329184941,1,23.1,21.2,0.0,1.9,0.0,0.31,0.81,0.72,,0,46025,3.204,0.831,10.334,196.048,1014.198,,21.9
2017-08-07,Newport Beach Pier,2017-08-07,33.6061,-117.9311,8,2017,0.0,21.6,1.06,0.0,1.67,0,21.376836329090356,2.192346880630571,-0.1404761359805152,30.692856328827993,1,22.5,23.1,1.75,0.0,0.0,0.0,1.42,0.81,,0,46025,3.208,0.979,13.885,194.268,1013.043,,21.569
2017-08-14,Newport Beach Pier,2017-08-14,33.6061,-117.9311,8,2017,0.0,22.2,0.0,0.0,0.52,0,21.067550581328724,1.65673464658309,-0.0042857215518043,23.19428505216326,1,21.6,22.5,1.06,1.75,0.0,0.0,1.67,1.42,,0,46025,2.828,0.918,9.851,228.655,1012.123,,20.699
2017-08-21,Newport Beach Pier,2017-08-21,33.6061,-117.9311,8,2017,0.0,22.0,0.0,0.0,0.78,0,20.7491833433813,1.1818366987364632,-0.0276190439860026,16.545713782310486,1,22.2,21.6,0.0,1.06,0.0,0.0,0.52,1.67,,0,46025,2.985,0.925,13.444,200.321,1013.573,,21.457
2017-08-28,Newport Beach Pier,2017-08-28,33.6061,-117.9311,8,2017,0.0,19.5,3.05,0.0,1.64,0,20.85285677228655,1.2256122237565563,0.2304761977422804,17.158571132591792,1,22.0,22.2,0.0,0.0,0.0,0.0,0.78,0.52,,0,46025,2.987,0.716,10.71,211.329,1012.94,,21.128
2017-09-04,Newport Beach Pier,2017-09-04,33.6061,-117.9311,9,2017,0.0,22.2,1.32,0.0,0.95,0,21.494081107937557,1.8418367012422912,-0.0657143365769159,25.785713817392075,1,19.5,22.0,3.05,0.0,0.0,0.0,1.64,0.78,,0,46025,3.085,0.949,14.056,185.629,1008.344,,20.638
2017-09-11,Newport Beach Pier,2017-09-11,33.6061,-117.9311,9,2017,0.0,17.9,3.15,0.0,0.87,0,21.632040276819342,1.955306083572154,-0.1566666194370814,27.374285170010157,1,22.2,19.5,1.32,3.05,0.0,0.0,0.95,1.64,,0,46025,3.879,1.0,11.56,227.405,1012.919,,21.658
2017-09-18,Newport Beach Pier,2017-09-18,33.6061,-117.9311,9,2017,0.0,17.7,3.29,0.0,1.17,0,20.80265270933813,1.1455101819366824,-0.1228571392240978,16.037142547113554,1,17.9,22.2,3.15,1.32,0.0,0.0,0.87,0.95,,0,46025,3.607,0.854,13.773,193.667,1012.289,,19.972
2017-09-25,Newport Beach Pier,2017-09-25,33.6061,-117.9311,9,2017,0.0,19.3,2.37,0.0,1.94,0,20.17530575577094,0.6485714149110171,-0.0252381279355003,9.07999980875424,1,17.7,17.9,3.29,3.15,0.0,0.0,1.17,0.87,,0,46025,3.346,0.933,8.849,232.506,1011.197,,19.789
2017-10-02,Newport Beach Pier,2017-10-02,33.6061,-117.9311,10,2017,0.0,20.2,1.38,0.0,0.77,0,19.961632105768945,0.6370407980011433,0.1942857106526692,8.918571172016007,1,19.3,17.7,2.37,3.29,0.0,0.0,1.94,1.17,,0,46025,3.138,0.728,10.517,217.56,1010.408,,20.226
2017-10-09,Newport Beach Pier,2017-10-09,33.6061,-117.9311,10,2017,0.0,19.9,2.03,0.0,1.05,0,20.275917714955856,1.1595918055699797,-0.0590476989746093,16.234285277979716,1,20.2,19.3,1.38,2.37,0.0,0.0,0.77,1.94,,0,46025,2.748,0.863,13.691,205.47,1010.097,,20.837
2017-10-16,Newport Beach Pier,2017-10-16,33.6061,-117.9311,10,2017,0.0,19.6,3.43,0.0,1.45,0,20.577550401492996,1.6819387278994735,-0.0733331952776227,23.54714219059263,1,19.9,20.2,2.03,1.38,0.0,0.0,1.05,0.77,,0,46025,3.328,0.92,13.465,197.464,1012.927,,20.449
2017-10-23,Newport Beach Pier,2017-10-24,33.6061,-117.9311,10,2017,0.0,19.9,3.51,0.0,1.89,0,20.395611685149525,1.7912244298020188,-0.001904805501302,25.07714201722826,1,19.6,19.9,3.43,2.03,0.0,0.0,1.45,1.05,,0,46025,4.965,1.278,13.134,223.952,1014.623,,20.561
2017-10-30,Newport Beach Pier,2017-10-30,33.6061,-117.9311,10,2017,0.0,19.5,2.23,0.0,1.68,0,20.050917917368363,1.8103060673694225,-0.086190450759161,25.34428494317191,1,19.9,19.6,3.51,3.43,0.0,0.0,1.89,1.45,,0,46025,2.718,1.045,14.818,205.048,1012.863,,19.769
2017-11-06,Newport Beach Pier,2017-11-06,33.6061,-117.9311,11,2017,0.0,18.4,3.55,0.0,5.02,0,19.49265265951351,1.6309183306840005,-0.1680952707926432,22.832856629576003,1,19.5,19.9,2.23,3.51,0.0,0.0,1.68,1.89,,0,46025,3.338,0.785,13.146,237.911,1014.754,,19.514
2017-11-06,Newport Beach Pier,2017-11-10,33.6061,-117.9311,11,2017,0.0,16.9,4.88,0.24,5.53,0,19.49265265951351,1.6309183306840005,-0.1680952707926432,22.832856629576003,1,18.4,19.5,3.55,2.23,0.0,0.0,5.02,1.68,20.333333333333332,0,46025,3.338,0.785,13.146,237.911,1014.754,,19.514
2017-11-20,Newport Beach Pier,2017-11-20,33.6061,-117.9311,11,2017,0.0,16.0,3.08,0.0,3.98,0,17.68418327642947,0.5841836569716736,0.1176190149216424,8.408571186874594,1,16.9,18.4,4.88,3.55,0.24,0.0,5.53,5.02,,0,46025,3.712,0.92,11.862,217.777,1016.831,,18.734
2017-11-27,Newport Beach Pier,2017-11-27,33.6061,-117.9311,11,2017,0.0,16.3,3.32,0.0,2.97,0,17.60806062270184,0.8993877368618032,-0.0666666485014415,12.821428305336408,1,16.0,16.9,3.08,4.88,0.0,0.24,3.98,5.53,,0,46025,2.45,0.793,11.787,242.69,1015.361,,17.946
2017-12-04,Newport Beach Pier,2017-12-04,33.6061,-117.9311,12,2017,0.0,16.3,2.06,0.0,2.57,0,17.569183038205516,1.2573469153472356,-0.1223809378487722,17.602856814861298,1,16.3,16.0,3.32,3.08,0.0,0.0,2.97,3.98,,0,46025,3.135,1.197,12.253,256.238,1015.426,,17.044
2017-12-11,Newport Beach Pier,2017-12-11,33.6061,-117.9311,12,2017,0.0,16.4,1.77,0.0,0.85,0,17.03224444875912,1.1160203881409705,-0.0295238494873046,15.624285433973585,1,16.3,16.3,2.06,3.32,0.0,0.0,2.57,2.97,,0,46025,4.847,1.02,12.337,191.964,1020.537,,16.209
2017-12-18,Newport Beach Pier,2017-12-18,33.6061,-117.9311,12,2017,0.0,16.0,2.28,0.0,0.86,0,16.65755051982646,1.0957142704603624,-0.0299998692103794,15.339999786445071,1,16.4,16.3,1.77,2.06,0.0,0.0,0.85,2.57,,0,46025,2.892,1.209,13.261,247.893,1015.643,,16.27
2018-01-01,Newport Beach Pier,2018-01-02,33.6061,-117.9311,1,2018,0.0,16.5,1.98,0.0,2.47,0,16.5532648903983,1.3940815962090782,-0.0214285169328961,19.5171423469271,1,16.0,16.4,2.28,1.77,0.0,0.0,0.86,0.85,,0,46025,1.986,0.805,13.491,243.216,1018.772,,15.894
2018-01-08,Newport Beach Pier,2018-01-08,33.6061,-117.9311,1,2018,0.0,16.2,2.44,0.86,1.7,0,16.533366748264857,1.5290815878887565,-0.0247619265601748,21.40714223044259,1,16.5,16.0,1.98,2.28,0.0,0.0,2.47,0.86,2.8372093023255816,0,46025,2.448,0.766,13.332,254.214,1019.392,,16.246
2018-01-15,Newport Beach Pier,2018-01-15,33.6061,-117.9311,1,2018,0.0,16.2,2.2,0.0,1.95,0,16.39346880815467,1.5377550623854812,-0.030476206824893,21.52857087339674,1,16.2,16.5,2.44,1.98,0.86,0.0,1.7,2.47,,0,46025,4.196,1.315,12.011,247.679,1016.342,,16.095
2018-01-22,Newport Beach Pier,2018-01-22,33.6061,-117.9311,1,2018,0.0,14.5,2.49,0.77,6.03,0,16.09612193399546,1.3387754796719065,-0.1152380080450148,18.742856715406692,1,16.2,16.2,2.2,2.44,0.0,0.86,1.95,1.7,3.233766233766234,0,46025,4.316,1.639,14.246,262.613,1018.618,,16.155
2018-01-29,Newport Beach Pier,2018-01-29,33.6061,-117.9311,1,2018,0.0,14.6,3.64,0.47,5.31,0,15.682142549631548,0.9607142581015216,0.0599999654860723,13.449999613421303,1,14.5,16.2,2.49,2.2,0.77,0.0,6.03,1.95,7.744680851063831,0,46025,4.437,1.11,11.617,258.905,1020.794,,15.454
2018-02-05,Newport Beach Pier,2018-02-05,33.6061,-117.9311,2,2018,0.0,15.4,1.86,0.0,1.99,0,15.677550705111758,0.9761224261351994,0.0438095274425688,13.665713965892792,1,14.6,14.5,3.64,2.49,0.47,0.77,5.31,6.03,,0,46025,2.191,0.654,12.806,216.214,1016.701,,15.804
2018-02-12,Newport Beach Pier,2018-02-12,33.6061,-117.9311,2,2018,0.0,16.0,1.86,0.0,1.38,0,15.916632214371038,1.2347958909005534,-0.001904805501302,17.287142472607748,1,15.4,14.6,1.86,3.64,0.0,0.47,1.99,5.31,,0,46025,2.839,0.835,14.016,237.131,1015.567,,15.959
2018-02-19,Newport Beach Pier,2018-02-19,33.6061,-117.9311,2,2018,0.0,15.0,4.51,0.0,2.8,0,15.744795419731918,1.0684693667429443,-0.2099999473208472,15.041428276470729,1,16.0,15.4,1.86,1.86,0.0,0.0,1.38,1.99,,0,46025,3.79,0.801,12.348,233.643,1016.998,,15.865
2018-02-26,Newport Beach Pier,2018-02-26,33.6061,-117.9311,2,2018,0.0,13.4,3.94,1.66,8.08,0,15.048162791193748,0.3549999947070467,0.020952406383696,6.357142765607152,1,15.0,16.0,4.51,1.86,0.0,0.0,2.8,1.38,2.3734939759036147,0,46025,6.546,1.395,8.538,261.899,1020.319,,15.253
2018-03-05,Newport Beach Pier,2018-03-05,33.6061,-117.9311,3,2018,0.09,13.8,0.0,0.0,9.75,0,14.699081323584732,-0.0201020430089259,-0.0033333642142159,1.4328570834227972,1,13.4,15.0,3.94,4.51,1.66,0.0,8.08,2.8,,0,46025,4.372,1.097,10.096,244.792,1018.459,,14.575
2018-03-12,Newport Beach Pier,2018-03-12,33.6061,-117.9311,3,2018,0.0,15.8,1.58,0.0,1.21,0,14.892040544626663,0.1483673401633087,0.0500000090826125,2.659999887858118,1,13.8,13.4,0.0,3.94,0.0,1.66,9.75,8.08,,0,46025,3.064,0.896,12.004,246.518,1016.726,,14.62
2018-03-19,Newport Beach Pier,2018-03-19,33.6061,-117.9311,3,2018,0.0,14.1,1.52,0.57,5.39,0,14.980101711896,0.205306114533878,-0.0066666376023065,3.0471427411373173,1,15.8,13.8,1.58,0.0,0.0,0.0,1.21,9.75,2.666666666666667,0,46025,4.909,1.112,10.898,242.726,1016.781,,14.869
2018-03-26,Newport Beach Pier,2018-03-26,33.6061,-117.9311,3,2018,0.0,13.2,6.14,4.25,3.15,0,14.905918043486926,0.0844897930605374,-0.1119047800699869,2.058571354353002,1,14.1,15.8,1.52,1.58,0.57,0.0,5.39,1.21,1.444705882352941,0,46025,4.597,1.095,10.969,239.31,1016.917,,14.185
2018-04-02,Newport Beach Pier,2018-04-02,33.6061,-117.9311,4,2018,0.0,14.2,5.29,0.0,19.03,0,14.66673436456797,-0.2109183625755261,0.1338094983782086,0.734285690422569,1,13.2,14.1,6.14,1.52,4.25,0.57,3.15,5.39,,0,46025,3.84,0.829,12.303,212.759,1017.082,,14.097
2018-04-09,Newport Beach Pier,2018-04-09,33.6061,-117.9311,4,2018,0.0,16.3,4.2,0.0,4.61,0,15.072754713953758,0.137346933690869,0.0014286041259765,5.074285573193005,1,14.2,13.2,5.29,6.14,0.0,4.25,19.03,3.15,,0,46025,2.703,0.871,12.42,216.994,1014.743,,
2018-04-09,Newport Beach Pier,2018-04-15,33.6061,-117.9311,4,2018,0.0,15.2,8.23,0.31,6.21,0,15.072754713953758,0.137346933690869,0.0014286041259765,5.074285573193005,1,16.3,14.2,4.2,5.29,0.0,0.0,4.61,19.03,26.548387096774196,0,46025,2.703,0.871,12.42,216.994,1014.743,,
2018-04-23,Newport Beach Pier,2018-04-23,33.6061,-117.9311,4,2018,0.14,15.4,5.63,0.0,6.22,1,14.800203790470048,-0.301632651165888,0.1376190639677501,1.9299999701657464,1,15.2,16.3,8.23,4.2,0.31,0.0,6.21,4.61,,1,46025,5.574,1.422,9.33,249.114,1016.927,,
2018-04-30,Newport Beach Pier,2018-04-30,33.6061,-117.9311,4,2018,0.0,15.2,3.28,0.44,6.99,0,15.193367062782755,-0.0431632653486971,-0.0033333642142159,1.8885714092424937,1,15.4,15.2,5.63,8.23,0.0,0.31,6.22,6.21,7.454545454545454,0,46025,3.283,1.116,12.627,222.554,1015.608,,
2018-05-07,Newport Beach Pier,2018-05-07,33.6061,-117.9311,5,2018,0.0,14.8,5.11,2.13,8.59,0,15.62061192064869,0.2439795896524981,0.144285656156994,3.92571423069707,1,15.2,15.4,3.28,5.63,0.44,0.0,6.99,6.22,2.39906103286385,0,46025,4.254,1.165,8.155,247.417,1016.003,,
2018-05-14,Newport Beach Pier,2018-05-14,33.6061,-117.9311,5,2018,0.0,16.3,2.44,0.23,5.14,0,16.123775122117024,0.6007142720021764,0.0361905779157365,8.862856929855687,1,14.8,15.2,5.11,3.28,2.13,0.44,8.59,6.99,10.608695652173912,0,46025,2.751,1.078,10.565,239.749,1013.735,,
2018-05-21,Newport Beach Pier,2018-05-21,33.6061,-117.9311,5,2018,0.0,15.8,3.41,0.0,10.8,0,16.558571212145747,0.8504081423185309,0.0076191311790829,11.905713992459434,1,16.3,14.8,2.44,5.11,0.23,2.13,5.14,8.59,,0,46025,3.77,1.138,12.277,223.345,1014.608,,
2018-05-28,Newport Beach Pier,2018-05-28,33.6061,-117.9311,5,2018,0.0,16.4,7.71,0.0,7.38,0,16.795918231107752,0.8468367217146621,0.1219046456473213,11.85571410400527,1,15.8,16.3,3.41,2.44,0.0,0.23,10.8,5.14,,0,46025,3.502,1.219,12.099,218.068,1014.859,15.362,16.382
2018-06-04,Newport Beach Pier,2018-06-04,33.6061,-117.9311,6,2018,0.0,17.8,0.0,0.0,2.8,0,17.42102000178123,1.2080612060975056,0.1376190185546874,16.912856885365077,1,16.4,15.8,7.71,3.41,0.0,0.0,7.38,10.8,,0,46025,3.037,0.869,12.709,208.048,1013.0,15.276,16.651
2018-06-11,Newport Beach Pier,2018-06-11,33.6061,-117.9311,6,2018,0.0,19.0,2.19,0.3,2.58,0,18.305101472504283,1.8277550576900947,0.0495238531203497,25.58857080766133,1,17.8,16.4,0.0,7.71,0.0,0.0,2.8,7.38,7.3,0,46025,3.234,1.048,10.978,221.485,1012.36,16.319,17.728
2018-06-18,Newport Beach Pier,2018-06-18,33.6061,-117.9311,6,2018,0.0,18.4,1.35,0.0,1.84,0,18.88010157371054,2.111224433597253,0.067142849876767,29.557142070361547,1,19.0,17.8,2.19,0.0,0.3,0.0,2.58,2.8,,0,46025,3.095,1.176,13.64,191.545,1009.809,16.432,18.885
2018-06-25,Newport Beach Pier,2018-06-25,33.6061,-117.9311,6,2018,0.0,19.8,2.13,0.0,1.92,0,19.17265271167366,2.04030606941301,0.0500000544956752,28.56428497178214,1,18.4,19.0,1.35,2.19,0.0,0.3,1.84,2.58,,0,46025,3.762,0.95,13.116,193.232,1013.13,16.461,18.875
2018-07-02,Newport Beach Pier,2018-07-02,33.6061,-117.9311,7,2018,0.0,20.4,2.43,0.0,4.07,0,19.683673099595673,2.141938733811281,0.2052379789806548,29.987142273357936,1,19.8,18.4,2.13,1.35,0.0,0.0,1.92,1.84,,0,46025,3.106,0.96,13.572,178.738,1013.798,17.522,19.45
2018-07-09,Newport Beach Pier,2018-07-09,33.6061,-117.9311,7,2018,0.0,22.4,2.99,0.0,2.15,0,20.82663207151452,2.8733673010553633,0.1295237768264044,40.227142214775085,1,20.4,19.8,2.43,2.13,0.0,0.0,4.07,1.92,,0,46025,3.494,0.984,12.811,174.246,1013.341,19.533,19.989
2018-07-16,Newport Beach Pier,2018-07-16,33.6061,-117.9311,7,2018,0.0,21.9,0.0,0.0,2.09,0,21.914897276430715,3.564999928279799,0.0366666884649367,49.909998995917185,1,22.4,20.4,2.99,2.43,0.0,0.0,2.15,4.07,,0,46025,2.986,0.878,13.669,177.274,1013.792,20.126,21.393
2018-07-23,Newport Beach Pier,2018-07-23,33.6061,-117.9311,7,2018,0.0,19.2,2.55,0.0,2.0,0,22.10928492643395,3.437448923685113,-0.1257142566499255,48.12428493159158,1,21.9,22.4,0.0,2.99,0.0,0.0,2.09,2.15,,0,46025,3.432,0.729,12.361,205.655,1014.774,19.127,21.768
2018-07-30,Newport Beach Pier,2018-07-30,33.6061,-117.9311,7,2018,0.0,24.2,1.46,0.0,1.66,0,22.1399991366328,3.221326483755696,0.2614285605294363,45.09857077257974,1,19.2,21.9,2.55,0.0,0.0,0.0,2.0,2.09,,0,46025,3.063,1.139,14.137,185.661,1013.049,20.417,21.828
2018-08-06,Newport Beach Pier,2018-08-06,33.6061,-117.9311,8,2018,0.0,23.3,3.11,0.0,1.05,0,22.803978842131947,3.653571350233896,-0.0095238458542596,51.149998903274536,1,24.2,19.2,1.46,2.55,0.0,0.0,1.66,2.0,,0,46025,2.764,0.851,9.105,216.661,1012.474,19.983,22.37
2018-08-13,Newport Beach Pier,2018-08-13,33.6061,-117.9311,8,2018,0.0,23.0,2.36,0.0,1.7,0,23.080407590282203,3.701734591503533,-0.0599999200730096,51.82428428104946,1,23.3,24.2,3.11,1.46,0.0,0.0,1.05,1.66,,0,46025,3.11,1.046,9.994,196.395,1012.156,21.22,22.204
2018-08-20,Newport Beach Pier,2018-08-20,33.6061,-117.9311,8,2018,0.0,22.5,1.45,0.0,1.44,0,22.8958158493042,3.345408074709834,0.0257142384847005,46.83571304593767,1,23.0,23.3,2.36,3.11,0.0,0.0,1.7,1.05,,0,46025,2.997,0.969,15.017,175.286,1014.425,20.356,22.197
2018-08-27,Newport Beach Pier,2018-08-27,33.6061,-117.9311,8,2018,0.0,20.2,1.45,0.0,1.66,0,22.83163210810447,3.208061145276439,-0.1019047328404017,44.91285603387015,1,22.5,23.0,1.45,2.36,0.0,0.0,1.44,1.7,,0,46025,3.183,0.851,11.314,200.06,1014.045,20.223,22.259
2018-09-03,Newport Beach Pier,2018-09-05,33.6061,-117.9311,9,2018,0.0,21.2,0.0,0.0,4.23,0,22.394183139411773,2.743673392704555,-0.0466667356945219,38.41142749786377,1,20.2,22.5,1.45,1.45,0.0,0.0,1.66,1.44,,0,46025,3.943,1.045,7.171,235.613,1012.114,20.285,22.408
2018-09-10,Newport Beach Pier,2018-09-10,33.6061,-117.9311,9,2018,0.0,21.8,0.0,0.0,3.9,0,22.070713646557863,2.3954081000113976,0.0100000472295851,33.535713400159565,1,21.2,20.2,0.0,1.45,0.0,0.0,4.23,1.66,,0,46025,3.17,0.906,11.025,177.875,1012.823,19.169,21.881
2018-09-17,Newport Beach Pier,2018-09-17,33.6061,-117.9311,9,2018,0.0,19.6,2.39,0.0,1.44,0,21.78081565000573,2.113979550040498,-0.1599999382382347,29.59571370056697,1,21.8,21.2,0.0,0.0,0.0,0.0,3.9,4.23,,0,46025,3.45,1.178,15.084,171.44,1010.797,20.009,21.475
2018-09-24,Newport Beach Pier,2018-09-24,33.6061,-117.9311,9,2018,0.0,19.5,3.18,0.0,2.35,0,21.064999619308782,1.5121428394804195,-0.0828571319580077,21.169999752725875,1,19.6,21.8,2.39,0.0,0.0,0.0,1.44,3.9,,0,46025,3.553,0.925,13.966,189.163,1011.477,19.226,21.493
2018-10-01,Newport Beach Pier,2018-10-01,33.6061,-117.9311,10,2018,0.0,18.4,3.25,0.39,1.32,0,20.460918056721592,1.1057142706549896,0.0380952017647879,15.479999789169856,1,19.5,19.6,3.18,2.39,0.0,0.0,2.35,1.44,8.333333333333334,0,46025,2.848,0.767,13.669,176.446,1012.214,18.137,20.654
2018-10-08,Newport Beach Pier,2018-10-08,33.6061,-117.9311,10,2018,0.0,20.3,1.4,0.0,0.67,0,20.37663220386116,1.2293877346175055,-0.0871428535098121,17.21142828464508,1,18.4,19.5,3.25,3.18,0.39,0.0,1.32,2.35,,0,46025,3.341,1.188,12.52,189.405,1011.38,19.342,20.059
2018-10-15,Newport Beach Pier,2018-10-15,33.6061,-117.9311,10,2018,0.0,16.0,2.27,0.0,2.55,0,20.162856744260207,1.231122425016092,0.001904805501302,17.235713950225286,1,20.3,18.4,1.4,3.25,0.0,0.39,0.67,1.32,,0,46025,3.573,1.042,13.746,189.024,1010.394,18.295,20.497
2018-10-22,Newport Beach Pier,2018-10-22,33.6061,-117.9311,10,2018,0.0,17.5,3.62,0.0,2.36,0,19.81693845865678,1.1651020196019386,-0.0371429806663876,16.31142827442714,1,16.0,20.3,2.27,1.4,0.0,0.0,2.55,0.67,,0,46025,4.402,0.896,14.861,196.095,1015.275,20.206,19.835
2018-10-29,Newport Beach Pier,2018-10-29,33.6061,-117.9311,10,2018,0.0,19.0,0.0,0.0,1.92,0,19.677142532504337,1.383163234409021,-0.0271427517845516,19.364285281726293,1,17.5,16.0,3.62,2.27,0.0,0.0,2.36,2.55,,0,46025,2.612,0.965,15.132,203.018,1014.013,18.26,19.886
2018-11-05,Newport Beach Pier,2018-11-05,33.6061,-117.9311,11,2018,0.0,19.4,1.57,0.0,1.76,0,19.50153031641123,1.5863264969417028,-0.0395238967168898,22.20857095718384,1,19.0,17.5,0.0,3.62,0.0,0.0,1.92,2.36,,0,46025,2.85,1.1,12.464,221.749,1014.933,19.278,19.59
2018-11-12,Newport Beach Pier,2018-11-12,33.6061,-117.9311,11,2018,0.0,18.0,1.13,0.0,1.52,0,19.29285683923838,1.7553061015751898,-0.0371427990141369,24.574285422052657,1,19.4,19.0,1.57,0.0,0.0,0.0,1.76,1.92,,0,46025,3.273,0.819,11.776,186.149,1014.035,18.796,19.755
2018-11-19,Newport Beach Pier,2018-11-19,33.6061,-117.9311,11,2018,0.0,17.6,1.16,0.0,0.8,0,18.98897918389768,1.8342856922928168,-0.0828571319580077,25.679999692099436,1,18.0,19.4,1.13,1.57,0.0,0.0,1.52,1.76,,0,46025,2.855,0.788,13.774,192.307,1019.746,18.793,19.015
2018-11-26,Newport Beach Pier,2018-11-26,33.6061,-117.9311,11,2018,0.0,18.1,1.06,0.0,1.82,0,18.554897619753465,1.7927550643074268,-0.1399999346051897,25.098570900303976,1,17.6,18.0,1.16,1.13,0.0,0.0,0.8,1.52,,0,46025,4.694,1.139,11.089,230.708,1017.146,17.762,18.852
2018-12-03,Newport Beach Pier,2018-12-03,33.6061,-117.9311,12,2018,0.0,15.2,3.9,2.04,1.82,0,17.6963262363356,1.3290815998096854,-0.1052381424676804,18.607142397335597,1,18.1,17.6,1.06,1.16,0.0,0.0,1.82,0.8,1.9117647058823528,0,46025,6.841,1.769,12.28,258.311,1014.45,17.039,18.199
2018-12-10,Newport Beach Pier,2018-12-10,33.6061,-117.9311,12,2018,0.0,16.6,1.26,0.63,1.99,0,16.935305848413584,0.9632652848958968,0.0509523664202008,13.485713988542557,1,15.2,18.1,3.9,1.06,2.04,0.0,1.82,1.82,2.0,0,46025,5.396,1.067,11.883,201.03,1017.308,15.676,16.918
2018-12-17,Newport Beach Pier,2018-12-17,33.6061,-117.9311,12,2018,0.0,16.2,1.24,0.0,2.38,0,16.845407855753997,1.2401020177164856,-0.0123809632800873,17.361428248030798,1,16.6,15.2,1.26,3.9,0.63,2.04,1.99,1.82,,0,46025,3.438,1.271,12.638,241.158,1018.99,16.346,16.869
2018-12-31,Newport Beach Pier,2018-12-31,33.6061,-117.9311,12,2018,0.0,15.3,2.5,0.39,3.16,0,16.549897544238032,1.3695917999257845,-0.0942857379005068,19.174285198960984,1,16.2,16.6,1.24,1.26,0.0,0.63,2.38,1.99,6.41025641025641,0,46025,6.381,1.542,10.692,237.03,1016.754,15.254,16.378
2019-01-07,Newport Beach Pier,2019-01-07,33.6061,-117.9311,1,2019,0.0,15.5,1.69,0.21,1.8,0,16.05469341667331,1.0292856808827848,-0.0033333188011532,14.409999532358986,1,15.3,16.2,2.5,1.24,0.39,0.0,3.16,2.38,8.047619047619047,0,46025,4.883,1.114,12.087,209.711,1016.951,14.286,15.748
2019-01-14,Newport Beach Pier,2019-01-14,33.6061,-117.9311,1,2019,0.0,15.5,1.96,0.0,1.71,0,15.808162757328578,0.93316323720679,-0.0047618321010044,13.064285320895058,1,15.5,15.3,1.69,2.5,0.21,0.39,1.8,3.16,,0,46025,3.998,1.824,12.546,244.554,1018.99,14.403,15.697
2019-01-21,Newport Beach Pier,2019-01-21,33.6061,-117.9311,1,2019,0.0,15.4,2.98,0.74,3.0,0,15.678060911139664,0.908877531332629,-0.0571428934733072,12.724285438656809,1,15.5,15.5,1.96,1.69,0.0,0.21,1.71,1.8,4.027027027027027,0,46025,5.189,1.839,12.558,235.627,1019.184,15.318,15.671
2019-01-28,Newport Beach Pier,2019-01-28,33.6061,-117.9311,1,2019,0.0,15.2,2.48,0.23,3.18,0,15.500509953012273,0.7747959061240663,0.0399999618530272,10.847142685736928,1,15.4,15.5,2.98,1.96,0.74,0.0,3.0,1.71,10.782608695652174,0,46025,4.93,1.072,11.527,248.542,1020.924,16.143,15.614
2019-02-04,Newport Beach Pier,2019-02-04,33.6061,-117.9311,2,2019,0.0,15.2,1.51,0.33,1.61,0,15.38224459667595,0.6760203932621041,-0.0590476081484839,9.464285505669457,1,15.2,15.4,2.48,2.98,0.23,0.74,3.18,3.0,4.575757575757575,0,46025,4.283,1.218,12.146,227.964,1012.828,15.011,15.592
2019-02-11,Newport Beach Pier,2019-02-11,33.6061,-117.9311,2,2019,0.0,14.5,1.24,0.0,3.5,0,15.225407863149838,0.5390816175055747,-0.0328571228753952,7.547142645078046,1,15.2,15.2,1.51,2.48,0.33,0.23,1.61,3.18,,0,46025,6.015,1.34,11.588,250.898,1016.663,12.858,15.09
2019-02-18,Newport Beach Pier,2019-02-18,33.6061,-117.9311,2,2019,0.0,13.6,5.37,2.6,3.85,0,14.81173441361408,0.1357142799819002,-0.1252381006876627,3.5557141782982007,0,14.5,15.2,1.24,1.51,0.0,0.33,3.5,1.61,2.065384615384615,0,46025,7.137,1.691,10.722,228.857,1016.873,13.147,14.43
2019-02-25,Newport Beach Pier,2019-02-25,33.6061,-117.9311,2,2019,0.0,13.0,0.0,2.3,11.28,0,14.378264991604553,-0.3096938711039874,0.0666666485014415,0.8228571223361152,0,13.6,14.5,5.37,1.24,2.6,0.0,3.85,3.5,0.0,0,46025,6.009,1.266,8.994,242.762,1016.448,12.046,13.901
2019-03-04,Newport Beach Pier,2019-03-04,33.6061,-117.9311,3,2019,0.0,14.0,0.0,0.0,1.51,0,14.342244547240588,-0.3706122371843275,-0.0709523700532459,0.0085714283798421,1,13.0,13.6,0.0,5.37,2.3,2.6,11.28,3.85,,0,46025,3.323,0.836,10.832,233.802,1018.355,13.632,13.976
2019-03-11,Newport Beach Pier,2019-03-11,33.6061,-117.9311,3,2019,0.0,13.6,1.12,0.77,2.53,0,14.267856811990542,-0.472142846627655,0.0880953016735258,0.029999999861632,1,14.0,13.0,0.0,0.0,0.0,2.3,1.51,11.28,1.4545454545454546,0,46025,5.033,1.121,9.06,232.655,1016.087,13.207,14.108
2019-03-18,Newport Beach Pier,2019-03-18,33.6061,-117.9311,3,2019,0.0,14.6,2.18,0.71,1.79,0,14.460509981427874,-0.3108163160290949,0.1204761323474702,1.635714281084282,1,13.6,14.0,1.12,0.0,0.77,0.0,2.53,1.51,3.070422535211268,0,46025,5.194,1.204,12.012,242.335,1015.05,14.542,13.851
2019-03-25,Newport Beach Pier,2019-03-25,33.6061,-117.9311,3,2019,0.0,15.0,2.64,0.0,4.58,0,15.216632453762754,0.400510196174894,0.0247618811471121,6.64857128901141,1,14.6,13.6,2.18,1.12,0.71,0.77,1.79,2.53,,0,46025,3.658,1.374,14.563,231.725,1018.13,13.908,14.485
2019-04-01,Newport Beach Pier,2019-04-01,33.6061,-117.9311,4,2019,0.05,16.1,3.28,0.24,9.49,0,15.687958892510862,0.8170407925333295,0.090476217724028,11.438571095466614,1,15.0,14.6,2.64,2.18,0.0,0.71,4.58,1.79,13.666666666666666,0,46025,4.297,1.421,11.672,242.473,1018.806,15.017,15.321
2019-04-08,Newport Beach Pier,2019-04-08,33.6061,-117.9311,4,2019,0.0,16.0,2.38,0.0,5.39,0,15.879081278431173,0.9528571093568996,-0.0947619392758324,13.477142385074073,1,16.1,15.0,3.28,2.64,0.24,0.0,9.49,4.58,,0,46025,3.364,1.004,14.107,214.738,1016.614,15.223,15.882
2019-04-15,Newport Beach Pier,2019-04-15,33.6061,-117.9311,4,2019,0.19,14.7,3.38,1.18,7.41,1,15.725917903744444,0.7376530366588613,-0.0242857251848493,10.56714250785964,1,16.0,16.1,2.38,3.28,0.0,0.24,5.39,9.49,2.864406779661017,1,46025,6.091,1.644,8.864,245.125,1015.028,15.462,15.147
2019-04-22,Newport Beach Pier,2019-04-22,33.6061,-117.9311,4,2019,0.0,14.1,3.5,0.87,19.03,0,15.718060746484875,0.6356122324965439,0.1714285895937964,9.00142839550972,1,14.7,16.0,3.38,2.38,1.18,0.0,7.41,5.39,4.022988505747127,0,46025,3.452,1.005,12.498,211.012,1015.736,13.856,15.085
2019-04-29,Newport Beach Pier,2019-04-29,33.6061,-117.9311,4,2019,0.0,16.0,3.14,0.5,3.12,0,16.337142399379186,1.1230611989692767,0.0438095274425688,15.722856785569872,1,14.1,14.7,3.5,3.38,0.87,1.18,19.03,7.41,6.28,0,46025,2.688,0.808,11.551,207.321,1014.761,14.295,15.45
2019-05-06,Newport Beach Pier,2019-05-06,33.6061,-117.9311,5,2019,0.0,15.6,3.91,0.53,8.68,0,16.72877519957873,1.371122417401294,-0.060000010899135,19.19571384361812,1,16.0,14.1,3.14,3.5,0.5,0.87,3.12,19.03,7.377358490566038,0,46025,3.374,0.76,14.413,177.042,1013.547,14.887,15.748
2019-05-13,Newport Beach Pier,2019-05-13,33.6061,-117.9311,5,2019,0.0,16.7,5.7,0.0,1.94,0,16.523673154869858,1.0219387567164948,-0.1195237750098818,14.334285450833184,1,15.6,16.0,3.91,3.14,0.53,0.5,8.68,3.12,,0,46025,3.486,0.849,14.573,185.09,1013.159,15.62,16.803
2019-05-20,Newport Beach Pier,2019-05-20,33.6061,-117.9311,5,2019,0.0,14.4,5.0,1.26,8.93,0,15.636836295225182,-0.0407142855835203,-0.1890476771763392,5.957142764968531,0,16.7,15.6,5.7,3.91,0.0,0.53,1.94,8.68,3.968253968253968,0,46025,5.377,1.3,13.89,200.012,1014.3,15.221,16.724
2019-05-27,Newport Beach Pier,2019-05-27,33.6061,-117.9311,5,2019,0.05,13.5,7.97,2.8,11.98,0,14.946020009566327,-0.9662244674578612,0.3457143420264834,0.94857141535197,1,14.4,16.7,5.0,5.7,1.26,0.0,8.93,1.94,2.8464285714285715,0,46025,6.463,1.542,10.976,221.649,1012.073,14.223,15.199
2019-06-03,Newport Beach Pier,2019-06-03,33.6061,-117.9311,6,2019,0.13,16.1,4.58,0.0,1.71,1,16.0132649188139,-0.1603061148934826,0.171904790969122,6.238571290991136,1,13.5,14.4,7.97,5.0,2.8,1.26,11.98,8.93,,1,46025,3.111,0.909,14.416,198.304,1012.871,14.295,14.893
2019-06-10,Newport Beach Pier,2019-06-10,33.6061,-117.9311,6,2019,0.0,18.8,2.42,0.0,3.17,0,17.70489753022486,1.2687754729876717,0.1566666194370814,18.26999946790082,1,16.1,13.5,4.58,7.97,0.0,2.8,1.71,11.98,,0,46025,2.258,0.823,13.916,192.281,1013.526,15.447,16.383
2019-06-17,Newport Beach Pier,2019-06-17,33.6061,-117.9311,6,2019,0.0,19.0,2.22,0.0,7.86,0,18.604285337487045,1.8839795273177475,-0.0119047619047618,26.37571338244847,1,18.8,16.1,2.42,4.58,0.0,0.0,3.17,1.71,,0,46025,2.975,0.843,13.202,194.923,1014.316,16.405,17.936
2019-06-24,Newport Beach Pier,2019-06-24,33.6061,-117.9311,6,2019,0.0,18.2,7.96,0.0,2.97,0,18.73306095356844,1.658469335765255,-0.0419047219412667,23.218570700713567,1,19.0,18.8,2.22,2.42,0.0,0.0,7.86,3.17,,0,46025,2.837,0.734,16.276,210.84,1013.858,16.844,18.304
2019-07-01,Newport Beach Pier,2019-07-01,33.6061,-117.9311,7,2019,0.0,18.2,1.26,0.0,2.71,0,18.780101717734823,1.2978571124222813,0.1495237804594493,18.16999957391194,1,18.2,19.0,7.96,2.22,0.0,0.0,2.97,7.86,,0,46025,2.834,0.722,12.463,186.756,1014.772,17.47,19.26
2019-07-08,Newport Beach Pier,2019-07-08,33.6061,-117.9311,7,2019,0.0,20.2,3.12,0.0,2.71,0,19.37244868765072,1.4781632326087173,0.0299999600365048,20.694285256522043,1,18.2,18.2,1.26,7.96,0.0,0.0,2.71,2.97,,0,46025,3.074,1.118,13.575,217.144,1014.353,17.448,18.684
2019-07-15,Newport Beach Pier,2019-07-15,33.6061,-117.9311,7,2019,0.0,19.6,2.59,0.0,2.49,0,20.110407848747407,1.812959143093654,0.0976191021147228,25.381428003311157,1,20.2,18.2,3.12,1.26,0.0,0.0,2.71,2.71,,0,46025,2.808,1.032,13.863,215.144,1014.663,17.134,18.304
2019-07-22,Newport Beach Pier,2019-07-22,33.6061,-117.9311,7,2019,0.0,19.6,3.94,0.0,3.72,0,20.63673418395373,2.004795868786014,0.138095219930013,28.067142163004196,1,19.6,20.2,2.59,3.12,0.0,0.0,2.49,2.71,,0,46025,2.984,0.932,15.318,206.605,1013.315,17.718,19.693
2019-07-29,Newport Beach Pier,2019-07-29,33.6061,-117.9311,7,2019,0.0,21.0,1.83,0.34,1.56,0,21.021632194519043,2.1360203587279027,-0.100952420915876,29.90428502219064,1,19.6,19.6,3.94,2.59,0.0,0.0,3.72,2.49,5.38235294117647,0,46025,2.997,0.898,13.463,187.321,1014.452,19.391,21.393
2019-08-05,Newport Beach Pier,2019-08-06,33.6061,-117.9311,8,2019,0.0,19.2,2.05,0.0,4.57,0,20.936632234223033,1.8192856780120303,-0.0738094874790736,25.469999492168427,1,21.0,19.6,1.83,3.94,0.34,0.0,1.56,3.72,,0,46025,2.606,0.937,10.221,213.036,1013.788,18.708,20.81
2019-08-12,Newport Beach Pier,2019-08-12,33.6061,-117.9311,8,2019,0.0,19.8,0.0,0.33,2.3,0,20.535407650227448,1.1872448702247775,0.066190447126116,16.621428183146886,1,19.2,21.0,2.05,1.83,0.0,0.34,4.57,1.56,0.0,0,46025,2.918,1.023,11.385,214.293,1013.481,18.402,20.892
2019-08-19,Newport Beach Pier,2019-08-20,33.6061,-117.9311,8,2019,0.0,19.2,0.0,0.0,3.26,0,20.56336687049087,1.0297958899517448,-0.0261903490339006,14.417142459324428,1,19.8,19.2,0.0,2.05,0.33,0.0,2.3,4.57,,0,46025,2.829,0.779,13.791,196.964,1014.011,16.671,20.765
2019-08-26,Newport Beach Pier,2019-08-27,33.6061,-117.9311,8,2019,0.0,20.8,0.0,0.0,4.83,0,21.102856811212035,1.4830611962444926,0.2652379898797897,20.762856747422894,1,19.2,19.8,0.0,0.0,0.0,0.33,3.26,2.3,,0,46025,3.305,0.904,13.115,218.387,1012.018,19.378,20.673
2019-09-02,Newport Beach Pier,2019-09-03,33.6061,-117.9311,9,2019,0.0,21.8,0.0,0.4,2.87,0,22.152856710005786,2.504387708342805,0.0985714140392484,35.061427916799275,1,20.8,19.2,0.0,0.0,0.0,0.0,4.83,3.26,0.0,0,46025,2.613,0.836,11.478,194.661,1012.656,20.395,22.336
2019-09-09,Newport Beach Pier,2019-09-10,33.6061,-117.9311,9,2019,0.0,23.1,0.0,0.0,1.49,0,22.95755043808295,3.2840815441949025,-0.0399999164399646,45.97714161872864,1,21.8,20.8,0.0,0.0,0.4,0.0,2.87,4.83,,0,46025,2.946,1.025,11.551,189.808,1013.14,21.269,22.466
2019-09-16,Newport Beach Pier,2019-09-17,33.6061,-117.9311,9,2019,0.0,21.8,1.31,0.0,1.72,0,22.720407914142218,3.046530525295102,-0.2161905197870163,42.65142735413143,1,23.1,21.8,0.0,0.0,0.0,0.4,1.49,2.87,,0,46025,2.62,0.974,14.554,198.623,1012.632,19.894,20.651
2019-09-23,Newport Beach Pier,2019-09-24,33.6061,-117.9311,9,2019,0.0,21.8,1.33,0.0,2.34,0,21.882754948674418,2.309081572659162,-0.0380952925909133,32.32714201722826,1,21.8,23.1,1.31,0.0,0.0,0.0,1.72,1.49,,0,46025,2.719,0.853,10.982,211.683,1011.966,19.98,21.519
2019-09-30,Newport Beach Pier,2019-10-01,33.6061,-117.9311,10,2019,0.0,21.5,2.1,0.0,2.96,0,21.123162795086294,1.739591799828471,-0.1490475790841238,24.354285197598593,1,21.8,21.8,1.33,1.31,0.0,0.0,2.34,1.72,,0,46025,4.008,0.974,14.162,203.762,1011.671,19.277,21.144
2019-10-07,Newport Beach Pier,2019-10-08,33.6061,-117.9311,10,2019,0.0,18.4,1.9,0.0,1.63,0,20.363468831899215,1.1836734566153313,-0.0847619374593098,16.57142839261464,1,21.5,21.8,2.1,1.33,0.0,0.0,2.96,2.34,,0,46025,2.85,0.976,13.127,207.431,1013.695,18.697,20.591
2019-10-14,Newport Beach Pier,2019-10-15,33.6061,-117.9311,10,2019,0.0,18.7,2.39,0.0,2.82,0,19.666530083636847,0.6983673353584445,-0.0214286077590215,9.777142695018224,1,18.4,21.5,1.9,2.1,0.0,0.0,1.63,2.96,,0,46025,2.795,0.744,12.739,188.512,1012.049,18.439,19.62
2019-10-21,Newport Beach Pier,2019-10-22,33.6061,-117.9311,10,2019,0.0,18.3,2.15,0.0,2.72,0,19.4975504583242,0.7990816168639124,0.0504762558710007,11.187142636094777,1,18.7,18.4,2.39,1.9,0.0,0.0,2.82,1.63,,0,46025,3.821,0.99,12.346,233.072,1012.347,18.234,19.043
2019-10-28,Newport Beach Pier,2019-10-29,33.6061,-117.9311,10,2019,0.0,19.1,1.32,0.0,0.54,0,19.45091780837701,1.1013265063568036,-0.1238095419747488,15.418571088995252,1,18.3,18.7,2.15,2.39,0.0,0.0,2.72,2.82,,0,46025,2.24,0.763,14.136,195.88,1012.901,20.637,19.395
2019-11-04,Newport Beach Pier,2019-11-05,33.6061,-117.9311,11,2019,0.0,17.5,1.26,0.0,2.76,0,19.06255042796232,1.0910203876544018,-0.0090476444789341,15.274285427161626,1,19.1,18.3,1.32,2.15,0.0,0.0,0.54,2.72,,0,46025,4.164,0.789,12.848,177.792,1016.348,17.895,18.11
2019-11-11,Newport Beach Pier,2019-11-12,33.6061,-117.9311,11,2019,0.0,17.9,2.01,0.0,1.42,0,18.724591391427175,1.132142841207738,-0.0814285278320312,15.84999977690833,1,17.5,19.1,1.26,1.32,0.0,0.0,2.76,0.54,,0,46025,3.211,0.743,10.75,236.226,1016.154,17.007,18.096
2019-11-18,Newport Beach Pier,2019-11-19,33.6061,-117.9311,11,2019,0.0,17.2,3.99,0.0,2.95,0,18.3697956240907,1.159387727781218,-0.0871428535098121,16.231428188937052,1,17.9,17.5,2.01,1.26,0.0,0.0,1.42,2.76,,0,46025,2.876,0.918,13.127,227.298,1016.849,16.648,18.335
2019-11-25,Newport Beach Pier,2019-11-26,33.6061,-117.9311,11,2019,0.0,16.9,1.7,0.0,2.85,0,17.752346622700593,0.931632630679072,-0.0995238167898995,13.042856829507013,1,17.2,17.9,3.99,2.01,0.0,0.0,2.95,1.42,,0,46025,3.689,1.262,12.825,241.065,1012.457,17.317,17.955
2019-12-02,Newport Beach Pier,2019-12-03,33.6061,-117.9311,12,2019,0.0,15.9,2.78,0.0,4.65,0,17.221734319414413,0.7957142682708039,0.0080952417282831,11.139999755791257,1,16.9,17.2,1.7,3.99,0.0,0.0,2.85,2.95,,0,46025,4.889,1.218,10.52,234.5,1011.48,14.363,16.845
2019-12-09,Newport Beach Pier,2019-12-10,33.6061,-117.9311,12,2019,0.0,16.3,2.59,0.0,3.34,0,17.024795512763824,0.9952040497137576,0.0161905742826915,13.932856695992609,1,15.9,16.9,2.78,1.7,0.0,0.0,4.65,2.85,,0,46025,3.078,1.322,11.481,232.375,1018.347,15.847,16.441
2019-12-09,Newport Beach Pier,2019-12-15,33.6061,-117.9311,12,2019,0.0,16.0,5.62,0.69,5.24,0,17.024795512763824,0.9952040497137576,0.0161905742826915,13.932856695992609,1,16.3,15.9,2.59,2.78,0.0,0.0,3.34,4.65,8.144927536231885,0,46025,3.078,1.322,11.481,232.375,1018.347,15.847,16.441
2019-12-30,Newport Beach Pier,2019-12-31,33.6061,-117.9311,12,2019,0.0,15.0,2.37,0.0,2.33,0,15.93418345159414,0.7307142679180417,0.0319047655378069,10.229999750852585,1,16.0,16.3,5.62,2.59,0.69,0.0,5.24,3.34,,0,46025,5.523,1.36,10.155,244.417,1013.667,13.305,15.238
2020-01-06,Newport Beach Pier,2020-01-06,33.6061,-117.9311,1,2020,0.0,14.7,2.23,0.0,3.27,0,15.804285390036446,0.7548979390032438,-0.0500000090826124,10.568571146045413,1,15.0,16.0,2.37,5.62,0.0,0.69,2.33,5.24,,0,46025,3.638,1.187,13.73,229.768,1019.449,15.453,15.727
2020-01-13,Newport Beach Pier,2020-01-13,33.6061,-117.9311,1,2020,0.0,15.0,1.69,0.0,3.08,0,15.704999719347272,0.8077550804128453,0.0371428444271995,11.308571125779832,1,14.7,15.0,2.23,2.37,0.0,0.0,3.27,2.33,,0,46025,4.004,1.201,9.255,258.399,1019.794,15.21,15.663
2020-01-20,Newport Beach Pier,2020-01-20,33.6061,-117.9311,1,2020,0.0,14.9,3.02,0.0,3.44,0,15.666734393762084,0.8840816063540322,-0.0195238022577194,12.377142488956451,1,15.0,14.7,1.69,2.23,0.0,0.0,3.08,3.27,,0,46025,2.538,1.01,11.437,254.143,1019.47,14.282,15.677
2020-01-27,Newport Beach Pier,2020-01-27,33.6061,-117.9311,1,2020,0.0,14.9,2.88,0.0,2.55,0,15.663469061559562,0.9325509989748196,0.0119047164916991,13.055713985647474,1,14.9,15.0,3.02,1.69,0.0,0.0,3.44,3.08,,0,46025,2.423,1.356,14.448,261.304,1019.184,14.462,15.55
2020-02-03,Newport Beach Pier,2020-02-03,33.6061,-117.9311,2,2020,0.0,14.4,2.48,0.0,7.24,0,15.449897688262316,0.7411224426207494,-0.1114285332815987,10.375714196690492,1,14.9,14.9,2.88,3.02,0.0,0.0,2.55,3.44,,0,46025,4.475,1.572,13.003,261.62,1020.178,16.181,15.751
2020-02-10,Newport Beach Pier,2020-02-10,33.6061,-117.9311,2,2020,0.0,14.4,2.53,0.0,2.07,0,15.165509973253522,0.4771428493668838,0.0447619301932198,6.679999891136374,1,14.4,14.9,2.48,2.88,0.0,0.0,7.24,2.55,,0,46025,4.684,1.13,10.969,222.363,1017.368,13.501,15.116
2020-02-17,Newport Beach Pier,2020-02-18,33.6061,-117.9311,2,2020,0.0,15.2,1.64,0.57,1.71,0,15.251122192460665,0.5746938627289265,0.0676190058390299,8.045714078204972,1,14.4,14.4,2.53,2.48,0.0,0.0,2.07,7.24,2.8771929824561404,0,46025,3.291,0.834,13.499,214.301,1017.279,14.61,15.14
2020-02-24,Newport Beach Pier,2020-02-24,33.6061,-117.9311,2,2020,0.0,15.6,1.65,0.0,1.62,0,15.661734259858424,0.9767346722739084,0.0509524118332635,13.674285411834717,1,15.2,14.4,1.64,2.53,0.57,0.0,1.71,2.07,,0,46025,2.637,0.822,12.855,242.713,1017.327,14.849,15.611
2020-03-02,Newport Beach Pier,2020-03-03,33.6061,-117.9311,3,2020,0.0,15.2,1.65,0.24,2.77,0,16.005509629541514,1.297142826780981,0.0042857215518043,18.15999957493373,1,15.6,15.2,1.65,1.64,0.0,0.57,1.62,1.71,6.875,0,46025,2.888,0.965,13.308,233.766,1020.545,16.005,15.937
2020-03-09,Newport Beach Pier,2020-03-09,33.6061,-117.9311,3,2020,0.0,16.1,2.16,0.0,1.93,0,16.168468922984843,1.4343877179282052,-0.0176190875825427,20.081428050994873,1,15.2,15.6,1.65,1.65,0.24,0.0,2.77,1.62,,0,46025,4.156,0.941,12.776,240.446,1016.463,14.21,15.538
2020-06-22,Newport Beach Pier,2020-06-23,33.6061,-117.9311,6,2020,0.0,19.2,4.86,0.0,9.73,0,19.022550933215083,2.0541836120644392,0.052380879720052,28.75857056890215,1,16.1,15.2,2.16,1.65,0.0,0.24,1.93,2.77,,0,46025,3.084,0.898,11.995,230.446,1013.95,17.059,18.932
2020-06-29,Newport Beach Pier,2020-06-29,33.6061,-117.9311,6,2020,0.0,19.4,3.99,0.0,2.91,0,19.60918340877611,2.2444897148073935,0.0333333696637834,31.422856007303512,1,19.2,16.1,4.86,2.16,0.0,0.0,9.73,1.93,,0,46025,2.367,0.756,13.853,194.096,1012.262,16.941,19.313
2020-07-06,Newport Beach Pier,2020-07-06,33.6061,-117.9311,7,2020,0.0,19.5,5.0,0.0,3.59,0,20.10826488417022,2.332755040149299,0.211904798235212,32.65857056209019,1,19.4,19.2,3.99,4.86,0.0,0.0,2.91,9.73,,0,46025,2.987,0.967,16.27,192.649,1013.182,17.701,20.138
2020-07-13,Newport Beach Pier,2020-07-13,33.6061,-117.9311,7,2020,0.0,20.4,2.17,0.0,3.92,0,20.68887735872853,2.502959117027266,-0.4171429588681175,35.20571335724422,1,19.5,19.4,5.0,3.99,0.0,0.0,3.59,2.91,,0,46025,2.591,0.938,12.822,184.517,1012.476,19.1,21.216
2020-07-20,Newport Beach Pier,2020-07-20,33.6061,-117.9311,7,2020,0.0,15.0,5.57,0.35,5.28,0,19.566734489129512,1.019591792942766,0.008571533929734,20.234284992728913,1,20.4,19.5,2.17,5.0,0.0,0.0,3.92,3.59,15.914285714285716,0,46025,3.558,0.825,9.414,222.167,1013.867,18.401,21.513
2020-07-27,Newport Beach Pier,2020-07-27,33.6061,-117.9311,7,2020,0.0,17.0,3.24,0.0,5.09,0,18.1244893949859,-0.6956122393472767,-0.0666667393275669,2.7042856259005412,0,15.0,20.4,5.57,2.17,0.35,0.0,5.28,3.92,,0,46025,3.087,0.915,9.863,232.839,1012.759,17.262,19.186
2020-08-03,Newport Beach Pier,2020-08-03,33.6061,-117.9311,8,2020,0.0,18.6,4.45,0.0,2.45,0,18.590611847079533,-0.4619387709060493,0.2714286077590215,3.422857084444591,1,17.0,15.0,3.24,5.57,0.0,0.35,5.09,5.28,,0,46025,3.5,0.88,8.382,239.66,1012.978,17.282,19.707
2020-08-10,Newport Beach Pier,2020-08-10,33.6061,-117.9311,8,2020,0.0,18.5,4.21,0.39,6.26,0,19.34040781916404,0.0573469363913244,0.0590476081484839,6.107142725161144,1,18.6,17.0,4.45,3.24,0.0,0.0,2.45,5.09,10.794871794871794,0,46025,3.102,0.933,7.344,251.359,1013.964,17.788,20.227
2020-08-17,Newport Beach Pier,2020-08-17,33.6061,-117.9311,8,2020,0.0,22.0,1.95,0.0,0.8,0,20.636734339655664,1.1467346618978345,0.564285641624814,18.75428522484643,1,18.5,18.6,4.21,4.45,0.39,0.0,6.26,2.45,,0,46025,3.803,0.738,13.096,191.898,1011.946,18.956,20.731
2020-08-24,Newport Beach Pier,2020-08-24,33.6061,-117.9311,8,2020,0.0,24.0,1.96,0.0,1.95,0,22.335101614193043,2.7303060343375014,-0.737142835344587,39.10857017338276,1,22.0,18.5,1.95,4.21,0.0,0.39,0.8,6.26,,0,46025,2.567,0.801,14.024,186.702,1010.389,21.01,21.495
2020-08-31,Newport Beach Pier,2020-08-31,33.6061,-117.9311,8,2020,0.0,19.4,1.53,0.0,0.74,0,21.400407693823983,1.7595917775618786,0.2485714867001487,26.525713377765246,1,24.0,22.0,1.96,1.95,0.0,0.0,1.95,0.8,,0,46025,4.111,1.079,9.558,226.917,1009.851,19.275,21.515
2020-09-07,Newport Beach Pier,2020-09-07,33.6061,-117.9311,9,2020,0.0,19.4,3.27,0.0,1.3,0,20.44938733626385,0.7827550814468033,-0.0447619301932198,12.6428567809718,1,19.4,24.0,1.53,1.96,0.0,0.0,0.74,1.95,,0,46025,3.339,0.877,11.341,211.006,1012.468,19.32,20.647
2020-09-14,Newport Beach Pier,2020-09-14,33.6061,-117.9311,9,2020,0.0,18.8,2.33,0.0,3.62,0,20.857142526276256,1.1759183321680342,-0.020952406383696,16.501428076199122,1,19.4,19.4,3.27,1.53,0.0,0.0,1.3,0.74,,0,46025,3.952,0.927,13.885,203.601,1010.722,19.111,19.932
2020-09-21,Newport Beach Pier,2020-09-21,33.6061,-117.9311,9,2020,0.0,19.5,2.78,0.0,2.12,0,20.58897927342629,0.9741836494329024,-0.006190436226981,13.638571092060634,1,18.8,19.4,2.33,3.27,0.0,0.0,3.62,1.3,,0,46025,3.715,0.944,11.216,212.518,1012.933,19.287,20.692
2020-09-28,Newport Beach Pier,2020-09-28,33.6061,-117.9311,9,2020,0.0,21.0,1.62,0.0,1.81,0,20.65265268209029,1.209795892238617,0.0876189640590122,16.937142491340637,1,19.5,18.8,2.78,2.33,0.0,0.0,2.12,3.62,,0,46025,2.483,0.789,14.211,207.375,1013.611,18.932,20.545
2020-10-05,Newport Beach Pier,2020-10-05,33.6061,-117.9311,10,2020,0.0,20.4,2.11,0.0,1.87,0,20.84601982272401,1.6096938398419594,-0.0947618938627696,22.53571375778743,1,21.0,19.5,1.62,2.78,0.0,0.0,1.81,2.12,,0,46025,2.757,0.875,14.902,205.56,1012.192,20.526,21.644
2020-10-12,Newport Beach Pier,2020-10-12,33.6061,-117.9311,10,2020,0.0,20.8,1.74,0.0,1.89,0,20.875917765558984,1.848775456146318,0.1285714649018786,25.882856386048452,1,20.4,21.0,2.11,1.62,0.0,0.0,1.87,1.81,,0,46025,2.943,0.885,11.812,217.144,1014.013,19.074,21.436
2020-10-19,Newport Beach Pier,2020-10-19,33.6061,-117.9311,10,2020,0.0,21.1,1.99,0.0,2.11,0,21.015713847413355,2.2348978774888173,-0.159047626313709,31.288570284843445,1,20.8,20.4,1.74,2.11,0.0,0.0,1.89,1.87,,0,46025,2.286,0.77,12.668,204.935,1013.646,20.627,21.279
2020-10-26,Newport Beach Pier,2020-10-26,33.6061,-117.9311,10,2020,0.0,14.8,3.61,0.3,2.79,0,20.452040302510166,1.9976529856117404,-0.1604761396135602,27.967141798564366,1,21.1,20.8,1.99,1.74,0.0,0.0,2.11,1.89,12.033333333333331,0,46025,2.653,0.759,14.064,189.104,1012.857,18.482,21.306
2020-11-02,Newport Beach Pier,2020-11-02,33.6061,-117.9311,11,2020,0.0,19.0,1.49,0.0,0.9,0,19.42295860757633,1.3437754669967965,-0.171904790969122,18.90571367740631,1,14.8,21.1,3.61,1.99,0.3,0.0,2.79,2.11,,0,46025,3.921,0.711,12.498,204.187,1016.178,18.193,19.27
2020-11-09,Newport Beach Pier,2020-11-09,33.6061,-117.9311,11,2020,0.0,14.8,4.05,0.77,6.42,0,17.833570957183838,0.1320408065708316,-0.278571537562779,10.819999720369069,0,19.0,14.8,1.49,3.61,0.0,0.3,0.9,2.79,5.259740259740259,0,46025,5.079,1.22,12.044,232.235,1012.545,16.717,19.014
2020-11-16,Newport Beach Pier,2020-11-16,33.6061,-117.9311,11,2020,0.0,14.6,3.94,0.46,6.79,0,16.32010166985648,-1.001326505626951,-0.0195236660185314,2.2928570934704373,0,14.8,19.0,4.05,1.49,0.77,0.0,6.42,0.9,8.565217391304348,0,46025,3.429,1.021,10.993,221.14,1018.049,14.582,15.867
2020-11-23,Newport Beach Pier,2020-11-23,33.6061,-117.9311,11,2020,0.0,14.8,3.56,0.0,5.8,0,15.99714263604612,-0.9354081305922294,-0.0352381297520228,0.0,0,14.6,14.8,3.94,4.05,0.46,0.77,6.79,6.42,,0,46025,2.582,0.916,12.22,237.642,1017.342,15.368,15.316
2020-11-30,Newport Beach Pier,2020-11-30,33.6061,-117.9311,11,2020,0.0,15.4,3.1,0.0,4.34,0,15.83999982172129,-0.6975509998749713,-0.0190476462954566,0.0,0,14.8,14.6,3.56,3.94,0.0,0.46,5.8,6.79,,0,46025,2.879,0.822,10.914,245.389,1017.663,15.204,15.407
2020-12-07,Newport Beach Pier,2020-12-07,33.6061,-117.9311,12,2020,0.0,14.6,3.56,0.0,6.24,0,15.638877197187773,-0.5024489682852006,0.0361905325026739,0.0614285681928907,1,15.4,14.8,3.1,3.56,0.0,0.0,4.34,5.8,,0,46025,3.227,0.846,15.672,234.024,1020.44,15.653,15.969
2020-12-14,Newport Beach Pier,2020-12-14,33.6061,-117.9311,12,2020,0.0,15.4,2.94,0.0,1.75,0,15.76030565767872,0.0077551022476079,0.0219047637212843,3.388571349637849,1,14.6,15.4,3.56,3.1,0.0,0.0,6.24,4.34,,0,46025,3.704,1.263,13.061,264.774,1017.585,15.762,16.498
2020-12-21,Newport Beach Pier,2020-12-21,33.6061,-117.9311,12,2020,0.0,15.2,3.0,0.0,3.06,0,16.06020365929117,0.6169387638872984,0.0328570320492698,8.924285541687693,1,15.4,14.6,2.94,3.56,0.0,0.0,1.75,6.24,,0,46025,4.614,1.208,12.164,265.583,1020.342,15.191,15.666
2020-12-28,Newport Beach Pier,2020-12-28,33.6061,-117.9311,12,2020,0.0,14.8,2.74,0.0,2.65,0,15.979897499084473,0.7329591704266412,-0.1038094929286411,10.261428385972977,1,15.2,15.4,3.0,2.94,0.0,0.0,3.06,1.75,,0,46025,3.326,0.892,14.403,241.464,1018.728,14.948,15.298
2021-01-04,Newport Beach Pier,2021-01-04,33.6061,-117.9311,1,2021,0.0,14.8,3.7,0.47,3.23,0,15.600305605907833,0.5073469284237647,-0.0361903962634858,7.102856997932706,1,14.8,15.2,2.74,3.0,0.0,0.0,2.65,3.06,7.872340425531916,0,46025,5.564,1.675,13.434,263.331,1018.788,14.003,14.638
2021-01-11,Newport Beach Pier,2021-01-11,33.6061,-117.9311,1,2021,0.0,14.1,3.58,0.4,8.54,0,15.284795508092762,0.3458163172614817,0.0542856852213541,4.841428441660745,1,14.8,14.8,3.7,2.74,0.47,0.0,3.23,2.65,8.95,0,46025,3.105,1.569,14.457,260.69,1019.694,14.399,14.664
2021-02-01,Newport Beach Pier,2021-02-01,33.6061,-117.9311,2,2021,0.0,14.0,3.986666666666667,0.7866666666666667,6.25,0,14.559693667353416,-0.1542857102289491,0.0961904071626208,2.0685714121375764,1,14.1,14.8,3.58,3.7,0.4,0.47,8.54,3.23,5.067796610169491,0,46025,6.964,1.774,9.448,250.369,1015.929,12.317,13.977
2021-02-08,Newport Beach Pier,2021-02-08,33.6061,-117.9311,2,2021,0.0,14.0,4.3933333333333335,1.1733333333333331,3.71,0,14.519081261693216,-0.173469384561996,-0.0547618865966796,0.6899999901652336,1,14.0,14.1,3.986666666666667,3.58,0.7866666666666667,0.4,6.25,8.54,3.7443181818181825,0,46025,3.595,0.922,11.784,251.744,1017.656,13.696,14.176
2021-02-15,Newport Beach Pier,2021-02-15,33.6061,-117.9311,2,2021,0.0,14.1,4.8,1.56,5.92,0,14.59622403553554,-0.0805102019589774,-0.0038094747634161,0.5557142762201173,0,14.0,14.0,4.3933333333333335,3.986666666666667,1.1733333333333331,0.7866666666666667,3.71,6.25,3.0769230769230766,0,46025,3.957,1.13,10.582,264.994,1015.205,13.136,14.27
2021-02-22,Newport Beach Pier,2021-02-22,33.6061,-117.9311,2,2021,0.0,13.9,2.55,0.67,4.23,0,14.53510166674244,-0.1464285672243152,0.0519047237577891,0.1328571406858308,1,14.1,14.0,4.8,4.3933333333333335,1.56,1.1733333333333331,5.92,3.71,3.805970149253731,0,46025,5.221,1.584,10.599,252.53,1020.009,13.751,13.385
2021-03-01,Newport Beach Pier,2021-03-01,33.6061,-117.9311,3,2021,0.0,14.0,1.93,0.0,4.56,0,14.70295878819057,-0.0011224489925163,0.0023810068766276,0.9528571125119925,1,13.9,14.1,2.55,4.8,0.67,1.56,4.23,5.92,,0,46025,3.647,1.032,10.628,234.679,1017.594,14.267,
2021-03-08,Newport Beach Pier,2021-03-08,33.6061,-117.9311,3,2021,0.0,15.0,4.28,1.78,3.68,0,14.74387721626126,0.0124489787623894,-0.0757142929803756,1.0771428173674005,0,14.0,13.9,1.93,2.55,0.0,0.67,4.56,4.23,2.404494382022472,0,46025,4.445,1.087,12.963,236.759,1017.52,13.655,14.589
2021-03-15,Newport Beach Pier,2021-03-15,33.6061,-117.9311,3,2021,0.0,15.0,3.0,0.42,9.85,0,14.480612005506243,-0.2788775455282659,0.0076189949398948,0.2571428455412387,0,15.0,14.0,4.28,1.93,1.78,0.0,3.68,4.56,7.142857142857143,0,46025,5.505,1.536,10.419,257.415,1020.402,13.512,
2021-03-29,Newport Beach Pier,2021-03-29,33.6061,-117.9311,3,2021,0.0,14.0,3.39,0.0,4.94,0,14.649999667187126,-0.1970408106108709,0.1766667138962518,1.82999997107046,1,15.0,15.0,3.0,4.28,0.42,1.78,9.85,3.68,,0,46025,5.092,1.372,9.11,258.107,1016.672,12.974,12.731
2021-04-05,Newport Beach Pier,2021-04-05,33.6061,-117.9311,4,2021,0.0,15.4,6.27,0.67,5.88,0,15.524387408275992,0.6215306002912777,0.0819047292073567,9.7514283723597,1,14.0,15.0,3.39,3.0,0.0,0.42,4.94,9.85,9.35820895522388,0,46025,2.914,0.919,13.528,220.189,1015.972,14.031,14.72
2021-04-12,Newport Beach Pier,2021-04-12,33.6061,-117.9311,4,2021,0.0,16.2,3.85,0.51,3.88,0,16.31979569610284,1.3619387456767107,0.0085714431036086,19.06714243947395,1,15.4,14.0,6.27,3.39,0.67,0.0,5.88,4.94,7.549019607843137,0,46025,3.183,1.369,8.064,255.649,1014.431,14.602,15.704
2021-04-19,Newport Beach Pier,2021-04-19,33.6061,-117.9311,4,2021,0.0,15.6,2.91,0.0,7.77,0,16.48744892587467,1.4511224067941004,-0.0447619301932198,20.31571369511741,1,16.2,15.4,3.85,6.27,0.51,0.67,3.88,5.88,,0,46025,3.632,1.12,11.451,239.443,1014.0,14.013,15.956
2021-04-26,Newport Beach Pier,2021-04-26,33.6061,-117.9311,4,2021,0.0,14.6,4.2,0.0,5.59,0,16.34897945365127,1.1921428198717077,0.1171429043724423,16.68999947820391,1,15.6,16.2,2.91,3.85,0.0,0.51,7.77,3.88,,0,46025,3.299,1.156,13.126,221.321,1014.82,14.287,16.475
2021-05-03,Newport Beach Pier,2021-05-03,33.6061,-117.9311,5,2021,0.1,15.8,7.92,0.32,6.93,0,16.668162949231206,1.3719387388959223,0.065238044375465,19.207142344542913,1,14.6,15.6,4.2,2.91,0.0,0.0,5.59,7.77,24.75,0,46025,4.125,1.174,11.808,220.262,1015.217,15.013,16.118
2021-05-10,Newport Beach Pier,2021-05-10,33.6061,-117.9311,5,2021,0.73,16.8,8.23,1.01,3.45,1,17.337754804260875,1.9001020053211524,0.0561904907226562,26.601428074496138,1,15.8,14.6,7.92,4.2,0.32,0.0,6.93,5.59,8.14851485148515,1,46025,2.993,1.13,12.462,225.08,1013.806,15.052,17.074
2021-05-17,Newport Beach Pier,2021-05-17,33.6061,-117.9311,5,2021,0.0,16.0,5.26,0.0,9.05,0,17.692040521271377,2.0961224181311473,-0.0833332425072079,29.34571385383606,1,16.8,15.8,8.23,7.92,1.01,0.32,3.45,6.93,,0,46025,3.407,0.904,13.523,213.012,1014.597,15.071,17.578
2021-05-24,Newport Beach Pier,2021-05-24,33.6061,-117.9311,5,2021,0.0,17.2,1.35,0.0,2.4,0,17.634897582385005,1.82714281520065,0.0761903127034504,25.579999412809094,1,16.0,16.8,5.26,8.23,0.0,1.01,9.05,3.45,,0,46025,4.824,1.451,13.033,215.387,1015.007,15.262,17.517
2021-05-31,Newport Beach Pier,2021-05-31,33.6061,-117.9311,5,2021,0.0,17.2,3.44,0.0,2.07,0,17.687448559975138,1.6245918030641515,0.0261905306861514,22.744285242898123,1,17.2,16.0,1.35,5.26,0.0,0.0,2.4,9.05,,0,46025,3.034,1.183,12.978,210.054,1014.893,15.432,16.769
2021-06-07,Newport Beach Pier,2021-06-07,33.6061,-117.9311,6,2021,0.0,18.0,4.95,0.0,2.31,0,17.966938427516393,1.6420408073736696,0.0038096110026041,22.988571303231375,1,17.2,17.2,3.44,1.35,0.0,0.0,2.07,2.4,,0,46025,2.451,0.997,14.403,202.137,1013.622,14.958,16.972
2021-06-14,Newport Beach Pier,2021-06-14,33.6061,-117.9311,6,2021,0.0,17.2,2.86,0.0,1.96,0,18.1648976462228,1.570102029308981,0.057618913196382,21.98142841032573,1,18.0,17.2,4.95,3.44,0.0,0.0,2.31,2.07,,0,46025,3.821,1.233,9.405,244.756,1014.6,16.481,17.582
2021-06-21,Newport Beach Pier,2021-06-21,33.6061,-117.9311,6,2021,0.0,18.4,1.34,0.0,2.99,0,18.299489235391423,1.3843877327685452,-0.0242856343587239,19.38142825875963,1,17.2,18.0,2.86,4.95,0.0,0.0,1.96,2.31,,0,46025,2.778,1.063,11.519,218.994,1010.156,17.105,18.057
2021-06-28,Newport Beach Pier,2021-06-28,33.6061,-117.9311,6,2021,0.0,19.4,1.01,0.08,0.72,0,18.542958512598155,1.2381632382772405,0.2276189894903273,17.33428533588137,1,18.4,17.2,1.34,2.86,0.0,0.0,2.99,1.96,12.625,0,46025,3.564,1.178,14.013,203.461,1012.709,16.965,18.318
2021-07-05,Newport Beach Pier,2021-07-05,33.6061,-117.9311,7,2021,0.0,19.8,0.9,0.04,2.51,0,19.278774845356843,1.56020403638178,0.0871429443359375,21.84285650934492,1,19.4,18.4,1.01,1.34,0.08,0.0,0.72,2.99,22.5,0,46025,2.819,1.128,11.288,227.351,1011.126,17.762,19.063
2021-07-12,Newport Beach Pier,2021-07-12,33.6061,-117.9311,7,2021,0.0,20.4,1.19,0.27,1.18,0,20.32020360596326,2.1914285202415624,0.1690476735432942,30.67999928338187,1,19.8,19.4,0.9,1.01,0.04,0.08,2.51,0.72,4.4074074074074066,0,46025,2.895,1.053,15.268,192.126,1012.392,18.159,19.715
2021-07-19,Newport Beach Pier,2021-07-19,33.6061,-117.9311,7,2021,0.0,20.8,0.42,0.57,0.74,0,21.000203852750815,2.502448939547247,-0.1661906469435918,35.03428515366146,1,20.4,19.8,1.19,0.9,0.27,0.04,1.18,2.51,0.736842105263158,0,46025,2.366,0.938,15.252,180.625,1013.565,18.908,20.743
2021-07-26,Newport Beach Pier,2021-07-26,33.6061,-117.9311,7,2021,0.0,20.2,0.23,0.38,1.21,0,20.642448600457637,1.8587754879679,-0.3285713195800781,26.712856820651464,1,20.8,20.4,0.42,1.19,0.57,0.27,0.74,1.18,0.6052631578947368,0,46025,2.75,0.904,13.503,197.241,1014.633,18.94,20.62
2021-08-02,Newport Beach Pier,2021-08-02,33.6061,-117.9311,8,2021,0.0,16.6,1.52,0.4,5.23,0,19.263366874383426,0.2447959135989753,0.065238044375465,9.92714275632586,1,20.2,20.8,0.23,0.42,0.38,0.57,1.21,0.74,3.8,0,46025,3.735,0.9,10.805,220.679,1014.777,18.135,20.106
2021-08-09,Newport Beach Pier,2021-08-09,33.6061,-117.9311,8,2021,0.0,19.6,0.83,0.27,1.15,0,18.84510153167102,-0.4057142813594973,0.1685714721679687,3.084285719054086,1,16.6,20.2,1.52,0.23,0.4,0.38,5.23,1.21,3.0740740740740735,0,46025,3.022,1.16,11.107,218.0,1013.292,18.494,20.191
2021-08-16,Newport Beach Pier,2021-08-16,33.6061,-117.9311,8,2021,0.0,19.4,1.93,0.01,2.63,0,19.64520353200484,0.1783673409752699,0.1204761323474702,5.62714273588998,1,19.6,16.6,0.83,1.52,0.27,0.4,1.15,5.23,193.0,0,46025,2.673,0.852,13.807,186.143,1014.508,19.049,21.188
2021-08-23,Newport Beach Pier,2021-08-23,33.6061,-117.9311,8,2021,0.0,18.8,1.86,0.66,3.05,0,20.255407644777883,0.6602040615160855,-0.1004762195405505,9.418571142213684,1,19.4,19.6,1.93,0.83,0.01,0.27,2.63,1.15,2.8181818181818183,0,46025,2.61,1.045,14.597,190.357,1010.612,19.824,21.71
2021-08-30,Newport Beach Pier,2021-08-30,33.6061,-117.9311,8,2021,0.1,17.2,3.71,0.23,22.34,0,20.193672880834463,0.5563265153644037,-0.0533332824707031,7.891428356191942,1,18.8,19.4,1.86,1.93,0.66,0.01,3.05,2.63,16.130434782608695,0,46025,3.1,0.775,12.544,214.708,1010.32,18.749,20.028
2021-09-06,Newport Beach Pier,2021-09-06,33.6061,-117.9311,9,2021,0.0,19.0,2.93,0.19,1.46,0,19.902958597455704,0.2415306058199125,0.0719046819777715,3.621428479839648,1,17.2,18.8,3.71,1.86,0.23,0.66,22.34,3.05,15.421052631578949,0,46025,3.579,0.843,10.156,202.857,1010.743,18.397,19.997
2021-09-13,Newport Beach Pier,2021-09-13,33.6061,-117.9311,9,2021,0.0,15.0,3.46,0.3,6.64,0,19.70704035856286,0.0261224509235851,-0.1890474955240885,3.228571368381381,0,19.0,17.2,2.93,3.71,0.19,0.23,1.46,22.34,11.533333333333331,0,46025,3.348,0.863,13.613,198.083,1012.583,18.959,20.18
2021-09-20,Newport Beach Pier,2021-09-20,33.6061,-117.9311,9,2021,0.1,17.3,2.03,0.19,2.07,0,19.4231629079702,-0.2090816268203209,-0.0071429298037574,2.947142779827118,1,15.0,19.0,3.46,2.93,0.3,0.19,6.64,1.46,10.684210526315788,0,46025,2.767,1.069,15.816,189.595,1013.623,16.86,19.359
2021-09-27,Newport Beach Pier,2021-09-27,33.6061,-117.9311,9,2021,0.0,17.0,1.29,0.64,1.99,0,19.34214233865543,-0.1308163217439943,0.2661904834565662,4.0057141951152255,1,17.3,15.0,2.03,3.46,0.19,0.3,2.07,6.64,2.015625,0,46025,3.248,0.972,12.286,233.851,1014.825,17.798,19.424
2021-10-04,Newport Beach Pier,2021-10-04,33.6061,-117.9311,10,2021,0.0,18.5,3.41,0.15,1.71,0,19.69081571150799,0.425306123472294,-0.223333267938523,8.837142774036952,1,17.0,17.3,1.29,2.03,0.64,0.19,1.99,2.07,22.733333333333334,0,46025,2.75,1.033,14.113,195.131,1013.768,18.269,19.11
2021-10-11,Newport Beach Pier,2021-10-11,33.6061,-117.9311,10,2021,0.0,17.0,2.44,0.32,2.62,0,19.222856677308375,0.163877551253809,-0.171904790969122,7.064285641270025,0,18.5,17.0,3.41,1.29,0.15,0.64,1.71,1.99,7.625,0,46025,3.065,0.876,12.719,208.095,1015.428,18.062,18.985
2021-10-18,Newport Beach Pier,2021-10-18,33.6061,-117.9311,10,2021,0.0,16.2,3.19,0.18,1.86,0,18.082550574322138,-0.7411224350751359,-0.0138095674060639,0.7671428290860993,0,17.0,18.5,2.44,3.41,0.32,0.15,2.62,1.71,17.72222222222222,0,46025,4.111,1.216,13.231,216.655,1013.445,17.099,17.086
2021-10-25,Newport Beach Pier,2021-10-25,33.6061,-117.9311,10,2021,0.0,16.0,5.77,0.64,8.87,0,17.730305691154637,-0.7766326352649805,-0.0266666412353515,0.0,0,16.2,17.0,3.19,2.44,0.18,0.32,1.86,2.62,9.015625,0,46025,3.369,1.222,11.627,243.813,1015.566,16.11,17.342
2021-11-01,Newport Beach Pier,2021-11-01,33.6061,-117.9311,11,2021,0.0,15.5,2.54,0.76,4.61,0,17.569489517990423,-0.5646938608617199,-0.0438095274425688,0.0,0,16.0,16.2,5.77,3.19,0.64,0.18,8.87,1.86,3.3421052631578947,0,46025,3.485,1.285,13.894,237.667,1015.255,16.652,17.277
2021-11-08,Newport Beach Pier,2021-11-08,33.6061,-117.9311,11,2021,0.0,17.5,4.78,0.41,3.02,0,17.399999696381236,-0.354897946271361,0.0728571755545479,0.3685714091573442,1,15.5,16.0,2.54,5.77,0.76,0.64,4.61,8.87,11.658536585365855,0,46025,2.3,1.211,12.573,244.479,1017.309,14.964,16.557
2021-11-15,Newport Beach Pier,2021-11-15,33.6061,-117.9311,11,2021,0.0,17.5,5.09,0.14,2.66,0,17.41530572151651,0.0406122421275596,-0.0976191021147228,2.382857044892652,1,17.5,15.5,4.78,2.54,0.41,0.76,3.02,4.61,36.357142857142854,0,46025,2.757,1.004,13.908,212.792,1018.244,17.144,16.403
2021-11-22,Newport Beach Pier,2021-11-22,33.6061,-117.9311,11,2021,0.0,17.0,2.35,0.21,2.5,0,17.295509883335658,0.3074489687474406,0.0142858596075148,4.3814284184149335,1,17.5,17.5,5.09,4.78,0.14,0.41,2.66,3.02,11.190476190476192,0,46025,2.084,0.799,13.863,193.304,1017.718,15.055,16.116
2021-12-06,Newport Beach Pier,2021-12-06,33.6061,-117.9311,12,2021,0.0,16.0,2.13,0.2,2.32,0,16.895203940722407,0.6966326251930121,-0.067142849876767,9.752856752702169,1,17.0,17.5,2.35,5.09,0.21,0.14,2.5,2.66,10.65,0,46025,2.485,0.876,12.049,249.298,1018.703,13.781,16.453
2021-12-13,Newport Beach Pier,2021-12-13,33.6061,-117.9311,12,2021,0.0,15.0,2.45,0.35,3.09,0,16.39112229249915,0.5858163102244844,-0.100952420915876,8.201428343142782,1,16.0,17.0,2.13,2.35,0.2,0.21,2.32,2.5,7.000000000000001,0,46025,3.947,1.119,7.841,255.786,1016.87,,16.039
2021-12-20,Newport Beach Pier,2021-12-20,33.6061,-117.9311,12,2021,0.0,15.5,2.25,0.06,3.52,0,15.797754735362773,0.3170408107796493,-0.0419047673543293,4.438571350915091,1,15.0,16.0,2.45,2.13,0.35,0.2,3.09,2.32,37.5,0,46025,4.77,0.978,11.857,237.536,1018.969,13.604,14.104
2022-01-03,Newport Beach Pier,2022-01-03,33.6061,-117.9311,1,2022,0.0,15.1,2.53,1.21,4.95,0,14.994285359674572,-0.1213265277673395,-0.0561904453095935,0.3585714176297188,0,15.5,15.0,2.25,2.45,0.06,0.35,3.52,3.09,2.090909090909091,0,46025,6.195,1.375,7.558,237.518,1013.661,12.789,13.676
2022-01-10,Newport Beach Pier,2022-01-10,33.6061,-117.9311,1,2022,0.0,14.4,3.12,0.11,13.68,0,14.714387348720006,-0.2470408108617578,0.020952406383696,0.0171428567596844,1,15.1,15.5,2.53,2.25,1.21,0.06,4.95,3.52,28.363636363636363,0,46025,2.275,0.995,11.607,252.024,1018.684,13.152,13.606
2022-01-17,Newport Beach Pier,2022-01-17,33.6061,-117.9311,1,2022,0.0,15.0,2.16,0.4,1.8,0,14.768162892789258,-0.0543877532211493,0.0757142929803757,1.561428539454937,1,14.4,15.1,3.12,2.53,0.11,1.21,13.68,4.95,5.4,0,46025,2.585,1.254,13.953,259.613,1021.635,15.247,14.361
2022-01-24,Newport Beach Pier,2022-01-24,33.6061,-117.9311,1,2022,0.0,15.0,3.32,0.57,11.14,0,15.03204057654556,0.2884693830369078,-0.0042857215518043,4.502857057111604,1,15.0,14.4,2.16,3.12,0.4,0.11,1.8,13.68,5.824561403508772,0,46025,3.429,1.056,11.823,233.006,1018.808,15.344,14.731
2022-01-31,Newport Beach Pier,2022-01-31,33.6061,-117.9311,1,2022,0.0,14.5,3.55,-0.01,3.97,0,15.119591586443844,0.4027550916890708,-0.0071428843906947,5.638571283646992,1,15.0,15.0,3.32,2.16,0.57,0.4,11.14,1.8,-355.0,0,46025,2.997,1.086,14.337,260.726,1019.185,14.627,14.616
2022-02-07,Newport Beach Pier,2022-02-07,33.6061,-117.9311,2,2022,0.2,14.8,3.86,0.0,3.41,1,15.180101647668954,0.4833673299575339,0.0690476099650064,6.767142619405474,1,14.5,15.0,3.55,3.32,-0.01,0.57,3.97,11.14,,1,46025,3.053,0.835,13.075,228.192,1019.499,14.692,14.522
2022-02-14,Newport Beach Pier,2022-02-14,33.6061,-117.9311,2,2022,0.0,15.2,0.0,0.0,1.84,0,15.365611835401884,0.6861224277895325,-0.0428571701049804,9.605713989053454,1,14.8,14.5,3.86,3.55,0.0,-0.01,3.41,3.97,,0,46025,3.295,0.887,14.214,249.066,1019.089,16.742,14.641
2022-02-21,Newport Beach Pier,2022-02-21,33.6061,-117.9311,2,2022,0.0,14.5,3.18,0.0,3.39,0,15.245101578381597,0.5642857002664586,-0.1128571374075752,8.161428366388593,1,15.2,14.8,0.0,3.86,0.0,0.0,1.84,3.41,,0,46025,4.724,1.146,12.502,254.179,1017.598,14.225,14.769
2022-02-28,Newport Beach Pier,2022-02-28,33.6061,-117.9311,2,2022,0.0,14.0,4.72,2.2,8.94,0,14.873673001114202,0.1734693849801408,0.0580952508108956,3.208571368562324,1,14.5,15.2,3.18,0.0,0.0,0.0,3.39,1.84,2.145454545454545,0,46025,5.457,1.12,10.99,253.935,1019.598,12.663,14.282
2022-03-07,Newport Beach Pier,2022-03-07,33.6061,-117.9311,3,2022,0.0,14.2,1.59,0.9,4.8,0,14.788673040818194,0.0639795905017122,0.0452381315685453,1.5042856793318475,1,14.0,14.5,4.72,3.18,2.2,0.0,8.94,3.39,1.7666666666666666,0,46025,4.841,1.479,12.767,262.887,1016.947,14.419,14.663
2022-03-14,Newport Beach Pier,2022-03-14,33.6061,-117.9311,3,2022,0.0,15.3,0.0,0.0,3.23,0,15.130101680755615,0.3789795847913744,0.0866666521344865,5.39571418320494,1,14.2,14.0,1.59,4.72,0.9,2.2,4.8,8.94,,0,46025,3.899,0.949,9.68,251.77,1019.651,14.322,14.671
2022-03-21,Newport Beach Pier,2022-03-21,33.6061,-117.9311,3,2022,0.0,14.8,2.14,1.0,5.15,0,15.650101788189946,0.8625510096055817,0.011428605942499,12.075714134478144,1,15.3,14.2,0.0,1.59,0.0,0.9,3.23,4.8,2.14,0,46025,4.59,1.44,12.045,254.887,1017.473,14.781,14.966
2022-03-28,Newport Beach Pier,2022-03-28,33.6061,-117.9311,3,2022,0.0,15.3,1.7,0.0,2.06,0,15.87530583751445,1.0373469183639603,0.0109523591541108,14.522856857095446,1,14.8,15.3,2.14,0.0,1.0,0.0,5.15,3.23,,0,46025,3.272,1.127,12.311,249.494,1016.034,14.281,15.664
2022-04-04,Newport Beach Pier,2022-04-04,33.6061,-117.9311,4,2022,0.0,14.5,6.61,0.0,12.1,0,16.106428302064234,1.2133673064562738,0.2299999055408295,16.987142290387833,1,15.3,14.8,1.7,2.14,0.0,1.0,2.06,5.15,,0,46025,3.805,1.424,11.314,244.82,1013.559,13.955,15.779
2022-04-11,Newport Beach Pier,2022-04-11,33.6061,-117.9311,4,2022,0.0,15.4,2.3,0.0,2.91,0,16.646530200024042,1.6980611712348703,-0.2499998637608119,23.772856397288187,1,14.5,15.3,6.61,1.7,0.0,0.0,12.1,2.06,,0,46025,3.038,1.293,11.861,246.458,1012.788,16.715,17.104
2022-04-18,Newport Beach Pier,2022-04-18,33.6061,-117.9311,4,2022,0.0,14.3,10.39,0.5,7.19,0,16.29632601446035,1.2742856823059976,-0.1795238313220795,18.258570960589815,1,15.4,14.5,2.3,6.61,0.0,0.0,2.91,12.1,20.78,0,46025,5.686,1.504,7.874,257.801,1016.216,14.3,16.351
2022-04-25,Newport Beach Pier,2022-04-25,33.6061,-117.9311,4,2022,0.0,14.1,10.91,0.0,78.06,0,15.274693489074709,0.1385714293514587,0.1409523373558407,4.979999913168805,1,14.3,15.4,10.39,2.3,0.5,0.0,7.19,2.91,,0,46025,5.079,1.479,10.21,255.893,1015.902,14.782,15.393
2022-05-02,Newport Beach Pier,2022-05-02,33.6061,-117.9311,5,2022,0.0,16.0,2.12,0.0,6.03,0,15.478673146695508,0.2037755081011932,0.2438096091860816,5.764285599014589,1,14.1,14.3,10.91,10.39,0.0,0.5,78.06,7.19,,0,46025,3.025,1.336,11.376,253.054,1013.486,14.801,15.414
2022-05-09,Newport Beach Pier,2022-05-09,33.6061,-117.9311,5,2022,0.0,17.1,4.92,0.0,6.01,0,16.487040694879024,1.0699999770339654,-0.132857186453683,15.269999670130868,1,16.0,14.1,2.12,10.91,0.0,0.0,6.03,78.06,,0,46025,3.138,1.369,12.708,243.982,1013.479,15.023,16.22
2022-05-23,Newport Beach Pier,2022-05-23,33.6061,-117.9311,5,2022,0.0,16.2,2.45,0.24,3.675,0,16.95908141622738,1.1877550653048925,0.169523693266369,16.628570914268494,1,17.1,16.0,4.92,2.12,0.0,0.0,6.01,6.03,10.208333333333334,0,46025,2.894,1.173,12.508,216.152,1013.416,14.887,16.167
2022-05-30,Newport Beach Pier,2022-05-31,33.6061,-117.9311,5,2022,0.0,17.2,2.82,0.0,1.34,0,17.851632293389766,1.8275509610468028,0.1100000653948102,25.58571345465524,1,16.2,17.1,2.45,4.92,0.24,0.0,3.675,6.01,,0,46025,2.773,0.93,14.008,194.161,1012.991,15.394,16.976
2022-06-06,Newport Beach Pier,2022-06-06,33.6061,-117.9311,6,2022,0.0,19.0,2.36,0.0,1.16,0,18.738979203360422,2.4529591141914833,0.1257142566499255,34.34142759868077,1,17.2,16.2,2.82,2.45,0.0,0.24,1.34,3.675,,0,46025,3.203,1.236,14.845,220.631,1010.787,16.315,17.621
2022-06-13,Newport Beach Pier,2022-06-13,33.6061,-117.9311,6,2022,0.0,17.0,4.23,0.21,1.38,0,19.4837750999295,2.933265223795054,0.0676189604259672,41.06571313313076,1,19.0,17.2,2.36,2.82,0.0,0.0,1.16,1.34,20.142857142857142,0,46025,2.937,1.043,9.525,248.12,1010.972,16.879,18.866
2022-06-20,Newport Beach Pier,2022-06-20,33.6061,-117.9311,6,2022,0.0,19.0,2.84,0.34,2.61,0,20.001632048159227,3.1392856288929374,-0.1552380153111048,43.94999880450113,1,17.0,19.0,4.23,2.36,0.21,0.0,1.38,1.16,8.352941176470587,0,46025,3.566,1.123,10.216,234.696,1010.954,17.247,18.381
2022-06-27,Newport Beach Pier,2022-06-27,33.6061,-117.9311,6,2022,0.0,19.3,1.87,0.4,1.2,0,19.778162683759415,2.532142800944192,0.111428487868536,35.44999921321869,1,19.0,17.0,2.84,4.23,0.34,0.21,2.61,1.38,4.675,0,46025,3.476,0.982,13.261,232.419,1012.476,16.423,18.821
2022-07-04,Newport Beach Pier,2022-07-05,33.6061,-117.9311,7,2022,0.0,18.3,2.96,0.55,3.71,0,19.584897488963843,1.9274489380875413,-0.1004760378882998,26.984285133225576,1,19.3,19.0,1.87,2.84,0.4,0.34,1.2,2.61,5.381818181818181,0,46025,2.953,1.021,12.255,203.637,1014.88,17.052,19.24
2022-07-11,Newport Beach Pier,2022-07-11,33.6061,-117.9311,7,2022,0.0,18.2,3.52,0.0,5.27,0,19.450407767782405,1.3807142601937663,-0.0266667320614769,19.32999964271273,1,18.3,19.3,2.96,1.87,0.55,0.4,3.71,1.2,,0,46025,3.208,0.967,7.448,241.0,1015.098,17.827,20.125
2022-07-18,Newport Beach Pier,2022-07-18,33.6061,-117.9311,7,2022,0.0,19.4,1.67,0.0,2.14,0,19.47112207996602,1.01928570364811,0.1966667175292968,14.269999851073536,1,18.2,18.3,3.52,2.96,0.0,0.55,5.27,3.71,,0,46025,2.557,0.992,14.23,201.533,1013.153,17.157,19.843
2022-07-25,Newport Beach Pier,2022-07-25,33.6061,-117.9311,7,2022,0.0,20.5,0.0,0.0,1.87,0,20.217958820109462,1.4688775355414467,0.0409523191906156,20.564285497580254,1,19.4,18.2,1.67,3.52,0.0,0.0,2.14,5.27,,0,46025,2.635,1.133,15.29,196.673,1013.571,17.748,19.543
2022-08-01,Newport Beach Pier,2022-08-01,33.6061,-117.9311,8,2022,0.0,21.0,0.0,0.0,4.93,0,20.79408120135872,1.8083673204694477,-0.0528571719215029,25.317142486572266,1,20.5,19.4,0.0,1.67,0.0,0.0,1.87,2.14,,0,46025,2.548,0.777,13.742,204.5,1013.428,18.238,20.156
2022-08-08,Newport Beach Pier,2022-08-08,33.6061,-117.9311,8,2022,0.0,19.0,1.86,0.0,2.01,0,20.93908121147934,1.720612210886819,0.152857190086728,24.088570952415463,1,21.0,20.5,0.0,0.0,0.0,0.0,4.93,1.87,,0,46025,3.601,1.188,11.018,206.012,1013.869,19.571,21.398
2022-08-15,Newport Beach Pier,2022-08-15,33.6061,-117.9311,8,2022,0.0,20.5,2.42,0.0,1.14,0,21.18550983740359,1.745510159706583,-0.0480952489943731,24.43714223589216,1,19.0,21.0,1.86,0.0,0.0,0.0,2.01,4.93,,0,46025,3.018,1.0,9.107,232.09,1013.989,19.681,20.924
2022-08-22,Newport Beach Pier,2022-08-22,33.6061,-117.9311,8,2022,0.0,20.8,2.89,0.0,3.01,0,21.44132606350646,1.858979540211814,0.1266667502267019,26.025713562965393,1,20.5,19.0,2.42,1.86,0.0,0.0,1.14,2.01,,0,46025,2.83,0.89,13.0,193.55,1011.776,18.347,21.269
2022-08-29,Newport Beach Pier,2022-08-29,33.6061,-117.9311,8,2022,0.0,19.5,2.49,0.0,10.73,0,21.570611836958903,1.9368366891024065,0.0928570883614676,27.11571364743369,1,20.8,20.5,2.89,2.42,0.0,0.0,3.01,1.14,,0,46025,2.842,0.927,14.403,194.327,1012.642,19.068,21.932
2022-09-05,Newport Beach Pier,2022-09-06,33.6061,-117.9311,9,2022,0.0,21.2,2.34,0.0,2.26,0,22.40550983195402,2.7463264623466803,0.1138094947451636,38.448570472853525,1,19.5,20.8,2.49,2.89,0.0,0.0,10.73,3.01,,0,46025,3.901,1.049,10.903,224.241,1010.449,20.569,22.255
2022-09-12,Newport Beach Pier,2022-09-12,33.6061,-117.9311,9,2022,0.0,23.0,0.0,0.36,2.72,0,23.211326034701603,3.5291835981972364,-0.1480952671595982,49.40857037476131,1,21.2,19.5,2.34,2.49,0.0,0.0,2.26,10.73,0.0,0,46025,3.31,1.26,12.595,180.497,1009.015,22.914,22.922
2022-09-19,Newport Beach Pier,2022-09-19,33.6061,-117.9311,9,2022,0.0,20.9,1.49,0.0,1.59,0,22.73163209642683,3.0849999384004243,-0.1533333006359281,43.18999913760594,1,23.0,21.2,0.0,2.34,0.36,0.0,2.72,2.26,,0,46025,2.728,1.129,12.49,201.808,1012.087,21.029,23.057
2022-10-03,Newport Beach Pier,2022-10-03,33.6061,-117.9311,10,2022,0.0,18.8,3.66,0.41,1.61,0,21.141020035257142,1.846734646631747,0.0271429334368024,25.854285052844457,1,20.9,23.0,1.49,0.0,0.0,0.36,1.59,2.72,8.926829268292684,0,46025,3.29,0.959,13.032,205.003,1012.668,19.979,22.126
2022-10-10,Newport Beach Pier,2022-10-11,33.6061,-117.9311,10,2022,0.0,19.5,1.79,0.0,10.39,0,20.93693851938053,1.848367270766472,-0.1766666230701264,25.87714179073061,1,18.8,20.9,3.66,1.49,0.41,0.0,1.61,1.59,,0,46025,2.225,0.895,13.911,194.735,1015.738,18.836,20.614
2022-10-17,Newport Beach Pier,2022-10-17,33.6061,-117.9311,10,2022,0.054,18.6,2.12,0.64,4.37,0,20.466224222767107,1.604285660446907,0.012380872453962,22.459999246256693,1,19.5,18.8,1.79,3.66,0.0,0.41,10.39,1.61,3.3125,0,46025,2.931,0.773,14.801,191.287,1014.886,18.422,21.15
2022-10-24,Newport Beach Pier,2022-10-24,33.6061,-117.9311,10,2022,0.0,19.2,1.63,1.1,1.63,0,20.10132614447146,1.5437754830535575,0.0161903926304408,21.612856762749807,1,18.6,19.5,2.12,1.79,0.64,0.0,4.37,10.39,1.4818181818181817,0,46025,3.145,0.893,13.819,220.914,1013.442,19.215,20.614
2022-10-31,Newport Beach Pier,2022-11-01,33.6061,-117.9311,11,2022,0.0,18.8,3.02,0.45,2.5,0,19.923570847024724,1.7357142518787665,-0.3052379971458798,24.29999952630273,1,19.2,18.6,1.63,2.12,1.1,0.64,1.63,4.37,6.711111111111111,0,46025,3.279,0.958,10.446,233.036,1017.498,17.826,18.899
2022-11-07,Newport Beach Pier,2022-11-07,33.6061,-117.9311,11,2022,0.0,17.0,2.75,0.68,3.12,0,18.779081033200633,0.9702040613723956,-0.0823808397565569,13.945714003007328,1,18.8,19.2,3.02,1.63,0.45,1.1,2.5,1.63,4.044117647058823,0,46025,4.618,1.273,9.649,251.395,1016.521,15.941,17.467
2022-11-14,Newport Beach Pier,2022-11-14,33.6061,-117.9311,11,2022,0.0,16.5,2.32,0.37,3.62,0,17.602754904299367,0.1748979548562546,-0.0328572591145833,2.9085713688816344,1,17.0,18.8,2.75,3.02,0.68,0.45,3.12,2.5,6.27027027027027,0,46025,4.313,1.026,10.414,232.389,1016.36,14.971,16.213
2022-11-21,Newport Beach Pier,2022-11-21,33.6061,-117.9311,11,2022,0.0,16.0,2.15,0.33,1.07,0,17.280918199188854,0.2385714208441121,0.0142857687813895,3.4371427489178523,1,16.5,17.0,2.32,2.75,0.37,0.68,3.62,3.12,6.515151515151515,0,46025,3.445,0.856,13.01,224.866,1019.639,16.233,16.173
2022-12-05,Newport Beach Pier,2022-12-05,33.6061,-117.9311,12,2022,0.0,16.0,2.06,0.69,2.32,0,16.773673106213003,0.5191836577593064,-0.0990476154145739,7.26857120863029,1,16.0,16.5,2.15,2.32,0.33,0.37,1.07,3.62,2.985507246376812,0,46025,3.362,0.841,12.211,222.29,1016.91,14.747,16.483
2022-12-12,Newport Beach Pier,2022-12-13,33.6061,-117.9311,12,2022,0.0,15.0,2.68,1.02,2.91,0,16.12224445537645,0.2631632551664905,-0.0666666485014415,3.8285712863185575,1,16.0,16.0,2.06,2.15,0.69,0.33,2.32,1.07,2.627450980392157,0,46025,4.366,0.981,11.365,253.622,1019.768,14.269,16.207
2022-12-19,Newport Beach Pier,2022-12-19,33.6061,-117.9311,12,2022,0.0,14.5,2.88,0.0,6.29,0,15.616326156927611,0.0972448944171167,0.0157143274943033,1.5614285210945775,1,15.0,16.0,2.68,2.06,1.02,0.69,2.91,2.32,,0,46025,3.19,1.078,12.799,253.018,1017.647,13.593,15.262
2023-01-02,Newport Beach Pier,2023-01-03,33.6061,-117.9311,1,2023,0.0,14.5,3.46,1.83,2.67,0,15.59826509320006,0.4611224327996677,-0.0776190530686151,6.455714059195349,1,14.5,15.0,2.88,2.68,0.0,1.02,6.29,2.91,1.890710382513661,0,46025,3.667,1.807,12.571,258.967,1015.673,14.47,15.076
2023-01-09,Newport Beach Pier,2023-01-10,33.6061,-117.9311,1,2023,0.0,14.5,3.4,2.11,2.75,0,15.286224228995186,0.3036734589128469,-0.0538095746721539,4.329999849998525,1,14.5,14.5,3.46,2.88,1.83,0.0,2.67,6.29,1.6113744075829384,0,46025,5.458,2.34,13.702,261.982,1018.512,13.781,14.715
2023-01-16,Newport Beach Pier,2023-01-18,33.6061,-117.9311,1,2023,0.0,14.0,8.86,4.49,1.07,0,14.852652744371063,0.0141836723920946,-0.0347618829636346,0.9385713855070728,0,14.5,14.5,3.4,3.46,2.11,1.83,2.75,2.67,1.973273942093541,0,46025,4.376,2.383,14.441,262.491,1018.513,14.376,14.596
2023-01-23,Newport Beach Pier,2023-01-23,33.6061,-117.9311,1,2023,0.0,13.0,4.35,2.83,3.17,0,14.58357114207988,-0.1672448925483895,-0.0195238022577194,0.0385714277092899,0,14.0,14.5,8.86,3.4,4.49,2.11,1.07,2.75,1.537102473498233,0,46025,5.385,1.796,12.869,258.708,1017.994,13.029,14.043
2023-01-30,Newport Beach Pier,2023-01-30,33.6061,-117.9311,1,2023,0.0,14.0,1.9,1.35,1.94,0,14.406224211867976,-0.3128571333173586,-0.0004761559622628,0.0,0,13.0,14.0,4.35,8.86,2.83,4.49,3.17,1.07,1.4074074074074072,0,46025,4.553,1.144,15.356,237.667,1020.569,13.752,13.882
2023-02-06,Newport Beach Pier,2023-02-06,33.6061,-117.9311,2,2023,0.0,14.0,2.91,1.55,4.73,0,14.3717343953191,-0.3276530521712741,-0.0085714885166713,0.0,0,14.0,13.0,1.9,4.35,1.35,2.83,1.94,3.17,1.8774193548387097,0,46025,4.782,1.043,13.048,224.518,1020.469,13.654,14.306
2023-02-13,Newport Beach Pier,2023-02-13,33.6061,-117.9311,2,2023,0.0,13.8,2.21,1.17,6.55,0,14.26959144825838,-0.4120408064134571,-0.0699999673025948,0.0,0,14.0,14.0,2.91,1.9,1.55,1.35,4.73,1.94,1.888888888888889,0,46025,4.693,1.356,12.059,253.077,1020.311,14.016,14.303
2023-02-20,Newport Beach Pier,2023-02-21,33.6061,-117.9311,2,2023,0.097,13.8,0.0,0.95,9.32,0,13.947346551077706,-0.7314285565433758,-0.1109523773193359,0.0,0,13.8,14.0,2.21,2.91,1.17,1.55,6.55,4.73,0.0,0,46025,4.812,1.256,12.168,244.548,1017.228,12.82,13.941
2023-02-27,Newport Beach Pier,2023-02-28,33.6061,-117.9311,2,2023,0.043,13.5,19.88,14.47,3.59,0,13.500101751210735,-1.1969387537362624,0.0247618357340494,0.0,0,13.8,13.8,0.0,2.21,0.95,1.17,9.32,6.55,1.3738769868693848,0,46025,6.506,1.792,9.018,234.83,1014.249,11.215,12.923
2023-03-06,Newport Beach Pier,2023-03-06,33.6061,-117.9311,3,2023,0.169,13.3,3.61,5.29,5.25,1,13.339489421065974,-1.3829591529709953,0.0819048200334821,0.0,0,13.5,13.8,19.88,0.0,14.47,0.95,3.59,9.32,0.6824196597353497,1,46025,4.955,1.267,9.924,256.15,1016.853,11.53,12.781
2023-03-13,Newport Beach Pier,2023-03-13,33.6061,-117.9311,3,2023,0.141,13.5,8.09,7.11,7.27,1,13.771632291832749,-0.9776530363501944,0.1223809378487722,0.0085714283798422,1,13.3,13.5,3.61,19.88,5.29,14.47,5.25,3.59,1.1378340365682138,1,46025,3.679,1.137,10.928,244.476,1019.897,12.193,13.384
2023-03-20,Newport Beach Pier,2023-03-20,33.6061,-117.9311,3,2023,2.4,15.0,2.64,1.17,3.64,1,14.332448628483986,-0.4498979503630984,-0.0047619229271298,0.0599999986588954,0,13.5,13.3,8.09,3.61,7.11,5.29,7.27,5.25,2.256410256410257,1,46025,3.522,1.127,11.678,234.946,1017.126,12.792,13.516
2023-03-27,Newport Beach Pier,2023-03-27,33.6061,-117.9311,3,2023,0.04,14.0,4.9,2.93,3.62,0,14.545509815216064,-0.284183667554539,-0.061904680161249,0.0514285702790532,0,15.0,13.5,2.64,8.09,1.17,7.11,3.64,7.27,1.6723549488054608,0,46025,7.074,1.895,8.054,248.896,1017.524,12.442,13.391
2023-04-03,Newport Beach Pier,2023-04-03,33.6061,-117.9311,4,2023,0.042,13.3,7.41,2.72,11.6,0,14.213469116055236,-0.672244883313471,-0.0919047764369419,0.0,0,14.0,15.0,4.9,2.64,2.93,1.17,3.62,3.64,2.724264705882353,0,46025,4.361,1.082,7.924,255.737,1018.67,12.708,14.02
2023-04-10,Newport Beach Pier,2023-04-10,33.6061,-117.9311,4,2023,0.051,14.0,11.36,6.75,17.08,0,13.695918151310511,-1.2447958929198129,0.1004761287144252,0.0,0,13.3,14.0,7.41,4.9,2.72,2.93,11.6,3.62,1.6829629629629628,0,46025,5.4,1.229,7.388,262.114,1018.426,12.347,13.705
2023-04-17,Newport Beach Pier,2023-04-17,33.6061,-117.9311,4,2023,0.039,14.0,0.0,0.0,3.87,0,13.961326268254494,-1.047653046341575,0.1319047837030319,0.0814285672136715,1,14.0,13.3,11.36,7.41,6.75,2.72,17.08,11.6,,0,46025,2.438,1.048,11.093,235.771,1015.681,12.285,14.182
2023-04-24,Newport Beach Pier,2023-04-24,33.6061,-117.9311,4,2023,0.0,15.5,3.8,0.0,6.7,0,14.902958957516416,-0.2141836799909265,0.0814285278320312,1.6828570562813965,1,14.0,14.0,0.0,11.36,0.0,6.75,3.87,17.08,,0,46025,3.01,1.118,7.957,256.397,1015.797,14.29,14.866
2023-05-01,Newport Beach Pier,2023-05-01,33.6061,-117.9311,5,2023,0.0,15.7,3.22,0.0,3.89,0,15.644591545572084,0.3892856971265709,0.1285714649018786,5.764285472354719,1,15.5,14.0,3.8,0.0,0.0,0.0,6.7,3.87,,0,46025,2.548,0.943,13.415,216.212,1014.384,12.857,14.915
2023-05-08,Newport Beach Pier,2023-05-08,33.6061,-117.9311,5,2023,0.0,16.3,5.4,0.0,2.69,0,16.220611757161667,0.8238775307426647,-0.0542857760474794,11.534285430397306,1,15.7,15.5,3.22,3.8,0.0,0.0,3.89,6.7,,0,46025,3.925,1.066,12.182,227.656,1015.133,13.582,15.458
2023-05-15,Newport Beach Pier,2023-05-15,33.6061,-117.9311,5,2023,0.0,17.3,7.36,0.3,7.01,0,16.653060514099742,1.1085714040970316,0.1371428171793619,15.519999657358442,1,16.3,15.7,5.4,3.22,0.0,0.0,2.69,3.89,24.533333333333335,0,46025,3.415,1.129,12.573,211.052,1015.429,14.533,16.428
2023-05-22,Newport Beach Pier,2023-05-22,33.6061,-117.9311,5,2023,0.0,17.4,3.27,0.0,4.45,0,17.118162563868932,1.3798979307923998,0.055714380173456,19.318571031093597,1,17.3,16.3,7.36,5.4,0.3,0.0,7.01,2.69,,0,46025,2.5,1.12,14.448,191.244,1016.282,14.43,16.683
2023-05-29,Newport Beach Pier,2023-05-30,33.6061,-117.9311,5,2023,0.0,17.4,7.49,0.0,6.83,0,17.54561167347188,1.5588775264973544,-0.0038095201764787,21.82428537096296,1,17.4,17.3,3.27,7.36,0.0,0.3,4.45,7.01,,0,46025,3.056,0.866,15.221,200.497,1014.35,15.072,16.932
2023-06-12,Newport Beach Pier,2023-06-12,33.6061,-117.9311,6,2023,0.0,17.7,2.81,0.27,3.61,0,17.672958685427297,1.1569387566070168,0.0404761178152901,16.197142592498235,1,17.4,17.4,7.49,3.27,0.0,0.0,6.83,4.45,10.407407407407408,0,46025,2.997,0.857,14.527,188.601,1014.36,15.805,17.494
2023-06-19,Newport Beach Pier,2023-06-20,33.6061,-117.9311,6,2023,0.0,17.3,4.74,0.23,4.5,0,17.852754592895508,1.0357142595612274,0.0009524935767764,14.499999633857184,1,17.7,17.4,2.81,7.49,0.27,0.0,3.61,6.83,20.60869565217391,0,46025,3.171,0.754,14.509,186.323,1015.316,16.134,17.516
2023-06-26,Newport Beach Pier,2023-06-26,33.6061,-117.9311,6,2023,0.0,16.3,2.53,0.69,3.88,0,17.895305691933146,0.7051020246379229,-0.0314285641624813,9.928571199732168,1,17.3,17.7,4.74,2.81,0.23,0.27,4.5,3.61,3.6666666666666665,0,46025,3.5,1.072,8.624,239.087,1015.847,16.309,17.956
2023-07-03,Newport Beach Pier,2023-07-05,33.6061,-117.9311,7,2023,0.0,18.0,0.0,1.26,2.57,0,17.879693556805048,0.2798979556073948,0.0719046819777715,4.138571369860854,1,16.3,17.3,2.53,4.74,0.69,0.23,3.88,4.5,0.0,0,46025,2.98,0.971,10.409,217.515,1013.171,15.305,17.709
2023-07-10,Newport Beach Pier,2023-07-10,33.6061,-117.9311,7,2023,0.0,18.5,2.61,0.0,39.97,0,18.306530096093,0.2952040755094922,0.2480952853248232,4.295714193688972,1,18.0,16.3,0.0,2.53,1.26,0.69,2.57,3.88,,0,46025,2.733,1.032,14.022,194.908,1012.975,15.626,17.586
2023-07-17,Newport Beach Pier,2023-07-19,33.6061,-117.9311,7,2023,0.0,19.5,1.96,0.25,1.09,0,19.48173427581787,1.0797958929395797,0.079047611781529,15.117142501154117,1,18.5,18.0,2.61,0.0,0.0,1.26,39.97,2.57,7.84,0,46025,2.662,0.863,13.001,193.036,1013.461,17.029,19.416
2023-07-31,Newport Beach Pier,2023-08-01,33.6061,-117.9311,8,2023,0.0,22.5,1.86,0.26,1.42,0,21.13571392759985,2.184693826704609,0.0552380879720051,30.585713573864528,1,19.5,18.5,1.96,2.61,0.25,0.0,1.09,39.97,7.153846153846154,0,46025,2.491,0.76,12.155,208.43,1013.785,19.158,20.211
2023-08-07,Newport Beach Pier,2023-08-07,33.6061,-117.9311,8,2023,0.0,22.7,1.8,0.0,0.91,0,21.722856657845632,2.538673398446064,-0.0319048563639323,35.54142757824489,1,22.5,19.5,1.86,1.96,0.26,0.25,1.42,1.09,,0,46025,3.095,1.077,9.095,232.28,1014.117,19.157,20.449
2023-08-14,Newport Beach Pier,2023-08-14,33.6061,-117.9311,8,2023,0.0,21.1,4.52,0.83,7.36,0,21.520917775679607,2.109999932899919,-0.2390475500197637,29.539999060598863,1,22.7,22.5,1.8,1.86,0.0,0.26,0.91,1.42,5.44578313253012,0,46025,2.635,0.907,13.316,186.56,1015.49,18.265,20.955
2023-08-28,Newport Beach Pier,2023-08-28,33.6061,-117.9311,8,2023,0.0,17.5,3.4,0.0,6.7,0,20.017040213760065,0.3878571407451313,0.1509523845854259,5.6799999704318385,1,21.1,22.7,4.52,1.8,0.83,0.0,7.36,0.91,,0,46025,3.679,0.898,13.025,196.443,1013.416,19.062,19.965
2023-09-04,Newport Beach Pier,2023-09-05,33.6061,-117.9311,9,2023,0.0,18.6,2.31,0.0,11.31,0,20.455407551356725,0.800510188298566,0.1090475718180338,11.401428350380488,1,17.5,21.1,3.4,4.52,0.0,0.83,6.7,7.36,,0,46025,2.4,0.917,13.525,191.269,1011.878,20.113,21.007
2023-09-11,Newport Beach Pier,2023-09-11,33.6061,-117.9311,9,2023,0.0,19.3,2.59,0.0,14.54,0,20.964081083025253,1.285306092427701,-0.1147618974958147,17.99428529398782,1,18.6,17.5,2.31,3.4,0.0,0.0,11.31,6.7,,0,46025,3.508,1.052,15.193,178.205,1014.203,19.664,20.32
2023-09-18,Newport Beach Pier,2023-09-18,33.6061,-117.9311,9,2023,0.0,19.7,2.25,0.0,4.56,0,20.637244438638493,0.9810203826435064,-0.1523808978852771,13.734285357009089,1,19.3,18.6,2.59,2.31,0.0,0.0,14.54,11.31,,0,46025,2.991,0.961,12.497,194.265,1014.193,19.006,20.403
2023-09-25,Newport Beach Pier,2023-09-25,33.6061,-117.9311,9,2023,0.0,17.7,2.56,0.0,2.64,0,19.84448935061085,0.3196938660527978,-0.0195238930838448,4.691428400310023,1,19.7,19.3,2.25,2.59,0.0,0.0,4.56,14.54,,0,46025,3.004,0.745,14.002,192.128,1014.647,18.578,19.93
2023-10-02,Newport Beach Pier,2023-10-02,33.6061,-117.9311,10,2023,0.0,19.0,1.15,0.0,2.29,0,19.48234647634078,0.1579591823095569,0.1028572264171781,2.481428540710892,1,17.7,19.7,2.56,2.25,0.0,0.0,2.64,4.56,,0,46025,3.476,1.085,8.115,248.746,1013.13,18.338,19.394
2023-10-09,Newport Beach Pier,2023-10-09,33.6061,-117.9311,10,2023,0.0,18.8,3.12,0.53,6.27,0,19.749183187679368,0.6312244757059581,0.0057142348516554,8.891428372689656,1,19.0,17.7,1.15,2.56,0.0,0.0,2.29,2.64,5.886792452830188,0,46025,2.785,0.792,12.279,188.387,1013.17,18.25,18.705
2023-10-16,Newport Beach Pier,2023-10-16,33.6061,-117.9311,10,2023,0.0,19.3,2.27,0.61,1.16,0,20.0339792018034,1.1369387405563374,-0.0209523155575707,15.917142367788724,1,18.8,19.0,3.12,1.15,0.53,0.0,6.27,2.29,3.721311475409836,0,46025,3.79,1.283,11.05,230.065,1010.888,18.34,19.319
2023-10-30,Newport Beach Pier,2023-10-31,33.6061,-117.9311,10,2023,0.0,18.0,2.6,0.0,3.26,0,19.249693481289608,1.0066326297059351,-0.0361903962634859,14.092856815883092,1,19.3,18.8,2.27,3.12,0.61,0.53,1.16,6.27,,0,46025,4.479,1.243,9.786,230.734,1013.581,18.139,19.967
2023-11-06,Newport Beach Pier,2023-11-07,33.6061,-117.9311,11,2023,0.0,18.5,1.38,0.0,2.53,0,18.786836546294545,0.92204080157134,-0.1252381461007254,12.90857122199876,1,18.0,19.3,2.6,2.27,0.0,0.61,3.26,1.16,,0,46025,3.037,0.763,13.326,209.226,1017.028,18.847,19.025
2023-11-13,Newport Beach Pier,2023-11-13,33.6061,-117.9311,11,2023,0.0,17.1,2.4,0.24,0.98,0,18.27826503831513,0.7933673329499303,-0.0185714903331938,11.107142661299024,1,18.5,18.0,1.38,2.6,0.0,0.0,2.53,3.26,10.0,0,46025,4.285,1.133,10.021,234.084,1016.534,18.058,18.262
2023-11-20,Newport Beach Pier,2023-11-20,33.6061,-117.9311,11,2023,0.0,18.0,2.27,0.0,1.07,0,17.916019945728536,0.8161224306237941,0.0061905270531064,11.425714028733116,1,17.1,18.5,2.4,1.38,0.24,0.0,0.98,2.53,,0,46025,3.852,1.099,12.16,212.639,1015.936,17.053,17.994
2023-11-27,Newport Beach Pier,2023-11-29,33.6061,-117.9311,11,2023,0.0,17.0,2.08,0.0,2.12,0,17.85530557437819,1.1484693641565282,-0.0923809778122674,16.078571098191397,1,18.0,17.1,2.27,2.4,0.0,0.24,1.07,0.98,,0,46025,3.35,0.89,12.667,206.173,1017.12,17.75,17.963
2023-12-04,Newport Beach Pier,2023-12-05,33.6061,-117.9311,12,2023,0.0,17.0,2.04,0.25,2.88,0,17.513570824447942,1.2029591622401257,-0.0166665940057663,16.84142827136176,1,17.0,18.0,2.08,2.27,0.0,0.0,2.12,1.07,8.16,0,46025,3.926,1.173,11.691,250.438,1018.129,16.459,17.409
2023-12-11,Newport Beach Pier,2023-12-12,33.6061,-117.9311,12,2023,0.0,16.5,1.81,0.0,1.07,0,17.155917887784998,1.239591813817316,0.0123809632800874,17.354285393442428,1,17.0,17.0,2.04,2.08,0.25,0.0,2.88,2.12,,0,46025,3.516,1.186,13.05,241.376,1019.515,16.996,17.479
2024-01-01,Newport Beach Pier,2024-01-02,33.6061,-117.9311,1,2024,0.0,16.0,4.03,0.0,7.54,0,16.81836677084164,1.6610203798936338,-0.08000001453218,23.25428531851087,1,16.5,17.0,1.81,2.04,0.0,0.25,1.07,2.88,,0,46025,3.195,2.201,15.255,259.045,1020.593,15.312,16.638
2024-01-08,Newport Beach Pier,2024-01-08,33.6061,-117.9311,1,2024,0.0,14.3,6.69,1.13,8.16,0,16.261326050271794,1.2587754893667846,-0.1428570520310174,17.62285685113498,1,16.0,16.5,4.03,1.81,0.0,0.0,7.54,1.07,5.9203539823008855,0,46025,5.726,1.766,11.878,261.134,1019.686,15.025,16.21
2024-01-15,Newport Beach Pier,2024-01-15,33.6061,-117.9311,1,2024,0.0,14.1,2.33,0.77,7.07,0,15.543775101097262,0.6885714138648947,0.026190439860026,9.639999794108528,1,14.3,16.0,6.69,4.03,1.13,0.0,8.16,7.54,3.025974025974026,0,46025,4.604,1.415,10.049,261.69,1019.541,13.646,15.184
2024-01-22,Newport Beach Pier,2024-01-24,33.6061,-117.9311,1,2024,0.0,15.2,2.1,0.46,1.33,0,15.384285430518949,0.6256122275882837,0.0576190494355701,8.758571186235972,1,14.1,14.3,2.33,6.69,0.77,1.13,7.07,8.16,4.565217391304348,0,46025,2.597,1.16,12.871,250.274,1016.57,14.202,15.237
2024-01-29,Newport Beach Pier,2024-01-29,33.6061,-117.9311,1,2024,0.0,15.0,0.0,0.0,1.21,0,15.6733670623935,0.9509183481639744,-0.0480952489943731,13.312856874295644,1,15.2,14.1,2.1,2.33,0.46,0.77,1.33,7.07,,0,46025,3.856,1.662,12.503,259.488,1017.812,15.389,15.624
2024-02-05,Newport Beach Pier,2024-02-07,33.6061,-117.9311,2,2024,0.0,14.8,17.26,12.0,1.04,0,15.496122078019749,0.7929591649040885,-0.0719047273908342,11.101428308657235,1,15.0,15.2,0.0,2.1,0.0,0.46,1.21,1.33,1.4383333333333337,0,46025,5.52,1.859,12.167,248.095,1014.964,14.887,15.989
2024-02-12,Newport Beach Pier,2024-02-12,33.6061,-117.9311,2,2024,0.0,15.0,3.72,0.41,5.53,0,15.104693510094467,0.4219387608523271,0.0161904380435035,5.90714265193258,1,14.8,15.0,17.26,0.0,12.0,0.0,1.04,1.21,9.073170731707318,0,46025,6.346,1.859,9.517,253.655,1014.166,13.419,15.237
2024-02-19,Newport Beach Pier,2024-02-21,33.6061,-117.9311,2,2024,0.0,15.0,23.07,12.36,1.54,0,15.075203691210064,0.4007142782211303,0.0509524118332635,5.609999895095825,1,15.0,14.8,3.72,17.26,0.41,12.0,5.53,1.04,1.866504854368932,0,46025,2.982,1.048,14.027,250.914,1019.631,13.962,15.167
2024-02-26,Newport Beach Pier,2024-02-27,33.6061,-117.9311,2,2024,0.0,15.0,7.57,0.85,3.25,0,15.343775145861567,0.6539795839664888,0.0738095328921363,9.155714175530845,1,15.0,15.0,23.07,3.72,12.36,0.41,1.54,5.53,8.905882352941177,0,46025,3.928,1.757,13.294,257.218,1018.943,14.683,15.31
2024-03-04,Newport Beach Pier,2024-03-04,33.6061,-117.9311,3,2024,0.0,15.0,15.33,6.03,3.6,0,15.657244623923788,0.941530603231216,-0.0461904889061337,13.181428445237025,1,15.0,15.0,7.57,23.07,0.85,12.36,3.25,1.54,2.54228855721393,0,46025,3.807,0.96,12.83,227.759,1018.043,14.258,15.494
2024-03-18,Newport Beach Pier,2024-03-19,33.6061,-117.9311,3,2024,0.0,15.0,-0.199,0.0,2.55,0,15.755203801758435,0.9832652843728358,0.0628572191510881,13.7657139812197,1,15.0,15.0,15.33,7.57,6.03,0.85,3.6,3.25,,0,46025,4.362,1.334,12.533,239.907,1015.778,14.461,14.85
2024-03-25,Newport Beach Pier,2024-03-26,33.6061,-117.9311,3,2024,0.0,13.0,12.739,14.72,2.78,0,15.529081334873124,0.7126530545326519,-0.2152381170363653,10.794285597013577,1,15.0,15.0,-0.199,15.33,0.0,6.03,2.55,3.6,0.8654211956521739,0,46025,4.226,1.124,13.679,243.601,1016.234,14.189,15.407
2024-04-01,Newport Beach Pier,2024-04-01,33.6061,-117.9311,4,2024,0.0,14.0,2.009,0.0,4.89,0,14.943162947284932,0.072755103607719,0.0438094820295061,3.78428568291877,1,13.0,15.0,12.739,-0.199,14.72,0.0,2.78,2.55,,0,46025,5.704,1.518,11.29,256.481,1014.155,13.21,13.853
2024-04-08,Newport Beach Pier,2024-04-08,33.6061,-117.9311,4,2024,0.0,14.0,4.36,1.57,5.7,0,14.763775105379066,-0.1618367328061436,-0.0447618393670945,0.7157142617340598,1,14.0,13.0,2.009,12.739,0.0,14.72,4.89,2.78,2.777070063694268,0,46025,4.337,1.2,9.075,251.149,1018.493,12.992,14.033
2024-04-15,Newport Beach Pier,2024-04-15,33.6061,-117.9311,4,2024,0.0,14.5,3.464,0.0,3.56,0,14.9041832709799,-0.0820408138085384,0.1490475336710611,1.2657142622130255,1,14.0,14.0,4.36,2.009,1.57,0.0,5.7,4.89,,0,46025,3.918,0.997,11.167,230.451,1016.095,13.378,13.873
2024-04-22,Newport Beach Pier,2024-04-22,33.6061,-117.9311,4,2024,0.0,16.0,4.828,0.0,6.81,0,15.224591410889918,0.1423469376275125,-0.0223809196835472,3.374285660151924,1,14.5,14.0,3.464,4.36,0.0,1.57,3.56,5.7,,0,46025,2.335,0.909,13.51,214.482,1016.787,13.589,14.944
2024-04-29,Newport Beach Pier,2024-04-29,33.6061,-117.9311,4,2024,0.0,16.0,5.489,0.0,10.51,0,15.559285270924471,0.3437755038315543,0.1090477080572218,4.812857053641762,1,16.0,14.5,4.828,3.464,0.0,0.0,6.81,3.56,,0,46025,4.892,1.225,10.804,228.327,1015.919,13.978,15.113
2024-05-06,Newport Beach Pier,2024-05-06,33.6061,-117.9311,5,2024,0.0,14.0,10.543,6.69,4.66,0,15.9025507167894,0.5467346819231704,0.0799999691191173,7.654285546924387,1,16.0,16.0,5.489,4.828,0.0,0.0,10.51,6.81,1.5759342301943198,0,46025,3.71,1.173,8.701,259.946,1012.532,14.531,15.563
2024-05-20,Newport Beach Pier,2024-05-20,33.6061,-117.9311,5,2024,0.0,15.5,12.119,4.62,10.85,0,16.306326029252034,0.6289795764854976,-0.0261905306861514,8.834285498729773,1,14.0,16.0,10.543,5.489,6.69,0.0,4.66,10.51,2.6231601731601732,0,46025,2.916,0.817,15.009,210.424,1015.122,14.123,15.907
2024-05-27,Newport Beach Pier,2024-05-28,33.6061,-117.9311,5,2024,0.0,16.0,12.678,0.0,31.12,0,16.157754460159612,0.2449999911406514,0.0823809305826822,3.488571303231375,1,15.5,14.0,12.119,10.543,4.62,6.69,10.85,4.66,,0,46025,3.094,1.01,13.578,216.738,1015.294,14.164,16.219
2024-06-03,Newport Beach Pier,2024-06-03,33.6061,-117.9311,6,2024,0.0,17.0,8.957,0.0,32.85,0,16.469387142025695,0.2946938681891377,0.173809596470424,4.157142725374017,1,16.0,15.5,12.678,12.119,0.0,4.62,31.12,10.85,,0,46025,2.647,0.911,10.549,238.664,1015.56,14.251,16.308
2024-06-10,Newport Beach Pier,2024-06-10,33.6061,-117.9311,6,2024,0.0,17.3,1.907,0.3,2.03,0,17.333366861148757,0.8967346744991991,0.091428484235491,12.555714014385428,1,17.0,16.0,8.957,12.678,0.0,0.0,32.85,31.12,6.356666666666667,0,46025,2.107,0.949,13.598,216.896,1012.829,15.637,16.817
2024-06-17,Newport Beach Pier,2024-06-17,33.6061,-117.9311,6,2024,0.0,18.6,4.794,0.0,3.14,0,18.34265257387745,1.6207142500396894,0.1923809959774925,22.68999950055565,1,17.3,17.0,1.907,8.957,0.3,0.0,2.03,32.85,,0,46025,2.575,1.152,12.657,223.098,1013.073,15.71,17.35
2024-06-24,Newport Beach Pier,2024-06-26,33.6061,-117.9311,6,2024,0.0,19.0,4.093,0.15,3.51,0,19.43448930857133,2.3591836167841542,0.0242857251848493,33.02857063497816,1,18.6,17.3,4.794,1.907,0.0,0.3,3.14,2.03,27.28666666666667,0,46025,2.987,1.023,11.3,228.075,1009.406,,18.089
2024-07-08,Newport Beach Pier,2024-07-08,33.6061,-117.9311,7,2024,0.0,21.5,1.743,0.0,1.35,0,20.765815929490692,2.8705101499752126,0.0819047292073568,40.187142099652974,1,19.0,18.6,4.093,4.794,0.15,0.0,3.51,3.14,,0,46025,2.657,0.928,13.209,208.376,1012.012,,18.998
2024-07-15,Newport Beach Pier,2024-07-15,33.6061,-117.9311,7,2024,0.0,18.5,4.266,0.37,3.38,0,21.306020152812103,3.0078570952220836,-0.1066666557675315,42.10999933310917,1,21.5,19.0,1.743,4.093,0.0,0.15,1.35,3.51,11.52972972972973,0,46025,2.444,0.863,13.01,183.293,1012.545,,19.627
2024-07-22,Newport Beach Pier,2024-07-23,33.6061,-117.9311,7,2024,0.0,19.5,4.266,0.0,5.25,0,20.97836720213598,2.344897926994124,-0.1785714285714285,32.82857097791774,1,18.5,21.5,4.266,1.743,0.37,0.0,3.38,1.35,,0,46025,3.104,1.029,14.043,211.696,1014.877,,20.251
2024-07-29,Newport Beach Pier,2024-07-30,33.6061,-117.9311,7,2024,0.0,17.5,3.273,0.27,4.16,0,20.134897796475155,1.2475509986433446,0.0204762050083705,17.465713981006825,1,19.5,18.5,4.266,4.266,0.0,0.37,5.25,3.38,12.122222222222222,0,46025,3.089,1.06,10.407,222.278,1013.699,,21.124
2024-08-05,Newport Beach Pier,2024-08-05,33.6061,-117.9311,8,2024,0.0,17.0,4.603,0.11,3.9,0,19.803469132403936,0.6846938631972489,0.2199999491373697,9.585714084761484,1,17.5,19.5,3.273,4.266,0.27,0.0,4.16,5.25,41.845454545454544,0,46025,2.695,1.001,12.023,210.789,1014.612,,19.319
2024-08-12,Newport Beach Pier,2024-08-12,33.6061,-117.9311,8,2024,0.0,22.0,-0.088,0.0,3.04,0,20.76755052683305,1.4177550688690068,0.2004762377057756,19.848570964166097,1,17.0,17.5,4.603,3.273,0.11,0.27,3.9,4.16,,0,46025,2.377,,,,1013.242,,
2024-08-19,Newport Beach Pier,2024-08-20,33.6061,-117.9311,8,2024,0.0,22.2,-0.233,0.58,1.15,0,22.126223836626327,2.5925509522155843,-0.0171428862072172,36.29571333101818,1,22.0,17.0,-0.088,4.603,0.0,0.11,3.04,3.9,-0.4017241379310345,0,46025,2.673,,,,1013.463,,
2024-08-26,Newport Beach Pier,2024-08-27,33.6061,-117.9311,8,2024,0.0,22.0,0.468,0.11,2.45,0,22.47928520124786,2.860510132750686,-0.1833333514985584,40.04714185850961,1,22.2,22.0,-0.233,-0.088,0.58,0.0,1.15,3.04,4.254545454545455,0,46025,3.327,,,,1014.708,,
2024-09-02,Newport Beach Pier,2024-09-03,33.6061,-117.9311,9,2024,0.0,21.5,0.504,0.15,2.11,0,21.88163214313741,2.233571387067133,0.1028570447649274,31.269999418939864,1,22.0,22.2,0.468,-0.233,0.11,0.58,2.45,1.15,3.3600000000000003,0,46025,2.396,,,,1015.522,,
2024-09-09,Newport Beach Pier,2024-09-09,33.6061,-117.9311,9,2024,0.0,20.0,0.896,0.0,0.53,0,21.319795258191167,1.645816306374511,-0.2204760596865699,23.041428289243154,1,21.5,22.0,0.504,0.468,0.15,0.11,2.11,2.45,,0,46025,3.634,,,,1011.086,,
2024-09-16,Newport Beach Pier,2024-09-16,33.6061,-117.9311,9,2024,0.0,19.6,1.957,0.38,2.08,0,20.776632017018844,1.1015305973741474,-0.0476190476190475,15.421428363238062,1,20.0,21.5,0.896,0.504,0.0,0.15,0.53,2.11,5.15,0,46025,3.596,,,,1009.89,,
2024-09-23,Newport Beach Pier,2024-09-24,33.6061,-117.9311,9,2024,0.0,17.5,4.466,0.35,5.23,0,19.84836675682846,0.2730612231000345,-0.350000018165225,7.02999982876437,0,19.6,20.0,1.957,0.896,0.38,0.0,2.08,0.53,12.760000000000002,0,46025,3.656,,,,1012.678,,
2024-10-14,Newport Beach Pier,2024-10-15,33.6061,-117.9311,10,2024,0.0,17.5,4.259,0.6,5.14,0,18.16438725529885,-0.8019387553236923,0.0761905851818266,0.0,0,17.5,19.6,4.466,1.957,0.35,0.38,5.23,2.08,7.0983333333333345,0,46025,,,,,,,
2024-10-21,Newport Beach Pier,2024-10-21,33.6061,-117.9311,10,2024,0.0,17.8,2.466,19.54,3.57,0,18.25999943090945,-0.4381632552273115,-0.0100001380557105,0.0671428551099129,1,17.5,17.5,4.259,4.466,0.6,0.35,5.14,5.23,0.1262026612077789,0,46025,,,,,,,
2024-10-28,Newport Beach Pier,2024-10-28,33.6061,-117.9311,10,2024,0.0,17.8,2.441,0.39,3.01,0,18.21346888250234,-0.1353061194626652,-0.1099998837425594,0.3499999865889549,1,17.8,17.5,2.466,4.259,19.54,0.6,3.57,5.14,6.258974358974358,0,46025,,,,,,,
2024-11-04,Newport Beach Pier,2024-11-05,33.6061,-117.9311,11,2024,0.0,16.5,3.951,0.7,1.23,0,17.678570961465642,-0.2923469330773365,-0.12000002179827,0.2828571314790419,0,17.8,17.8,2.441,2.466,0.39,19.54,3.01,3.57,5.644285714285715,0,46025,,,,,,,
2024-11-11,Newport Beach Pier,2024-11-12,33.6061,-117.9311,11,2024,0.0,14.0,3.08,0.6,8.75,0,16.93571394317004,-0.6571428432148331,-0.1585714703514462,0.0,0,16.5,17.8,3.951,2.441,0.7,0.39,1.23,3.01,5.133333333333334,0,46025,2.686,1.233,14.13,262.667,1015.4,16.071,16.957
2024-11-18,Newport Beach Pier,2024-11-19,33.6061,-117.9311,11,2024,0.0,16.0,6.921,0.44,2.18,0,15.956224188512689,-1.2534693634631682,-0.1090476172310965,0.0,0,14.0,16.5,3.08,3.951,0.6,0.7,8.75,1.23,15.729545454545455,0,46025,5.874,1.425,11.607,261.776,1015.559,15.249,16.224
2024-11-25,Newport Beach Pier,2024-11-26,33.6061,-117.9311,11,2024,0.0,14.1,5.402,1.63,6.67,0,15.115918042708415,-1.702040789078693,0.0380952925909133,0.0,0,16.0,14.0,6.921,3.08,0.44,0.6,2.18,8.75,3.314110429447853,0,46025,3.61,0.992,10.19,261.089,1018.056,13.975,15.117
2024-12-09,Newport Beach Pier,2024-12-09,33.6061,-117.9311,12,2024,0.0,14.5,3.043,1.14,4.31,0,14.99673438558773,-1.030306094459125,0.0200000036330449,0.0,0,14.1,16.0,5.402,6.921,1.63,0.44,6.67,2.18,2.6692982456140353,0,46025,2.294,0.955,14.439,253.69,1019.573,13.995,15.573
2024-12-16,Newport Beach Pier,2024-12-17,33.6061,-117.9311,12,2024,0.0,14.7,3.006,0.32,6.58,0,15.132244616138692,-0.5197959030617256,0.0409523646036783,0.2614285658512796,1,14.5,14.1,3.043,5.402,1.14,1.63,4.31,6.67,9.39375,0,46025,3.479,1.198,13.118,253.313,1020.559,14.151,15.081
2025-01-06,Newport Beach Pier,2025-01-06,33.6061,-117.9311,1,2025,0.031,13.8,1.696,0.86,2.42,0,14.780101717734825,-0.2686734649219683,0.0195238022577194,0.0,0,14.7,14.5,3.006,3.043,0.32,1.14,6.58,4.31,1.972093023255814,0,46025,2.183,1.318,13.207,252.705,1018.698,13.636,15.109
2025-01-13,Newport Beach Pier,2025-01-15,33.6061,-117.9311,1,2025,0.0,14.0,1.78,1.29,3.14,0,14.595815969973192,-0.301020399876395,-0.0771428516932895,0.0,0,13.8,14.7,1.696,3.006,0.86,0.32,2.42,6.58,1.37984496124031,0,46025,5.186,1.382,13.193,229.092,1018.922,15.472,14.593
2025-01-20,Newport Beach Pier,2025-01-21,33.6061,-117.9311,1,2025,0.644,14.0,0.797,2.2,2.93,1,14.350918020520892,-0.4313265161246669,-0.0033333188011532,0.0,0,14.0,13.8,1.78,1.696,1.29,0.86,3.14,2.42,0.3622727272727272,1,46025,2.981,0.794,14.479,240.24,1022.785,13.76,14.428
2025-01-27,Newport Beach Pier,2025-01-27,33.6061,-117.9311,1,2025,0.027,13.8,0.451,0.23,2.61,0,14.17653039036965,-0.5527550806196369,0.0228571210588727,0.0,0,14.0,14.0,0.797,1.78,2.2,1.29,2.93,3.14,1.9608695652173913,0,46025,2.775,0.826,14.571,253.641,1020.79,14.273,14.444
2025-02-03,Newport Beach Pier,2025-02-04,33.6061,-117.9311,2,2025,0.094,14.0,0.133,1.35,5.15,0,14.196428308681565,-0.5099999817962549,0.0309524082002185,0.0,0,13.8,14.0,0.451,0.797,0.23,2.2,2.61,2.93,0.0985185185185185,0,46025,2.724,0.776,9.699,234.233,1020.773,12.622,14.126
2025-02-10,Newport Beach Pier,2025-02-10,33.6061,-117.9311,2,2025,0.052,14.2,1.686,1.85,4.47,0,14.288979267587466,-0.3972448886049036,-0.0561904453095935,0.0,0,14.0,13.8,0.133,0.451,1.35,0.23,5.15,2.61,0.9113513513513511,0,46025,4.224,1.234,11.187,247.152,1017.419,13.086,13.98
2025-02-17,Newport Beach Pier,2025-02-18,33.6061,-117.9311,2,2025,0.0,14.5,1.2,1.74,5.15,0,14.29877523500092,-0.3773469289726748,0.0947618030366442,0.0485714285501411,1,14.2,14.0,1.686,0.133,1.85,1.35,4.47,5.15,0.689655172413793,0,46025,5.62,1.563,9.626,255.438,1017.272,12.925,13.923
2025-02-24,Newport Beach Pier,2025-02-25,33.6061,-117.9311,2,2025,0.0,15.0,2.014,0.17,2.29,0,14.540101722795136,-0.1464285653426634,0.0085714431036086,1.0328571203031711,1,14.5,14.2,1.2,1.686,1.74,1.85,5.15,4.47,11.84705882352941,0,46025,2.63,1.266,12.379,260.43,1018.297,13.094,13.568
2025-03-03,Newport Beach Pier,2025-03-04,33.6061,-117.9311,3,2025,0.0,13.2,7.712,7.22,3.44,0,14.472142453096351,-0.2395918326908532,-0.2399999527704148,1.3814285320362871,0,15.0,14.5,2.014,1.2,0.17,1.74,2.29,5.15,1.0681440443213297,0,46025,3.278,1.569,13.648,256.659,1016.558,13.49,14.456
2025-03-10,Newport Beach Pier,2025-03-10,33.6061,-117.9311,3,2025,1.118,13.0,12.027,5.77,12.39,1,13.795815973865745,-0.943163248501262,0.0576190494355701,0.3971428402832576,0,13.2,15.0,7.712,2.014,7.22,0.17,3.44,2.29,2.084402079722704,1,46025,6.349,1.558,10.095,257.152,1018.799,11.98,13.002
2025-03-17,Newport Beach Pier,2025-03-17,33.6061,-117.9311,3,2025,0.2,14.0,7.35,3.76,3.5,1,13.616734368460518,-1.1502040664152222,0.1199999763852073,0.0,0,13.0,13.2,12.027,7.712,5.77,7.22,12.39,3.44,1.9547872340425532,1,46025,5.101,1.501,10.755,248.329,1015.443,12.04,12.626
2025-03-24,Newport Beach Pier,2025-03-24,33.6061,-117.9311,3,2025,0.229,14.0,2.673,1.75,4.64,1,14.10744861680634,-0.7007142767614248,0.0252381279355003,0.0,0,14.0,13.0,7.35,12.027,3.76,5.77,3.5,12.39,1.5274285714285714,1,46025,3.595,1.306,10.382,259.961,1019.921,13.11,13.556
2025-03-31,Newport Beach Pier,2025-04-01,33.6061,-117.9311,4,2025,1.491,13.5,1.227,0.39,12.74,1,14.272550699662188,-0.5899999892833281,-0.2052381152198428,0.0,0,14.0,14.0,2.673,7.35,1.75,3.76,4.64,3.5,3.146153846153846,1,46025,3.719,1.221,14.201,239.128,1016.918,13.228,14.577
2025-04-07,Newport Beach Pier,2025-04-07,33.6061,-117.9311,4,2025,0.439,12.0,13.635,9.07,19.0,1,13.850101753157013,-1.0688775311015088,0.2266666775658016,0.0342857135193688,1,13.5,14.0,1.227,2.673,0.39,1.75,12.74,4.64,1.5033076074972436,1,46025,6.5,1.417,9.223,245.78,1017.339,13.262,13.969
2025-04-14,Newport Beach Pier,2025-04-14,33.6061,-117.9311,4,2025,3.109,15.0,0.966,1.27,8.28,1,14.382550667743292,-0.5955101919113374,0.1514285405476888,2.7999999203852246,1,12.0,13.5,13.635,1.227,9.07,0.39,19.0,12.74,0.7606299212598425,1,46025,2.073,1.297,13.923,240.422,1017.287,13.789,13.992
2025-04-21,Newport Beach Pier,2025-04-23,33.6061,-117.9311,4,2025,0.045,14.8,2.375,0.91,11.69,0,15.54255061246911,0.4757142745110453,0.0390476045154389,8.22999980194228,1,15.0,12.0,0.966,13.635,1.27,9.07,8.28,19.0,2.60989010989011,0,46025,2.996,0.812,13.886,208.913,1016.862,13.233,13.959
2025-04-28,Newport Beach Pier,2025-04-29,33.6061,-117.9311,4,2025,0.025,15.9,1.003,0.46,4.16,0,16.070611798033422,0.8771428283380003,0.0480952489943731,12.279999596732004,1,14.8,15.0,2.375,0.966,0.91,1.27,11.69,8.28,2.180434782608695,0,46025,3.753,0.85,15.126,207.758,1015.516,13.197,15.133
2025-05-12,Newport Beach Pier,2025-05-12,33.6061,-117.9311,5,2025,0.0,17.0,4.083,1.19,2.74,0,16.913877234166982,1.4349999707572312,0.0395238058907644,20.08999959060124,1,15.9,14.8,1.003,2.375,0.46,0.91,4.16,11.69,3.43109243697479,0,46025,2.822,1.113,13.484,220.326,1014.153,15.152,16.441
2025-05-19,Newport Beach Pier,2025-05-21,33.6061,-117.9311,5,2025,0.0,19.0,4.634,0.31,1.36,0,17.525407635435766,1.8770407827533016,0.1300000690278552,26.27857095854623,1,17.0,15.9,4.083,1.003,1.19,0.46,2.74,4.16,14.948387096774194,0,46025,4.313,1.279,8.992,244.884,1014.851,15.079,17.179
2025-05-26,Newport Beach Pier,2025-05-27,33.6061,-117.9311,5,2025,0.0,18.0,3.056,0.49,0.42,0,18.18030546149429,2.303571390862367,0.0919047764369419,32.24999947207315,1,19.0,17.0,4.634,4.083,0.31,1.19,1.36,2.74,6.236734693877551,0,46025,2.817,1.097,11.613,221.467,1014.12,16.335,18.036
2025-06-02,Newport Beach Pier,2025-06-04,33.6061,-117.9311,6,2025,0.0,16.0,5.904,0.35,3.06,0,18.56091773753263,2.4225509598547097,-0.1733333950950985,33.91571343796594,1,18.0,19.0,3.056,4.634,0.49,0.31,0.42,1.36,16.86857142857143,0,46025,3.018,1.028,13.68,205.352,1014.865,15.645,17.907
2025-06-16,Newport Beach Pier,2025-06-16,33.6061,-117.9311,6,2025,0.044,18.5,2.347,0.36,1.79,0,18.513877382083816,1.8362244592637431,0.0995237259637741,25.707142429692404,1,16.0,18.0,5.904,3.056,0.35,0.49,3.06,0.42,6.519444444444445,0,46025,2.673,0.989,15.153,206.357,1012.903,16.232,17.889
2025-06-23,Newport Beach Pier,2025-06-23,33.6061,-117.9311,6,2025,0.0,19.0,2.18,0.2,2.17,0,19.491530398933257,2.4711224083997765,0.2157143184116908,34.59571371759687,1,18.5,16.0,2.347,5.904,0.36,0.35,1.79,3.06,10.9,0,46025,3.026,1.206,10.633,231.201,1011.01,17.641,19.426
2025-07-07,Newport Beach Pier,2025-07-07,33.6061,-117.9311,7,2025,0.0,18.0,0.045,0.5,3.62,0,19.743060812658193,1.9077550878330152,0.0357142857142857,26.708571229662216,1,19.0,18.5,2.18,2.347,0.2,0.36,2.17,1.79,0.09,0,46025,3.282,0.943,14.397,196.119,1013.89,16.994,20.233
2025-07-14,Newport Beach Pier,2025-07-14,33.6061,-117.9311,7,2025,0.0,17.0,0.37,0.56,4.14,0,19.654795432577327,1.4124489536090774,0.1923809051513671,19.774285350527084,1,18.0,19.0,0.045,2.18,0.5,0.2,3.62,2.17,0.6607142857142857,0,46025,3.261,1.024,10.855,224.728,1015.321,17.075,19.03
2025-07-21,Newport Beach Pier,2025-07-21,33.6061,-117.9311,7,2025,0.0,20.0,0.184,0.59,1.85,0,20.35897904999402,1.770714239350387,-0.1857141767229353,24.78999935090542,1,17.0,18.0,0.37,0.045,0.56,0.5,4.14,3.62,0.311864406779661,0,46025,2.908,0.913,15.176,183.427,1014.768,17.02,19.211
2025-07-28,Newport Beach Pier,2025-07-28,33.6061,-117.9311,7,2025,0.0,17.0,5.001,0.43,7.23,0,20.080611851750582,1.2289795628463736,0.0214285169328961,17.432856730052404,1,20.0,17.0,0.184,0.37,0.59,0.56,1.85,4.14,11.630232558139536,0,46025,3.78,0.902,12.442,205.668,1016.264,17.487,20.362
2025-08-04,Newport Beach Pier,2025-08-05,33.6061,-117.9311,8,2025,0.0,19.0,0.927,0.19,0.98,0,19.81795881232437,0.7319387625142628,0.1671427772158668,10.477142668196134,1,17.0,20.0,5.001,0.184,0.43,0.59,7.23,1.85,4.878947368421053,0,46025,2.69,0.875,8.929,237.617,1017.015,17.25,19.52
2025-08-11,Newport Beach Pier,2025-08-12,33.6061,-117.9311,8,2025,0.0,20.0,0.973,1.06,0.82,0,20.623979042987433,1.3062244551446365,0.0695238567533946,18.28999951481819,1,19.0,17.0,0.927,5.001,0.19,0.43,0.98,7.23,0.9179245283018868,0,46025,2.844,1.027,14.006,196.539,1014.062,18.064,20.083
2025-08-25,Newport Beach Pier,2025-08-25,33.6061,-117.9311,8,2025,0.0,23.0,0.75,0.57,0.83,0,22.203060636715012,2.5901019962466494,-0.1123809814453124,36.26142794745309,1,20.0,19.0,0.973,0.927,1.06,0.19,0.82,0.98,1.3157894736842106,0,46025,2.287,0.786,13.815,198.515,1012.72,19.05,19.462
2025-09-08,Newport Beach Pier,2025-09-09,33.6061,-117.9311,9,2025,0.0,19.0,1.716,1.24,1.37,0,21.502652654842453,1.8337754710596437,-0.0604761214483351,25.672856594835007,1,23.0,20.0,0.75,0.973,0.57,1.06,0.83,0.82,1.3838709677419354,0,46025,3.237,0.951,13.829,192.779,1013.077,18.993,20.263
2025-09-15,Newport Beach Pier,2025-09-15,33.6061,-117.9311,9,2025,0.0,21.0,2.217,0.32,2.12,0,20.99499969093167,1.3178571061212188,0.0142856779552641,18.449999485697067,1,19.0,23.0,1.716,0.75,1.24,0.57,1.37,0.83,6.9281250000000005,0,46025,3.41,0.993,11.112,221.587,1013.53,19.496,21.016
2025-09-22,Newport Beach Pier,2025-09-22,33.6061,-117.9311,9,2025,0.0,19.0,2.662,0.56,3.47,0,20.73561179881193,1.1404081437052511,-0.1266666594005766,15.965714011873516,1,21.0,19.0,2.217,1.716,0.32,1.24,2.12,1.37,4.753571428571428,0,46025,3.046,0.807,13.348,201.58,1012.471,18.934,19.953
2025-09-29,Newport Beach Pier,2025-09-29,33.6061,-117.9311,9,2025,0.0,19.0,1.781,0.24,1.55,0,20.318979146529216,0.9058163129553504,-0.0285713559105282,12.681428381374904,1,19.0,21.0,2.662,2.217,0.56,0.32,3.47,2.12,7.420833333333333,0,46025,2.548,0.802,12.185,200.675,1012.754,18.756,20.202
2025-10-06,Newport Beach Pier,2025-10-06,33.6061,-117.9311,10,2025,0.0,18.8,1.929,0.54,0.57,0,19.895815966080647,0.6893877374882601,-0.0361905779157366,9.65142832483564,1,19.0,19.0,1.781,2.662,0.24,0.56,1.55,3.47,3.572222222222222,0,46025,3.833,1.176,10.167,217.815,1014.409,19.231,20.509
2025-10-13,Newport Beach Pier,2025-10-13,33.6061,-117.9311,10,2025,0.0,17.5,1.929,0.54,1.64,0,19.497142344105004,0.5001020276424836,-0.0171428862072172,7.00142838699477,1,18.8,19.0,1.929,1.781,0.54,0.24,0.57,1.55,3.572222222222222,0,46025,3.184,0.886,11.528,221.134,1010.719,18.61,20.258
2025-10-27,Newport Beach Pier,2025-10-27,33.6061,-117.9311,10,2025,0.0,17.3,1.929,0.54,2.33,0,19.189387477174098,0.7866326271727377,0.0128571646554129,11.012856780418328,1,17.5,18.8,1.929,1.929,0.54,0.54,1.64,0.57,3.572222222222222,0,46025,3.394,0.959,13.014,237.561,1016.526,17.825,19.818
2025-11-03,Newport Beach Pier,2025-11-03,33.6061,-117.9311,11,2025,0.0,17.5,1.929,0.54,1.02,0,19.080101694379533,1.0561224191772691,-0.0128572554815382,14.785713868481771,1,17.3,17.5,1.929,1.929,0.54,0.54,2.33,1.64,3.572222222222222,0,46025,2.168,1.037,12.433,233.586,1015.359,17.746,18.955
2025-11-10,Newport Beach Pier,2025-11-10,33.6061,-117.9311,11,2025,0.0,17.0,1.929,0.54,1.53,0,18.955509730747767,1.3096938473837716,-0.0566666012718563,18.335713863372803,1,17.5,17.3,1.929,1.929,0.54,0.54,1.02,2.33,3.572222222222222,0,46025,2.287,1.172,13.143,241.756,1017.572,16.738,18.695
2025-11-17,Newport Beach Pier,2025-11-17,33.6061,-117.9311,11,2025,0.0,17.5,1.929,0.54,0.88,0,18.613366749821875,1.3482652720139952,-0.0652381352015903,18.875713808195933,1,17.0,17.5,1.929,1.929,0.54,0.54,1.53,1.02,3.572222222222222,0,46025,4.062,1.149,13.208,213.815,1016.12,16.451,18.116
2025-11-24,Newport Beach Pier,2025-11-24,33.6061,-117.9311,11,2025,0.0,16.5,1.929,0.54,1.6,0,18.230917774901098,1.3562244529626806,-0.0238094329833984,18.98714234147753,1,17.5,17.0,1.929,1.929,0.54,0.54,0.88,1.53,3.572222222222222,0,46025,4.347,1.087,10.736,219.152,1014.607,15.607,17.365
2025-12-01,Newport Beach Pier,2025-12-01,33.6061,-117.9311,12,2025,0.0,17.0,1.929,0.54,2.47,0,17.969489370073592,1.490816287848414,-0.0242857251848493,20.8714280298778,1,16.5,17.5,1.929,1.929,0.54,0.54,1.6,0.88,3.572222222222222,0,46025,2.067,0.785,13.925,218.174,1017.644,16.236,17.209
2025-12-08,Newport Beach Pier,2025-12-08,33.6061,-117.9311,12,2025,0.0,16.5,1.929,0.54,0.67,0,17.818877142302846,1.7346938398419594,-0.0328572591145833,24.28571375778743,1,17.0,16.5,1.929,1.929,0.54,0.54,2.47,1.6,3.572222222222222,0,46025,2.79,0.988,13.6,237.295,1017.94,16.143,17.11
2025-12-15,Newport Beach Pier,2025-12-15,33.6061,-117.9311,12,2025,0.0,16.0,1.929,0.54,1.19,0,17.651734040707957,1.949999941855061,-0.0090475536528087,27.29999918597085,1,16.5,17.0,1.929,1.929,0.54,0.54,0.67,2.47,3.572222222222222,0,46025,2.494,0.812,12.689,231.095,1017.449,15.822,16.606
2026-01-05,Newport Beach Pier,2026-01-05,33.6061,-117.9311,1,2026,0.0,16.0,1.929,0.54,0.8,0,16.95183619674371,1.8802040389605932,-0.026190439860026,26.322856545448303,1,16.0,16.5,1.929,1.929,0.54,0.54,1.19,0.67,3.572222222222222,0,46025,4.862,0.667,7.703,185.16,1018.547,17.658,16.465
2026-01-12,Newport Beach Pier,2026-01-12,33.6061,-117.9311,1,2026,0.0,16.0,1.929,0.54,1.4,0,16.755305698939733,1.8375509843534352,-0.0033333188011532,25.725713780948094,1,16.0,16.0,1.929,1.929,0.54,0.54,0.8,1.19,3.572222222222222,0,46025,,,,,,,
2026-01-19,Newport Beach Pier,2026-01-20,33.6061,-117.9311,1,2026,0.0,15.5,1.929,0.54,1.6,0,16.645713961854273,1.8527550563520312,-0.0319047655378069,25.93857078892844,1,16.0,16.0,1.929,1.929,0.54,0.54,1.4,0.8,3.572222222222222,0,46025,,,,,,,
2026-01-26,Newport Beach Pier,2026-01-27,33.6061,-117.9311,1,2026,0.0,15.0,1.929,0.54,4.63,0,16.52755089195407,1.7946938300619322,0.0280951545352027,25.12571362086705,1,15.5,16.0,1.929,1.929,0.54,0.54,1.6,1.4,3.572222222222222,0,46025,,,,,,,
2026-02-02,Newport Beach Pier,2026-02-03,33.6061,-117.9311,2,2026,0.0,16.0,1.929,0.54,2.87,0,16.55499976021903,1.8453060862969384,0.054761977422805,25.83428520815713,1,15.0,15.5,1.929,1.929,0.54,0.54,4.63,1.6,3.572222222222222,0,46025,,,,,,,
2026-02-09,Newport Beach Pier,2026-02-09,33.6061,-117.9311,2,2026,0.0,16.0,1.929,0.54,3.29,0,16.828366921872508,2.139795871413484,-0.033809571039109,29.957142199788773,1,16.0,15.0,1.929,1.929,0.54,0.54,2.87,4.63,3.572222222222222,0,46025,,,,,,,
2026-02-23,Newport Beach Pier,2026-02-23,33.6061,-117.9311,2,2026,0.0,15.0,1.929,0.54,3.96,0,16.20530584880284,1.5207142410229664,0.0585713613600957,21.28999937432153,1,16.0,16.0,1.929,1.929,0.54,0.54,3.29,2.87,3.572222222222222,0,46025,,,,,,,
2026-03-02,Newport Beach Pier,2026-03-03,33.6061,-117.9311,3,2026,0.17,15.0,1.929,0.54,6.27,1,15.996836370351362,1.2892856804692017,-0.0742856434413364,18.049999526568826,1,15.0,16.0,1.929,1.929,0.54,0.54,3.96,3.29,3.572222222222222,1,46025,,,,,,,
2026-03-09,Newport Beach Pier,2026-03-10,33.6061,-117.9311,3,2026,0.0,15.0,1.929,0.54,2.14,0,15.9862241453054,1.2525509906058407,0.0947618484497069,17.53571386848177,1,15.0,15.0,1.929,1.929,0.54,0.54,6.27,3.96,3.572222222222222,0,46025,6.336,0.886,9.896,200.954,1015.265,17.688,15.727
2026-03-16,Newport Beach Pier,2026-03-17,33.6061,-117.9311,3,2026,0.0,17.5,1.929,0.54,0.21,0,16.384387415282582,1.6225509935495803,0.2390477316720144,22.715713909694127,1,15.0,15.0,1.929,1.929,0.54,0.54,2.14,6.27,3.572222222222222,0,46025,3.161,0.872,13.943,198.082,1016.533,16.0,16.626
2026-03-23,Newport Beach Pier,2026-03-24,33.6061,-117.9311,3,2026,0.0,18.0,1.929,0.54,1.89,0,17.535612077129134,2.7328570856123555,0.0352379935128348,38.25999919857298,1,17.5,15.0,1.929,1.929,0.54,0.54,0.21,2.14,3.572222222222222,0,46025,2.648,0.803,13.964,200.619,1014.465,17.063,17.705
2017-01-09,Santa Cruz Wharf,2017-01-11,36.958,-122.017,1,2017,0.0,11.8,36.86,10.1,11.98,0,12.170929655704294,-0.5091119014731534,0.0123809632800874,0.0,0,11.8,11.8,36.86,36.86,10.1,10.1,11.98,11.98,3.6495049504950496,0,46042,8.486,2.426,9.758,241.327,1015.452,11.427,12.356
2017-01-16,Santa Cruz Wharf,2017-01-18,36.958,-122.017,1,2017,0.0,11.3,18.11,7.18,1.87,0,12.261632461937106,-0.3455101943821931,0.0280952453613281,0.0085714283798422,1,11.8,11.3,36.86,18.11,10.1,7.18,11.98,1.87,2.522284122562674,0,46042,6.501,2.571,11.933,269.976,1016.646,12.011,12.561
2017-01-23,Santa Cruz Wharf,2017-01-25,36.958,-122.017,1,2017,0.0,10.3,46.29,11.44,1.04,0,12.353469216093725,-0.1912244856737706,0.0057142348516555,0.1099999988717691,1,11.3,11.8,18.11,36.86,7.18,10.1,1.87,11.98,4.046328671328672,0,46042,6.913,4.315,15.038,275.583,1011.221,11.821,12.521
2017-01-30,Santa Cruz Wharf,2017-02-01,36.958,-122.017,2,2017,0.0,11.2,27.94,11.54,2.11,0,12.51887726297184,0.0145918372828437,0.0476190930321102,0.9999999914850508,1,10.3,11.3,46.29,18.11,11.44,7.18,1.04,1.87,2.421143847487002,0,46042,4.109,3.518,14.208,286.768,1024.438,11.336,12.455
2017-02-06,Santa Cruz Wharf,2017-02-08,36.958,-122.017,2,2017,0.0,12.7,91.96,10.94,1.35,0,12.74765277395443,0.2793877506628632,0.0480952035813104,4.024285648550306,1,11.2,10.3,27.94,46.29,11.54,11.44,2.11,1.04,8.405850091407679,0,46042,6.945,2.311,11.72,249.108,1016.983,12.756,12.712
2017-02-13,Santa Cruz Wharf,2017-02-15,36.958,-122.017,2,2017,0.0,12.2,50.0,9.28,1.77,0,13.042652811322894,0.6083673331506398,-0.0161904834565662,8.517142664108958,1,12.7,11.2,91.96,27.94,10.94,11.54,1.35,2.11,5.387931034482759,0,46042,7.354,2.439,10.501,253.452,1016.431,13.301,13.032
2017-02-20,Santa Cruz Wharf,2017-02-22,36.958,-122.017,2,2017,0.0,12.1,22.83,5.92,0.93,0,13.0951017360298,0.6943877391061004,-0.0185713995070684,9.721428347485404,1,12.2,12.7,50.0,91.96,9.28,10.94,1.77,1.35,3.856418918918919,0,46042,7.263,2.919,13.139,265.917,1010.998,12.715,13.139
2017-02-27,Santa Cruz Wharf,2017-03-01,36.958,-122.017,3,2017,0.0,11.4,13.71,5.8,0.6,0,12.932448649893002,0.5649999869721276,-0.0019047600882393,7.909999817609787,1,12.1,12.2,22.83,50.0,5.92,9.28,0.93,1.77,2.363793103448276,0,46042,7.155,2.551,12.297,282.359,1020.25,11.39,12.898
2017-03-06,Santa Cruz Wharf,2017-03-08,36.958,-122.017,3,2017,0.0,11.7,39.24,6.93,3.23,0,12.843469074794225,0.5087754966653123,0.0390476045154389,7.122856953314373,1,11.4,12.1,13.71,22.83,5.8,5.92,0.6,0.93,5.662337662337663,0,46042,7.74,2.137,12.888,304.228,1019.638,11.464,12.767
2017-03-20,Santa Cruz Wharf,2017-03-22,36.958,-122.017,3,2017,0.0,13.0,30.96,2.66,3.1,0,13.192142447646784,0.924387730810107,0.0319048109508695,12.9414282313415,1,11.7,11.4,39.24,13.71,6.93,5.8,3.23,0.6,11.6390977443609,0,46042,3.808,1.439,10.99,287.653,1018.654,12.717,13.301
2017-03-27,Santa Cruz Wharf,2017-03-29,36.958,-122.017,3,2017,0.011194,14.7,9.08,1.57,3.37,0,13.207040514264788,0.9818367036629696,-0.0947619392758323,13.745713851281575,1,13.0,11.7,30.96,39.24,2.66,6.93,3.1,3.23,5.7834394904458595,0,46042,6.686,2.167,11.775,259.054,1018.655,13.029,13.314
2017-04-03,Santa Cruz Wharf,2017-04-05,36.958,-122.017,4,2017,0.024891,13.3,16.04,3.94,3.39,0,12.897958920926463,0.7160203890228758,-0.0647618884132021,10.024285446320262,1,14.7,13.0,9.08,30.96,1.57,2.66,3.37,3.1,4.071065989847716,0,46042,10.198,3.321,13.529,301.247,1019.187,12.763,12.963
2017-04-10,Santa Cruz Wharf,2017-04-12,36.958,-122.017,4,2017,0.012771,11.8,28.98,10.54,3.19,0,12.5424486860937,0.404387748439093,0.0466666448683965,5.661428478147302,1,13.3,14.7,16.04,9.08,3.94,1.57,3.39,3.37,2.7495256166982927,0,46042,7.032,3.009,13.316,291.506,1015.788,12.328,12.758
2017-04-17,Santa Cruz Wharf,2017-04-19,36.958,-122.017,4,2017,0.341472,12.5,13.3,5.0,7.08,1,12.684795613191566,0.5823469273746014,0.0590476081484839,8.152856983244419,1,11.8,13.3,28.98,16.04,10.54,3.94,3.19,3.39,2.66,1,46042,6.7,2.31,12.633,291.536,1017.938,12.311,12.815
2017-04-24,Santa Cruz Wharf,2017-04-26,36.958,-122.017,4,2017,0.0,11.7,42.86,12.21,6.66,0,12.851836389424848,0.7537754968340907,-0.1485713777087983,10.66428552355085,1,12.5,11.8,13.3,28.98,5.0,10.54,7.08,3.19,3.51023751023751,0,46042,4.566,2.174,13.064,263.077,1019.483,12.992,13.04
2017-05-01,Santa Cruz Wharf,2017-05-03,36.958,-122.017,5,2017,0.0,13.9,41.02,4.65,3.38,0,12.420816003059857,0.3029591787454425,-0.0771428516932896,5.709999895521572,1,11.7,12.5,42.86,13.3,12.21,5.0,6.66,7.08,8.821505376344087,0,46042,7.915,2.446,10.1,299.76,1018.459,12.943,12.66
2017-05-08,Santa Cruz Wharf,2017-05-10,36.958,-122.017,5,2017,0.0,12.3,26.49,10.39,7.07,0,11.889081293222857,-0.249999992929551,0.0099999564034598,0.7557142664279256,0,13.9,11.7,41.02,42.86,4.65,12.21,3.38,6.66,2.5495668912415783,0,46042,8.486,2.849,11.012,292.512,1013.531,11.72,11.341
2017-05-15,Santa Cruz Wharf,2017-05-17,36.958,-122.017,5,2017,0.091944,12.4,19.37,10.05,3.86,0,11.747856762944435,-0.4175510093265649,0.0914285750616164,0.1357142808181898,1,12.3,13.9,26.49,41.02,10.39,4.65,7.07,3.38,1.927363184079602,0,46042,0.0,2.529,10.883,304.896,1016.957,11.732,11.85
2017-05-22,Santa Cruz Wharf,2017-05-24,36.958,-122.017,5,2017,0.069768,13.1,11.07,1.75,9.6,0,12.104591505868097,-0.1207142833772362,0.1690476281302315,2.0128570816346576,1,12.4,12.3,19.37,26.49,10.05,10.39,3.86,7.07,6.325714285714286,0,46042,,2.009,9.498,313.702,1015.43,11.971,13.112
2017-05-29,Santa Cruz Wharf,2017-05-31,36.958,-122.017,5,2017,0.727049,14.9,22.31,0.75,3.43,1,12.739897650115344,0.4159183539450168,-0.1123809360322497,6.4942855042006284,1,13.1,12.4,11.07,19.37,1.75,10.05,9.6,3.86,29.746666666666663,1,46042,,1.533,11.43,280.62,1014.673,12.548,13.273
2017-06-05,Santa Cruz Wharf,2017-06-07,36.958,-122.017,6,2017,0.620082,14.4,16.49,3.17,7.25,1,12.576734435801605,0.1453061108572446,-0.0723809287661597,5.26714266437505,0,14.9,13.1,22.31,11.07,0.75,1.75,3.43,9.6,5.201892744479495,1,46042,,1.877,9.61,300.944,1014.887,12.944,12.985
2017-06-12,Santa Cruz Wharf,2017-06-14,36.958,-122.017,6,2017,1.158715,13.3,11.79,2.85,11.12,1,12.121632430018211,-0.4179591808125984,0.0071427935645693,0.7528571004846266,0,14.4,14.9,16.49,22.31,3.17,0.75,7.25,3.43,4.136842105263158,1,46042,,1.89,9.658,292.464,1014.769,12.949,12.563
2017-06-19,Santa Cruz Wharf,2017-06-21,36.958,-122.017,6,2017,0.545994,14.7,11.08,4.19,4.07,1,12.367346637103022,-0.3130612181955758,0.2452381224859328,0.8614285545689719,1,13.3,14.4,11.79,16.49,2.85,3.17,11.12,7.25,2.6443914081145583,1,46042,,2.3,8.375,308.473,1015.849,12.881,12.175
2017-06-26,Santa Cruz Wharf,2017-06-28,36.958,-122.017,6,2017,0.321019,15.8,3.18,0.8,4.35,1,13.245305742536273,0.3692857111633127,-0.1138095401582263,7.122857044850077,1,14.7,13.3,11.08,11.79,4.19,2.85,4.07,11.12,3.975,1,46042,,2.215,11.52,281.048,1011.57,13.489,13.792
2017-07-31,Santa Cruz Wharf,2017-08-02,36.958,-122.017,8,2017,0.0,15.8,13.25,4.06,16.11,0,13.93306086987865,-0.0566326487733393,0.309047608148484,3.7114284804889137,1,15.8,14.7,3.18,11.08,0.8,4.19,4.35,4.07,3.263546798029557,0,46042,,1.85,9.117,317.388,1014.896,13.604,13.735
2017-08-07,Santa Cruz Wharf,2017-08-09,36.958,-122.017,8,2017,0.0,17.5,8.58,1.58,9.78,0,15.032958964912256,0.8241836583735991,-0.2123809541974748,12.199999770947866,1,15.8,15.8,13.25,3.18,4.06,0.8,16.11,4.35,5.430379746835443,0,46042,,1.184,13.812,197.843,1014.391,14.933,15.342
2017-08-14,Santa Cruz Wharf,2017-08-16,36.958,-122.017,8,2017,0.0,16.0,16.61,3.36,5.11,0,15.189693587166923,0.7653061089733121,0.1080952598935081,11.034285524061747,1,17.5,15.8,8.58,13.25,1.58,4.06,9.78,16.11,4.943452380952381,0,46042,,1.258,9.433,271.801,1014.383,15.623,15.363
2017-08-21,Santa Cruz Wharf,2017-08-23,36.958,-122.017,8,2017,0.0,16.1,16.28,2.54,3.25,0,15.136122158595494,0.5328571305097062,0.0233332770211355,7.727142683097294,1,16.0,17.5,16.61,8.58,3.36,1.58,5.11,9.78,6.409448818897638,0,46042,1.729,1.729,9.947,293.631,1014.275,15.613,15.42
2017-08-28,Santa Cruz Wharf,2017-08-30,36.958,-122.017,8,2017,0.0,17.3,18.59,2.37,2.5,0,15.451632305067417,0.7218367157465949,0.1419047855195545,10.105714020452329,1,16.1,16.0,16.28,16.61,2.54,3.36,3.25,5.11,7.843881856540084,0,46042,4.95,1.644,9.42,292.216,1014.186,15.19,15.907
2017-09-04,Santa Cruz Wharf,2017-09-06,36.958,-122.017,9,2017,0.0,14.5,21.18,6.79,72.19,0,15.951938356672017,1.114897924760471,0.0995238167898995,15.608570946646587,1,17.3,16.1,18.59,16.28,2.37,2.54,2.5,3.25,3.1192930780559647,0,46042,6.109,1.479,9.627,282.94,1010.595,16.411,16.414
2017-09-11,Santa Cruz Wharf,2017-09-13,36.958,-122.017,9,2017,0.0,17.8,13.02,0.67,24.45,0,16.798162878776083,1.855510152648298,-0.0042857215518043,25.977142137076175,1,14.5,17.3,21.18,18.59,6.79,2.37,72.19,2.5,19.43283582089552,0,46042,3.689,1.453,12.567,253.759,1013.756,17.22,17.015
2017-09-18,Santa Cruz Wharf,2017-09-20,36.958,-122.017,9,2017,0.0,17.9,15.19,1.43,14.14,0,16.90224450948287,1.8844897540248169,-0.1176190149216424,26.38285655634744,1,17.8,14.5,13.02,21.18,0.67,6.79,24.45,72.19,10.622377622377622,0,46042,4.691,1.662,9.252,301.428,1012.928,16.913,17.151
2017-09-25,Santa Cruz Wharf,2017-09-27,36.958,-122.017,9,2017,0.0,16.9,13.78,0.96,5.75,0,16.42204053061349,1.407653029399867,-0.1314285823277065,19.71714241164071,1,17.9,17.8,15.19,13.02,1.43,0.67,14.14,24.45,14.354166666666666,0,46042,6.148,2.006,9.991,305.723,1013.845,16.301,16.708
2017-10-02,Santa Cruz Wharf,2017-10-04,36.958,-122.017,10,2017,0.0,14.7,15.57,0.63,6.53,0,15.417346681867327,0.4566326385401949,-0.2633333660307385,10.701428285666877,0,16.9,17.9,13.78,15.19,0.96,1.43,5.75,14.14,24.714285714285715,0,46042,6.695,1.776,8.182,308.494,1012.827,16.249,16.604
2017-10-09,Santa Cruz Wharf,2017-10-11,36.958,-122.017,10,2017,0.0,14.7,22.22,0.05,9.96,0,13.908979289385735,-0.9953061030531416,-0.0980951672508603,2.0742856689861844,0,14.7,16.9,15.57,13.78,0.63,0.96,6.53,5.75,444.4,0,46042,6.986,2.153,10.984,300.28,1013.051,14.248,14.554
2017-10-16,Santa Cruz Wharf,2017-10-18,36.958,-122.017,10,2017,0.0,13.1,23.78,0.17,18.96,0,13.050203829395528,-1.7849999727035055,0.0142856325422014,0.0,0,14.7,14.7,22.22,15.57,0.05,0.63,9.96,6.53,139.88235294117646,0,46042,5.989,2.675,10.445,305.393,1015.408,13.64,13.102
2017-10-23,Santa Cruz Wharf,2017-10-25,36.958,-122.017,10,2017,0.0,14.3,22.03,0.44,15.76,0,13.138367078742204,-1.5631632470354742,0.1552381515502929,0.0,0,13.1,14.7,23.78,22.22,0.17,0.05,18.96,9.96,50.06818181818182,0,46042,4.948,2.587,14.297,272.624,1019.113,13.768,13.293
2017-10-30,Santa Cruz Wharf,2017-11-01,36.958,-122.017,11,2017,0.0,13.4,23.25,0.0,44.72,0,13.616224162432612,-0.8854081506023602,0.0047618775140671,0.0,0,14.3,13.1,22.03,23.78,0.44,0.17,15.76,18.96,,0,46042,5.328,2.519,14.2,290.657,1015.301,14.614,14.883
2017-11-06,Santa Cruz Wharf,2017-11-08,36.958,-122.017,11,2017,0.0,13.6,21.54,0.09,45.17,0,13.901122122394796,-0.3892857059836387,0.0466666902814592,0.2057142811162131,1,13.4,14.3,23.25,22.03,0.0,0.44,44.72,15.76,239.33333333333337,0,46042,4.421,1.512,12.653,298.217,1014.973,14.152,15.155
2017-11-13,Santa Cruz Wharf,2017-11-15,36.958,-122.017,11,2017,0.0,14.1,19.59,0.08,19.32,0,14.33653029616998,0.257551015487739,0.1361904598417736,5.701428443193436,1,13.6,13.4,21.54,23.25,0.09,0.0,45.17,44.72,244.875,0,46042,3.919,1.704,11.686,272.792,1017.99,13.836,14.246
2017-11-20,Santa Cruz Wharf,2017-11-22,36.958,-122.017,11,2017,0.0,15.4,15.74,0.25,20.43,0,15.08785681821862,1.2213264983527516,0.0252380825224376,17.32999954053334,1,14.1,13.6,19.59,21.54,0.08,0.09,19.32,45.17,62.96,0,46042,5.216,1.813,11.908,284.558,1018.81,14.745,15.939
2017-11-27,Santa Cruz Wharf,2017-11-29,36.958,-122.017,11,2017,0.0,13.6,11.22,4.49,3.33,0,15.259285342936613,1.605918325939957,-0.2009523936680384,22.4828565631594,1,15.4,14.1,15.74,19.59,0.25,0.08,20.43,19.32,2.4988864142538976,0,46042,5.272,1.505,12.056,291.512,1017.373,15.996,15.901
2017-12-04,Santa Cruz Wharf,2017-12-06,36.958,-122.017,12,2017,0.0,12.1,15.27,6.75,2.28,0,14.302652689875387,0.8648979373428286,-0.0919047310238792,13.172856811966216,1,13.6,15.4,11.22,15.74,4.49,0.25,3.33,20.43,2.2622222222222224,0,46042,6.69,3.264,14.712,303.131,1018.507,13.943,15.178
2017-12-11,Santa Cruz Wharf,2017-12-13,36.958,-122.017,12,2017,0.0,12.1,13.22,3.69,2.35,0,13.613367032031624,0.3910203944055401,0.0352380843389601,6.964285486510822,1,12.1,13.6,15.27,11.22,6.75,4.49,2.28,3.33,3.5826558265582658,0,46042,5.238,1.718,13.746,286.43,1023.764,13.913,13.924
2018-01-08,Santa Cruz Wharf,2018-01-10,36.958,-122.017,1,2018,0.0,13.3,10.23,1.79,3.85,0,13.533673101541948,0.8239795685726768,0.0104761577787853,11.565713959080831,1,12.1,12.1,13.22,15.27,3.69,6.75,2.35,2.28,5.715083798882682,0,46042,4.78,1.875,13.103,285.143,1019.717,13.49,13.714
2018-01-15,Santa Cruz Wharf,2018-01-17,36.958,-122.017,1,2018,0.0,14.1,11.12,0.58,11.24,0,13.693367023857274,1.074183650770966,-0.0433333260672432,15.038571110793525,1,13.3,12.1,10.23,13.22,1.79,3.69,3.85,2.35,19.17241379310345,0,46042,6.445,2.799,13.726,289.464,1017.577,13.196,13.537
2018-01-22,Santa Cruz Wharf,2018-01-24,36.958,-122.017,1,2018,0.0,12.8,15.61,5.59,1.09,0,13.494999739588524,0.9444897834743772,-0.0866666975475492,13.22285696864128,1,14.1,13.3,11.12,10.23,0.58,1.79,11.24,3.85,2.7924865831842576,0,46042,4.673,3.812,15.277,296.399,1021.127,12.739,13.476
2018-01-29,Santa Cruz Wharf,2018-01-31,36.958,-122.017,1,2018,0.234962,13.5,13.41,4.98,2.42,1,13.055713984431051,0.5471428467759064,0.0128571646554129,7.709999855075564,1,12.8,14.1,15.61,11.12,5.59,0.58,1.09,11.24,2.692771084337349,1,46042,4.562,2.937,13.116,306.363,1024.314,12.247,13.149
2018-02-05,Santa Cruz Wharf,2018-02-07,36.958,-122.017,2,2018,0.051417,13.7,8.04,0.67,10.41,0,12.935713962632784,0.4619387605664681,0.0533333278837657,6.537142648228577,1,13.5,12.8,13.41,15.61,4.98,5.59,2.42,1.09,11.999999999999998,0,46042,4.687,1.681,10.493,308.788,1019.06,13.717,12.86
2018-02-12,Santa Cruz Wharf,2018-02-14,36.958,-122.017,2,2018,0.004071,12.9,12.16,3.73,4.74,0,12.984183408776108,0.5449999830096351,-0.0900000163487026,7.649999762220042,1,13.7,13.5,8.04,13.41,0.67,4.98,10.41,2.42,3.260053619302949,0,46042,5.369,1.694,12.101,284.946,1017.354,13.395,13.471
2018-02-26,Santa Cruz Wharf,2018-02-28,36.958,-122.017,2,2018,0.164432,11.7,15.21,11.6,6.47,1,11.61540783668051,-0.7553060973937414,-0.0009523573375883,0.6857142608080592,0,12.9,13.7,12.16,8.04,3.73,0.67,4.74,10.41,1.3112068965517245,1,46042,8.273,2.74,12.145,307.863,1023.483,9.485,11.926
2018-03-05,Santa Cruz Wharf,2018-03-07,36.958,-122.017,3,2018,0.006546,11.8,18.25,9.63,3.2,0,11.356938537286252,-0.9799999672235274,0.1490475790841238,0.0271428568022591,1,11.7,12.9,15.21,12.16,11.6,3.73,6.47,4.74,1.8951194184839044,0,46042,6.086,2.731,11.569,295.22,1017.608,10.367,11.403
2018-03-12,Santa Cruz Wharf,2018-03-14,36.958,-122.017,3,2018,0.011502,12.7,18.3,1.39,4.07,0,11.946326207141489,-0.3594897847850711,0.0171428862072172,0.9171428307890892,1,11.8,11.7,18.25,15.21,9.63,11.6,3.2,6.47,13.165467625899282,0,46042,4.074,1.482,13.199,285.756,1018.218,11.176,11.805
2018-03-19,Santa Cruz Wharf,2018-03-21,36.958,-122.017,3,2018,0.0,13.0,15.11,0.98,13.57,0,12.40326501885239,0.1309183643636654,0.0190475554693312,2.334285656256335,1,12.7,11.8,18.3,18.25,1.39,9.63,4.07,3.2,15.418367346938776,0,46042,5.205,2.21,11.891,291.048,1016.02,11.538,12.571
2018-03-26,Santa Cruz Wharf,2018-03-28,36.958,-122.017,3,2018,0.008825,14.7,11.67,0.81,3.57,0,12.618877313574968,0.3876530521986435,0.1585714703514462,5.42714273078101,1,13.0,12.7,15.11,18.3,0.98,1.39,13.57,4.07,14.407407407407408,0,46042,6.873,2.306,10.617,266.887,1016.499,11.954,12.776
2018-04-02,Santa Cruz Wharf,2018-04-03,36.958,-122.017,4,2018,0.031029,16.2,6.71,0.9,2.09,0,13.074081343047473,0.8864285562719617,-0.0199999582199823,12.409999787807465,1,14.7,13.0,11.67,15.11,0.81,0.98,3.57,13.57,7.455555555555556,0,46042,6.366,1.918,9.42,305.06,1018.979,12.419,13.008
2018-04-09,Santa Cruz Wharf,2018-04-11,36.958,-122.017,4,2018,0.095734,13.8,14.29,3.31,4.35,0,13.391938501474808,1.247550999631687,-0.1057143438430059,17.465713994843618,1,16.2,14.7,6.71,11.67,0.9,0.81,2.09,3.57,4.317220543806646,0,46042,6.663,1.82,10.779,264.726,1016.497,12.812,13.115
2018-04-16,Santa Cruz Wharf,2018-04-18,36.958,-122.017,4,2018,0.083973,11.9,22.51,14.5,8.26,0,13.048162917701566,0.9402040627461916,-0.0657142457507905,13.165714021239962,1,13.8,16.2,14.29,6.71,3.31,0.9,4.35,2.09,1.5524137931034483,0,46042,7.421,2.918,13.046,298.988,1020.992,12.61,13.183
2018-04-23,Santa Cruz Wharf,2018-04-25,36.958,-122.017,4,2018,0.0,13.5,12.51,2.72,9.1,0,12.574693465719418,0.4758163169596572,0.1223808924357096,6.681428436988166,1,11.9,13.8,22.51,14.29,14.5,3.31,8.26,4.35,4.599264705882352,0,46042,7.206,2.498,11.693,303.708,1019.304,11.586,12.501
2018-04-30,Santa Cruz Wharf,2018-05-02,36.958,-122.017,5,2018,0.085012,13.7,12.45,4.39,4.95,0,12.617244447980609,0.5009183542498824,-0.095714251200358,7.029999816258039,1,13.5,11.9,12.51,22.51,2.72,14.5,9.1,8.26,2.835990888382688,0,46042,3.635,1.952,13.646,287.929,1017.646,12.247,13.016
2018-05-07,Santa Cruz Wharf,2018-05-09,36.958,-122.017,5,2018,0.0,15.5,21.01,0.08,22.95,0,12.498979188957993,0.360306110936312,-0.0790476117815289,5.495714107794421,1,13.7,13.5,12.45,12.51,4.39,2.72,4.95,9.1,262.625,0,46042,7.316,1.946,10.225,297.204,1018.292,11.717,12.389
2018-05-14,Santa Cruz Wharf,2018-05-16,36.958,-122.017,5,2018,0.003717,13.0,19.04,1.89,8.07,0,12.2307140486581,0.0685714260694019,0.036666643051874,2.3357142119535377,1,15.5,13.7,21.01,12.45,0.08,4.39,22.95,4.95,10.074074074074074,0,46042,6.975,2.141,10.641,292.617,1015.975,12.14,11.89
2018-05-21,Santa Cruz Wharf,2018-05-23,36.958,-122.017,5,2018,0.029955,14.1,23.24,2.98,4.4,0,12.30153040983239,0.0869387725786286,0.0752380916050502,2.825714205524751,1,13.0,15.5,19.04,21.01,1.89,0.08,8.07,22.95,7.798657718120805,0,46042,5.258,1.64,10.742,279.75,1016.682,12.645,12.767
2018-05-28,Santa Cruz Wharf,2018-05-30,36.958,-122.017,5,2018,0.071442,16.5,11.54,0.16,8.47,0,12.580713963022037,0.2740816289216888,0.0161905288696289,4.541428502116885,1,14.1,13.0,23.24,19.04,2.98,1.89,4.4,8.07,72.125,0,46042,5.345,1.96,11.538,271.988,1015.946,12.42,12.565
2018-06-04,Santa Cruz Wharf,2018-06-06,36.958,-122.017,6,2018,0.519268,16.1,1.55,0.01,5.33,1,12.643162902520627,0.2287755080935906,-0.1295238676525297,4.217142794813428,1,16.5,14.1,11.54,23.24,0.16,2.98,8.47,4.4,155.0,1,46042,7.254,2.275,9.167,310.899,1013.879,12.477,12.389
2018-06-11,Santa Cruz Wharf,2018-06-13,36.958,-122.017,6,2018,0.099427,15.7,10.07,1.1,8.52,0,12.14724453128114,-0.3763265173350061,0.0547619320097423,1.185714249100004,0,16.1,16.5,1.55,11.54,0.01,0.16,5.33,8.47,9.154545454545454,0,46042,7.849,2.167,9.583,310.065,1016.098,12.418,11.724
2018-06-18,Santa Cruz Wharf,2018-06-20,36.958,-122.017,6,2018,0.0,15.7,4.91,0.48,4.86,0,12.133877218986044,-0.5223469209800266,0.0585714521862211,0.2614285637225423,1,15.7,16.1,10.07,1.55,1.1,0.01,8.52,5.33,10.229166666666668,0,46042,6.755,2.575,9.896,299.607,1010.785,12.613,12.387
2018-06-25,Santa Cruz Wharf,2018-06-28,36.958,-122.017,6,2018,0.049075,16.7,6.04,1.46,3.37,0,12.783877314353475,-0.0615306108315684,0.1171428135463169,1.764285666069814,1,15.7,15.7,4.91,10.07,0.48,1.1,4.86,8.52,4.136986301369864,0,46042,7.176,1.83,10.293,295.018,1014.199,12.88,12.736
2018-07-02,Santa Cruz Wharf,2018-07-05,36.958,-122.017,7,2018,0.023815,15.7,7.55,2.04,6.11,0,13.3927547980328,0.3242857035781656,0.0857142947968982,5.051428420735257,1,16.7,15.7,6.04,4.91,1.46,0.48,3.37,4.86,3.7009803921568625,0,46042,5.246,2.169,9.839,295.327,1014.351,13.481,13.631
2018-07-09,Santa Cruz Wharf,2018-07-11,36.958,-122.017,7,2018,0.832841,18.0,7.47,4.32,5.58,1,13.897142497860656,0.6031632450770358,0.108571415855771,8.444285431078502,1,15.7,16.7,7.55,6.04,2.04,1.46,6.11,3.37,1.7291666666666663,1,46042,5.885,1.863,9.93,282.333,1015.882,13.851,13.693
2018-07-16,Santa Cruz Wharf,2018-07-18,36.958,-122.017,7,2018,0.787071,17.0,2.72,0.09,6.81,1,14.527346581828835,1.008877511535372,0.1009523755028133,14.124285161495209,1,18.0,15.7,7.47,7.55,4.32,2.04,5.58,6.11,30.222222222222225,1,46042,6.105,1.449,10.543,272.119,1015.552,14.532,14.66
2018-07-23,Santa Cruz Wharf,2018-07-25,36.958,-122.017,7,2018,0.022102,18.7,10.56,0.81,8.16,0,15.098265005617725,1.3586734285464093,-0.1804761432466052,19.021427999649728,1,17.0,18.0,2.72,7.47,0.09,4.32,6.81,5.58,13.037037037037036,0,46042,3.133,1.324,10.966,275.637,1015.233,14.64,15.687
2018-07-30,Santa Cruz Wharf,2018-08-01,36.958,-122.017,8,2018,0.019747,18.1,41.43,0.41,16.94,0,14.577652882556524,0.6195918244062638,-0.1823809487479073,11.1828569237675,0,18.7,17.0,10.56,2.72,0.81,0.09,8.16,6.81,101.04878048780488,0,46042,8.986,1.664,12.86,250.72,1016.002,14.142,14.904
2018-08-06,Santa Cruz Wharf,2018-08-08,36.958,-122.017,8,2018,0.047559,16.2,17.32,3.4,43.41,0,13.450918197631836,-0.7264285577195031,0.0047618775140671,1.3899999729224617,0,18.1,18.7,41.43,10.56,0.41,0.81,16.94,8.16,5.094117647058824,0,46042,9.781,1.805,7.372,321.542,1014.201,13.53,13.942
2018-08-13,Santa Cruz Wharf,2018-08-15,36.958,-122.017,8,2018,0.140234,17.4,8.28,1.67,18.23,1,13.208061023634306,-1.1862244639469652,0.1766666684831891,0.0,0,16.2,18.1,17.32,41.43,3.4,0.41,43.41,16.94,4.958083832335329,1,46042,7.596,1.533,10.106,251.988,1014.104,13.084,13.551
2018-08-20,Santa Cruz Wharf,2018-08-22,36.958,-122.017,8,2018,0.0,17.8,9.32,1.24,11.81,0,14.00989767969871,-0.5687754985933401,0.1928571065266926,1.417142825467246,1,17.4,16.2,8.28,17.32,1.67,3.4,18.23,43.41,7.516129032258065,0,46042,4.762,1.362,13.791,216.78,1015.314,14.035,14.138
2018-08-27,Santa Cruz Wharf,2018-08-29,36.958,-122.017,8,2018,0.0,18.2,12.8,0.93,9.74,0,15.222652649392888,0.5117346770605262,0.0290476481119791,9.02857118844986,1,17.8,17.4,9.32,8.28,1.24,1.67,11.81,18.23,13.763440860215054,0,46042,2.602,1.231,9.871,293.506,1015.102,14.885,15.305
2018-09-03,Santa Cruz Wharf,2018-09-05,36.958,-122.017,9,2018,0.0,17.7,14.27,0.36,7.85,0,15.76765267702998,0.947959160774338,-0.1695237840924944,13.474285389695847,1,18.2,17.8,12.8,9.32,0.93,1.24,9.74,11.81,39.638888888888886,0,46042,4.969,1.528,8.865,302.786,1014.256,15.398,15.938
2018-09-10,Santa Cruz Wharf,2018-09-12,36.958,-122.017,9,2018,1.4e-05,18.4,12.7,1.52,6.09,0,14.986836491798869,0.0588775512819387,-0.2004762377057756,6.331428438425064,0,17.7,18.2,14.27,12.8,0.36,0.93,7.85,9.74,8.355263157894736,0,46042,5.433,1.765,8.824,302.655,1013.885,14.346,15.077
2018-09-17,Santa Cruz Wharf,2018-09-19,36.958,-122.017,9,2018,0.0,15.3,11.22,1.95,4.13,0,13.759285430518949,-1.2530611896393251,-0.0542856852213541,0.468571411711829,0,18.4,17.7,12.7,14.27,1.52,0.36,6.09,7.85,5.753846153846155,0,46042,6.85,1.973,11.815,264.518,1013.351,14.236,13.335
2018-09-24,Santa Cruz Wharf,2018-09-26,36.958,-122.017,9,2018,0.0,15.9,15.34,3.1,7.87,0,13.276122054275202,-1.742653013492117,0.2038095110938662,0.0,0,15.3,18.4,11.22,12.7,1.95,1.52,4.13,6.09,4.948387096774193,0,46042,5.722,1.736,10.885,270.12,1013.079,13.424,13.041
2018-10-01,Santa Cruz Wharf,2018-10-03,36.958,-122.017,10,2018,0.0,16.0,8.93,0.64,3.22,0,14.195101630930996,-0.77234692096102,0.2271428789411272,3.2328570506402423,1,15.9,15.3,15.34,11.22,3.1,1.95,7.87,4.13,13.953125,0,46042,2.81,1.338,12.052,254.173,1012.52,13.871,14.317
2018-10-08,Santa Cruz Wharf,2018-10-10,36.958,-122.017,10,2018,0.0,16.7,8.6,1.37,5.4,0,15.381734322528448,0.4702040685378775,-0.0004761559622628,8.898571199604444,1,16.0,15.9,8.93,15.34,0.64,3.1,3.22,7.87,6.277372262773722,0,46042,5.396,1.853,12.293,257.262,1012.167,15.657,16.001
2018-10-15,Santa Cruz Wharf,2018-10-17,36.958,-122.017,10,2018,0.0,16.0,9.46,0.9,2.6,0,15.94122416632516,1.092959159186908,0.0280951999482654,15.301428228616714,1,16.7,16.0,8.6,8.93,1.37,0.64,5.4,3.22,10.511111111111113,0,46042,3.806,2.383,11.902,271.667,1009.92,14.838,15.267
2018-10-29,Santa Cruz Wharf,2018-10-31,36.958,-122.017,10,2018,0.012863,15.7,13.56,1.85,7.55,0,15.296020021243972,0.7628571293791946,-0.1861904689243861,11.569999801261083,1,16.0,16.7,9.46,8.6,0.9,1.37,2.6,5.4,7.3297297297297295,0,46042,7.347,1.991,12.484,296.599,1016.226,14.893,15.727
2018-11-05,Santa Cruz Wharf,2018-11-07,36.958,-122.017,11,2018,0.034381,14.4,16.2,5.83,5.83,0,14.182550741701707,-0.1380612211568014,-0.1114285786946614,2.968571386166982,0,15.7,16.0,13.56,9.46,1.85,0.9,7.55,2.6,2.778730703259005,0,46042,8.477,2.475,10.379,313.856,1018.332,14.901,15.025
2018-11-12,Santa Cruz Wharf,2018-11-14,36.958,-122.017,11,2018,0.0,13.3,13.66,3.45,3.87,0,13.835509981427874,-0.2738775422378462,0.3057142893473307,3.0157142196382796,1,14.4,15.7,16.2,13.56,5.83,1.85,5.83,7.55,3.959420289855072,0,46042,5.63,2.053,10.284,310.661,1015.58,13.71,13.376
2018-11-19,Santa Cruz Wharf,2018-11-21,36.958,-122.017,11,2018,0.036595,14.9,11.73,1.44,11.91,0,14.813775257188444,0.9165305917968556,0.1376191093808128,15.66999960371426,1,13.3,14.4,13.66,16.2,3.45,5.83,3.87,5.83,8.145833333333334,0,46042,3.563,1.511,12.984,263.198,1020.566,14.254,15.6
2018-11-26,Santa Cruz Wharf,2018-11-28,36.958,-122.017,11,2018,0.0,16.7,7.33,1.89,6.67,0,15.94234676750339,2.2591836206158815,-0.0900000617617652,31.62857068862234,1,14.9,13.3,11.73,13.66,1.44,3.45,11.91,3.87,3.8783068783068786,0,46042,5.397,1.972,11.377,270.762,1017.099,15.211,15.721
2018-12-03,Santa Cruz Wharf,2018-12-05,36.958,-122.017,12,2018,0.0392,15.9,9.27,2.3,3.55,0,15.910714061892762,2.4427550508051503,-0.0995238167898995,34.198570711272104,1,16.7,14.9,7.33,11.73,1.89,1.44,6.67,11.91,4.030434782608696,0,46042,7.688,3.318,13.152,285.298,1014.52,14.782,16.227
2018-12-10,Santa Cruz Wharf,2018-12-12,36.958,-122.017,12,2018,0.0,15.4,11.41,3.75,1.54,0,15.208162911084234,1.95551016501018,-0.0728571301414852,27.377142310142517,1,15.9,16.7,9.27,7.33,2.3,1.89,3.55,6.67,3.042666666666667,0,46042,5.908,2.015,12.401,271.911,1017.339,14.039,15.416
2018-12-17,Santa Cruz Wharf,2018-12-19,36.958,-122.017,12,2018,0.025659,15.1,12.98,3.57,2.95,0,14.815815964523628,1.7610203660264308,0.0676190058390299,24.65428512437003,1,15.4,15.9,11.41,9.27,3.75,2.3,1.54,3.55,3.635854341736695,0,46042,6.68,2.861,13.744,290.895,1020.078,14.264,14.605
2019-01-07,Santa Cruz Wharf,2019-01-09,36.958,-122.017,1,2019,0.016606,14.0,10.24,4.51,1.27,0,13.346734329145784,0.6245918254158934,0.0604762122744605,8.74428555582251,1,15.1,15.4,12.98,11.41,3.57,3.75,2.95,1.54,2.270509977827051,0,46042,7.373,2.769,12.619,292.408,1016.498,12.176,13.583
2019-01-14,Santa Cruz Wharf,2019-01-16,36.958,-122.017,1,2019,0.0,13.9,62.07,8.08,1.22,0,13.285612009009537,0.6529591784489398,0.0109523591541108,9.141428498285157,1,14.0,15.1,10.24,12.98,4.51,3.57,1.27,2.95,7.681930693069307,0,46042,7.779,3.289,12.004,252.601,1015.814,13.144,13.367
2019-01-21,Santa Cruz Wharf,2019-01-23,36.958,-122.017,1,2019,0.0,13.1,16.28,4.44,1.39,0,13.433367135573407,0.8713265268170104,-0.0014285587129139,12.198571375438146,1,13.9,14.0,62.07,10.24,8.08,4.51,1.22,1.27,3.6666666666666665,0,46042,7.081,3.546,13.598,253.404,1016.427,13.681,13.567
2019-01-28,Santa Cruz Wharf,2019-01-30,36.958,-122.017,1,2019,0.0,14.0,21.44,2.03,1.18,0,13.481224206029152,0.964489775652788,0.0161904380435035,13.502856859139031,1,13.1,13.9,16.28,62.07,4.44,8.08,1.39,1.22,10.561576354679804,0,46042,5.583,2.08,12.572,295.357,1023.679,13.218,13.655
2019-02-04,Santa Cruz Wharf,2019-02-06,36.958,-122.017,2,2019,0.017654,12.5,32.34,3.86,0.66,0,13.491326147196244,1.011530585434972,-0.0247619265601748,14.161428196089608,1,14.0,13.1,21.44,16.28,2.03,4.44,1.18,1.39,8.378238341968913,0,46042,7.261,2.506,12.924,266.293,1009.822,13.122,13.634
2019-02-11,Santa Cruz Wharf,2019-02-13,36.958,-122.017,2,2019,0.0,12.3,32.09,5.78,2.94,0,13.458775092144403,1.01459181004641,0.0123810086931501,14.204285340649742,1,12.5,14.0,32.34,21.44,3.86,2.03,0.66,1.18,5.551903114186851,0,46042,7.289,2.947,13.947,289.821,1014.707,10.626,13.274
2019-02-18,Santa Cruz Wharf,2019-02-20,36.958,-122.017,2,2019,0.0,12.9,36.95,5.89,1.17,0,13.361734351333308,0.9535714029049388,-0.0661904925391787,13.34999964066914,1,12.3,12.5,32.09,32.34,5.78,3.86,2.94,0.66,6.2733446519524625,0,46042,9.487,3.943,12.646,257.766,1013.717,11.628,13.254
2019-02-25,Santa Cruz Wharf,2019-02-27,36.958,-122.017,2,2019,0.0,13.5,73.44,8.76,2.25,0,13.06387728087756,0.6896938635986679,-0.016666639418829,9.65571409038135,1,12.9,12.3,36.95,32.09,5.89,5.78,1.17,2.94,8.383561643835616,0,46042,7.667,2.74,11.083,310.887,1018.586,10.879,12.868
2019-03-04,Santa Cruz Wharf,2019-03-06,36.958,-122.017,3,2019,0.0,14.4,44.93,3.61,5.37,0,12.869897667242556,0.5272448899186387,-0.0228572118849981,7.381428458860943,1,13.5,12.9,73.44,36.95,8.76,5.89,2.25,1.17,12.445983379501383,0,46042,6.395,2.153,11.624,251.857,1015.583,12.154,12.612
2019-03-11,Santa Cruz Wharf,2019-03-13,36.958,-122.017,3,2019,0.0,12.9,14.19,2.04,3.9,0,12.81377512094926,0.5032652960139877,0.0319048109508696,7.045714144195829,1,14.4,13.5,44.93,73.44,3.61,8.76,5.37,2.25,6.955882352941176,0,46042,6.644,2.166,11.058,257.19,1014.169,11.429,12.623
2019-03-18,Santa Cruz Wharf,2019-03-21,36.958,-122.017,3,2019,0.0,13.7,14.24,0.46,2.23,0,12.897346603627108,0.6205101837309039,0.0142857233683268,8.687142572232656,1,12.9,14.4,14.19,44.93,2.04,3.61,3.9,5.37,30.956521739130434,0,46042,7.431,2.899,14.044,306.127,1018.866,12.076,12.687
2019-03-25,Santa Cruz Wharf,2019-03-27,36.958,-122.017,3,2019,0.0,14.5,66.58,2.28,1.9,0,13.124489521493716,0.887040794503932,0.0842856906709216,12.418571123055049,1,13.7,12.9,14.24,14.19,0.46,2.04,2.23,3.9,29.20175438596491,0,46042,4.438,2.535,14.413,279.06,1017.894,12.417,13.218
2019-04-01,Santa Cruz Wharf,2019-04-03,36.958,-122.017,4,2019,0.0,14.4,14.99,1.64,2.18,0,13.471020104933755,1.2770407850645025,0.0652380897885276,17.878570990903036,1,14.5,13.7,66.58,14.24,2.28,0.46,1.9,2.23,9.140243902439025,0,46042,6.117,2.401,12.744,284.545,1020.249,13.083,13.529
2019-04-08,Santa Cruz Wharf,2019-04-10,36.958,-122.017,4,2019,0.0,13.1,32.74,6.58,2.36,0,13.736530274760966,1.585612212820929,-0.2128571101597376,22.19857097949301,1,14.4,14.5,14.99,66.58,1.64,2.28,2.18,1.9,4.975683890577508,0,46042,4.427,2.048,15.28,271.774,1017.06,13.483,13.923
2019-04-15,Santa Cruz Wharf,2019-04-17,36.958,-122.017,4,2019,0.006297,14.6,11.97,0.0,4.59,0,13.16214252004818,1.050918351782828,-0.0204762050083705,14.712856924959592,1,13.1,14.4,32.74,14.99,6.58,1.64,2.36,2.18,,0,46042,10.071,3.444,11.365,310.494,1019.827,12.51,13.274
2019-04-22,Santa Cruz Wharf,2019-04-24,36.958,-122.017,4,2019,0.0,15.7,57.47,1.31,4.54,0,12.507550735862887,0.4104081520012447,0.0223809650966099,5.7457141280174255,1,14.6,13.1,11.97,32.74,0.0,6.58,4.59,2.36,43.87022900763358,0,46042,6.961,2.35,12.769,302.018,1017.051,11.499,12.109
2019-04-29,Santa Cruz Wharf,2019-05-01,36.958,-122.017,5,2019,0.0,14.0,20.14,1.85,7.31,0,12.693162986210414,0.5806122310459614,0.1638095038277762,8.12857123464346,1,15.7,14.6,57.47,11.97,1.31,0.0,4.54,4.59,10.886486486486486,0,46042,4.901,1.986,9.474,307.815,1015.106,11.907,12.253
2019-05-06,Santa Cruz Wharf,2019-05-08,36.958,-122.017,5,2019,0.0,14.7,30.84,2.22,2.8,0,13.544285404438876,1.4090816015947838,0.1647619065784272,19.727142422326978,1,14.0,15.7,20.14,57.47,1.85,1.31,7.31,4.54,13.891891891891891,0,46042,4.39,1.579,11.387,287.268,1013.768,12.138,13.267
2019-05-13,Santa Cruz Wharf,2019-05-15,36.958,-122.017,5,2019,0.0,16.5,16.61,1.07,4.14,0,14.434081301397203,2.275204048473008,-0.0919047764369419,31.85285667862211,1,14.7,14.0,30.84,20.14,2.22,1.85,2.8,7.31,15.523364485981308,0,46042,3.52,1.286,13.087,244.786,1013.676,13.112,14.755
2019-05-20,Santa Cruz Wharf,2019-05-22,36.958,-122.017,5,2019,0.0,14.9,17.6,4.19,6.73,0,14.480815955570764,2.275204035700584,-0.0485714503696986,31.852856499808176,1,16.5,14.7,16.61,30.84,1.07,2.22,4.14,2.8,4.200477326968974,0,46042,6.978,2.105,13.344,232.214,1014.01,13.539,14.668
2019-05-27,Santa Cruz Wharf,2019-05-29,36.958,-122.017,5,2019,0.175411,15.8,15.81,0.0,3.24,1,13.92857096146564,1.6343877060072762,-0.066190447126116,22.881427884101868,1,14.9,16.5,17.6,16.61,4.19,1.07,6.73,4.14,,1,46042,6.986,2.912,11.065,301.554,1012.741,13.117,13.853
2019-06-03,Santa Cruz Wharf,2019-06-05,36.958,-122.017,6,2019,0.025936,16.0,24.24,1.09,3.74,0,13.503673027972786,1.10224487343613,-0.1247618993123372,15.459999654974256,1,15.8,14.9,15.81,17.6,0.0,4.19,3.24,6.73,22.23853211009174,0,46042,6.888,1.829,9.505,297.018,1013.931,12.444,13.728
2019-06-10,Santa Cruz Wharf,2019-06-12,36.958,-122.017,6,2019,0.0,17.9,33.53,2.18,3.9,0,13.500509787578972,0.9922448743362816,0.1523809432983398,13.991428234747476,1,16.0,15.8,24.24,15.81,1.09,0.0,3.74,3.24,15.380733944954128,0,46042,7.596,2.257,9.122,308.356,1014.188,12.782,13.227
2019-06-17,Santa Cruz Wharf,2019-06-19,36.958,-122.017,6,2019,0.735161,15.1,36.01,4.44,3.59,1,13.830509789135991,1.196530582345262,0.1657142639160156,16.82285672000476,1,17.9,16.0,33.53,24.24,2.18,1.09,3.9,3.74,8.110360360360358,1,46042,3.922,1.348,11.079,252.179,1014.299,14.364,14.468
2019-06-24,Santa Cruz Wharf,2019-06-26,36.958,-122.017,6,2019,0.0,17.9,14.11,0.22,2.71,0,14.44622414452689,1.6327550660590735,-0.0866666067214239,22.85857092482703,1,15.1,17.9,36.01,33.53,4.44,2.18,3.59,3.9,64.13636363636364,0,46042,3.282,2.362,10.029,307.14,1013.132,13.435,14.158
2019-07-01,Santa Cruz Wharf,2019-07-03,36.958,-122.017,7,2019,0.0,17.8,14.09,1.49,4.07,0,14.508673200801928,1.4749999665180031,-0.0476190476190476,20.649999531252043,1,17.9,15.1,14.11,36.01,0.22,4.44,2.71,3.59,9.456375838926174,0,46042,6.891,1.554,8.805,285.296,1015.715,14.096,14.549
2019-07-08,Santa Cruz Wharf,2019-07-10,36.958,-122.017,7,2019,0.0,16.1,18.96,4.42,4.36,0,13.869795672747554,0.6097959030837733,-0.1142857415335518,8.904285488916296,1,17.8,17.9,14.09,14.11,1.49,0.22,4.07,2.71,4.289592760180995,0,46042,8.485,1.926,9.78,293.387,1015.795,14.112,14.19
2019-07-15,Santa Cruz Wharf,2019-07-17,36.958,-122.017,7,2019,0.0,17.4,17.24,2.68,4.74,0,13.408571165435168,-0.0769387724220144,0.1500000272478376,2.029999967398388,1,16.1,17.8,18.96,14.09,4.42,1.49,4.36,4.07,6.432835820895521,0,46042,6.95,1.581,11.873,253.988,1015.888,13.725,13.095
2019-07-22,Santa Cruz Wharf,2019-07-24,36.958,-122.017,7,2019,0.009376,16.8,10.63,0.34,10.27,0,13.628571150254231,-0.0784693846327005,0.0704761686779203,2.249999967802848,1,17.4,16.1,17.24,18.96,2.68,4.42,4.74,4.36,31.264705882352946,0,46042,4.092,1.569,13.128,251.81,1014.093,14.223,14.096
2019-07-29,Santa Cruz Wharf,2019-07-31,36.958,-122.017,7,2019,0.0,18.1,9.9,0.0,13.67,0,14.19959154907538,0.272755095564133,-0.060000010899135,4.55428560929639,1,16.8,17.4,10.63,17.24,0.34,2.68,10.27,4.74,,0,46042,4.773,1.583,8.912,289.119,1015.462,13.779,14.66
2019-08-05,Santa Cruz Wharf,2019-08-07,36.958,-122.017,8,2019,0.0,16.1,24.24,3.3,6.88,0,14.20938743863787,0.064183670932389,0.0100000018165225,2.9299999145524844,1,18.1,16.8,9.9,10.63,0.0,0.34,13.67,10.27,7.345454545454546,0,46042,6.304,1.435,7.623,304.06,1015.492,14.363,14.081
2019-08-12,Santa Cruz Wharf,2019-08-14,36.958,-122.017,8,2019,0.0,17.9,18.58,0.35,22.27,0,14.247652715566206,-0.1147959158964911,0.1528570992606026,1.3871428216142314,1,16.1,18.1,24.24,9.9,3.3,0.0,6.88,13.67,53.08571428571428,0,46042,5.938,1.198,11.771,239.721,1014.931,15.179,14.711
2019-08-19,Santa Cruz Wharf,2019-08-21,36.958,-122.017,8,2019,0.0,18.8,24.69,0.0,14.05,0,14.890918011568033,0.3343877490533857,0.0090476898919968,5.774285606507744,1,17.9,16.1,18.58,24.24,0.35,3.3,22.27,6.88,,0,46042,4.865,1.669,8.03,309.28,1013.251,15.564,15.427
2019-08-26,Santa Cruz Wharf,2019-08-28,36.958,-122.017,8,2019,0.0,18.2,13.75,0.19,10.01,0,15.587346582996602,0.8910203902621051,0.0995237713768368,12.47714260646275,1,18.8,17.9,24.69,18.58,0.0,0.35,14.05,22.27,72.36842105263158,0,46042,4.68,1.501,11.677,277.065,1013.102,15.562,15.757
2019-09-02,Santa Cruz Wharf,2019-09-04,36.958,-122.017,9,2019,0.0,18.8,22.88,0.0,25.46,0,15.591020117000657,0.7863265122382008,-0.2085713886079334,12.274285425032888,1,18.2,18.8,13.75,24.69,0.19,0.0,10.01,14.05,,0,46042,4.677,1.092,11.28,257.838,1013.644,16.245,17.047
2019-09-09,Santa Cruz Wharf,2019-09-11,36.958,-122.017,9,2019,0.0,17.1,23.85,0.23,16.09,0,15.187652831174889,0.2761224426177083,0.0933332897367931,6.329999840685299,1,18.8,18.2,22.88,13.75,0.0,0.19,25.46,10.01,103.69565217391305,0,46042,7.48,1.539,12.317,275.226,1015.079,15.864,15.11
2019-09-16,Santa Cruz Wharf,2019-09-18,36.958,-122.017,9,2019,0.0,17.6,24.91,0.11,9.8,0,14.987550745205002,-0.0146938765003364,-0.0466665994553339,2.865714226450239,0,17.1,18.8,23.85,22.88,0.23,0.0,16.09,25.46,226.45454545454547,0,46042,6.791,1.718,11.664,281.107,1014.077,16.599,16.712
2019-09-23,Santa Cruz Wharf,2019-09-25,36.958,-122.017,9,2019,0.0,17.6,22.36,0.03,14.71,0,15.036122195574702,0.0122448963930412,0.096666653951009,2.72714278953416,1,17.6,17.1,24.91,23.85,0.11,0.23,9.8,16.09,745.3333333333334,0,46042,4.439,1.79,10.273,298.869,1013.836,15.199,14.666
2019-09-30,Santa Cruz Wharf,2019-10-02,36.958,-122.017,10,2019,0.0,16.0,19.01,1.04,5.54,0,15.224285514987244,0.2453061163197366,-0.1080952598935081,4.2228570474045615,1,17.6,17.6,22.36,24.91,0.03,0.11,14.71,9.8,18.278846153846153,0,46042,5.735,2.371,10.42,303.5,1011.792,15.658,15.425
2019-10-07,Santa Cruz Wharf,2019-10-09,36.958,-122.017,10,2019,0.04532,16.9,11.77,0.0,12.91,0,15.126938498750023,0.2062244837229348,-0.0538095746721539,3.83285705106599,1,16.0,17.6,19.01,22.36,1.04,0.03,5.54,14.71,,0,46042,6.79,1.781,10.465,294.274,1016.023,14.375,15.158
2019-10-14,Santa Cruz Wharf,2019-10-16,36.958,-122.017,10,2019,0.035235,15.3,8.7,0.91,13.9,0,14.654285343325869,-0.2036734667359565,-0.0933332897367931,1.2971428143126624,0,16.9,16.0,11.77,19.01,0.0,1.04,12.91,5.54,9.560439560439558,0,46042,5.111,1.602,10.713,293.899,1012.648,14.264,14.739
2019-10-21,Santa Cruz Wharf,2019-10-23,36.958,-122.017,10,2019,0.017155,16.8,6.91,0.0,7.19,0,14.106122104489073,-0.6379591673612595,-0.0571428934733072,0.0585714280605316,0,15.3,16.9,8.7,11.77,0.91,0.0,13.9,12.91,,0,46042,5.886,2.252,13.378,293.988,1016.247,13.601,14.368
2019-10-28,Santa Cruz Wharf,2019-10-30,36.958,-122.017,10,2019,0.003418,13.5,22.46,6.68,2.56,0,13.535101764056147,-1.02561221874262,0.0528571719215029,0.0,0,16.8,15.3,6.91,8.7,0.0,0.91,7.19,13.9,3.3622754491017965,0,46042,6.001,2.202,11.004,307.88,1015.04,14.901,13.756
2019-11-04,Santa Cruz Wharf,2019-11-06,36.958,-122.017,11,2019,0.0,14.6,10.98,0.0,16.7,0,13.650509931603256,-0.7004081466026149,0.0890476135980515,1.1085714165653502,1,13.5,16.8,22.46,6.91,6.68,0.0,2.56,7.19,,0,46042,4.53,1.6,13.199,283.655,1017.271,13.977,13.943
2019-11-18,Santa Cruz Wharf,2019-11-20,36.958,-122.017,11,2019,0.0,14.9,11.8,0.47,5.53,0,14.03091812133789,0.1030612231935469,-0.0352381751650855,1.952857106125781,1,14.6,13.5,10.98,22.46,0.0,6.68,16.7,2.56,25.106382978723406,0,46042,4.139,2.02,13.643,285.916,1018.75,12.921,14.28
2019-11-25,Santa Cruz Wharf,2019-11-27,36.958,-122.017,11,2019,0.0,13.1,12.17,3.61,3.84,0,13.51540778607738,-0.199489789767837,-0.1742857070196242,0.7199999700699534,0,14.9,14.6,11.8,10.98,0.47,0.0,5.53,16.7,3.371191135734072,0,46042,5.79,2.784,12.924,295.899,1013.978,13.575,14.025
2019-12-02,Santa Cruz Wharf,2019-12-04,36.958,-122.017,12,2019,0.0,13.8,16.78,8.1,6.15,0,13.06561178090621,-0.4352040703085308,0.1895237877255394,0.6385714132338762,1,13.1,14.9,12.17,11.8,3.61,0.47,3.84,5.53,2.071604938271605,0,46042,8.556,3.565,11.928,279.619,1010.413,11.207,13.241
2019-12-09,Santa Cruz Wharf,2019-12-11,36.958,-122.017,12,2019,0.0,15.3,12.07,4.29,1.59,0,13.36459138442059,0.0790816303912778,0.0157143274943033,4.7485713216343095,1,13.8,13.1,16.78,12.17,8.1,3.61,6.15,3.84,2.8135198135198136,0,46042,7.834,2.532,11.518,262.792,1015.364,13.807,13.495
2019-12-16,Santa Cruz Wharf,2019-12-18,36.958,-122.017,12,2019,0.0,14.9,17.64,4.49,2.08,0,13.75010162470292,0.6712244700032229,-0.0519047691708518,9.42571400691356,1,15.3,13.8,12.07,16.78,4.29,8.1,1.59,6.15,3.928730512249443,0,46042,4.728,2.508,13.729,286.435,1022.559,13.059,13.923
2020-01-06,Santa Cruz Wharf,2020-01-08,36.958,-122.017,1,2020,0.00726,13.6,12.13,8.12,3.1,0,13.402040578881088,0.6667346779485138,-0.0980952126639229,9.334285491279193,1,14.9,15.3,17.64,12.07,4.49,4.29,2.08,1.59,1.49384236453202,0,46042,6.975,3.195,14.74,292.647,1023.02,12.666,13.564
2020-01-13,Santa Cruz Wharf,2020-01-15,36.958,-122.017,1,2020,0.0,12.1,9.89,5.13,3.43,0,13.001734422177686,0.357040808365053,-0.0557142893473307,5.149999884622438,1,13.6,14.9,12.13,17.64,8.12,4.49,3.1,2.08,1.9278752436647175,0,46042,6.444,2.837,11.853,301.62,1024.45,11.931,13.091
2020-01-20,Santa Cruz Wharf,2020-01-22,36.958,-122.017,1,2020,0.0,13.7,11.89,7.35,4.1,0,12.598060948508126,0.0285714277617481,0.0571428934733072,1.507142831172262,1,12.1,13.6,9.89,12.13,5.13,8.12,3.43,3.1,1.617687074829932,0,46042,4.932,2.689,12.222,291.714,1021.242,11.141,12.651
2020-01-27,Santa Cruz Wharf,2020-01-29,36.958,-122.017,1,2020,0.0,13.8,12.72,7.12,2.89,0,12.624285454652748,0.1025510196364959,0.0238094783964611,2.434285692870617,1,13.7,12.1,11.89,9.89,7.35,5.13,4.1,3.43,1.7865168539325844,0,46042,4.171,2.893,14.749,281.619,1021.038,12.626,12.784
2020-02-03,Santa Cruz Wharf,2020-02-05,36.958,-122.017,2,2020,0.0,11.9,13.16,6.27,2.55,0,12.691938526776372,0.2065306110307573,-0.0933332897367931,3.327142823221428,1,13.8,13.7,12.72,11.89,7.12,7.35,2.89,4.1,2.0988835725677832,0,46042,6.729,3.176,13.431,291.036,1025.564,12.292,12.991
2020-02-10,Santa Cruz Wharf,2020-02-12,36.958,-122.017,2,2020,0.024307,14.1,15.37,12.37,3.22,0,12.425407944893353,-0.0244897930711811,0.0066666830153692,1.2699999833213431,0,11.9,13.8,13.16,12.72,6.27,7.12,2.55,2.89,1.2425222312045272,0,46042,8.119,3.157,10.739,311.844,1020.906,10.906,12.399
2020-02-17,Santa Cruz Wharf,2020-02-19,36.958,-122.017,2,2020,0.027913,13.2,15.55,6.0,3.16,0,12.325918207363204,-0.0890816303388196,0.0214285169328961,0.2799999878874846,1,14.1,11.9,15.37,13.16,12.37,6.27,3.22,2.55,2.591666666666667,0,46042,4.534,2.382,12.954,298.587,1019.423,11.71,12.313
2020-02-24,Santa Cruz Wharf,2020-02-26,36.958,-122.017,2,2020,0.285985,14.7,6.52,0.85,3.32,1,12.464285519658304,0.0825510168714182,0.0023810068766276,1.4685713739267416,1,13.2,14.1,15.55,15.37,6.0,12.37,3.16,3.22,7.670588235294117,1,46042,6.022,1.903,12.935,292.435,1019.347,11.551,12.586
2020-03-02,Santa Cruz Wharf,2020-03-04,36.958,-122.017,3,2020,0.0251,15.0,11.19,0.47,3.06,0,12.498061024412817,0.1483673432043619,-0.0009524481637137,2.207142800092697,1,14.7,13.2,6.52,15.55,0.85,6.0,3.32,3.16,23.80851063829787,0,46042,6.49,2.378,12.811,298.815,1022.925,11.834,12.571
2020-03-09,Santa Cruz Wharf,2020-03-11,36.958,-122.017,3,2020,0.0,15.4,14.61,0.04,7.61,0,12.584795630708031,0.2647959156608094,0.0619047709873744,3.8314285288964,1,15.0,14.7,11.19,6.52,0.47,0.85,3.06,3.32,365.25,0,46042,5.025,2.669,12.242,306.56,1017.139,11.83,12.475
2020-05-04,Santa Cruz Wharf,2020-05-05,36.958,-122.017,5,2020,0.022261,17.9,16.46,0.61,2.84,0,12.914285465162626,0.7849999904936674,-0.0419047673543293,10.989999866911344,1,15.4,15.0,14.61,11.19,0.04,0.47,7.61,3.06,26.98360655737705,0,46042,8.318,2.097,11.817,296.661,1019.92,12.805,13.767
2020-05-11,Santa Cruz Wharf,2020-05-12,36.958,-122.017,5,2020,0.14604,16.2,2.59,0.0,16.16,1,12.948673228828271,0.7978571243584156,0.2804761614118303,11.169999741017818,1,17.9,15.4,16.46,14.61,0.61,0.04,2.84,7.61,,1,46042,7.324,2.094,11.145,297.144,1017.478,12.293,12.584
2020-05-18,Santa Cruz Wharf,2020-05-19,36.958,-122.017,5,2020,0.787506,17.4,10.65,3.33,8.32,1,13.850509818719358,1.6625509699236374,-0.1452381043207078,23.27571357893092,1,16.2,17.9,2.59,16.46,0.0,0.61,16.16,2.84,3.1981981981981984,1,46042,4.819,1.803,13.088,249.804,1016.835,14.134,14.41
2020-05-25,Santa Cruz Wharf,2020-05-26,36.958,-122.017,5,2020,0.0145,16.7,5.12,1.57,6.9,0,14.122550604294757,1.8583672965059477,0.0742857342674618,26.017142151083267,1,17.4,16.2,10.65,2.59,3.33,0.0,8.32,16.16,3.2611464968152863,0,46042,7.642,2.452,10.037,305.786,1016.557,13.43,13.658
2020-06-01,Santa Cruz Wharf,2020-06-02,36.958,-122.017,6,2020,6.120819,16.5,13.25,0.34,6.54,1,14.065101672192007,1.6967346424959142,0.0757142929803757,23.7542849949428,1,16.7,17.4,5.12,10.65,1.57,3.33,6.9,8.32,38.97058823529411,1,46042,5.16,2.032,11.805,287.131,1013.518,13.432,13.732
2020-06-08,Santa Cruz Wharf,2020-06-09,36.958,-122.017,6,2020,0.014732,14.4,11.45,0.89,6.76,0,14.05224456592482,1.5742856559096552,-0.138095219930013,22.03999918273517,1,16.5,16.7,13.25,5.12,0.34,1.57,6.54,6.9,12.86516853932584,0,46042,6.767,1.969,10.427,294.844,1014.702,13.797,14.466
2020-06-15,Santa Cruz Wharf,2020-06-16,36.958,-122.017,6,2020,0.007263,15.7,13.43,4.17,8.9,0,13.571428357338418,0.976530584943842,0.007142838977632,13.671428189213788,1,14.4,16.5,11.45,13.25,0.89,0.34,6.76,6.54,3.2206235011990407,0,46042,7.353,1.646,10.456,288.696,1019.037,13.559,13.654
2020-06-22,Santa Cruz Wharf,2020-06-23,36.958,-122.017,6,2020,0.0,16.1,15.29,0.25,10.89,0,13.417448802870146,0.661326517522031,0.1185714176722935,9.258571245308431,1,15.7,14.4,13.43,11.45,4.17,0.89,8.9,6.76,61.16,0,46042,6.284,1.924,9.244,306.375,1015.601,13.703,14.284
2020-06-29,Santa Cruz Wharf,2020-06-30,36.958,-122.017,6,2020,0.148906,15.6,17.03,0.0,11.09,1,13.816020157872414,0.8472448740230532,-0.016666639418829,11.861428236322745,1,16.1,15.7,15.29,13.43,0.25,4.17,10.89,8.9,,1,46042,3.303,1.909,10.384,288.012,1012.657,13.625,13.963
2020-07-06,Santa Cruz Wharf,2020-07-07,36.958,-122.017,7,2020,0.00592,15.6,7.97,0.0,89.81,0,13.914387498583112,0.7182652844610262,-0.1600000290643601,10.485713962997709,1,15.6,16.1,17.03,15.29,0.0,0.25,11.09,10.89,,0,46042,5.196,2.732,10.468,296.47,1014.361,13.28,13.836
2020-07-13,Santa Cruz Wharf,2020-07-14,36.958,-122.017,7,2020,0.007751,15.3,6.25,0.0,9.2,0,13.462142613469338,0.039183671605222,0.139047622680664,3.559999889561108,1,15.6,15.6,7.97,17.03,0.0,0.0,89.81,11.09,,0,46042,8.606,2.262,8.184,319.839,1015.436,13.101,12.759
2020-07-20,Santa Cruz Wharf,2020-07-21,36.958,-122.017,7,2020,0.007593,14.7,7.38,3.06,15.29,0,13.922448693489542,0.27673468584841,0.188571430387951,6.764285532225456,1,15.3,15.6,6.25,7.97,0.0,0.0,9.2,89.81,2.411764705882353,0,46042,3.624,1.625,9.083,313.506,1014.61,13.898,13.536
2020-07-27,Santa Cruz Wharf,2020-07-28,36.958,-122.017,7,2020,0.0,15.2,10.65,0.0,19.22,0,15.029795559085144,1.1638775293582253,-0.159047626313709,16.6799996865115,1,14.7,15.3,7.38,6.25,3.06,0.0,15.29,9.2,,0,46042,3.866,1.341,9.111,307.827,1014.082,14.36,15.766
2020-08-03,Santa Cruz Wharf,2020-08-04,36.958,-122.017,8,2020,0.0,17.5,18.96,0.0,16.31,0,14.78275472290662,0.6993877498851139,0.0190476462954566,12.248571232493434,1,15.2,14.7,10.65,7.38,0.0,3.06,19.22,15.29,,0,46042,5.738,1.178,9.698,285.415,1015.691,14.138,14.826
2020-08-10,Santa Cruz Wharf,2020-08-11,36.958,-122.017,8,2020,0.0,15.3,11.68,0.59,23.1,0,14.55969357003971,0.2590816340656304,0.2852380389258974,6.44999988217439,1,17.5,15.2,18.96,10.65,0.0,0.0,16.31,19.22,19.79661016949153,0,46042,5.038,1.671,8.243,316.589,1015.756,14.448,13.798
2020-08-17,Santa Cruz Wharf,2020-08-18,36.958,-122.017,8,2020,0.010073,18.5,13.67,0.0,29.22,0,15.283264958128637,0.7775510116955455,-0.3519046874273391,12.071428423481327,1,15.3,17.5,11.68,18.96,0.59,0.0,23.1,16.31,,0,46042,3.46,1.462,10.628,285.506,1013.122,15.561,15.769
2020-08-31,Santa Cruz Wharf,2020-09-01,36.958,-122.017,9,2020,0.295338,14.6,9.44,0.0,20.71,1,14.541530414503448,-0.2326530559292557,0.1042856943039667,1.294285688017096,1,18.5,15.3,13.67,11.68,0.0,0.59,29.22,23.1,,1,46042,3.001,1.48,8.856,305.75,1011.651,13.703,14.863
2020-09-07,Santa Cruz Wharf,2020-09-08,36.958,-122.017,9,2020,0.137262,16.9,2.36,0.0,5.63,1,14.888673101152692,0.0056122443353642,-0.0771428062802269,2.8199999273887704,1,14.6,18.5,9.44,13.67,0.0,0.0,20.71,29.22,,1,46042,5.175,1.431,10.191,297.917,1014.786,14.928,15.076
2020-09-14,Santa Cruz Wharf,2020-09-15,36.958,-122.017,9,2020,0.028699,14.9,6.91,0.12,8.27,0,14.775305689597616,-0.2096938752018066,0.0709523246401832,2.4185713651989187,1,16.9,14.6,2.36,9.44,0.0,0.0,5.63,20.71,57.583333333333336,0,46042,4.279,1.226,11.848,254.982,1012.337,14.218,14.635
2020-09-21,Santa Cruz Wharf,2020-09-22,36.958,-122.017,9,2020,0.0,15.9,11.12,0.0,2.07,0,14.462448548297491,-0.5654081518248636,-0.1247618993123372,0.2442857048341205,0,14.9,16.9,6.91,2.36,0.12,0.0,8.27,5.63,,0,46042,4.771,1.102,10.536,255.518,1015.854,15.05,14.382
2020-09-28,Santa Cruz Wharf,2020-09-29,36.958,-122.017,9,2020,0.0,15.5,15.51,1.17,9.76,0,14.390713857144728,-0.6032652941589453,0.0385714485531761,0.0714285671710967,0,15.9,14.9,11.12,6.91,0.0,0.12,2.07,8.27,13.256410256410255,0,46042,6.418,2.086,11.767,302.269,1016.253,14.997,13.665
2020-10-05,Santa Cruz Wharf,2020-10-06,36.958,-122.017,10,2020,0.004589,14.9,17.12,0.0,5.86,0,14.209591417896505,-0.7264285580236084,0.0585714067731584,0.0485714290823255,1,15.5,15.9,15.51,11.12,1.17,0.0,9.76,2.07,,0,46042,5.457,2.028,12.848,287.792,1014.891,14.478,14.68
2020-10-12,Santa Cruz Wharf,2020-10-13,36.958,-122.017,10,2020,0.008345,14.7,15.1,0.0,6.67,0,14.173366906691571,-0.7042857014707157,-0.0823809305826822,0.1700000017881393,0,14.9,15.5,17.12,15.51,0.0,1.17,5.86,9.76,,0,46042,4.698,1.394,11.635,267.161,1015.648,13.935,14.414
2020-10-19,Santa Cruz Wharf,2020-10-20,36.958,-122.017,10,2020,0.0,15.1,10.98,0.2,16.87,0,14.195509891120754,-0.5885714183048326,0.0823809759957449,0.2514285679374421,1,14.7,14.9,15.1,17.12,0.0,0.0,6.67,5.86,54.9,0,46042,4.925,2.192,10.287,312.56,1016.164,15.175,14.045
2020-10-26,Santa Cruz Wharf,2020-10-27,36.958,-122.017,10,2020,0.0,14.3,12.37,0.39,20.89,0,14.466122218540736,-0.1507142844552896,0.0242856797717866,2.12428565961974,1,15.1,14.7,10.98,15.1,0.2,0.0,16.87,6.67,31.717948717948715,0,46042,2.893,2.036,9.868,303.387,1013.567,13.891,14.601
2020-11-02,Santa Cruz Wharf,2020-11-03,36.958,-122.017,11,2020,0.007853,14.9,12.91,0.69,11.28,0,14.650203821610432,0.2416326475082611,-0.2133333115350632,4.325714198606355,1,14.3,15.1,12.37,10.98,0.39,0.2,20.89,16.87,18.71014492753623,0,46042,4.666,1.355,10.699,299.613,1018.22,13.568,14.792
2020-11-09,Santa Cruz Wharf,2020-11-10,36.958,-122.017,11,2020,0.0,12.2,13.39,0.73,1.26,0,13.809897666074791,-0.3875510150528684,-0.0923809778122674,2.465714247098991,0,14.9,14.3,12.91,12.37,0.69,0.39,11.28,20.89,18.34246575342466,0,46042,8.038,2.809,13.317,301.295,1014.553,12.664,14.174
2020-11-16,Santa Cruz Wharf,2020-11-17,36.958,-122.017,11,2020,0.006683,12.5,19.46,11.1,3.82,0,12.93622418812343,-1.05071426479488,-0.007142838977632,0.1342857128807476,0,12.2,14.9,13.39,12.91,0.73,0.69,1.26,11.28,1.7531531531531532,0,46042,4.68,2.096,11.75,305.924,1021.272,11.744,12.684
2020-11-23,Santa Cruz Wharf,2020-11-24,36.958,-122.017,11,2020,0.070168,12.6,19.76,8.56,1.42,0,12.649081376134134,-1.1267346630291064,-0.0971428553263346,0.0,0,12.5,12.2,19.46,13.39,11.1,0.73,3.82,1.26,2.308411214953271,0,46042,5.433,2.193,12.376,288.649,1019.242,12.998,12.91
2020-11-30,Santa Cruz Wharf,2020-12-01,36.958,-122.017,12,2020,0.00343,11.6,18.15,3.45,4.07,0,12.177652796920466,-1.3824489505923525,-0.0785714558192661,0.0,0,12.6,12.5,19.76,19.46,8.56,11.1,1.42,3.82,5.260869565217391,0,46042,6.091,2.413,12.928,307.696,1021.172,11.683,12.329
2020-12-07,Santa Cruz Wharf,2020-12-09,36.958,-122.017,12,2020,0.002491,11.3,17.33,6.82,5.61,0,11.6831629811501,-1.6616326254241318,-0.0057142348516555,0.0,0,11.6,12.6,18.15,19.76,3.45,8.56,4.07,1.42,2.541055718475073,0,46042,5.092,2.317,15.065,296.911,1023.241,11.299,12.016
2020-12-14,Santa Cruz Wharf,2020-12-15,36.958,-122.017,12,2020,0.00383,11.2,18.38,9.01,23.15,0,11.50489768203424,-1.6299999636046738,0.0176189967564173,0.0,0,11.3,11.6,17.33,18.15,6.82,3.45,5.61,4.07,2.039955604883463,0,46042,4.77,2.936,13.763,293.647,1020.08,11.811,11.478
2021-01-04,Santa Cruz Wharf,2021-01-06,36.958,-122.017,1,2021,0.0,11.6,14.08,2.21,2.04,0,11.99244871918036,-0.7672448869870634,-0.0047618775140671,0.0,0,11.2,11.3,18.38,17.33,9.01,6.82,23.15,5.61,6.371040723981901,0,46042,5.065,3.636,15.572,287.399,1020.986,11.228,12.462
2021-01-11,Santa Cruz Wharf,2021-01-13,36.958,-122.017,1,2021,0.002911,12.2,12.73,9.2,2.59,0,12.163877282823837,-0.5065306041921888,-0.0061904816400437,0.0,0,11.6,11.2,14.08,18.38,2.21,9.01,2.04,23.15,1.3836956521739132,0,46042,4.365,3.865,15.589,298.524,1023.455,11.954,12.399
2021-01-18,Santa Cruz Wharf,2021-01-20,36.958,-122.017,1,2021,0.0,12.2,28.15,12.7,1.88,0,12.079387596675328,-0.5095918251543629,-0.0185714449201311,0.0,0,12.2,11.6,12.73,14.08,9.2,2.21,2.59,2.04,2.216535433070866,0,46042,4.584,3.439,14.772,293.506,1024.168,12.137,12.226
2021-01-25,Santa Cruz Wharf,2021-01-27,36.958,-122.017,1,2021,0.00407,11.0,13.6,10.99,6.28,0,11.90959168453606,-0.6224489646906756,-0.0152380807059151,0.0,0,12.2,12.2,28.15,12.73,12.7,9.2,1.88,2.59,1.2374886260236575,0,46042,5.973,2.776,13.854,294.054,1014.893,12.108,12.353
2021-02-01,Santa Cruz Wharf,2021-02-03,36.958,-122.017,2,2021,0.0,11.7,19.01,13.56,1.33,0,11.856020109994072,-0.6373469236553931,0.0161904380435035,0.0,0,11.0,12.2,13.6,28.15,10.99,12.7,6.28,1.88,1.4019174041297937,0,46042,7.278,3.576,13.309,286.494,1013.318,10.696,12.113
2021-02-15,Santa Cruz Wharf,2021-02-17,36.958,-122.017,2,2021,0.0,11.8,2.88,0.64,1.27,0,11.9319385411788,-0.4923469272195077,-0.0180952435448056,0.0,0,11.7,11.0,19.01,13.6,13.56,10.99,1.33,6.28,4.5,0,46042,5.79,1.673,13.324,301.845,1017.971,11.487,12.103
2021-02-22,Santa Cruz Wharf,2021-02-24,36.958,-122.017,2,2021,0.303795,12.0,6.59,3.5,11.89,1,11.84520384730125,-0.5452040716701624,-0.0900000163487025,0.0,0,11.8,11.7,2.88,19.01,0.64,13.56,1.27,1.33,1.8828571428571428,1,46042,6.84,2.717,13.612,294.988,1024.845,11.43,12.19
2021-03-01,Santa Cruz Wharf,2021-03-03,36.958,-122.017,3,2021,0.23234,11.3,7.44,2.64,14.61,1,11.530407895847244,-0.8280612023509278,0.0104762486049107,0.0,0,12.0,11.8,6.59,2.88,3.5,0.64,11.89,1.27,2.8181818181818183,1,46042,8.539,3.291,10.928,309.643,1022.271,11.198,11.353
2021-03-08,Santa Cruz Wharf,2021-03-10,36.958,-122.017,3,2021,0.0,11.5,7.62,0.71,1.61,0,11.212652838959984,-1.1124489492907816,-0.0076190857660202,0.0,0,11.3,12.0,7.44,6.59,2.64,3.5,14.61,11.89,10.732394366197184,0,46042,4.431,2.459,14.203,294.686,1018.711,10.733,11.056
2021-03-15,Santa Cruz Wharf,2021-03-17,36.958,-122.017,3,2021,0.107613,11.0,6.62,5.78,2.03,1,11.19510183528978,-1.0967346746094373,0.0047619229271298,0.0,0,11.5,11.3,7.62,7.44,0.71,2.64,1.61,14.61,1.1453287197231834,1,46042,4.863,3.586,13.999,294.707,1021.939,10.402,11.409
2021-03-22,Santa Cruz Wharf,2021-03-24,36.958,-122.017,3,2021,0.0,11.7,17.48,13.14,1.35,0,11.136530350665655,-1.117959163626846,-0.0447619301932198,0.0,0,11.0,11.5,6.62,7.62,5.78,0.71,2.03,1.61,1.330289193302892,0,46042,6.817,2.808,11.492,287.589,1021.558,10.226,11.452
2021-03-29,Santa Cruz Wharf,2021-03-31,36.958,-122.017,3,2021,0.0,12.4,16.45,6.28,2.48,0,11.143979354780546,-1.0682652851148526,0.1195238204229445,0.0,0,11.7,11.0,17.48,6.62,13.14,5.78,1.35,2.03,2.6194267515923566,0,46042,7.9,2.699,9.736,311.343,1019.69,10.543,11.155
2021-04-05,Santa Cruz Wharf,2021-04-07,36.958,-122.017,4,2021,0.003814,11.9,18.12,3.21,8.75,0,11.373979334928553,-0.7953061072193847,-0.0780952544439406,0.0,0,12.4,11.7,16.45,17.48,6.28,13.14,2.48,1.35,5.644859813084112,0,46042,5.016,1.717,12.343,288.898,1018.416,11.42,11.398
2021-04-12,Santa Cruz Wharf,2021-04-14,36.958,-122.017,4,2021,0.0,12.2,4.7,1.93,2.72,0,11.435203756604876,-0.6909183485775577,0.0571428934733073,0.0,0,11.9,12.4,18.12,16.45,3.21,6.28,8.75,2.48,2.435233160621762,0,46042,8.582,2.056,9.32,310.167,1019.907,10.198,11.298
2021-04-19,Santa Cruz Wharf,2021-04-21,36.958,-122.017,4,2021,0.024973,12.1,13.92,2.07,8.8,0,11.457142586610756,-0.6421428371448906,-0.0247619265601748,0.0,0,12.2,11.9,4.7,18.12,1.93,3.21,2.72,8.75,6.724637681159421,0,46042,5.963,2.151,12.196,299.186,1016.019,10.172,11.201
2021-05-03,Santa Cruz Wharf,2021-05-05,36.958,-122.017,5,2021,0.0,14.4,54.12,7.71,3.93,0,11.700918187900466,-0.4252040725277394,-0.0952381406511578,0.0,0,12.1,12.2,13.92,4.7,2.07,1.93,8.8,2.72,7.019455252918288,0,46042,7.708,1.911,10.774,279.345,1018.905,11.181,11.691
2021-05-10,Santa Cruz Wharf,2021-05-12,36.958,-122.017,5,2021,0.004246,13.3,8.01,1.93,16.3,0,11.47602013179234,-0.6711224295503023,0.0309524082002185,0.0,0,14.4,12.1,54.12,13.92,7.71,2.07,3.93,8.8,4.150259067357513,0,46042,9.327,2.708,10.925,304.589,1016.046,11.172,11.523
2021-05-17,Santa Cruz Wharf,2021-05-19,36.958,-122.017,5,2021,0.0,13.6,2.1,0.36,7.56,0,11.36520378930228,-0.8136734463730637,-0.0466666902814592,0.0,0,13.3,14.4,8.01,54.12,1.93,7.71,16.3,3.93,5.833333333333334,0,46042,4.197,2.213,10.588,305.006,1015.564,10.802,11.384
2021-05-24,Santa Cruz Wharf,2021-05-26,36.958,-122.017,5,2021,0.0,13.9,15.63,7.0,11.29,0,11.563469137464253,-0.6871428334591341,0.12000002179827,0.0,0,13.6,13.3,2.1,8.01,0.36,1.93,7.56,16.3,2.232857142857143,0,46042,7.792,2.45,10.443,288.042,1019.006,11.206,11.216
2021-05-31,Santa Cruz Wharf,2021-06-02,36.958,-122.017,6,2021,0.0,14.2,3.31,0.71,7.17,0,11.90132625735536,-0.4529591653572053,0.0733333769298734,0.0057142855865614,1,13.9,13.6,15.63,2.1,7.0,0.36,11.29,7.56,4.661971830985916,0,46042,8.342,1.852,11.451,275.405,1018.735,11.323,11.074
2021-06-07,Santa Cruz Wharf,2021-06-09,36.958,-122.017,6,2021,0.0,12.7,18.02,8.28,3.38,0,12.450305812212886,-0.0130612216889858,0.1566665740240187,1.6085714091147696,1,14.2,13.9,3.31,15.63,0.71,7.0,7.17,11.29,2.176328502415459,0,46042,5.028,2.085,11.407,290.851,1014.255,11.885,11.873
2021-06-14,Santa Cruz Wharf,2021-06-16,36.958,-122.017,6,2021,0.0,16.0,10.04,0.57,12.48,0,13.26591803103077,0.6899999886447069,0.1523810341244651,9.832856980817658,1,12.7,14.2,18.02,3.31,8.28,0.71,3.38,7.17,17.614035087719298,0,46042,6.071,1.81,10.413,292.774,1018.406,13.308,13.474
2021-06-21,Santa Cruz Wharf,2021-06-23,36.958,-122.017,6,2021,0.0,14.7,9.61,2.64,12.3,0,14.287958826337542,1.5592856802502455,0.0504761196318126,21.82999952350344,1,16.0,12.7,10.04,18.02,0.57,8.28,12.48,3.38,3.6401515151515142,0,46042,6.475,2.202,9.484,318.518,1013.214,13.757,13.989
2021-06-28,Santa Cruz Wharf,2021-06-30,36.958,-122.017,6,2021,0.0,16.7,17.59,0.93,14.36,0,14.864183318858244,1.9272448590823583,-0.0142856779552641,26.981428027153015,1,14.7,16.0,9.61,10.04,2.64,0.57,12.3,12.48,18.913978494623656,0,46042,5.192,1.543,13.281,226.407,1014.589,14.395,14.668
2021-07-05,Santa Cruz Wharf,2021-07-07,36.958,-122.017,7,2021,0.003172,16.9,6.09,1.07,9.73,0,14.924183320026009,1.7608163022265142,-0.0257142838977632,24.6514282311712,1,16.7,14.7,17.59,9.61,0.93,2.64,14.36,12.3,5.691588785046728,0,46042,5.583,1.81,9.765,297.299,1013.255,14.172,14.311
2021-07-12,Santa Cruz Wharf,2021-07-14,36.958,-122.017,7,2021,0.0,14.8,23.71,8.28,2.95,0,14.682856851694536,1.2928571263138129,-0.0733333315168107,18.09999976839338,1,16.9,16.7,6.09,17.59,1.07,0.93,9.73,14.36,2.8635265700483097,0,46042,7.132,2.052,10.511,296.643,1014.692,13.628,14.38
2021-07-19,Santa Cruz Wharf,2021-07-21,36.958,-122.017,7,2021,0.0,15.7,17.2,0.43,40.86,0,14.38428544025032,0.7712244735080368,0.0385714031401134,10.797142629112516,1,14.8,16.9,23.71,6.09,8.28,1.07,2.95,9.73,40.0,0,46042,5.365,1.938,9.501,305.952,1015.211,12.9,13.619
2021-07-26,Santa Cruz Wharf,2021-07-28,36.958,-122.017,7,2021,0.0,15.9,15.52,1.29,35.31,0,14.53489760963284,0.7021428386167604,0.1500000272478376,9.829999740634646,1,15.7,14.8,17.2,23.71,0.43,8.28,40.86,2.95,12.031007751937985,0,46042,5.381,1.739,8.666,312.629,1016.699,13.189,13.693
2021-08-02,Santa Cruz Wharf,2021-08-04,36.958,-122.017,8,2021,0.0,16.3,9.54,0.5,19.22,0,15.323979309626989,1.2722448737037426,0.1419047401064918,17.811428231852396,1,15.9,15.7,15.52,17.2,1.29,0.43,35.31,40.86,19.08,0,46042,2.143,1.121,11.946,230.449,1016.211,14.393,14.952
2021-08-09,Santa Cruz Wharf,2021-08-11,36.958,-122.017,8,2021,0.0,17.0,15.92,0.36,61.12,0,16.164183470667627,1.8937754679699332,-0.0528571719215029,26.512856551579063,1,16.3,15.9,9.54,15.52,0.5,1.29,19.22,35.31,44.22222222222222,0,46042,5.741,1.388,10.902,262.446,1016.039,14.725,15.883
2021-08-16,Santa Cruz Wharf,2021-08-18,36.958,-122.017,8,2021,0.0,16.9,16.13,9.78,10.23,0,16.19561192454124,1.7157142454264116,-0.0709523246401831,24.01999943596976,1,17.0,16.3,15.92,9.54,0.36,0.5,61.12,19.22,1.6492842535787322,0,46042,4.402,1.424,11.513,264.56,1015.888,15.256,16.197
2021-08-23,Santa Cruz Wharf,2021-08-25,36.958,-122.017,8,2021,0.0,15.6,19.01,1.71,24.58,0,15.8675506358244,1.223673446446049,0.1019046420142763,17.131428250244685,1,16.9,17.0,16.13,15.92,9.78,0.36,10.23,61.12,11.116959064327489,0,46042,4.191,2.42,10.347,296.565,1011.498,15.361,15.142
2021-08-30,Santa Cruz Wharf,2021-09-01,36.958,-122.017,9,2021,0.0,16.8,12.71,0.36,14.01,0,16.138060783853337,1.3776530264591684,0.0223810559227353,19.28714237042836,1,15.6,16.9,19.01,16.13,1.71,9.78,24.58,10.23,35.30555555555556,0,46042,3.942,1.79,8.827,306.132,1012.079,14.886,16.012
2021-09-06,Santa Cruz Wharf,2021-09-08,36.958,-122.017,9,2021,0.0,17.3,14.81,0.86,16.49,0,16.52591795824012,1.6581632215149549,0.0176190875825427,23.214285101209367,1,16.8,15.6,12.71,19.01,0.36,1.71,14.01,24.58,17.22093023255814,0,46042,3.4,1.625,8.747,308.083,1012.357,14.66,16.673
2021-09-13,Santa Cruz Wharf,2021-09-15,36.958,-122.017,9,2021,0.0,16.0,16.16,1.64,9.62,0,16.437958902242233,1.4666326185878442,-0.104285785130092,20.532856660229815,1,17.3,16.8,14.81,12.71,0.86,0.36,16.49,14.01,9.853658536585366,0,46042,6.849,1.628,9.657,290.179,1014.301,14.904,16.22
2021-09-20,Santa Cruz Wharf,2021-09-22,36.958,-122.017,9,2021,0.0,16.2,18.59,0.71,5.45,0,16.13071402724908,1.1068367088327602,0.0142856779552641,15.495713923658643,1,16.0,17.3,16.16,14.81,1.64,0.86,9.62,16.49,26.183098591549296,0,46042,3.753,1.988,13.341,246.964,1014.834,14.647,16.154
2021-09-27,Santa Cruz Wharf,2021-09-29,36.958,-122.017,9,2021,0.0,15.8,16.7,0.07,7.78,0,15.846224132849244,0.8474489593384218,-0.0933332897367931,11.864285430737905,1,16.2,16.0,18.59,16.16,0.71,1.64,5.45,9.62,238.57142857142853,0,46042,3.427,1.97,13.079,293.149,1016.13,15.19,16.452
2021-10-04,Santa Cruz Wharf,2021-10-06,36.958,-122.017,10,2021,0.0,15.8,16.95,0.21,33.08,0,15.57816287449428,0.6363265157050016,-0.0609523682367234,8.925714076629706,1,15.8,16.2,16.7,18.59,0.07,0.71,7.78,5.45,80.71428571428571,0,46042,6.21,2.608,12.491,301.369,1016.33,14.603,15.868
2021-10-11,Santa Cruz Wharf,2021-10-13,36.958,-122.017,10,2021,0.0,13.0,13.96,8.21,2.66,0,14.878367015293666,-0.0069387770657028,-0.1299999782017299,4.317142768629959,0,15.8,15.8,16.95,16.7,0.21,0.07,33.08,7.78,1.7003654080389767,0,46042,5.322,1.999,11.495,299.455,1017.314,14.504,15.822
2021-10-18,Santa Cruz Wharf,2021-10-20,36.958,-122.017,10,2021,0.0,13.1,14.31,12.14,19.79,0,14.052244604850303,-0.7509183553332577,0.0123809632800874,0.6899999848433903,0,13.0,15.8,13.96,16.95,8.21,0.21,2.66,33.08,1.1787479406919277,0,46042,6.735,2.956,11.676,307.222,1016.765,13.891,14.255
2021-10-25,Santa Cruz Wharf,2021-10-27,36.958,-122.017,10,2021,0.0,14.0,13.39,3.14,14.61,0,14.032958925986776,-0.6145918268178191,0.1109523773193359,0.6542856959359986,1,13.1,13.0,14.31,13.96,12.14,8.21,19.79,2.66,4.264331210191083,0,46042,6.119,2.646,12.389,280.627,1015.871,14.146,14.272
2021-11-01,Santa Cruz Wharf,2021-11-03,36.958,-122.017,11,2021,0.001863022,14.5,15.31,1.0,10.58,0,14.623367163599754,0.1824489736891522,0.0109524045671735,5.034285591116974,1,14.0,13.1,13.39,14.31,3.14,12.14,14.61,19.79,15.31,0,46042,4.569,3.08,13.836,296.768,1017.234,14.527,14.856
2021-11-08,Santa Cruz Wharf,2021-11-10,36.958,-122.017,11,2021,0.0,14.3,14.7,3.28,3.56,0,14.869795750598518,0.6404081490270945,-0.0328571682884579,8.992856943181582,1,14.5,14.0,15.31,13.39,1.0,3.14,10.58,14.61,4.4817073170731705,0,46042,6.19,2.419,12.982,280.101,1020.035,14.6,15.078
2021-11-15,Santa Cruz Wharf,2021-11-17,36.958,-122.017,11,2021,0.0,13.5,17.27,4.14,4.99,0,14.6456119576279,0.6284693750191709,-0.0761904943557012,8.798571250268392,1,14.3,14.5,14.7,15.31,3.28,1.0,3.56,10.58,4.171497584541063,0,46042,6.004,2.202,11.106,284.482,1021.708,14.249,14.687
2021-11-22,Santa Cruz Wharf,2021-11-24,36.958,-122.017,11,2021,0.00585749,13.8,14.7,4.21,6.95,0,14.265407873659717,0.4601020318056856,-0.0933333351498557,6.454285588115454,1,13.5,14.3,17.27,14.7,4.14,3.28,4.99,3.56,3.4916864608076006,0,46042,4.143,1.865,10.802,292.369,1019.571,14.046,14.58
2021-11-29,Santa Cruz Wharf,2021-12-01,36.958,-122.017,12,2021,0.002824091,13.8,14.92,6.07,6.85,0,13.736530391537412,0.1451020383142998,-0.0323809669131323,2.4328570956630364,1,13.8,13.5,14.7,17.27,4.21,4.14,6.95,4.99,2.457990115321252,0,46042,4.799,1.802,11.507,296.512,1021.163,14.328,14.121
2021-12-06,Santa Cruz Wharf,2021-12-08,36.958,-122.017,12,2021,0.00117653,12.6,2.49,0.5,3.19,0,13.273979264862684,-0.101836730916129,-0.0842856906709216,0.1785714237817695,0,13.8,13.8,14.92,14.7,6.07,4.21,6.85,6.95,4.98,0,46042,4.473,1.879,12.888,297.864,1020.544,12.873,14.234
2021-12-13,Santa Cruz Wharf,2021-12-15,36.958,-122.017,12,2021,0.01459084,11.6,15.52,9.5,4.46,0,12.86816286554142,-0.2956122340900556,-0.0180952435448056,0.0142857139664036,0,12.6,13.8,2.49,14.92,0.5,6.07,3.19,6.85,1.6336842105263158,0,46042,6.248,1.969,10.55,296.418,1018.567,12.244,13.44
2021-12-20,Santa Cruz Wharf,2021-12-22,36.958,-122.017,12,2021,0.003613496,12.1,25.85,14.99,2.89,0,12.591122062838808,-0.3936734564450321,-0.0242857251848493,0.0,0,11.6,12.6,15.52,2.49,9.5,0.5,4.46,3.19,1.7244829886591062,0,46042,6.456,3.297,13.809,303.113,1017.729,11.527,12.684
2022-01-03,Santa Cruz Wharf,2022-01-05,36.958,-122.017,1,2022,0.021348195,12.0,15.77,10.64,2.18,0,12.34867323661337,-0.426224477741183,0.0219047637212843,0.0,0,12.1,11.6,25.85,15.52,14.99,9.5,2.89,4.46,1.482142857142857,0,46042,6.627,2.339,10.823,308.659,1014.362,10.887,12.845
2022-01-10,Santa Cruz Wharf,2022-01-12,36.958,-122.017,1,2022,0.0,12.3,15.38,9.5,3.49,0,12.40979564433195,-0.2733673384907294,-0.0052380788893926,0.221428567809718,1,12.0,12.1,15.77,25.85,10.64,14.99,2.18,2.89,1.6189473684210527,0,46042,4.929,2.283,12.905,294.932,1021.491,11.909,12.787
2022-01-17,Santa Cruz Wharf,2022-01-19,36.958,-122.017,1,2022,0.001361654,12.0,12.43,8.35,1.72,0,12.587244578770228,-0.0107142849236118,0.0938095365251813,1.24428569738354,1,12.3,12.0,15.38,15.77,9.5,10.64,3.49,2.18,1.488622754491018,0,46042,4.342,2.509,13.878,282.601,1023.648,13.333,12.897
2022-01-24,Santa Cruz Wharf,2022-01-26,36.958,-122.017,1,2022,0.005852328,12.6,12.68,8.28,1.93,0,12.80622420019033,0.2678571375352995,-0.027142842610677,4.128571357045855,1,12.0,12.3,12.43,15.38,8.35,9.5,1.72,3.49,1.531400966183575,0,46042,4.121,1.78,12.703,286.133,1020.982,12.609,12.803
2022-01-31,Santa Cruz Wharf,2022-02-02,36.958,-122.017,2,2022,0.001740605,12.0,11.25,8.85,1.81,0,12.824081372241585,0.3258163182787141,-0.0561905361357189,4.627142741211823,1,12.6,12.0,12.68,12.43,8.28,8.35,1.93,1.72,1.271186440677966,0,46042,4.652,1.871,14.474,280.297,1021.367,12.447,12.951
2022-02-07,Santa Cruz Wharf,2022-02-09,36.958,-122.017,2,2022,0.0,12.2,12.46,8.71,2.96,0,12.633162897460316,0.1718367284962109,0.0709524154663085,2.5357141979038715,1,12.0,12.6,11.25,12.68,8.85,8.28,1.81,1.93,1.4305396096440872,0,46042,6.71,2.521,12.052,304.585,1022.648,12.276,12.492
2022-02-14,Santa Cruz Wharf,2022-02-16,36.958,-122.017,2,2022,0.0,12.0,9.44,8.28,4.25,0,12.636836343882036,0.2092857084484124,-0.0690476099650065,3.00571420309799,1,12.2,12.0,12.46,11.25,8.71,8.85,2.96,1.81,1.140096618357488,0,46042,4.132,1.828,14.229,280.671,1021.412,,12.817
2022-02-21,Santa Cruz Wharf,2022-02-23,36.958,-122.017,2,2022,0.0,10.5,17.55,13.64,5.33,0,12.41989770227549,0.024693876276819,-0.1142856961204891,2.344285661620753,0,12.0,12.2,9.44,12.46,8.28,8.71,4.25,2.96,1.2866568914956011,0,46042,6.568,2.373,12.971,289.092,1019.83,,12.73
2022-02-28,Santa Cruz Wharf,2022-03-02,36.958,-122.017,3,2022,0.0,11.9,17.8,14.14,11.27,0,11.897754893010974,-0.4645918312729621,-0.0566666920979817,0.3528571426868438,0,10.5,12.0,17.55,9.44,13.64,8.28,5.33,4.25,1.2588401697312588,0,46042,7.0,2.256,12.833,300.834,1021.823,,11.977
2022-03-07,Santa Cruz Wharf,2022-03-09,36.958,-122.017,3,2022,0.003059287,12.2,18.98,12.07,3.62,0,11.490509899295104,-0.8402040682885111,0.0399999618530273,0.0,0,11.9,10.5,17.8,17.55,14.14,13.64,11.27,5.33,1.572493786246893,0,46042,6.962,2.977,13.227,297.506,1019.926,10.521,11.363
2022-03-14,Santa Cruz Wharf,2022-03-16,36.958,-122.017,3,2022,0.065133,12.3,4.98,0.29,14.08,0,11.509693515544036,-0.7887754935999306,0.0471428916567847,0.0,0,12.2,11.9,18.98,17.8,12.07,14.14,3.62,11.27,17.172413793103452,0,46042,5.785,1.72,11.767,298.093,1022.498,10.856,11.45
2022-03-21,Santa Cruz Wharf,2022-03-23,36.958,-122.017,3,2022,0.031029,13.1,10.79,4.71,3.82,0,11.745815987489662,-0.5144897820998211,-0.0228571210588727,0.0,0,12.3,12.2,4.98,18.98,0.29,12.07,14.08,3.62,2.2908704883227173,0,46042,6.613,2.755,13.581,292.119,1021.851,11.407,11.841
2022-03-28,Santa Cruz Wharf,2022-03-30,36.958,-122.017,3,2022,0.015763,12.2,14.21,6.71,7.47,0,11.712958832176364,-0.5059183544042158,-0.0700000581287202,0.0,0,13.1,12.3,10.79,4.98,4.71,0.29,3.82,14.08,2.1177347242921014,0,46042,8.447,2.298,12.369,290.575,1018.117,10.954,11.649
2022-04-04,Santa Cruz Wharf,2022-04-06,36.958,-122.017,4,2022,0.005996,12.9,6.55,1.86,4.97,0,11.537652706613343,-0.6394897801231364,0.0661904925391787,0.0,0,12.2,13.1,14.21,10.79,6.71,4.71,7.47,3.82,3.5215053763440856,0,46042,8.265,2.709,11.061,292.543,1014.923,11.212,11.556
2022-04-11,Santa Cruz Wharf,2022-04-13,36.958,-122.017,4,2022,0.00118,10.5,32.69,0.07,5.72,0,11.29112212511958,-0.8411224233556768,-0.1057142984299432,0.0,0,12.9,12.2,6.55,14.21,1.86,6.71,4.97,7.47,466.99999999999994,0,46042,9.184,3.237,12.779,306.157,1018.258,12.229,11.997
2022-04-18,Santa Cruz Wharf,2022-04-20,36.958,-122.017,4,2022,0.029874,11.8,21.47,8.28,10.22,0,11.2706119576279,-0.8287754911093079,0.1257143474760509,0.0,0,10.5,12.9,32.69,6.55,0.07,1.86,5.72,4.97,2.592995169082126,0,46042,7.239,1.924,11.483,263.528,1019.795,10.777,11.431
2022-04-25,Santa Cruz Wharf,2022-04-27,36.958,-122.017,4,2022,0.0,11.3,15.17,7.14,9.01,0,11.536938531058174,-0.5636734617303828,-0.1019047782534644,0.0,0,11.8,10.5,21.47,32.69,8.28,0.07,10.22,5.72,2.1246498599439776,0,46042,5.825,2.444,13.45,290.648,1018.374,12.014,12.384
2022-05-02,Santa Cruz Wharf,2022-05-04,36.958,-122.017,5,2022,0.0,12.0,16.88,4.28,16.29,0,11.408163090141452,-0.7136734502808172,0.01761904216948,0.0,0,11.3,11.8,15.17,21.47,7.14,8.28,9.01,10.22,3.943925233644859,0,46042,9.164,2.447,11.102,296.577,1018.114,11.237,11.073
2022-05-09,Santa Cruz Wharf,2022-05-11,36.958,-122.017,5,2022,0.0,9.9,40.95,29.63,5.12,0,11.117754926486892,-1.0253060964905487,-0.030476206824893,0.0,0,12.0,11.3,16.88,15.17,4.28,7.14,16.29,9.01,1.3820452244346948,0,46042,7.07,2.887,12.898,292.709,1017.251,11.151,11.004
2022-05-16,Santa Cruz Wharf,2022-05-18,36.958,-122.017,5,2022,0.0,13.5,18.05,5.35,9.16,0,10.996938578936518,-1.1751020155390912,-0.0433333260672432,0.0,0,9.9,12.0,40.95,16.88,29.63,4.28,5.12,16.29,3.373831775700935,0,46042,7.983,2.006,9.385,301.102,1021.525,11.111,11.278
2022-05-23,Santa Cruz Wharf,2022-05-25,36.958,-122.017,5,2022,0.0,14.0,15.63,8.71,9.63,0,10.88663239381751,-1.3516326218235248,0.0628571283249627,0.0,0,13.5,9.9,18.05,40.95,5.35,29.63,9.16,5.12,1.7944890929965556,0,46042,8.605,2.708,9.341,306.544,1016.038,11.137,10.4
2022-05-30,Santa Cruz Wharf,2022-06-01,36.958,-122.017,6,2022,15.382625,13.6,25.67,13.78,3.79,1,11.097346578325544,-1.2420407863599914,0.1138095401582263,0.0242857145411627,1,14.0,13.5,15.63,18.05,8.71,5.35,9.63,9.16,1.862844702467344,1,46042,5.675,1.766,11.432,256.436,1014.281,11.778,11.336
2022-06-06,Santa Cruz Wharf,2022-06-08,36.958,-122.017,6,2022,0.0,14.7,23.25,15.56,3.68,0,11.852652744371062,-0.5934693704606319,0.14761902037121,1.0828571138637406,1,13.6,14.0,25.67,15.63,13.78,8.71,3.79,9.63,1.4942159383033418,0,46042,7.259,2.135,11.718,271.126,1013.918,11.982,11.885
2022-06-13,Santa Cruz Wharf,2022-06-15,36.958,-122.017,6,2022,0.0,14.6,11.14,1.07,17.42,0,12.39642825418589,-0.1606122378487975,-0.1719047455560593,2.0357142431395396,0,14.7,13.6,23.25,25.67,15.56,13.78,3.68,3.79,10.411214953271028,0,46042,7.522,1.702,9.573,288.506,1014.225,12.913,11.935
2022-06-20,Santa Cruz Wharf,2022-06-22,36.958,-122.017,6,2022,0.0,14.7,15.31,1.86,19.23,0,12.255101719681097,-0.4490816251811932,0.238095238095238,1.397142839218889,1,14.6,14.7,11.14,23.25,1.07,15.56,17.42,3.68,8.231182795698924,0,46042,8.257,2.121,8.599,308.969,1015.073,12.522,11.858
2022-06-27,Santa Cruz Wharf,2022-06-29,36.958,-122.017,6,2022,0.005513,14.8,8.65,4.21,28.14,0,12.52673441050004,-0.3793877478764981,-0.167619024004255,2.045714263405119,1,14.7,14.6,15.31,11.14,1.86,1.07,19.23,17.42,2.0546318289786223,0,46042,4.365,1.773,11.545,279.938,1013.979,12.29,12.293
2022-07-04,Santa Cruz Wharf,2022-07-06,36.958,-122.017,7,2022,0.008843,14.1,13.62,6.779999999999999,4.41,0,12.942652780182508,-0.1888775427502636,0.2257142748151506,2.2371428332158496,1,14.8,14.7,8.65,15.31,4.21,1.86,28.14,19.23,2.008849557522124,0,46042,7.221,1.497,9.239,285.106,1017.372,12.611,12.259
2022-07-11,Santa Cruz Wharf,2022-07-13,36.958,-122.017,7,2022,0.0,15.8,18.59,9.35,3.43,0,13.42755076349998,0.0702040821732002,0.0080952417282831,3.865714211549078,1,14.1,14.8,13.62,8.65,6.779999999999999,4.21,4.41,28.14,1.988235294117647,0,46042,5.005,1.137,8.596,272.736,1017.157,14.485,13.91
2022-07-18,Santa Cruz Wharf,2022-07-20,36.958,-122.017,7,2022,0.00581,15.4,19.83,6.78,16.2,0,13.877754843964867,0.2970408091929797,-0.0285714467366536,4.657142743468285,1,15.8,14.1,18.59,13.62,9.35,6.779999999999999,3.43,4.41,2.9247787610619467,0,46042,6.608,1.968,8.687,302.07,1014.226,14.035,14.305
2022-07-25,Santa Cruz Wharf,2022-07-27,36.958,-122.017,7,2022,0.0,14.9,16.31,0.29,9.38,0,13.894693617918051,0.0936734697648456,0.0719047728038969,2.548571392893791,1,15.4,15.8,19.83,18.59,6.78,9.35,16.2,3.43,56.241379310344826,0,46042,7.852,1.883,12.727,261.019,1015.261,13.274,13.432
2022-08-01,Santa Cruz Wharf,2022-08-03,36.958,-122.017,8,2022,0.0,16.4,18.62,2.5,4.25,0,14.30867321637212,0.2885714294198824,0.1885713849748883,4.865714266896248,1,14.9,15.4,16.31,19.83,0.29,6.78,9.38,16.2,7.448,0,46042,4.089,1.135,12.279,248.213,1014.382,14.146,14.176
2022-08-08,Santa Cruz Wharf,2022-08-10,36.958,-122.017,8,2022,0.009264,16.6,7.33,1.78,8.12,0,15.103367036702682,0.8644897867070168,-0.0976190112885974,12.185714153306824,1,16.4,14.9,18.62,16.31,2.5,0.29,4.25,9.38,4.117977528089888,0,46042,4.204,1.327,12.638,200.335,1015.257,15.627,15.431
2022-08-15,Santa Cruz Wharf,2022-08-17,36.958,-122.017,8,2022,0.0,15.5,18.02,7.92,6.12,0,15.089795599178393,0.6374489704565126,-0.1180952617100306,10.229999844517026,0,16.6,16.4,7.33,18.62,1.78,2.5,8.12,4.25,2.275252525252525,0,46042,6.497,1.201,8.13,296.148,1016.824,16.163,15.278
2022-08-22,Santa Cruz Wharf,2022-08-24,36.958,-122.017,8,2022,0.0,15.8,20.83,0.93,8.74,0,14.409387442530418,-0.2138775489768203,0.0447619301932198,1.7642856623445238,0,15.5,16.6,18.02,7.33,7.92,1.78,6.12,8.12,22.39784946236559,0,46042,5.102,1.682,8.211,312.103,1012.455,13.947,13.862
2022-08-29,Santa Cruz Wharf,2022-08-31,36.958,-122.017,8,2022,0.002209,15.2,18.78,2.145,5.09,0,14.456122077241236,-0.2867346895592553,-0.0319047201247442,1.2857142346245902,1,15.8,15.5,20.83,18.02,0.93,7.92,8.74,6.12,8.755244755244755,0,46042,4.261,1.746,9.303,295.21,1013.493,14.545,14.336
2022-09-05,Santa Cruz Wharf,2022-09-07,36.958,-122.017,9,2022,0.0,16.1,16.73,3.36,14.75,0,14.71244865534257,-0.1384693858574847,0.2133333569481259,2.6757141947746277,1,15.2,15.8,18.78,20.83,2.145,0.93,5.09,8.74,4.979166666666667,0,46042,6.337,1.555,10.019,270.94,1013.093,14.683,14.348
2022-09-12,Santa Cruz Wharf,2022-09-14,36.958,-122.017,9,2022,0.0,16.0,14.99,7.0,5.39,0,15.051224163600375,0.0938775469834098,-0.0766667411440894,4.147142738103867,1,16.1,15.2,16.73,18.78,3.36,2.145,14.75,5.09,2.1414285714285715,0,46042,3.747,1.916,10.133,296.082,1009.427,15.52,14.337
2022-09-19,Santa Cruz Wharf,2022-09-21,36.958,-122.017,9,2022,0.010812,14.8,11.75,5.64,7.25,0,15.477958766781557,0.4564285660732766,0.1571427299862816,6.487142777868679,1,16.0,16.1,14.99,16.73,7.0,3.36,5.39,14.75,2.0833333333333335,0,46042,5.907,1.455,11.523,231.154,1013.232,16.127,15.451
2022-09-26,Santa Cruz Wharf,2022-09-28,36.958,-122.017,9,2022,0.0,16.1,13.495,4.21,19.83,0,15.86346890975018,0.8559183662719264,0.0157144637334914,12.014285698533058,1,14.8,16.0,11.75,14.99,5.64,7.0,7.25,5.39,3.205463182897862,0,46042,4.743,1.627,12.359,268.006,1014.11,16.133,16.697
2022-10-03,Santa Cruz Wharf,2022-10-05,36.958,-122.017,10,2022,0.0,15.7,15.24,2.78,4.59,0,16.067754667632435,1.1152040736407651,-0.1909524372645787,15.789999885218483,1,16.1,14.8,13.495,11.75,4.21,5.64,19.83,7.25,5.482014388489209,0,46042,5.844,1.657,12.496,266.405,1014.448,15.574,16.486
2022-10-10,Santa Cruz Wharf,2022-10-12,36.958,-122.017,10,2022,0.0,14.9,20.37,8.14,3.86,0,15.58346902107706,0.6882652945968569,-0.0104761577787853,10.129999831318855,1,15.7,16.1,15.24,13.495,2.78,4.21,4.59,19.83,2.5024570024570023,0,46042,5.887,1.649,13.657,272.957,1017.154,14.972,17.516
2022-10-17,Santa Cruz Wharf,2022-10-19,36.958,-122.017,10,2022,0.0,14.9,13.85,6.5,3.5,0,15.065918095257818,0.2477550939181629,-0.076666650317964,3.9871427342295647,1,14.9,15.7,20.37,15.24,8.14,2.78,3.86,4.59,2.1307692307692307,0,46042,3.907,1.375,12.742,238.57,1015.32,14.617,14.608
2022-10-24,Santa Cruz Wharf,2022-10-26,36.958,-122.017,10,2022,0.0,13.7,12.96,8.89,9.81,0,14.437958980093198,-0.2352040771166888,-0.1661905107044037,1.602857079889093,0,14.9,14.9,13.85,20.37,6.5,8.14,3.5,3.86,1.4578177727784027,0,46042,5.674,2.193,12.775,276.335,1014.636,15.196,14.956
2022-10-31,Santa Cruz Wharf,2022-11-02,36.958,-122.017,11,2022,0.0,11.9,12.07,11.28,1.55,0,13.499081407274518,-0.9724489619233172,-0.0819047746204194,0.2399999903781073,0,13.7,14.9,12.96,13.85,8.89,6.5,9.81,3.5,1.070035460992908,0,46042,6.627,2.325,12.363,301.807,1020.387,13.396,13.618
2022-11-07,Santa Cruz Wharf,2022-11-09,36.958,-122.017,11,2022,0.0,12.6,18.73,8.14,4.1,0,12.985816031086202,-1.2737754875299885,0.0285714467366536,0.0,0,11.9,13.7,12.07,12.96,11.28,8.89,1.55,9.81,2.300982800982801,0,46042,4.759,2.48,12.683,302.938,1018.791,12.994,13.371
2022-11-14,Santa Cruz Wharf,2022-11-16,36.958,-122.017,11,2022,0.0,12.0,10.97,7.71,3.36,0,12.791734384030711,-1.2557142589773451,-0.075714247567313,0.0,0,12.6,11.9,18.73,12.07,8.14,11.28,4.1,1.55,1.422827496757458,0,46042,5.467,1.983,10.852,297.5,1016.604,12.618,13.988
2022-11-28,Santa Cruz Wharf,2022-11-30,36.958,-122.017,11,2022,0.0,12.4,15.45,10.99,8.68,0,11.846326341434402,-1.7757142551091254,-0.0280952453613281,0.0,0,12.0,12.6,10.97,18.73,7.71,8.14,3.36,4.1,1.4058234758871702,0,46042,4.445,2.085,14.537,279.643,1021.411,12.272,12.194
2022-12-05,Santa Cruz Wharf,2022-12-07,36.958,-122.017,12,2022,0.0,11.8,24.5825,11.7775,108.67,0,11.642652823000535,-1.763367320201835,0.0880952108474004,0.0,0,12.4,12.0,15.45,10.97,10.99,7.71,8.68,3.36,2.0872426236467843,0,46042,5.667,2.407,11.968,294.437,1016.072,11.262,12.168
2022-12-12,Santa Cruz Wharf,2022-12-14,36.958,-122.017,12,2022,0.0,11.9,33.715,12.565,2.18,0,11.945101747707444,-1.2462244690680992,0.0257142838977631,0.0,0,11.8,12.4,24.5825,15.45,11.7775,10.99,108.67,8.68,2.68324711500199,0,46042,4.801,1.868,11.624,295.08,1017.662,11.908,12.663
2022-12-19,Santa Cruz Wharf,2022-12-21,36.958,-122.017,12,2022,0.0,12.1,42.8475,13.3525,2.46,0,12.21744865300704,-0.7888775358394701,-0.0038095201764787,0.0,0,11.9,11.8,33.715,24.5825,12.565,11.7775,2.18,108.67,3.208949634899831,0,46042,4.37,1.996,12.834,287.747,1018.272,11.099,12.598
2023-01-09,Santa Cruz Wharf,2023-01-11,36.958,-122.017,1,2023,0.0,12.2,51.98,14.14,1.14,0,12.646734393372826,-0.0479591817652084,0.0771428062802268,0.7385714059429509,1,12.1,11.9,42.8475,33.715,13.3525,12.565,2.46,2.18,3.676096181046676,0,46042,8.713,4.158,13.579,262.796,1013.977,12.854,12.841
2023-01-16,Santa Cruz Wharf,2023-01-18,36.958,-122.017,1,2023,0.0,12.3,47.35,8.92,0.65,0,12.779999596732004,0.170306118281216,-0.0499999636695498,2.84285706654191,1,12.2,12.1,51.98,42.8475,14.14,13.3525,1.14,2.46,5.308295964125561,0,46042,8.841,4.409,15.028,266.019,1012.582,13.429,12.988
2023-01-23,Santa Cruz Wharf,2023-01-25,36.958,-122.017,1,2023,0.003204,12.1,14.49,8.5,0.8,0,12.794897556304932,0.2475510140006639,-0.0271428880237397,3.4799999094435146,1,12.3,12.2,47.35,51.98,8.92,14.14,0.65,1.14,1.7047058823529413,0,46042,7.462,3.34,13.725,301.088,1018.997,11.558,12.938
2023-01-30,Santa Cruz Wharf,2023-02-01,36.958,-122.017,2,2023,0.005127,12.2,19.8,12.85,4.37,0,12.55612210838162,0.0506122430444371,-0.0552380425589424,1.707142811268568,0,12.1,12.3,14.49,47.35,8.5,8.92,0.8,0.65,1.5408560311284047,0,46042,5.697,2.585,14.504,305.518,1022.045,12.073,12.729
2023-02-06,Santa Cruz Wharf,2023-02-08,36.958,-122.017,2,2023,0.0,11.2,16.88,10.92,2.05,0,12.308264985376471,-0.1587755076055015,0.0076190403529575,0.3428571335971355,1,12.2,12.1,19.8,14.49,12.85,8.5,4.37,0.8,1.5457875457875456,0,46042,5.444,2.304,13.713,284.344,1020.581,11.543,12.25
2023-02-13,Santa Cruz Wharf,2023-02-15,36.958,-122.017,2,2023,0.0,10.5,10.9,5.44,2.0,0,12.053265046100226,-0.3785714180569867,-0.1171428589593796,0.0199999995529651,0,11.2,12.2,16.88,19.8,10.92,12.85,2.05,4.37,2.003676470588235,0,46042,6.251,3.193,12.739,295.552,1023.088,11.478,12.319
2023-02-20,Santa Cruz Wharf,2023-02-22,36.958,-122.017,2,2023,0.0,10.0,25.78,27.34,3.06,0,11.534285477229528,-0.8638775327756089,-0.1400000254313151,0.0085714283798421,0,10.5,11.2,10.9,16.88,5.44,10.92,2.0,2.05,0.9429407461594732,0,46042,7.39,3.168,14.034,306.796,1018.702,10.731,11.926
2023-02-27,Santa Cruz Wharf,2023-03-01,36.958,-122.017,3,2023,0.0,9.8,25.78,20.78,2.84,0,10.829999709615905,-1.5351020109896756,0.0138095219930012,0.0,0,10.0,10.5,25.78,10.9,27.34,5.44,3.06,2.0,1.2406159769008662,0,46042,6.666,3.092,11.997,304.319,1012.547,9.347,11.173
2023-03-06,Santa Cruz Wharf,2023-03-08,36.958,-122.017,3,2023,0.0,10.0,31.83,18.99,2.85,0,10.598673158762407,-1.7349999480101526,0.1004762195405505,0.0,0,9.8,10.0,25.78,25.78,20.78,27.34,2.84,3.06,1.6761453396524486,0,46042,7.87,3.06,12.483,298.317,1015.53,9.794,11.367
2023-03-13,Santa Cruz Wharf,2023-03-15,36.958,-122.017,3,2023,0.0,11.1,56.61,12.64,1.97,0,11.20265277551145,-1.10010200176312,0.1552380607241675,0.0371428557804652,1,10.0,9.8,31.83,25.78,18.99,20.78,2.85,2.84,4.478639240506329,0,46042,5.085,2.405,10.887,270.484,1017.477,10.613,11.3
2023-03-20,Santa Cruz Wharf,2023-03-22,36.958,-122.017,3,2023,0.0,10.8,45.57,11.78,1.13,0,11.964897671524358,-0.3024489719192592,-0.0399999618530273,0.5971428496497018,1,11.1,10.0,56.61,31.83,12.64,18.99,1.97,2.85,3.868421052631579,0,46042,7.5,1.947,10.302,251.455,1015.113,11.212,11.3
2023-03-27,Santa Cruz Wharf,2023-03-29,36.958,-122.017,3,2023,0.0,11.2,24.64,44.98,2.63,0,12.101224159707828,-0.1253061195721431,0.0095237550281343,0.5728571361729077,0,10.8,11.1,45.57,56.61,11.78,12.64,1.13,1.97,0.5477990217874611,0,46042,8.668,2.962,10.317,275.344,1017.433,10.443,11.4
2023-04-03,Santa Cruz Wharf,2023-04-05,36.958,-122.017,4,2023,0.0,11.3,32.22,21.49,2.66,0,11.85244859967913,-0.328979582240691,-0.0514285223824637,0.0128571423036711,0,11.2,10.8,24.64,45.57,44.98,11.78,2.63,1.13,1.4993020009306657,0,46042,5.643,1.892,11.589,270.451,1018.768,10.652,
2023-04-10,Santa Cruz Wharf,2023-04-12,36.958,-122.017,4,2023,0.0,10.8,27.91,21.92,4.39,0,11.607754804650131,-0.5291836579159206,-0.1471428644089471,0.0,0,11.3,11.2,32.22,24.64,21.49,44.98,2.66,2.63,1.273266423357664,0,46042,7.535,1.955,9.93,301.727,1020.742,10.611,11.9
2023-04-17,Santa Cruz Wharf,2023-04-19,36.958,-122.017,4,2023,0.038201,11.0,23.93,20.49,21.83,0,11.136734514820333,-0.9669387608158344,0.0095238458542596,0.0,0,10.8,11.3,27.91,32.22,21.92,21.49,4.39,2.66,1.1678867740361152,0,46042,8.291,2.34,11.164,310.176,1017.612,10.421,
2023-04-24,Santa Cruz Wharf,2023-04-26,36.958,-122.017,4,2023,0.107839,13.5,11.86,4.45,3.42,1,10.888673344436956,-1.2115305948014163,0.1566666648501441,0.0,0,11.0,10.8,23.93,27.91,20.49,21.92,21.83,4.39,2.665168539325842,1,46042,8.066,2.036,10.571,315.09,1020.478,10.759,10.268
2023-05-01,Santa Cruz Wharf,2023-05-03,36.958,-122.017,5,2023,0.354176,11.4,57.68,19.35,10.82,1,11.379999871156654,-0.7392856985786739,0.0638094402494884,0.0842857105391366,1,13.5,11.0,11.86,23.93,4.45,20.49,3.42,21.83,2.980878552971576,1,46042,5.416,1.783,12.975,265.698,1015.511,10.358,10.161
2023-05-08,Santa Cruz Wharf,2023-05-10,36.958,-122.017,5,2023,0.119062,12.7,24.28,5.23,9.63,1,12.113673200412672,-0.0256122431280661,0.0552381333850678,2.285714238882065,1,11.4,13.5,57.68,11.86,19.35,4.45,10.82,3.42,4.642447418738049,1,46042,4.676,2.171,13.059,291.396,1014.877,11.473,12.05
2023-05-15,Santa Cruz Wharf,2023-05-17,36.958,-122.017,5,2023,0.300577,14.3,9.65,1.21,5.2,1,12.698367031253111,0.5316326427368485,0.0385714485531761,7.638571279389517,1,12.7,11.4,24.28,57.68,5.23,19.35,9.63,10.82,7.975206611570249,1,46042,6.298,1.76,12.755,266.956,1017.506,11.907,12.743
2023-05-22,Santa Cruz Wharf,2023-05-24,36.958,-122.017,5,2023,0.010667112,13.0,15.99,5.39,4.98,0,13.020509914476046,0.7942856960758871,0.0442856834048316,11.11999974506242,1,14.3,12.7,9.65,24.28,1.21,5.23,5.2,9.63,2.966604823747681,0,46042,7.369,1.944,13.838,234.17,1017.679,11.819,12.57
2023-05-29,Santa Cruz Wharf,2023-05-31,36.958,-122.017,5,2023,0.0,12.3,25.49,16.35,3.36,0,13.132754783241117,0.8093877349581037,-0.0138094765799386,11.331428289413452,1,13.0,14.3,15.99,9.65,5.39,1.21,4.98,5.2,1.5590214067278283,0,46042,4.143,1.808,11.69,270.28,1014.864,12.036,12.902
2023-06-05,Santa Cruz Wharf,2023-06-07,36.958,-122.017,6,2023,0.0,13.0,22.4,14.78,3.0,0,13.34050990124138,0.9087754965436704,0.1414285387311662,12.722856951611382,1,12.3,13.0,25.49,15.99,16.35,5.39,3.36,4.98,1.5155615696887683,0,46042,5.473,2.156,11.093,288.155,1015.244,12.183,12.743
2023-06-12,Santa Cruz Wharf,2023-06-14,36.958,-122.017,6,2023,0.0,14.5,15.38,1.43,8.46,0,14.042856790581528,1.5028571045520354,0.1995237895420619,21.039999463728495,1,13.0,12.3,22.4,25.49,14.78,16.35,3.0,3.36,10.755244755244757,0,46042,3.596,1.583,13.988,216.713,1014.422,13.118,13.389
2023-06-19,Santa Cruz Wharf,2023-06-21,36.958,-122.017,6,2023,0.0,14.6,11.14,2.86,8.4,0,14.748468963467344,2.0703060590491007,-0.1471428644089471,28.984284826687404,1,14.5,13.0,15.38,22.4,1.43,14.78,8.46,3.0,3.895104895104895,0,46042,3.297,1.796,10.17,301.869,1015.751,13.612,15.016
2023-06-26,Santa Cruz Wharf,2023-06-28,36.958,-122.017,6,2023,0.0,15.0,15.63,0.86,16.95,0,14.436734326031743,1.5611224140097597,-0.0280951999482654,21.855713796136634,1,14.6,14.5,11.14,15.38,2.86,1.43,8.4,8.46,18.17441860465116,0,46042,7.201,1.669,9.08,302.642,1018.407,13.368,14.152
2023-07-03,Santa Cruz Wharf,2023-07-05,36.958,-122.017,7,2023,0.0,15.2,14.28,0.55,11.82,0,14.11499971272994,1.0121428439089537,-0.0590476535615466,14.169999814725347,1,15.0,14.6,15.63,11.14,0.86,2.86,16.95,8.4,25.96363636363636,0,46042,6.666,1.576,8.887,312.848,1014.92,12.519,13.84
2023-07-10,Santa Cruz Wharf,2023-07-12,36.958,-122.017,7,2023,0.0,15.0,11.22,0.39,12.82,0,14.063673087528771,0.7358163124976718,0.0314285641624813,10.471428376755544,1,15.2,15.0,14.28,15.63,0.55,0.86,11.82,16.95,28.76923076923077,0,46042,4.332,1.594,11.389,260.476,1015.04,13.315,13.837
2023-07-17,Santa Cruz Wharf,2023-07-19,36.958,-122.017,7,2023,0.0,15.5,3.05,0.26,14.8,0,13.979183235946966,0.4272448821943633,-0.104285648890904,6.44714264358793,1,15.0,15.2,11.22,14.28,0.39,0.55,12.82,11.82,11.73076923076923,0,46042,7.876,1.539,8.753,304.338,1015.621,12.685,13.647
2023-07-24,Santa Cruz Wharf,2023-07-26,36.958,-122.017,7,2023,0.0,15.5,9.51,2.27,7.86,0,13.79765276033051,0.0252040728014342,0.0038094747634161,3.688571293439184,0,15.5,15.0,3.05,11.22,0.26,0.39,14.8,12.82,4.18942731277533,0,46042,6.093,1.86,8.411,316.604,1015.048,12.813,12.728
2023-07-31,Santa Cruz Wharf,2023-08-02,36.958,-122.017,8,2023,0.002981,15.3,1.57,0.27,15.87,0,13.47020371106206,-0.5203061141833967,0.0399999618530273,0.3799999888454164,0,15.5,15.5,9.51,3.05,2.27,0.26,7.86,14.8,5.814814814814815,0,46042,7.882,1.477,7.268,316.656,1017.502,12.995,12.596
2023-08-07,Santa Cruz Wharf,2023-08-09,36.958,-122.017,8,2023,0.002336,15.2,8.37,0.48,12.43,0,13.580713778125997,-0.6287754900297341,0.1795238767351423,0.2899999873978751,1,15.3,15.5,1.57,9.51,0.27,2.27,15.87,7.86,17.4375,0,46042,6.591,1.483,9.04,298.461,1018.098,13.672,13.006
2023-08-14,Santa Cruz Wharf,2023-08-16,36.958,-122.017,8,2023,0.004497,15.9,9.26,1.64,10.34,0,14.738060805262352,0.3144897929563814,0.3157142911638532,9.412856893880027,1,15.2,15.3,8.37,1.57,0.48,0.27,12.43,15.87,5.646341463414634,0,46042,2.833,1.352,11.413,250.555,1016.174,13.973,14.14
2023-08-21,Santa Cruz Wharf,2023-08-23,36.958,-122.017,8,2023,0.002563,17.5,8.47,1.24,8.04,0,16.582958863706004,1.9820407568191996,0.0642856416248139,28.289999144417894,1,15.9,15.2,9.26,8.37,1.64,0.48,10.34,12.43,6.830645161290323,0,46042,2.288,1.387,11.95,265.562,1012.937,15.483,16.256
2023-08-28,Santa Cruz Wharf,2023-08-30,36.958,-122.017,8,2023,0.0,18.5,5.66,0.66,3.74,0,17.276428164268026,2.548367264319439,-0.1609523409888857,35.67714170047215,1,17.5,15.9,8.47,9.26,1.24,1.64,8.04,10.34,8.575757575757576,0,46042,5.692,1.433,11.649,255.982,1014.685,16.79,17.56
2023-09-04,Santa Cruz Wharf,2023-09-06,36.958,-122.017,9,2023,0.0,16.0,25.14,6.08,4.08,0,16.693571032310018,1.8568366790304376,-0.075714247567313,25.99571350642613,1,18.5,17.5,5.66,8.47,0.66,1.24,3.74,8.04,4.134868421052632,0,46042,5.817,1.984,10.144,281.299,1014.196,15.895,16.34
2023-09-11,Santa Cruz Wharf,2023-09-13,36.958,-122.017,9,2023,0.013716,16.8,11.32,0.65,3.7,0,15.967754870044942,1.024795892553366,0.049523807707287,14.361428209713528,1,16.0,18.5,25.14,5.66,6.08,0.66,4.08,3.74,17.415384615384614,0,46042,5.271,1.569,14.549,209.241,1016.35,15.197,16.117
2023-09-18,Santa Cruz Wharf,2023-09-20,36.958,-122.017,9,2023,0.0,16.1,14.24,0.59,5.05,0,15.901122200245762,0.8853061049036225,0.0376190003894624,12.414285468203682,1,16.8,16.0,11.32,25.14,0.65,6.08,3.7,4.08,24.135593220338983,0,46042,4.318,1.639,10.978,252.208,1015.799,15.992,16.962
2023-09-25,Santa Cruz Wharf,2023-09-27,36.958,-122.017,9,2023,0.009334,16.2,13.96,0.4,64.64,0,16.26295876016422,1.2508162961778593,-0.1323809396652948,17.51714243207659,1,16.1,16.8,14.24,11.32,0.59,0.65,5.05,3.7,34.9,0,46042,2.873,1.95,12.111,274.856,1015.518,15.846,17.176
2023-10-02,Santa Cruz Wharf,2023-10-04,36.958,-122.017,10,2023,0.0,15.9,9.04,3.81,2.75,0,16.065509776679836,1.1054081351173166,0.069523811340332,15.475713891642432,1,16.2,16.1,13.96,14.24,0.4,0.59,64.64,5.05,2.3727034120734904,0,46042,6.02,2.83,11.593,294.497,1015.558,15.914,16.283
2023-10-09,Santa Cruz Wharf,2023-10-11,36.958,-122.017,10,2023,0.003449,15.1,11.89,5.58,5.17,0,15.864081334094612,0.9604081453717483,-0.0476190022059849,13.445714035204478,1,15.9,16.2,9.04,13.96,3.81,0.4,2.75,64.64,2.130824372759857,0,46042,3.865,1.811,11.714,285.003,1014.744,15.728,16.318
2023-10-16,Santa Cruz Wharf,2023-10-18,36.958,-122.017,10,2023,0.013677,15.3,10.68,2.16,4.46,0,15.881326218040622,1.0482652911118098,-0.0280952907743907,14.675714075565338,1,15.1,15.9,11.89,9.04,5.58,3.81,5.17,2.75,4.944444444444444,0,46042,4.879,1.967,13.015,266.027,1013.777,15.108,17.044
2023-10-23,Santa Cruz Wharf,2023-10-25,36.958,-122.017,10,2023,0.0,15.5,5.63,0.5,20.95,0,15.603469002003571,0.9044897857369208,-0.1195237750098818,12.662857000316892,1,15.3,15.1,10.68,11.89,2.16,5.58,4.46,5.17,11.26,0,46042,4.689,2.454,15.805,288.94,1015.22,,16.075
2023-10-30,Santa Cruz Wharf,2023-11-01,36.958,-122.017,11,2023,0.0,13.6,6.27,1.77,11.04,0,15.042550563812256,0.5398979507842843,-0.081904820033482,7.608571310128484,1,15.5,15.3,5.63,10.68,0.5,2.16,20.95,4.46,3.542372881355932,0,46042,6.915,1.818,11.396,279.982,1016.946,14.977,15.255
2023-11-06,Santa Cruz Wharf,2023-11-08,36.958,-122.017,11,2023,0.0,13.8,7.83,3.01,10.23,0,14.376428107826078,0.0855102022463569,-0.0152380352928525,1.8257142515586953,1,13.6,15.5,6.27,5.63,1.77,0.5,11.04,20.95,2.601328903654485,0,46042,4.064,1.174,13.469,238.455,1019.266,14.696,14.912
2023-11-13,Santa Cruz Wharf,2023-11-15,36.958,-122.017,11,2023,0.0,14.2,5.02,2.09,4.91,0,14.129489470501335,0.0502040793891159,0.0814285278320312,1.3828571015702826,1,13.8,13.6,7.83,6.27,3.01,1.77,10.23,11.04,2.401913875598086,0,46042,4.924,2.389,12.39,293.375,1019.929,14.364,15.002
2023-11-20,Santa Cruz Wharf,2023-11-22,36.958,-122.017,11,2023,0.0,13.7,8.37,15.71,4.33,0,14.44265282883936,0.5743877379679861,-0.0033333188011532,8.142856900713273,1,14.2,13.8,5.02,7.83,2.09,3.01,4.91,10.23,0.532781667727562,0,46042,7.261,2.426,11.236,251.836,1014.729,15.469,15.219
2023-11-27,Santa Cruz Wharf,2023-11-29,36.958,-122.017,11,2023,0.0,13.8,3.16,0.77,8.5,0,14.68142825729993,1.027040787649398,-0.007142838977632,14.37857102709157,1,13.7,14.2,8.37,5.02,15.71,2.09,4.33,4.91,4.103896103896104,0,46042,5.812,2.364,12.036,297.605,1020.229,14.866,15.292
2023-12-04,Santa Cruz Wharf,2023-12-06,36.958,-122.017,12,2023,0.0,13.5,2.47,2.81,2.74,0,14.61530575460317,1.176632633622812,-0.020952406383696,16.472856870719365,1,13.8,13.7,3.16,8.37,0.77,15.71,8.5,4.33,0.8790035587188613,0,46042,,,,,,,
2023-12-11,Santa Cruz Wharf,2023-12-13,36.958,-122.017,12,2023,0.0,13.1,0.83,3.3,3.02,0,14.4604078117682,1.2371428365610082,-0.0171428407941545,17.319999711854116,1,13.5,13.8,2.47,3.16,2.81,0.77,2.74,8.5,0.2515151515151515,0,46042,,,,,,,
2023-12-18,Santa Cruz Wharf,2023-12-20,36.958,-122.017,12,2023,0.0,14.1,6.73,4.3,2.28,0,14.30346899616475,1.2724489435857655,0.020000003633045,17.81428521020072,1,13.1,13.5,0.83,2.47,3.3,2.81,3.02,2.74,1.5651162790697677,0,46042,,,,,,,
2024-01-01,Santa Cruz Wharf,2024-01-03,36.958,-122.017,1,2024,0.0,13.9,9.19,2.97,3.21,0,14.375611869656309,1.5778571087486888,-0.0361904870896112,22.089999522481644,1,14.1,13.1,6.73,0.83,4.3,3.3,2.28,3.02,3.094276094276094,0,46042,,,,,,,
2024-01-08,Santa Cruz Wharf,2024-01-10,36.958,-122.017,1,2024,0.0,12.6,12.18,5.2,1.11,0,14.161428149865598,1.4542856897626604,-0.1361904144287108,20.35999965667725,1,13.9,14.1,9.19,6.73,2.97,4.3,3.21,2.28,2.342307692307692,0,46042,,,,,,,
2024-01-15,Santa Cruz Wharf,2024-01-17,36.958,-122.017,1,2024,0.0,13.3,23.11,6.25,1.94,0,13.587244539844749,0.9679591686141736,-0.0028571628388904,13.551428360598427,1,12.6,13.9,12.18,9.19,5.2,2.97,1.11,3.21,3.6976,0,46042,,,,,,,
2024-01-22,Santa Cruz Wharf,2024-01-24,36.958,-122.017,1,2024,0.0,13.1,35.32,8.57,1.06,0,13.324693563033124,0.7733673362099395,0.0942856924874441,10.827142706939153,1,13.3,12.6,23.11,12.18,6.25,5.2,1.94,1.11,4.121353558926487,0,46042,,,,,,,
2024-01-29,Santa Cruz Wharf,2024-01-31,36.958,-122.017,1,2024,0.0,13.6,19.9,7.57,1.71,0,13.632856875049823,1.1233673253837897,-0.0409523646036783,15.727142555373057,1,13.1,13.3,35.32,23.11,8.57,6.25,1.06,1.94,2.628797886393659,0,46042,,,,,,,
2024-02-05,Santa Cruz Wharf,2024-02-07,36.958,-122.017,2,2024,0.0,13.0,33.08,7.28,1.0,0,13.754795668076495,1.2802040467456897,-0.0190476008823939,17.922856654439652,1,13.6,13.1,19.9,35.32,7.57,8.57,1.71,1.06,4.543956043956044,0,46042,,,,,,,
2024-02-12,Santa Cruz Wharf,2024-02-14,36.958,-122.017,2,2024,0.0,12.7,41.66,10.21,2.05,0,13.583265041818423,1.143979556706487,0.0219047637212843,16.015713793890818,1,13.0,13.6,33.08,19.9,7.28,7.57,1.0,1.71,4.080313418217433,0,46042,,,,,,,
2024-02-19,Santa Cruz Wharf,2024-02-21,36.958,-122.017,2,2024,0.023836,13.5,39.88,7.57,2.45,0,13.605305856587936,1.1996938464592914,0.0466666448683965,16.79571385043008,1,12.7,13.0,41.66,33.08,10.21,7.28,2.05,1.0,5.268163804491413,0,46042,,,,,,,
2024-02-26,Santa Cruz Wharf,2024-02-28,36.958,-122.017,2,2024,0.157651,13.9,17.48,4.33,3.86,1,13.791632340878856,1.41765302906231,-0.0042857215518043,19.84714240687234,1,13.5,12.7,39.88,41.66,7.57,10.21,2.45,2.05,4.036951501154735,1,46042,,,,,,,
2024-03-04,Santa Cruz Wharf,2024-03-06,36.958,-122.017,3,2024,0.331107,13.5,40.59,3.16,2.16,1,13.857652742035537,1.5158162956335104,-0.0280951999482654,21.22142813886915,1,13.9,13.5,17.48,39.88,4.33,7.57,3.86,2.45,12.84493670886076,1,46042,,,,,,,
2024-03-11,Santa Cruz Wharf,2024-03-13,36.958,-122.017,3,2024,0.080481,13.2,10.5,3.81,2.49,0,13.804489476340157,1.4943877300437616,0.0076189949398949,20.92142822061266,1,13.5,13.9,40.59,17.48,3.16,4.33,2.16,3.86,2.7559055118110236,0,46042,,,,,,,
2024-03-18,Santa Cruz Wharf,2024-03-20,36.958,-122.017,3,2024,0.123292,14.3,15.1,0.51,6.71,1,13.785509849081237,1.507857118334089,0.0052381243024553,21.10999965667725,1,13.2,13.5,10.5,40.59,3.81,3.16,2.49,2.16,29.6078431372549,1,46042,,,,,,,
2024-03-25,Santa Cruz Wharf,2024-03-27,36.958,-122.017,3,2024,0.026366,13.2,11.04,5.1,2.43,0,13.637856862982924,1.399693844269733,-0.1199999763852073,19.59571381977626,1,14.3,13.2,15.1,10.5,0.51,3.81,6.71,2.49,2.164705882352941,0,46042,,,,,,,
2024-04-01,Santa Cruz Wharf,2024-04-03,36.958,-122.017,4,2024,0.0,13.2,30.12,2.88,5.52,0,13.282346686538386,1.087959157873173,-0.050476210457938,15.231428210224424,1,13.2,14.3,11.04,15.1,5.1,0.51,2.43,6.71,10.458333333333334,0,46042,,,,,,,
2024-04-08,Santa Cruz Wharf,2024-04-10,36.958,-122.017,4,2024,0.0,12.8,17.3,6.16,3.23,0,12.815101730580231,0.6649999925486592,-0.0433333260672432,9.309999895681228,1,13.2,13.2,30.12,11.04,2.88,5.1,5.52,2.43,2.8084415584415585,0,46042,,,,,,,
2024-04-15,Santa Cruz Wharf,2024-04-17,36.958,-122.017,4,2024,0.0,12.5,26.74,9.0,4.84,0,12.482652742035537,0.3730612163222869,0.1023809342157272,5.222857028512018,1,12.8,13.2,17.3,30.12,6.16,2.88,3.23,5.52,2.971111111111111,0,46042,,,,,,,
2024-04-22,Santa Cruz Wharf,2024-04-24,36.958,-122.017,4,2024,0.0,14.1,56.61,2.02,3.38,0,12.611734351333308,0.5146938658566499,-0.0571428480602445,7.205714121993099,1,12.5,12.8,26.74,17.3,9.0,6.16,4.84,3.23,28.024752475247524,0,46042,,,,,,,
2024-04-29,Santa Cruz Wharf,2024-05-01,36.958,-122.017,5,2024,0.0,13.4,28.95,6.1,8.83,0,12.532244546072825,0.418877542627101,-0.1938095092773437,7.197142718093736,1,14.1,12.5,56.61,26.74,2.02,9.0,3.38,4.84,4.745901639344263,0,46042,,,,,,,
2024-05-06,Santa Cruz Wharf,2024-05-08,36.958,-122.017,5,2024,0.049856,13.1,18.23,0.73,21.17,0,11.762754800368327,-0.3722448877382035,0.0561904453095935,2.0328570987497057,0,13.4,14.1,28.95,56.61,6.1,2.02,8.83,3.38,24.972602739726028,0,46042,,,,,,,
2024-05-13,Santa Cruz Wharf,2024-05-15,36.958,-122.017,5,2024,0.010593655,12.5,32.29,5.81,6.32,0,11.493162923929644,-0.6629591683800122,0.1447619029453822,0.6028571320431573,1,13.1,13.4,18.23,28.95,0.73,6.1,21.17,8.83,5.557659208261618,0,46042,,,,,,,
2024-05-20,Santa Cruz Wharf,2024-05-22,36.958,-122.017,5,2024,0.0,14.8,10.0,0.43,9.2,0,12.157142463995486,-0.0456122436693736,-0.0242857251848493,3.6671428126948222,1,12.5,13.1,32.29,18.23,5.81,0.73,6.32,21.17,23.25581395348837,0,46042,,,,,,,
2024-05-27,Santa Cruz Wharf,2024-05-29,36.958,-122.017,5,2024,0.0,14.0,21.33,4.16,7.42,0,12.58499964889215,0.2924489760961459,-0.0061903908139183,4.44142851925322,1,14.8,12.5,10.0,32.29,0.43,5.81,9.2,6.32,5.127403846153846,0,46042,,,,,,,
2024-06-03,Santa Cruz Wharf,2024-06-05,36.958,-122.017,6,2024,0.0,13.9,20.86,3.22,7.57,0,12.573265104877704,0.1724489746729329,0.0404761632283528,2.584285639758621,1,14.0,14.8,21.33,10.0,4.16,0.43,7.42,9.2,6.478260869565217,0,46042,,,,,,,
2024-06-10,Santa Cruz Wharf,2024-06-12,36.958,-122.017,6,2024,0.015362,14.8,23.36,6.24,5.18,0,12.72102031902391,0.2131632557328866,0.0166666848318917,3.251428426376411,1,13.9,14.0,20.86,21.33,3.22,4.16,7.57,7.42,3.743589743589743,0,46042,,,,,,,
2024-06-17,Santa Cruz Wharf,2024-06-19,36.958,-122.017,6,2024,0.012972,14.2,12.68,7.21,3.66,0,12.684999884391315,0.0517346933484077,-0.0752381370181129,2.878571322986058,0,14.8,13.9,23.36,20.86,6.24,3.22,5.18,7.57,1.7586685159500692,0,46042,,,,,,,
2024-06-24,Santa Cruz Wharf,2024-06-26,36.958,-122.017,6,2024,0.0,14.2,20.79,6.7,9.33,0,12.519795738920877,-0.292959170986195,0.0547618865966796,0.8342856977667127,0,14.2,14.8,12.68,23.36,7.21,6.24,3.66,5.18,3.1029850746268655,0,46042,,,,,,,
2024-07-01,Santa Cruz Wharf,2024-07-03,36.958,-122.017,7,2024,0.0,15.2,32.22,6.42,6.81,0,12.954183413057914,-0.0786734659756933,0.2552380788893926,2.8142856370125497,1,14.2,14.2,20.79,12.68,6.7,7.21,9.33,3.66,5.018691588785047,0,46042,,,,,,,
2024-07-08,Santa Cruz Wharf,2024-07-10,36.958,-122.017,7,2024,0.0,16.6,26.81,2.58,2.84,0,13.929489495802898,0.6694897762974915,-0.0038094747634161,10.395713988159384,1,15.2,14.2,32.22,20.79,6.42,6.7,6.81,9.33,10.391472868217054,0,46042,,,,,,,
2024-07-15,Santa Cruz Wharf,2024-07-17,36.958,-122.017,7,2024,0.0,15.3,29.8,4.69,14.37,0,14.60295889328937,1.1174489574468864,0.015714236668178,15.644285404256411,1,16.6,15.2,26.81,32.22,2.58,6.42,2.84,6.81,6.353944562899787,0,46042,,,,,,,
2024-07-22,Santa Cruz Wharf,2024-07-24,36.958,-122.017,7,2024,0.02146,16.4,29.3,7.57,4.67,0,14.687652733861183,0.9805101948999324,-0.0447618847801571,13.728571299995696,1,15.3,16.6,29.8,26.81,4.69,2.58,14.37,2.84,3.870541611624835,0,46042,,,,,,,
2024-07-29,Santa Cruz Wharf,2024-07-31,36.958,-122.017,7,2024,0.11214,16.3,11.29,1.03,21.92,1,14.514081312685596,0.5871428511466602,-0.0114285605294363,8.274285630456038,1,16.4,15.3,29.3,29.8,7.57,4.69,4.67,14.37,10.961165048543688,1,46042,,,,,,,
2024-08-05,Santa Cruz Wharf,2024-08-07,36.958,-122.017,8,2024,0.113,16.4,12.82,2.53,11.74,1,14.027958899128194,-0.117755096975942,-0.2414285568963913,2.9657142385840416,0,16.3,16.4,11.29,29.3,1.03,7.57,21.92,4.67,5.067193675889329,1,46042,,,,,,,
2024-08-12,Santa Cruz Wharf,2024-08-14,36.958,-122.017,8,2024,0.011252,14.5,14.03,6.31,8.46,0,13.190101740311604,-1.1732652693682788,0.1466666176205589,0.3571428550141198,0,16.4,16.3,12.82,11.29,2.53,1.03,11.74,21.92,2.223454833597464,0,46042,,,,,,,
2024-08-19,Santa Cruz Wharf,2024-08-21,36.958,-122.017,8,2024,0.002259,13.4,25.64,14.71,2.69,0,13.158060901019038,-1.398265271770711,0.0814286186581565,0.0,0,14.5,16.4,14.03,12.82,6.31,2.53,8.46,11.74,1.743031951053705,0,46042,,,,,,,
2024-08-26,Santa Cruz Wharf,2024-08-28,36.958,-122.017,8,2024,0.007361,15.6,22.82,0.93,10.51,0,14.008775175834188,-0.6871428504890326,0.1247618538992745,0.552857117993491,1,13.4,14.5,25.64,14.03,14.71,6.31,2.69,8.46,24.53763440860215,0,46042,,,,,,,
2024-09-02,Santa Cruz Wharf,2024-09-04,36.958,-122.017,9,2024,0.0,15.2,29.45,4.76,1.93,0,14.611938398711535,-0.1921428564213672,-0.0509523664202008,1.208571374416351,1,15.6,13.4,22.82,25.64,0.93,14.71,10.51,2.69,6.186974789915967,0,46042,,,,,,,
2024-09-09,Santa Cruz Wharf,2024-09-11,36.958,-122.017,9,2024,0.0,16.4,21.72,6.28,14.37,0,14.743162797421826,-0.1679591799763088,-0.0266666866484142,0.6771428265741893,0,15.2,15.6,29.45,22.82,4.76,0.93,1.93,10.51,3.4585987261146496,0,46042,,,,,,,
2024-09-16,Santa Cruz Wharf,2024-09-18,36.958,-122.017,9,2024,0.0,15.9,14.14,4.01,20.19,0,14.497856704556211,-0.5037754959217747,-0.016666639418829,0.021428570151329,0,16.4,15.2,21.72,29.45,6.28,4.76,14.37,1.93,3.526184538653367,0,46042,,,,,,,
2024-09-23,Santa Cruz Wharf,2024-09-25,36.958,-122.017,9,2024,0.000995,15.2,14.67,4.86,17.61,0,14.51377518323003,-0.5073469233680136,0.1023809796287899,0.2085714217807565,1,15.9,16.4,14.14,21.72,4.01,6.28,20.19,14.37,3.018518518518518,0,46042,,,,,,,
2024-09-30,Santa Cruz Wharf,2024-10-02,36.958,-122.017,10,2024,0.0,15.6,18.05,8.78,1.79,0,14.941326258133868,-0.0346938758822423,0.0633332842872256,1.739999947803361,1,15.2,15.9,14.67,14.14,4.86,4.01,17.61,20.19,2.055808656036447,0,46042,,,,,,,
2024-10-07,Santa Cruz Wharf,2024-10-09,36.958,-122.017,10,2024,0.004402,16.8,15.77,0.33,43.99,0,15.19877512600957,0.2798979524332953,-0.1071428117297944,4.345714172614472,1,15.6,15.2,18.05,14.67,8.78,4.86,1.79,17.61,47.78787878787878,0,46042,,,,,,,
2024-10-14,Santa Cruz Wharf,2024-10-16,36.958,-122.017,10,2024,0.003218,15.7,13.49,1.62,12.36,0,14.981019983486252,0.1237755093571482,-0.0700000127156575,3.0271427860217437,1,16.8,15.6,15.77,18.05,0.33,8.78,43.99,1.79,8.32716049382716,0,46042,,,,,,,
2024-10-21,Santa Cruz Wharf,2024-10-23,36.958,-122.017,10,2024,0.003211,13.6,16.77,3.68,4.36,0,14.391224131292224,-0.3536734595628721,-0.1376190639677501,0.2257142819996391,0,15.7,16.8,13.49,15.77,1.62,0.33,12.36,43.99,4.557065217391304,0,46042,,,,,,,
2024-10-28,Santa Cruz Wharf,2024-10-30,36.958,-122.017,10,2024,0.0,12.3,19.4,13.99,3.33,0,13.658775144693804,-0.9023469243084594,-0.0119047619047618,0.0128571425697633,0,13.6,15.7,16.77,13.49,3.68,1.62,4.36,12.36,1.3867047891350963,0,46042,,,,,,,
2024-11-04,Santa Cruz Wharf,2024-11-06,36.958,-122.017,11,2024,0.010714,12.5,20.22,11.21,3.81,0,13.1289792742048,-1.222653034998446,-0.0909523736862908,0.0,0,12.3,13.6,19.4,16.77,13.99,3.68,3.33,4.36,1.8037466547725245,0,46042,,,,,,,
2024-11-11,Santa Cruz Wharf,2024-11-13,36.958,-122.017,11,2024,0.0,12.3,23.89,12.28,6.65,0,12.695611953735352,-1.4448979217178963,-0.0433333260672433,0.0,0,12.5,12.3,20.22,19.4,11.21,13.99,3.81,3.33,1.9454397394136809,0,46042,,,,,,,
2024-11-18,Santa Cruz Wharf,2024-11-20,36.958,-122.017,11,2024,0.0,11.7,21.79,11.78,2.02,0,12.303469064284345,-1.6239795538843893,0.0542857306344168,0.0,0,12.3,12.5,23.89,20.22,12.28,11.21,6.65,3.81,1.8497453310696097,0,46042,,,,,,,
2024-11-25,Santa Cruz Wharf,2024-11-27,36.958,-122.017,11,2024,0.0,12.1,15.59,1.6,7.36,0,12.427958926376032,-1.2864285415532637,-0.0080952417282831,0.0,0,11.7,12.3,21.79,23.89,11.78,12.28,2.02,6.65,9.74375,0,46042,,,,,,,
2024-12-02,Santa Cruz Wharf,2024-12-04,36.958,-122.017,12,2024,0.0,11.9,17.62,0.67,5.68,0,12.647958959851946,-0.8533673292520094,-0.020000003633045,0.0,0,12.1,11.7,15.59,21.79,1.6,11.78,7.36,2.02,26.298507462686565,0,46042,,,,,,,
2024-12-09,Santa Cruz Wharf,2024-12-11,36.958,-122.017,12,2024,0.0,11.8,20.29,9.14,7.01,0,12.521632379415085,-0.7641836581181506,-0.0338095256260463,0.0,0,11.9,12.1,17.62,15.59,0.67,1.6,5.68,7.36,2.219912472647702,0,46042,,,,,,,
2024-12-16,Santa Cruz Wharf,2024-12-18,36.958,-122.017,12,2024,0.0,11.7,17.55,10.64,3.27,0,12.45683646688656,-0.6239795787259936,0.0938095365251813,0.0157142856291362,1,11.8,11.9,20.29,17.62,9.14,0.67,7.01,5.68,1.6494360902255638,0,46042,,,,,,,
2025-01-06,Santa Cruz Wharf,2025-01-08,36.958,-122.017,1,2025,0.0,11.9,14.1,11.42,2.63,0,12.811836417840452,0.0787755099258252,-0.046190443493071,2.1028570979833603,0,11.7,11.8,17.55,20.29,10.64,9.14,3.27,7.01,1.2346760070052538,0,46042,,,,,,,
2025-01-13,Santa Cruz Wharf,2025-01-15,36.958,-122.017,1,2025,0.0,12.3,9.72,10.78,2.99,0,12.342652856087197,-0.2999999902154109,-0.0604762122744605,0.174285711986678,0,11.9,11.7,14.1,17.55,11.42,10.64,2.63,3.27,0.901669758812616,0,46042,,,,,,,
2025-01-20,Santa Cruz Wharf,2025-01-22,36.958,-122.017,1,2025,0.0,9.0,14.95,12.35,3.06,0,12.041530395040708,-0.5264285538269549,-0.011428605942499,0.0,0,12.3,11.9,9.72,14.1,10.78,11.42,2.99,2.63,1.2105263157894737,0,46042,,,,,,,
2025-01-27,Santa Cruz Wharf,2025-01-29,36.958,-122.017,1,2025,0.0,10.7,11.82,12.35,1.23,0,11.898571121449374,-0.6194897713709852,0.0033333642142159,0.0,0,9.0,12.3,14.95,9.72,12.35,10.78,3.06,2.99,0.9570850202429152,0,46042,,,,,,,
2025-02-03,Santa Cruz Wharf,2025-02-05,36.958,-122.017,2,2025,0.000666,10.6,12.0,9.64,2.05,0,12.006938506145868,-0.4753061005351494,0.1152381442842029,0.4057142798389707,1,10.7,9.0,11.82,14.95,12.35,12.35,1.23,3.06,1.2448132780082988,0,46042,,,,,,,
2025-02-10,Santa Cruz Wharf,2025-02-12,36.958,-122.017,2,2025,0.027448,11.5,4.27,0.08,2.07,0,12.3461222843248,-0.103061216712302,-0.054761977422805,1.1371428391763143,1,10.6,10.7,12.0,11.82,9.64,12.35,2.05,1.23,53.37499999999999,0,46042,,,,,,,
2025-02-17,Santa Cruz Wharf,2025-02-19,36.958,-122.017,2,2025,0.0,11.8,17.77,7.35,1.06,0,12.411632440528091,-0.0029591822198459,0.0266666866484142,0.8328571292970862,1,11.5,10.6,4.27,12.0,0.08,9.64,2.07,2.05,2.417687074829932,0,46042,,,,,,,
2025-02-24,Santa Cruz Wharf,2025-02-26,36.958,-122.017,2,2025,0.0,12.3,13.89,9.64,1.88,0,12.39316298037159,0.0126530619110075,-0.0233333224341982,0.8671428430825472,1,11.8,11.5,17.77,4.27,7.35,0.08,1.06,2.07,1.4408713692946058,0,46042,,,,,,,
2025-03-03,Santa Cruz Wharf,2025-03-05,36.958,-122.017,3,2025,0.0,11.8,23.04,18.7,1.08,0,12.27979564666748,-0.0671428582840123,-0.0852380934215727,0.941428555175662,0,12.3,11.8,13.89,17.77,9.64,7.35,1.88,1.06,1.2320855614973265,0,46042,,,,,,,
2025-03-10,Santa Cruz Wharf,2025-03-12,36.958,-122.017,3,2025,0.002081,11.9,9.22,6.58,6.94,0,11.970101813880763,-0.3447959129983672,-0.0138095219930012,0.1757142820528575,0,11.8,12.3,23.04,13.89,18.7,9.64,1.08,1.88,1.4012158054711248,0,46042,,,,,,,
2025-03-17,Santa Cruz Wharf,2025-03-19,36.958,-122.017,3,2025,0.028227,12.0,7.05,5.58,2.5,0,11.8388773081254,-0.443061210063039,0.0514285677955263,0.0,0,11.9,11.8,9.22,23.04,6.58,18.7,6.94,1.08,1.2634408602150538,0,46042,,,,,,,
2025-03-24,Santa Cruz Wharf,2025-03-26,36.958,-122.017,3,2025,0.485628,12.5,3.77,3.7,3.83,1,12.06846909620324,-0.1740816249227037,0.0671428498767671,1.4042856714555196,1,12.0,11.9,7.05,9.22,5.58,6.58,2.5,6.94,1.018918918918919,1,46042,,,,,,,
2025-03-31,Santa Cruz Wharf,2025-04-02,36.958,-122.017,4,2025,0.151884,13.0,8.51,5.27,2.41,1,12.35030580053524,0.1504081602075269,-0.0157142820812406,2.928571356726544,1,12.5,12.0,3.77,7.05,3.7,5.58,3.83,2.5,1.614800759013283,1,46042,,,,,,,
2025-04-07,Santa Cruz Wharf,2025-04-09,36.958,-122.017,4,2025,0.279264,13.7,5.77,2.49,2.81,1,12.434081311128578,0.2773469326903625,-0.0266666866484142,3.939999912998506,1,13.0,12.5,8.51,3.77,5.27,3.7,2.41,3.83,2.3172690763052204,1,46042,,,,,,,
2025-04-14,Santa Cruz Wharf,2025-04-16,36.958,-122.017,4,2025,0.289188,12.2,21.51,3.17,13.43,1,12.3547956602914,0.2401020348604236,0.0223809650966099,3.849999905696937,1,13.7,13.0,5.77,8.51,2.49,5.27,2.81,2.41,6.785488958990537,1,46042,,,,,,,
2025-04-21,Santa Cruz Wharf,2025-04-23,36.958,-122.017,4,2025,0.667954,12.7,9.68,3.89,3.81,1,12.40836711805694,0.312040809389888,0.087142853509812,4.811428464949131,1,12.2,13.7,21.51,5.77,3.17,2.49,13.43,2.81,2.4884318766066835,1,46042,,,,,,,
2025-04-28,Santa Cruz Wharf,2025-04-30,36.958,-122.017,4,2025,0.123699,13.4,4.52,1.1,7.14,1,12.671122161709532,0.5612244791522317,-0.0661904925391787,7.879999850477491,1,12.7,12.2,9.68,21.51,3.89,3.17,3.81,13.43,4.1090909090909085,1,46042,,,,,,,
2025-05-05,Santa Cruz Wharf,2025-05-07,36.958,-122.017,5,2025,0.0,13.6,14.95,9.28,3.46,0,12.566734343158956,0.4349999916644729,0.0214286077590215,6.39571416590895,1,13.4,12.7,4.52,9.68,1.1,3.89,7.14,3.81,1.6109913793103448,0,46042,,,,,,,
2025-05-12,Santa Cruz Wharf,2025-05-14,36.958,-122.017,5,2025,0.046105,13.3,15.56,6.48,3.96,0,12.436326211812544,0.2831632577985221,-0.0457142875308081,4.2699998915195465,1,13.6,13.4,14.95,4.52,9.28,1.1,3.46,7.14,2.4012345679012346,0,46042,,,,,,,
2025-05-19,Santa Cruz Wharf,2025-05-21,36.958,-122.017,5,2025,1.140381,14.1,9.04,4.45,4.46,1,12.277244597065206,0.0815306102324809,-0.0752381370181128,2.918571340186255,0,13.3,13.6,15.56,14.95,6.48,9.28,3.96,3.46,2.031460674157303,1,46042,,,,,,,
2025-05-26,Santa Cruz Wharf,2025-05-28,36.958,-122.017,5,2025,0.142044,13.7,14.17,5.08,4.13,1,12.074489496192156,-0.2053061165675824,0.2076190766834077,1.365714254123824,1,14.1,13.3,9.04,15.56,4.45,6.48,4.46,3.96,2.7893700787401574,1,46042,,,,,,,
2025-06-02,Santa Cruz Wharf,2025-06-04,36.958,-122.017,6,2025,0.0,13.5,21.01,6.66,6.02,0,12.730101750821484,0.3443877563184622,0.1123809360322497,7.458571382931301,1,13.7,14.1,14.17,9.04,5.08,4.45,4.13,4.46,3.1546546546546548,0,46042,,,,,,,
2025-06-09,Santa Cruz Wharf,2025-06-11,36.958,-122.017,6,2025,0.0,15.3,5.63,2.56,2.65,0,13.645509865819191,1.1512244787751411,-0.1199999763852073,16.268571266106196,1,13.5,13.7,21.01,14.17,6.66,5.08,6.02,4.13,2.19921875,0,46042,,,,,,,
2025-06-16,Santa Cruz Wharf,2025-06-18,36.958,-122.017,6,2025,0.018755,15.0,14.7,4.98,7.43,0,13.29438742812799,0.6796938681366795,-0.270000003633045,11.731428404205612,1,15.3,13.5,5.63,21.01,2.56,6.66,2.65,6.02,2.951807228915662,0,46042,,,,,,,
2025-06-23,Santa Cruz Wharf,2025-06-25,36.958,-122.017,6,2025,0.00797,13.7,22.5,4.78,8.02,0,11.976632361509362,-0.8090816214490607,0.0742857342674618,2.0971428179847345,0,15.0,15.3,14.7,5.63,4.98,2.56,7.43,2.65,4.707112970711297,0,46042,,,,,,,
2025-06-30,Santa Cruz Wharf,2025-07-02,36.958,-122.017,7,2025,0.005441,13.1,28.84,9.14,2.23,0,11.676428337486422,-1.3269387559623134,0.1071428571428571,0.0,0,13.7,15.0,22.5,14.7,4.78,4.98,8.02,7.43,3.155361050328227,0,46042,,,,,,,
2025-07-07,Santa Cruz Wharf,2025-07-09,36.958,-122.017,7,2025,0.0,13.5,24.99,9.14,3.16,0,12.523163046155656,-0.7043877448316435,0.1433333442324683,0.0571428537368774,1,13.1,13.7,28.84,22.5,9.14,4.78,2.23,8.02,2.734135667396061,0,46042,,,,,,,
2025-07-14,Santa Cruz Wharf,2025-07-16,36.958,-122.017,7,2025,1.794231,14.9,17.05,1.33,4.21,1,13.273673213258082,-0.1792857123310772,0.1761904216948009,1.5528570924486431,1,13.5,13.1,24.99,28.84,9.14,9.14,3.16,2.23,12.819548872180452,1,46042,,,,,,,
2025-07-21,Santa Cruz Wharf,2025-07-23,36.958,-122.017,7,2025,0.279813,15.2,7.73,3.39,2.32,1,14.057448679087113,0.381734679358042,0.029523804074242,7.061428317001888,1,14.9,13.5,17.05,24.99,1.33,9.14,4.21,3.16,2.28023598820059,1,46042,,,,,,,
2025-07-28,Santa Cruz Wharf,2025-07-30,36.958,-122.017,7,2025,0.010429,17.2,8.69,0.8,2.81,0,14.736632308181452,0.8416326278630567,-0.0714285260155087,11.987142496875354,1,15.2,14.9,7.73,17.05,3.39,1.33,2.32,4.21,10.8625,0,46042,,,,,,,
2025-08-04,Santa Cruz Wharf,2025-08-06,36.958,-122.017,8,2025,0.016471,15.9,9.76,0.3,14.28,0,14.720509898905853,0.6077550873920625,-0.0457142875308082,8.765714067433562,1,17.2,15.2,8.69,7.73,0.8,3.39,2.81,2.32,32.53333333333333,0,46042,,,,,,,
2025-08-11,Santa Cruz Wharf,2025-08-13,36.958,-122.017,8,2025,0.719914,15.7,4.74,1.09,9.07,1,14.487040558639835,0.155408162433578,0.0876190094720749,3.2328570831034864,1,15.9,17.2,9.76,8.69,0.3,0.8,14.28,2.81,4.348623853211009,1,46042,,,,,,,
2025-08-18,Santa Cruz Wharf,2025-08-20,36.958,-122.017,8,2025,0.314688,17.1,2.19,0.56,5.48,1,14.58204052399616,0.0492857162821657,-0.0361904416765485,1.809999984822103,1,15.7,15.9,4.74,9.76,1.09,0.3,9.07,14.28,3.910714285714285,1,46042,,,,,,,
2025-08-25,Santa Cruz Wharf,2025-08-27,36.958,-122.017,8,2025,0.18004,15.4,13.39,5.79,5.7,1,14.779285401714093,0.0993877516071102,0.0980952580769856,2.144285646932466,1,17.1,15.7,2.19,4.74,0.56,1.09,5.48,9.07,2.312607944732297,1,46042,,,,,,,
2025-09-01,Santa Cruz Wharf,2025-09-03,36.958,-122.017,9,2025,0.0,16.8,3.81,0.46,4.98,0,15.042448705556442,0.2519387666478144,0.0785714104062035,3.9599998657192503,1,15.4,17.1,13.39,2.19,5.79,0.56,5.7,5.48,8.282608695652174,0,46042,,,,,,,
2025-09-08,Santa Cruz Wharf,2025-09-10,36.958,-122.017,9,2025,0.0,16.2,11.39,2.98,9.78,0,15.707754903910113,0.8090816104442489,0.0899999255225771,11.327142546219486,1,16.8,15.4,3.81,13.39,0.46,5.79,4.98,5.7,3.822147651006712,0,46042,,,,,,,
2025-09-15,Santa Cruz Wharf,2025-09-17,36.958,-122.017,9,2025,0.0,17.1,8.9,0.79,9.69,0,16.309999796808984,1.315816298963464,0.0247619265601748,18.421428185488494,1,16.2,16.8,11.39,3.81,2.98,0.46,9.78,4.98,11.265822784810126,0,46042,,,,,,,
2025-09-22,Santa Cruz Wharf,2025-09-24,36.958,-122.017,9,2025,0.0,16.8,16.56,1.33,10.43,0,16.475611939722178,1.4517346705709184,0.0333333696637834,20.32428538799286,1,17.1,16.2,8.9,11.39,0.79,2.98,9.69,9.78,12.451127819548873,0,46042,,,,,,,
2025-09-29,Santa Cruz Wharf,2025-10-01,36.958,-122.017,10,2025,0.0,17.3,7.73,1.14,10.48,0,16.79653025646599,1.811632623477858,0.0561904907226562,25.362856728690012,1,16.8,17.1,16.56,8.9,1.33,0.79,10.43,9.69,6.780701754385966,0,46042,,,,,,,
2025-10-06,Santa Cruz Wharf,2025-10-08,36.958,-122.017,10,2025,0.0,17.2,4.98,0.6,1.41,0,17.06673445020403,2.1378571026179256,-0.0404762086414155,29.929999436650956,1,17.3,16.8,7.73,16.56,1.14,1.33,10.48,10.43,8.3,0,46042,,,,,,,
2025-10-13,Santa Cruz Wharf,2025-10-15,36.958,-122.017,10,2025,0.071,15.7,10.0,1.76,2.83,0,16.659081410388556,1.7901020013556188,-0.1923809505644298,25.061428018978663,1,17.2,17.3,4.98,7.73,0.6,1.14,1.41,10.48,5.681818181818182,0,46042,,,,,,,
2025-10-20,Santa Cruz Wharf,2025-10-22,36.958,-122.017,10,2025,0.0014,15.2,12.5,6.82,2.7,0,15.996938403771848,1.2312244584365766,0.0342856815883091,17.237142418112075,1,15.7,17.2,10.0,4.98,1.76,0.6,2.83,1.41,1.8328445747800584,0,46042,,,,,,,
2025-10-27,Santa Cruz Wharf,2025-10-29,36.958,-122.017,10,2025,0.0022,14.7,14.6,8.42,1.43,0,15.63173431279708,1.0426530371971277,-0.2085713886079334,14.622856806431498,1,15.2,15.7,12.5,10.0,6.82,1.76,2.7,2.83,1.7339667458432304,0,46042,,,,,,,
2025-11-03,Santa Cruz Wharf,2025-11-05,36.958,-122.017,11,2025,0.000596,14.7,10.72,4.99,2.59,0,15.057346626203886,0.6787754937018058,0.0842856906709216,9.662856911974291,1,14.7,15.2,14.6,12.5,8.42,6.82,1.43,2.7,2.1482965931863727,0,46042,,,,,,,
2025-11-10,Santa Cruz Wharf,2025-11-12,36.958,-122.017,11,2025,0.000638,14.5,18.84,6.88,5.25,0,14.653673142802958,0.4862244698238007,-0.0609523682367233,6.941428292010512,1,14.7,14.7,10.72,14.6,4.99,8.42,2.59,1.43,2.738372093023256,0,46042,,,,,,,
2025-11-17,Santa Cruz Wharf,2025-11-19,36.958,-122.017,11,2025,0.000893,13.9,18.84,6.88,1.14,0,14.630407810211182,0.673163241725795,0.0100000018165224,9.424285384161132,1,14.5,14.7,18.84,10.72,6.88,4.99,5.25,2.59,2.738372093023256,0,46042,,,,,,,
2025-11-24,Santa Cruz Wharf,2025-11-26,36.958,-122.017,11,2025,0.0,13.5,18.84,6.88,1.37,0,14.558571163488894,0.8139795727875768,-0.0195238022577195,11.395714019026077,1,13.9,14.5,18.84,18.84,6.88,6.88,1.14,5.25,2.738372093023256,0,46042,,,,,,,
2025-12-01,Santa Cruz Wharf,2025-12-03,36.958,-122.017,12,2025,0.0,13.4,18.84,6.88,0.94,0,14.465509910972752,0.9348979422024318,-0.0423809233165922,13.088571190834044,1,13.5,13.9,18.84,18.84,6.88,6.88,1.37,1.14,2.738372093023256,0,46042,,,,,,,
2025-12-08,Santa Cruz Wharf,2025-12-10,36.958,-122.017,12,2025,0.001176,13.3,18.84,6.88,0.99,0,14.203162952345243,0.887040799977828,-0.0033334096272786,12.418571199689593,1,13.4,13.5,18.84,18.84,6.88,6.88,0.94,1.37,2.738372093023256,0,46042,,,,,,,
2025-12-15,Santa Cruz Wharf,2025-12-17,36.958,-122.017,12,2025,0.000786,14.3,18.84,6.88,1.8,0,14.244489475172392,1.1377550904848135,0.0690476553780692,15.928571266787392,1,13.3,13.4,18.84,18.84,6.88,6.88,0.99,0.94,2.738372093023256,0,46042,,,,,,,
2026-01-05,Santa Cruz Wharf,2026-01-07,36.958,-122.017,1,2026,0.0,13.9,18.84,6.88,0.87,0,14.470713917089968,1.7229591462076927,-0.0371428444271995,24.1214280469077,1,14.3,13.3,18.84,18.84,6.88,6.88,1.8,0.99,2.738372093023256,0,46042,,,,,,,
2026-01-12,Santa Cruz Wharf,2026-01-14,36.958,-122.017,1,2026,0.0,13.8,18.84,6.88,1.08,0,14.35265270544558,1.6960203708434591,0.0147618793305896,23.744285191808427,1,13.9,14.3,18.84,18.84,6.88,6.88,0.87,1.8,2.738372093023256,0,46042,,,,,,,
2026-01-19,Santa Cruz Wharf,2026-01-21,36.958,-122.017,1,2026,0.044253,13.9,18.84,6.88,1.96,0,14.28408127414937,1.7071428250293343,-0.0385714031401134,23.89999955041068,1,13.8,13.9,18.84,18.84,6.88,6.88,1.08,0.87,2.738372093023256,0,46042,,,,,,,
2026-01-26,Santa Cruz Wharf,2026-01-28,36.958,-122.017,1,2026,0.174212,14.0,18.84,6.88,1.44,1,14.167142537175392,1.6417346608882046,0.0066666376023065,22.984285252434866,1,13.9,13.8,18.84,18.84,6.88,6.88,1.96,1.08,2.738372093023256,1,46042,,,,,,,
2026-02-02,Santa Cruz Wharf,2026-02-04,36.958,-122.017,2,2026,0.057318,14.0,18.84,6.88,1.25,0,14.142958932993364,1.65316322020122,0.0447619756062825,23.14428508281708,1,14.0,13.9,18.84,18.84,6.88,6.88,1.44,1.96,2.738372093023256,0,46042,,,,,,,
2026-02-09,Santa Cruz Wharf,2026-02-11,36.958,-122.017,2,2026,0.018686,13.9,18.84,6.88,1.95,0,14.291632447923933,1.8382652633044183,-0.040952410016741,25.735713686261857,1,14.0,14.0,18.84,18.84,6.88,6.88,1.25,1.44,2.738372093023256,0,46042,,,,,,,
2026-02-16,Santa Cruz Wharf,2026-02-18,36.958,-122.017,2,2026,0.0,13.3,18.84,6.88,1.45,0,14.14550998259564,1.727959156036377,-0.0938095365251813,24.191428184509277,1,13.9,14.0,18.84,18.84,6.88,6.88,1.95,1.25,2.738372093023256,0,46042,,,,,,,
2026-02-23,Santa Cruz Wharf,2026-02-25,36.958,-122.017,2,2026,0.0,14.1,18.84,6.88,3.97,0,13.87244870711346,1.4883673130249488,0.1457142602829705,20.83714238234929,1,13.3,13.9,18.84,18.84,6.88,6.88,1.45,1.95,2.738372093023256,0,46042,,,,,,,
2026-03-02,Santa Cruz Wharf,2026-03-04,36.958,-122.017,3,2026,0.011836,14.3,18.84,6.88,2.38,0,14.048979253185038,1.6975509816286516,-0.076666650317964,23.76571374280112,1,14.1,13.3,18.84,18.84,6.88,6.88,3.97,1.45,2.738372093023256,0,46042,,,,,,,
2026-03-09,Santa Cruz Wharf,2026-03-11,36.958,-122.017,3,2026,0.68544,13.9,18.84,6.88,4.53,1,14.023877173053975,1.7046938441237625,-0.1133333387829008,23.865713817732676,1,14.3,14.1,18.84,18.84,6.88,6.88,2.38,3.97,2.738372093023256,1,46042,,,,,,,
2026-03-16,Santa Cruz Wharf,2026-03-18,36.958,-122.017,3,2026,1.066425,14.0,18.84,6.88,5.48,1,13.601530298894769,1.3143877192419402,0.0871428535098121,18.40142806938716,1,13.9,14.3,18.84,18.84,6.88,6.88,4.53,2.38,2.738372093023256,1,46042,,,,,,,
2026-03-23,Santa Cruz Wharf,2026-03-25,36.958,-122.017,3,2026,0.109848,14.9,18.84,6.88,0.84,1,13.49826496474597,1.2479591503435252,-0.0742856888543991,17.471428104809352,1,14.0,13.9,18.84,18.84,6.88,6.88,5.48,4.53,2.738372093023256,1,46042,,,,,,,
2017-01-02,Santa Monica Pier,2017-01-02,34.008,-118.499,1,2017,0.0,15.8,6.289,4.1,0.8,0,14.711556830179124,-0.0820952375911708,0.0760000228881835,0.4179999891668558,1,15.8,15.8,6.289,6.289,4.1,4.1,0.8,0.8,1.5339024390243905,0,46025,4.865,1.133,9.401,246.125,1012.347,12.553,14.533
2017-01-09,Santa Monica Pier,2017-01-09,34.008,-118.499,1,2017,0.0,16.5,6.289,13.2,0.9,0,14.8711706928387,0.146193970474371,-0.0195238022577194,2.562857100740075,1,15.8,16.5,6.289,6.289,4.1,13.2,0.8,0.9,0.4764393939393939,0,46025,3.717,0.787,10.939,245.673,1018.692,14.089,14.842
2017-01-16,Santa Monica Pier,2017-01-16,34.008,-118.499,1,2017,0.0,16.8,6.289,2.2,2.8,0,14.970816047824158,0.3663265205235505,0.035714240301223,5.158571286393063,1,16.5,15.8,6.289,6.289,13.2,4.1,0.9,0.8,2.8586363636363634,0,46025,4.58,1.287,10.128,259.398,1016.974,14.693,15.079
2017-01-23,Santa Monica Pier,2017-01-23,34.008,-118.499,1,2017,0.0,15.1,6.289,14.1,0.9,0,14.83244869660358,0.3212244768569968,-0.0752380916050502,4.8457141018339565,1,16.8,16.5,6.289,6.289,2.2,13.2,2.8,0.9,0.4460283687943262,0,46025,5.705,2.004,14.472,260.804,1014.592,13.962,14.956
2017-01-30,Santa Monica Pier,2017-01-30,34.008,-118.499,1,2017,0.0,15.9,6.289,4.0,0.9,0,14.661836448980836,0.1945918294582135,0.0300000508626301,3.174285607944642,1,15.1,16.8,6.289,6.289,14.1,2.2,0.9,2.8,1.57225,0,46025,4.792,1.765,13.945,262.196,1022.741,13.688,14.229
2017-02-06,Santa Monica Pier,2017-02-06,34.008,-118.499,2,2017,0.0,15.1,7.9710026,4.1,3.1,0,14.727448745649689,0.2938775436344499,0.0333332788376581,4.21571418057595,1,15.9,15.1,6.289,6.289,4.0,14.1,0.9,0.9,1.944146975609756,0,46025,2.718,1.221,13.07,259.545,1018.869,14.258,14.263
2017-02-13,Santa Monica Pier,2017-02-13,34.008,-118.499,2,2017,0.0,17.0,7.9710026,2.8499999999999996,0.8,0,14.933060928266874,0.5309183530091327,-0.0185714449201311,7.432856942127858,1,15.1,15.9,7.9710026,6.289,4.1,4.0,3.1,0.9,2.79684301754386,0,46025,3.674,1.328,10.515,254.701,1018.065,14.422,14.592
2017-02-20,Santa Monica Pier,2017-02-20,34.008,-118.499,2,2017,0.0,16.9,7.9710026,1.6,0.9,0,14.973264937498133,0.5885714145795423,-0.0371428444271996,8.245714089700154,1,17.0,15.1,7.9710026,7.9710026,2.8499999999999996,4.1,0.8,3.1,4.981876625,0,46025,5.403,1.757,13.009,248.976,1012.016,14.014,14.81
2017-02-27,Santa Monica Pier,2017-02-27,34.008,-118.499,2,2017,0.0,15.1,7.9710026,4.3,0.7,0,14.67918332742185,0.2933673419970639,-0.0347619283766973,4.78428562145148,1,16.9,17.0,7.9710026,7.9710026,1.6,2.8499999999999996,0.9,0.8,1.853721534883721,0,46025,5.336,1.66,11.654,260.47,1020.301,13.036,14.626
2017-03-06,Santa Monica Pier,2017-03-07,34.008,-118.499,3,2017,0.0,14.8,7.787878,10.6,1.6,0,14.412550682924232,0.0186734704148708,0.1166667484101794,1.994285671040416,1,15.1,16.9,7.9710026,7.9710026,4.3,1.6,0.7,0.9,0.7347054716981133,0,46025,3.648,0.91,13.265,220.601,1017.196,14.049,14.765
2017-03-13,Santa Monica Pier,2017-03-13,34.008,-118.499,3,2017,0.0,17.2,7.787878,5.2,1.3,0,14.77908132514175,0.3766326489003033,0.0495237622942243,6.395714192252074,1,14.8,15.1,7.787878,7.9710026,10.6,4.3,1.6,0.7,1.497668846153846,0,46025,3.562,1.068,12.034,244.24,1018.142,14.309,14.96
2017-03-20,Santa Monica Pier,2017-03-20,34.008,-118.499,3,2017,0.07,18.9,7.787878,1.7,1.4,0,15.364387424624695,0.9471428377591834,0.0171428407941545,13.321428298950195,1,17.2,14.8,7.787878,7.787878,5.2,10.6,1.3,1.6,4.581104705882353,0,46025,2.674,0.792,13.627,229.179,1017.523,13.381,15.587
2017-03-27,Santa Monica Pier,2017-03-27,34.008,-118.499,3,2017,2.99,15.0,7.787878,6.0,10.6,1,15.595713907358595,1.151122416160545,-0.0747618902297247,16.115713826247624,1,18.9,17.2,7.787878,7.787878,1.7,5.2,1.4,1.3,1.2979796666666668,1,46025,4.688,1.295,12.756,229.923,1018.828,14.641,15.453
2017-04-03,Santa Monica Pier,2017-04-03,34.008,-118.499,4,2017,3.07,16.8,8.2213575,0.0,2.1,1,15.497958874215884,1.0194897718575535,0.0309524082002185,14.27285680600575,1,15.0,18.9,7.787878,7.787878,6.0,1.7,10.6,1.4,,1,46025,5.12,1.595,12.244,263.57,1014.233,15.423,15.537
2017-04-10,Santa Monica Pier,2017-04-10,34.008,-118.499,4,2017,10.8,16.7,8.2213575,3.4,4.2,1,15.339693565757909,0.8291836575585968,0.0409523646036783,11.608571205820356,1,16.8,15.0,8.2213575,7.787878,0.0,6.0,2.1,10.6,2.4180463235294116,1,46025,3.507,1.329,13.376,255.202,1015.883,14.605,16.056
2017-04-17,Santa Monica Pier,2017-04-17,34.008,-118.499,4,2017,0.0,18.5,8.2213575,1.8,18.2,0,15.441632329201212,0.8863265122077902,0.1052381424676804,12.408571170909063,1,16.7,16.8,8.2213575,8.2213575,3.4,0.0,4.2,2.1,4.567420833333333,0,46025,3.602,1.33,11.195,255.875,1015.982,14.799,15.586
2017-04-24,Santa Monica Pier,2017-04-24,34.008,-118.499,4,2017,0.0,19.8,8.2213575,6.8,4.2,0,15.64928541378099,1.0039795709355752,-0.2171429225376674,14.191428273916245,1,18.5,16.7,8.2213575,8.2213575,1.8,3.4,18.2,4.2,1.2090231617647058,0,46025,3.208,1.354,13.529,239.667,1015.724,15.318,15.13
2017-05-01,Santa Monica Pier,2017-05-01,34.008,-118.499,5,2017,14.4,17.0,7.71,41.8,3.0,1,15.765714003115283,0.9976530334513102,0.181428591410319,14.317142456769943,1,19.8,18.5,8.2213575,8.2213575,6.8,1.8,4.2,18.2,0.1844497607655502,1,46025,5.755,1.883,9.574,257.353,1012.071,16.232,15.905
2017-05-08,Santa Monica Pier,2017-05-08,34.008,-118.499,5,2017,0.16,17.9,7.71,24.1,6.3,1,16.031836412390884,1.139897926900612,0.080952281043643,16.172856684241975,1,17.0,19.8,7.71,8.2213575,41.8,6.8,3.0,4.2,0.3199170124481327,1,46025,3.408,1.242,14.103,206.893,1012.247,14.984,17.082
2017-05-15,Santa Monica Pier,2017-05-15,34.008,-118.499,5,2017,1.98,17.9,7.71,6.4,1.5,1,16.489081081078975,1.4669387377038294,0.1195238204229445,20.537142327853612,1,17.9,17.0,7.71,7.71,24.1,41.8,6.3,3.0,1.2046875,1,46025,3.955,1.256,10.295,252.665,1014.128,15.314,16.898
2017-05-22,Santa Monica Pier,2017-05-22,34.008,-118.499,5,2017,0.05,18.9,7.71,2.9,0.3,0,16.831836136019962,1.6311224127302364,-0.1066665649414062,22.83571377822331,1,17.9,17.9,7.71,7.71,6.4,24.1,1.5,6.3,2.6586206896551725,0,46025,3.36,1.211,9.241,238.798,1012.941,15.69,16.98
2017-05-29,Santa Monica Pier,2017-05-29,34.008,-118.499,5,2017,0.05,18.0,7.71,10.2,3.6,0,17.018672982040716,1.585918336498494,0.1280952635265531,22.202856710978917,1,18.9,17.9,7.71,7.71,2.9,6.4,0.3,1.5,0.7558823529411766,0,46025,3.078,0.906,13.409,203.76,1013.949,15.294,17.082
2017-06-05,Santa Monica Pier,2017-06-05,34.008,-118.499,6,2017,0.0,20.0,5.96592915,1.1,3.2,0,17.414081164768763,1.7358163023481563,0.0342856815883091,24.30142823287419,1,18.0,18.9,7.71,7.71,10.2,2.9,3.6,0.3,5.423571954545454,0,46025,2.788,1.018,12.595,228.07,1011.858,15.686,17.34
2017-06-12,Santa Monica Pier,2017-06-12,34.008,-118.499,6,2017,0.0,19.1,5.96592915,1.1,3.4,0,18.018162883057887,2.092244864726553,0.1233332497732979,29.291428106171743,1,20.0,18.0,5.96592915,7.71,1.1,10.2,3.2,3.6,5.423571954545454,0,46025,3.074,1.068,12.093,208.435,1013.011,16.02,17.258
2017-06-19,Santa Monica Pier,2017-06-19,34.008,-118.499,6,2017,0.0,20.3,5.96592915,9.4,2.4,0,18.393264945672485,2.1820407728759608,-0.1057142530168805,30.548570820263453,1,19.1,20.0,5.96592915,5.96592915,1.1,1.1,3.4,3.2,0.6346733138297872,0,46025,3.586,1.109,9.185,246.845,1012.233,16.97,17.95
2017-06-26,Santa Monica Pier,2017-06-26,34.008,-118.499,6,2017,0.0,21.0,5.96592915,7.2,1.2,0,18.3735710066192,1.8060203802828885,0.1147618974958146,25.28428532396044,1,20.3,19.1,5.96592915,5.96592915,9.4,1.1,2.4,3.4,0.8286012708333333,0,46025,3.03,1.121,14.401,180.452,1010.314,16.919,19.107
2017-07-03,Santa Monica Pier,2017-07-03,34.008,-118.499,7,2017,0.0,21.8,5.57,6.7,2.4,0,18.74459132369683,1.7842856901032584,0.2685714903331938,24.979999661445618,1,21.0,20.3,5.96592915,5.96592915,7.2,9.4,1.2,2.4,0.8313432835820895,0,46025,3.171,1.069,11.238,217.101,1012.239,17.336,18.456
2017-07-10,Santa Monica Pier,2017-07-10,34.008,-118.499,7,2017,0.0,23.0,5.57,2.1,5.3,0,19.93346897436648,2.579795865380034,-0.048571541195824,36.11714211532048,1,21.8,21.0,5.57,5.96592915,6.7,7.2,2.4,1.2,2.6523809523809523,0,46025,2.833,0.923,12.716,198.089,1013.328,18.649,19.291
2017-07-17,Santa Monica Pier,2017-07-17,34.008,-118.499,7,2017,0.0,23.2,5.57,2.5,1.4,0,20.98602001034484,3.2585713717402243,0.2895238967168899,45.61999920436314,1,23.0,21.8,5.57,5.57,2.1,6.7,5.3,2.4,2.228,0,46025,2.604,1.059,13.524,175.066,1013.689,18.921,20.833
2017-07-24,Santa Monica Pier,2017-07-24,34.008,-118.499,7,2017,0.0,24.0,5.57,0.0,1.6,0,21.62061177467813,3.5937754451012123,-0.118095216296968,50.31285623141697,1,23.2,23.0,5.57,5.57,2.5,2.1,1.4,5.3,,0,46025,2.676,0.962,12.015,190.399,1012.973,,21.723
2017-07-31,Santa Monica Pier,2017-07-31,34.008,-118.499,7,2017,0.0,24.0,5.57,0.2,1.5,0,21.81765272179428,3.5563264477009677,0.073809578305199,49.78857026781355,1,24.0,23.2,5.57,5.57,0.0,2.5,1.6,1.4,27.85,0,46025,3.204,0.831,10.334,196.048,1014.198,,21.9
2017-08-07,Santa Monica Pier,2017-08-07,34.008,-118.499,8,2017,0.0,24.8,4.381,0.4,2.1,0,21.70806090685786,3.219489739865673,-0.1733334859212239,45.07285635811942,1,24.0,24.0,5.57,5.57,0.2,0.0,1.5,1.6,10.9525,0,46025,3.208,0.979,13.885,194.268,1013.043,,21.569
2017-08-14,Santa Monica Pier,2017-08-14,34.008,-118.499,8,2017,0.0,23.7,4.381,0.4,1.4,0,21.20989748896385,2.500204041296122,0.0066667284284319,35.00285657814571,1,24.8,24.0,4.381,5.57,0.4,0.2,2.1,1.5,10.9525,0,46025,2.828,0.918,9.851,228.655,1012.123,,20.699
2017-08-21,Santa Monica Pier,2017-08-21,34.008,-118.499,8,2017,0.0,24.0,4.381,0.7,0.2,0,20.77540765489851,1.909285665774832,-0.0433333260672432,26.729999320847647,1,23.7,24.8,4.381,4.381,0.4,0.4,1.4,2.1,6.258571428571429,0,46025,2.985,0.925,13.444,200.321,1013.573,,21.457
2017-08-28,Santa Monica Pier,2017-08-28,34.008,-118.499,8,2017,0.0,23.8,4.381,1.0,0.4,0,20.72846897280946,1.7960203764389973,0.0980953034900483,25.14428527014596,1,24.0,23.7,4.381,4.381,0.7,0.4,0.2,1.4,4.381,0,46025,2.987,0.716,10.71,211.329,1012.94,,21.128
2017-09-04,Santa Monica Pier,2017-09-04,34.008,-118.499,9,2017,0.0,25.1,3.789,0.8,1.9,0,20.98979562642623,2.0249999810238273,-0.0938094911121186,28.349999734333583,1,23.8,24.0,4.381,4.381,1.0,0.7,0.4,0.2,4.73625,0,46025,3.085,0.949,14.056,185.629,1008.344,,20.638
2017-09-11,Santa Monica Pier,2017-09-11,34.008,-118.499,9,2017,0.0,23.5,3.789,0.4,0.0,0,20.857754901963837,1.860918341850748,-0.0747619810558501,26.05285678591047,1,25.1,23.8,3.789,4.381,0.8,1.0,1.9,0.4,9.4725,0,46025,3.879,1.0,11.56,227.405,1012.919,,21.658
2017-09-18,Santa Monica Pier,2017-09-18,34.008,-118.499,9,2017,0.0,21.5,3.789,0.2,1.3,0,20.18877527665119,1.1985714052404677,-0.0823809305826822,16.779999673366547,1,23.5,25.1,3.789,3.789,0.4,0.8,0.0,1.9,18.945,0,46025,3.607,0.854,13.773,193.667,1012.289,,19.972
2017-09-25,Santa Monica Pier,2017-09-25,34.008,-118.499,9,2017,0.0,21.4,3.789,0.3,1.1,0,19.908571087584203,1.0218367102194803,0.0119046710786365,14.305713943072728,1,21.5,23.5,3.789,3.789,0.2,0.4,1.3,0.0,12.63,0,46025,3.346,0.933,8.849,232.506,1011.197,,19.789
2017-10-02,Santa Monica Pier,2017-10-02,34.008,-118.499,10,2017,0.0,22.4,4.197,0.6,0.1,0,19.825815882001603,1.1047958944525038,0.0857143402099609,15.467142522335052,1,21.4,21.5,3.789,3.789,0.3,0.2,1.1,1.3,6.995,0,46025,3.138,0.728,10.517,217.56,1010.408,,20.226
2017-10-09,Santa Monica Pier,2017-10-09,34.008,-118.499,10,2017,0.0,21.3,4.197,0.1,7.2,0,19.88255058989233,1.331224463423904,-0.0457142421177455,18.637142487934657,1,22.4,21.4,4.197,3.789,0.6,0.3,0.1,1.1,41.97,0,46025,2.748,0.863,13.691,205.47,1010.097,,20.837
2017-10-16,Santa Monica Pier,2017-10-16,34.008,-118.499,10,2017,0.0,21.3,4.197,0.1,1.5,0,19.921020021243972,1.5534693537926187,-0.0928571791875929,21.748570953096664,1,21.3,22.4,4.197,4.197,0.1,0.6,7.2,0.1,41.97,0,46025,3.328,0.92,13.465,197.464,1012.927,,20.449
2017-10-23,Santa Monica Pier,2017-10-23,34.008,-118.499,10,2017,0.0,21.1,4.197,0.1,1.2,0,19.717856815883092,1.607550976227741,0.0423809233165922,22.50571366718837,1,21.3,21.3,4.197,4.197,0.1,0.1,1.5,7.2,41.97,0,46025,4.965,1.278,13.134,223.952,1014.623,,20.561
2017-10-30,Santa Monica Pier,2017-10-30,34.008,-118.499,10,2017,0.0,20.1,4.197,0.2,0.3,0,19.548162946895676,1.7671428006522507,-0.0180951981317429,24.739999209131515,1,21.1,21.3,4.197,4.197,0.1,0.1,1.2,1.5,20.985,0,46025,2.718,1.045,14.818,205.048,1012.863,,19.769
2017-11-06,Santa Monica Pier,2017-11-06,34.008,-118.499,11,2017,0.0,20.1,4.7585,0.3,0.9,0,19.32755067397137,1.8899999419037177,-0.1499999818347748,26.45999918665205,1,20.1,21.1,4.197,4.197,0.2,0.1,0.3,1.2,15.861666666666666,0,46025,3.338,0.785,13.146,237.911,1014.754,,19.514
2017-11-13,Santa Monica Pier,2017-11-13,34.008,-118.499,11,2017,0.0,19.9,4.7585,0.3,0.55,0,18.606632232666016,1.514081590029658,-0.113809585571289,21.197142260415212,1,20.1,20.1,4.7585,4.197,0.3,0.2,0.9,0.3,15.861666666666666,0,46025,3.229,0.947,12.949,220.429,1016.928,,19.504
2017-11-20,Santa Monica Pier,2017-11-20,34.008,-118.499,11,2017,0.0,17.2,4.7585,0.2,0.2,0,17.887856639161402,1.1461224166714417,0.0504762558710007,16.045713833400182,1,19.9,20.1,4.7585,4.7585,0.3,0.3,0.55,0.9,23.792499999999997,0,46025,3.712,0.92,11.862,217.777,1016.831,,18.734
2017-11-27,Santa Monica Pier,2017-11-27,34.008,-118.499,11,2017,0.0,17.5,4.7585,0.2,3.3,0,17.52265270388856,1.1435713913975931,-0.1247618538992745,16.0099994795663,1,17.2,19.9,4.7585,4.7585,0.2,0.3,0.2,0.55,23.792499999999997,0,46025,2.45,0.793,11.787,242.69,1015.361,,17.946
2017-12-04,Santa Monica Pier,2017-12-04,34.008,-118.499,12,2017,0.0,16.5,4.542,1.1,2.1,0,17.139693668910436,1.1264285378310146,-0.0395238967168898,15.769999529634203,1,17.5,17.2,4.7585,4.7585,0.2,0.2,3.3,0.2,4.129090909090909,0,46025,3.135,1.197,12.253,256.238,1015.426,,17.044
2017-12-11,Santa Monica Pier,2017-12-11,34.008,-118.499,12,2017,0.0,17.2,4.542,0.6,0.5,0,16.799897583163514,1.1514285437914789,-0.0128571646554129,16.119999613080704,1,16.5,17.5,4.542,4.7585,1.1,0.2,2.1,3.3,7.57,0,46025,4.847,1.02,12.337,191.964,1020.537,,16.209
2017-12-18,Santa Monica Pier,2017-12-18,34.008,-118.499,12,2017,0.0,17.3,4.542,0.7,1.0,0,16.550917790860545,1.2327550686135584,-0.1466666630336216,17.258570960589818,1,17.2,16.5,4.542,4.542,0.6,1.1,0.5,2.1,6.488571428571428,0,46025,2.892,1.209,13.261,247.893,1015.643,,16.27
2017-12-25,Santa Monica Pier,2017-12-25,34.008,-118.499,12,2017,0.0,16.1,4.542,0.2,2.2,0,16.127244316801733,1.0382652842268651,0.0909523736862908,14.535713979176112,1,17.3,17.2,4.542,4.542,0.7,0.6,1.0,0.5,22.709999999999997,0,46025,4.265,0.835,11.454,236.625,1020.602,,16.248
2018-01-01,Santa Monica Pier,2018-01-01,34.008,-118.499,1,2018,0.0,17.3,6.289,0.7,0.1,0,16.083774965636586,1.155612230300903,0.0371428898402622,16.178571224212646,1,16.1,17.3,4.542,4.542,0.2,0.7,2.2,1.0,8.984285714285715,0,46025,1.986,0.805,13.491,243.216,1018.772,,15.894
2018-01-08,Santa Monica Pier,2018-01-08,34.008,-118.499,1,2018,0.0,17.3,6.289,0.8,0.1,0,16.400305816105433,1.6280611990665903,-0.0166666848318917,22.792856786932266,1,17.3,16.1,6.289,4.542,0.7,0.2,0.1,2.2,7.861249999999999,0,46025,2.448,0.766,13.332,254.214,1019.392,,16.246
2018-01-15,Santa Monica Pier,2018-01-15,34.008,-118.499,1,2018,0.0,16.8,6.289,0.7,0.1,0,16.483469087250377,1.8597958890759216,-0.0304761614118303,26.0371424470629,1,17.3,17.3,6.289,6.289,0.8,0.7,0.1,0.1,8.984285714285715,0,46025,4.196,1.315,12.011,247.679,1016.342,,16.095
2018-01-22,Santa Monica Pier,2018-01-22,34.008,-118.499,1,2018,0.0,16.2,6.289,1.4,0.2,0,16.13622405577679,1.6157142611182465,-0.1609523864019484,22.61999965565545,1,16.8,17.3,6.289,6.289,0.7,0.8,0.1,0.1,4.492142857142857,0,46025,4.316,1.639,14.246,262.613,1018.618,,16.155
2018-01-29,Santa Monica Pier,2018-01-29,34.008,-118.499,1,2018,0.0,15.4,6.289,0.8,0.2,0,15.574387394652076,1.102244878301815,0.0885714122227259,15.43142829622541,1,16.2,16.8,6.289,6.289,1.4,0.7,0.2,0.1,7.861249999999999,0,46025,4.437,1.11,11.617,258.905,1020.794,,15.454
2018-02-05,Santa Monica Pier,2018-02-05,34.008,-118.499,2,2018,0.0,16.4,7.9710026,0.2,1.6,0,15.539591438916265,1.1003060888270944,0.0190476462954566,15.40428524357932,1,15.4,16.2,6.289,6.289,0.8,1.4,0.2,0.2,39.855013,0,46025,2.191,0.654,12.806,216.214,1016.701,,15.804
2018-02-12,Santa Monica Pier,2018-02-12,34.008,-118.499,2,2018,0.0,16.1,7.9710026,0.5,0.4,0,15.769999611134432,1.3635713841233934,0.0119047619047618,19.08999937772751,1,16.4,15.4,7.9710026,6.289,0.2,0.8,1.6,0.2,15.9420052,0,46025,2.839,0.835,14.016,237.131,1015.567,,15.959
2018-02-19,Santa Monica Pier,2018-02-19,34.008,-118.499,2,2018,0.0,15.7,7.9710026,0.2,0.2,0,15.660509829618492,1.273571388149748,-0.1766667138962518,17.82999943409647,1,16.1,16.4,7.9710026,7.9710026,0.5,0.2,0.4,1.6,39.855013,0,46025,3.79,0.801,12.348,233.643,1016.998,,15.865
2018-02-26,Santa Monica Pier,2018-02-26,34.008,-118.499,2,2018,0.0,13.7,7.9710026,3.6,0.3,0,15.042346516434026,0.6553060998950079,-0.0599999654860723,9.512856824057442,1,15.7,16.1,7.9710026,7.9710026,0.2,0.5,0.2,0.4,2.214167388888889,0,46025,6.546,1.395,8.538,261.899,1020.319,,15.253
2018-03-05,Santa Monica Pier,2018-03-05,34.008,-118.499,3,2018,0.0,14.8,7.787878,0.4,2.0,0,14.458571035034804,0.065408160377826,0.0214286077590215,1.6799999454191752,1,13.7,15.7,7.9710026,7.9710026,3.6,0.2,0.3,0.2,19.469695,0,46025,4.372,1.097,10.096,244.792,1018.459,,14.575
2018-03-12,Santa Monica Pier,2018-03-12,34.008,-118.499,3,2018,0.0,15.4,7.787878,0.6,0.3,0,14.498469070512424,0.0982653050094234,0.0590475627354213,1.917142828660352,1,14.8,13.7,7.787878,7.9710026,0.4,3.6,2.0,0.3,12.979796666666669,0,46025,3.064,0.896,12.004,246.518,1016.726,,14.62
2018-03-19,Santa Monica Pier,2018-03-19,34.008,-118.499,3,2018,0.0,16.2,7.787878,0.8,0.1,0,14.736122102153546,0.3221428522421997,-0.0266666866484142,4.628571358110223,1,15.4,14.8,7.787878,7.787878,0.6,0.4,0.3,2.0,9.7348475,0,46025,4.909,1.112,10.898,242.726,1016.781,,14.869
2018-03-26,Santa Monica Pier,2018-03-26,34.008,-118.499,3,2018,0.0,15.3,7.787878,0.4,0.1,0,14.645509787968226,0.2048979568466239,-0.0676190058390299,3.6799999347754886,1,16.2,15.4,7.787878,7.787878,0.8,0.6,0.1,0.3,19.469695,0,46025,4.597,1.095,10.969,239.31,1016.917,,14.185
2018-04-02,Santa Monica Pier,2018-04-02,34.008,-118.499,4,2018,0.0,15.3,8.2213575,0.5,0.1,0,14.507142543792725,0.0338775507003372,0.1700000308808826,2.0314285209668532,1,15.3,16.2,7.787878,7.787878,0.4,0.8,0.1,0.1,16.442715,0,46025,3.84,0.829,12.303,212.759,1017.082,,14.097
2018-04-09,Santa Monica Pier,2018-04-09,34.008,-118.499,4,2018,0.0,16.2,8.2213575,1.3,0.2,0,15.00295895946269,0.4979591783782353,-0.0842857360839844,7.762857052630612,1,15.3,15.3,8.2213575,7.787878,0.5,0.4,0.1,0.1,6.3241211538461535,0,46025,2.703,0.871,12.42,216.994,1014.743,,
2018-04-16,Santa Monica Pier,2018-04-16,34.008,-118.499,4,2018,0.0,16.2,8.2213575,0.9,0.4,0,14.873265081522415,0.3264285699293321,-0.1066667011805943,7.991428493389061,1,16.2,15.3,8.2213575,8.2213575,1.3,0.5,0.2,0.1,9.134841666666668,0,46025,4.146,1.288,10.709,257.449,1016.75,,
2018-04-23,Santa Monica Pier,2018-04-23,34.008,-118.499,4,2018,0.0,16.2,8.2213575,0.2,0.4,0,14.36132624684548,-0.2677550957139049,0.1871428716750371,1.9242856853774617,1,16.2,16.2,8.2213575,8.2213575,0.9,1.3,0.4,0.2,41.1067875,0,46025,5.574,1.422,9.33,249.114,1016.927,,
2018-04-30,Santa Monica Pier,2018-04-30,34.008,-118.499,4,2018,0.0,17.0,8.2213575,0.1,0.4,0,14.943264961242676,0.1954081582323628,0.0119048073178245,5.059999865612814,1,16.2,16.2,8.2213575,8.2213575,0.2,0.9,0.4,0.4,82.21357499999999,0,46025,3.283,1.116,12.627,222.554,1015.608,,
2018-05-07,Santa Monica Pier,2018-05-07,34.008,-118.499,5,2018,0.0,18.8,7.71,0.2,0.1,0,15.602142625925492,0.7287754908736263,0.1690475827171688,10.267142584813492,1,17.0,16.2,8.2213575,8.2213575,0.1,0.2,0.4,0.4,38.55,0,46025,4.254,1.165,8.155,247.417,1016.003,,
2018-05-14,Santa Monica Pier,2018-05-14,34.008,-118.499,5,2018,0.0,16.8,7.71,0.5,2.1,0,16.15561192376273,1.152346911022858,-0.0142856779552641,16.167142467839376,1,18.8,17.0,7.71,8.2213575,0.2,0.1,0.1,0.4,15.42,0,46025,2.751,1.078,10.565,239.749,1013.735,,
2018-05-21,Santa Monica Pier,2018-05-21,34.008,-118.499,5,2018,0.0,17.1,7.71,1.2,1.1,0,16.526326033533838,1.3534693626724943,0.0038094293503533,18.94857107741492,1,16.8,18.8,7.71,7.71,0.5,0.2,2.1,0.1,6.425,0,46025,3.77,1.138,12.277,223.345,1014.608,,
2018-05-28,Santa Monica Pier,2018-05-28,34.008,-118.499,5,2018,0.0,18.8,7.71,3.3,0.1,0,16.664693306903448,1.2658163102305664,0.1185715084984188,17.72142834322793,1,17.1,16.8,7.71,7.71,1.2,0.5,1.1,2.1,2.3363636363636364,0,46025,3.502,1.219,12.099,218.068,1014.859,15.362,16.382
2018-06-04,Santa Monica Pier,2018-06-04,34.008,-118.499,6,2018,0.0,19.2,5.96592915,1.1,3.1,0,17.26601995740618,1.6227550689054997,0.1671428680419921,22.718570964676992,1,18.8,17.1,7.71,7.71,3.3,1.2,0.1,1.1,5.423571954545454,0,46025,3.037,0.869,12.709,208.048,1013.0,15.276,16.651
2018-06-11,Santa Monica Pier,2018-06-11,34.008,-118.499,6,2018,0.0,21.7,5.96592915,8.1,0.2,0,18.194897690597845,2.307142806296446,0.0066666376023065,32.29999928815024,1,19.2,18.8,5.96592915,7.71,1.1,3.3,3.1,0.1,0.736534462962963,0,46025,3.234,1.048,10.978,221.485,1012.36,16.319,17.728
2018-06-18,Santa Monica Pier,2018-06-18,34.008,-118.499,6,2018,0.0,20.5,5.96592915,11.7,0.2,0,18.652550658401175,2.4884693403633276,0.0342857724144345,34.83857076508658,1,21.7,19.2,5.96592915,5.96592915,8.1,1.1,0.2,3.1,0.5099084743589744,0,46025,3.095,1.176,13.64,191.545,1009.809,16.432,18.885
2018-06-25,Santa Monica Pier,2018-06-25,34.008,-118.499,6,2018,0.0,20.9,5.96592915,0.7,0.1,0,18.77040771562226,2.2580611730108457,0.0609522319975353,31.61285642215184,1,20.5,21.7,5.96592915,5.96592915,11.7,8.1,0.2,0.2,8.52275592857143,0,46025,3.762,0.95,13.116,193.232,1013.13,16.461,18.875
2018-07-02,Santa Monica Pier,2018-07-02,34.008,-118.499,7,2018,0.0,21.0,5.57,1.35,0.2,0,19.24857088984275,2.3445917732861576,0.2047619592575799,32.824284826006206,1,20.9,20.5,5.96592915,5.96592915,0.7,11.7,0.1,0.2,4.125925925925926,0,46025,3.106,0.96,13.572,178.738,1013.798,17.522,19.45
2018-07-09,Santa Monica Pier,2018-07-09,34.008,-118.499,7,2018,0.0,23.2,5.57,0.01,0.1,0,20.41132594128044,3.114081574946034,0.1638095492408389,43.597142049244475,1,21.0,20.9,5.57,5.96592915,1.35,0.7,0.2,0.1,557.0,0,46025,3.494,0.984,12.811,174.246,1013.341,19.533,19.989
2018-07-16,Santa Monica Pier,2018-07-16,34.008,-118.499,7,2018,0.0,22.4,5.57,0.43,0.1,0,21.56775464816969,3.890918322971889,0.0028571174258277,54.472856521606445,1,23.2,21.0,5.57,5.57,0.01,1.35,0.1,0.2,12.953488372093023,0,46025,2.986,0.878,13.669,177.274,1013.792,20.126,21.393
2018-07-23,Santa Monica Pier,2018-07-23,34.008,-118.499,7,2018,0.0,23.0,5.57,0.24,0.1,0,21.65877511549969,3.672142812183925,-0.0438095274425687,51.40999937057495,1,22.4,23.2,5.57,5.57,0.43,0.01,0.1,0.1,23.208333333333336,0,46025,3.432,0.729,12.361,205.655,1014.774,19.127,21.768
2018-07-30,Santa Monica Pier,2018-07-30,34.008,-118.499,7,2018,0.0,23.0,5.57,0.53,0.2,0,21.75377507112464,3.5248978721852207,0.1628571464901878,49.34857021059309,1,23.0,22.4,5.57,5.57,0.24,0.43,0.1,0.1,10.50943396226415,0,46025,3.063,1.139,14.137,185.661,1013.049,20.417,21.828
2018-08-06,Santa Monica Pier,2018-08-06,34.008,-118.499,8,2018,0.0,22.8,4.381,0.93,0.2,0,22.594183240618023,4.137652981037996,0.1057142530168805,57.92714173453195,1,23.0,23.0,5.57,5.57,0.53,0.24,0.2,0.1,4.710752688172043,0,46025,2.764,0.851,9.105,216.661,1012.474,19.983,22.37
2018-08-13,Santa Monica Pier,2018-08-13,34.008,-118.499,8,2018,0.0,24.9,4.381,2.8,0.1,0,23.23938731757962,4.56061218952646,-0.0228571210588727,63.84857065337045,1,22.8,23.0,4.381,5.57,0.93,0.53,0.2,0.2,1.5646428571428572,0,46025,3.11,1.046,9.994,196.395,1012.156,21.22,22.204
2018-08-20,Santa Monica Pier,2018-08-20,34.008,-118.499,8,2018,0.0,22.8,4.381,0.06,0.1,0,23.308162708671723,4.459387674623606,-0.0266666412353515,62.43142744473049,1,24.9,22.8,4.381,4.381,2.8,0.93,0.1,0.2,73.01666666666668,0,46025,2.997,0.969,15.017,175.286,1014.425,20.356,22.197
2018-08-27,Santa Monica Pier,2018-08-27,34.008,-118.499,8,2018,0.0,22.0,4.381,2.85,0.4,0,22.84061165245212,3.912959093950233,-0.2438094729468936,54.781427315303254,1,22.8,24.9,4.381,4.381,0.06,2.8,0.1,0.1,1.5371929824561403,0,46025,3.183,0.851,11.314,200.06,1014.045,20.223,22.259
2018-09-03,Santa Monica Pier,2018-09-03,34.008,-118.499,9,2018,0.0,22.0,3.789,0.0,1.6,0,21.885917955515335,2.923571371302313,-0.0495238531203496,40.92999919823238,1,22.0,22.8,4.381,4.381,2.85,0.06,0.4,0.1,,0,46025,3.943,1.045,7.171,235.613,1012.114,20.285,22.408
2018-09-10,Santa Monica Pier,2018-09-10,34.008,-118.499,9,2018,0.0,22.1,3.789,0.61,0.6,0,21.297244480678017,2.3028571094785417,0.0795238131568545,32.239999532699585,1,22.0,22.0,3.789,4.381,0.0,2.85,1.6,0.4,6.211475409836066,0,46025,3.17,0.906,11.025,177.875,1012.823,19.169,21.881
2018-09-17,Santa Monica Pier,2018-09-17,34.008,-118.499,9,2018,0.0,22.0,3.789,0.26,0.2,0,21.120509867765463,2.1234693405579548,-0.2119047074090866,29.72857076781137,1,22.1,22.0,3.789,3.789,0.61,0.0,0.6,1.6,14.573076923076924,0,46025,3.45,1.178,15.084,171.44,1010.797,20.009,21.475
2018-09-24,Santa Monica Pier,2018-09-24,34.008,-118.499,9,2018,0.0,22.0,3.789,0.66,0.1,0,20.444183505311305,1.53734689950943,-0.0728571755545479,21.52285659313202,1,22.0,22.1,3.789,3.789,0.26,0.61,0.2,0.6,5.740909090909091,0,46025,3.553,0.925,13.966,189.163,1011.477,19.226,21.493
2018-10-01,Santa Monica Pier,2018-10-01,34.008,-118.499,10,2018,0.0,20.6,4.197,0.49,0.4,0,19.797856895291073,1.0519387448320583,0.1185713268461681,14.727142427648817,1,22.0,22.0,3.789,3.789,0.66,0.26,0.1,0.2,8.56530612244898,0,46025,2.848,0.767,13.669,176.446,1012.214,18.137,20.654
2018-10-08,Santa Monica Pier,2018-10-08,34.008,-118.499,10,2018,0.0,20.9,4.197,0.33,1.4,0,20.0317342135371,1.4564285339141378,-0.0923808869861421,20.38999947479793,1,20.6,22.0,4.197,3.789,0.49,0.66,0.4,0.1,12.718181818181815,0,46025,3.341,1.188,12.52,189.405,1011.38,19.342,20.059
2018-10-15,Santa Monica Pier,2018-10-15,34.008,-118.499,10,2018,0.0,20.0,4.197,0.11,0.1,0,19.984897341047013,1.588571395801038,-0.0514285677955264,22.239999541214537,1,20.9,20.6,4.197,4.197,0.33,0.49,1.4,0.4,38.154545454545456,0,46025,3.573,1.042,13.746,189.024,1010.394,18.295,20.497
2018-10-22,Santa Monica Pier,2018-10-22,34.008,-118.499,10,2018,0.0,19.6,4.197,0.38,0.3,0,19.41510146004813,1.2620407853807722,-0.0004762013753255,17.66857099533081,1,20.0,20.9,4.197,4.197,0.11,0.33,0.1,1.4,11.044736842105264,0,46025,4.402,0.896,14.861,196.095,1015.275,20.206,19.835
2018-10-29,Santa Monica Pier,2018-10-29,34.008,-118.499,10,2018,0.0,19.3,4.197,0.57,0.4,0,19.321121955404475,1.491122403923346,0.0571428934733072,20.875713654926844,1,19.6,20.0,4.197,4.197,0.38,0.11,0.3,0.1,7.363157894736843,0,46025,2.612,0.965,15.132,203.018,1014.013,18.26,19.886
2018-11-05,Santa Monica Pier,2018-11-05,34.008,-118.499,11,2018,0.0,20.0,4.7585,0.22,0.2,0,19.523673135407115,2.036938726902008,-0.0780952090308779,28.517142176628113,1,19.3,19.6,4.197,4.197,0.57,0.38,0.4,0.3,21.629545454545458,0,46025,2.85,1.1,12.464,221.749,1014.933,19.278,19.59
2018-11-12,Santa Monica Pier,2018-11-12,34.008,-118.499,11,2018,0.0,20.1,4.7585,0.18,0.6,0,19.404795743981182,2.2617346388953075,-0.0333333696637834,31.6642849445343,1,20.0,19.3,4.7585,4.197,0.22,0.57,0.2,0.4,26.43611111111111,0,46025,3.273,0.819,11.776,186.149,1014.035,18.796,19.755
2018-11-19,Santa Monica Pier,2018-11-19,34.008,-118.499,11,2018,0.0,18.3,4.7585,0.0,0.1,0,19.06928537329849,2.2766325863040224,-0.0680952526274181,31.872856208256312,1,20.1,20.0,4.7585,4.7585,0.18,0.22,0.6,0.2,,0,46025,2.855,0.788,13.774,192.307,1019.746,18.793,19.015
2018-11-26,Santa Monica Pier,2018-11-26,34.008,-118.499,11,2018,0.0,18.7,4.7585,0.34,1.3,0,18.662346353336257,2.2295917978092117,-0.166666757492792,31.214285169328964,1,18.3,20.1,4.7585,4.7585,0.0,0.18,0.1,0.6,13.995588235294116,0,46025,4.694,1.139,11.089,230.708,1017.146,17.762,18.852
2018-12-03,Santa Monica Pier,2018-12-03,34.008,-118.499,12,2018,0.0,15.9,4.542,1.54,0.4,0,17.69795849858498,1.631122438883295,-0.105238051641555,22.83571414436613,1,18.7,18.3,4.7585,4.7585,0.34,0.0,1.3,0.1,2.949350649350649,0,46025,6.841,1.769,12.28,258.311,1014.45,17.039,18.199
2018-12-10,Santa Monica Pier,2018-12-10,34.008,-118.499,12,2018,0.0,15.6,4.542,0.51,0.2,0,16.893876854254277,1.1940816166449566,0.0476190476190476,16.717142633029393,1,15.9,18.7,4.542,4.7585,1.54,0.34,0.4,1.3,8.905882352941177,0,46025,5.396,1.067,11.883,201.03,1017.308,15.676,16.918
2018-12-17,Santa Monica Pier,2018-12-17,34.008,-118.499,12,2018,0.0,19.1,4.542,0.83,0.1,0,16.84714229739442,1.4875509976124277,-0.0109523591541108,20.82571396657399,1,15.6,15.9,4.542,4.542,0.51,1.54,0.2,0.4,5.472289156626506,0,46025,3.438,1.271,12.638,241.158,1018.99,16.346,16.869
2018-12-24,Santa Monica Pier,2018-12-24,34.008,-118.499,12,2018,0.0,16.5,4.542,1.14,0.2,0,16.818468891844457,1.7044897687678433,-0.1199999309721446,23.862856762749807,1,19.1,15.6,4.542,4.542,0.83,0.51,0.1,0.2,3.9842105263157896,0,46025,2.634,1.536,14.81,243.596,1019.293,16.008,16.892
2018-12-31,Santa Monica Pier,2018-12-31,34.008,-118.499,12,2018,0.0,14.8,4.542,0.36,0.2,0,16.303162925097407,1.3551020196505956,-0.0647619338262648,18.971428275108337,1,16.5,19.1,4.542,4.542,1.14,0.83,0.2,0.1,12.616666666666667,0,46025,6.381,1.542,10.692,237.03,1016.754,15.254,16.378
2019-01-07,Santa Monica Pier,2019-01-07,34.008,-118.499,1,2019,0.0,15.0,6.289,0.64,0.2,0,15.870611969305545,1.0770408012429062,0.0490476063319614,15.078571217400688,1,14.8,16.5,4.542,4.542,0.36,1.14,0.2,0.2,9.8265625,0,46025,4.883,1.114,12.087,209.711,1016.951,14.286,15.748
2019-01-14,Santa Monica Pier,2019-01-14,34.008,-118.499,1,2019,0.0,14.6,6.289,2.53,0.2,0,15.855305778736971,1.211836716350244,-0.020000003633045,16.965714028903417,1,15.0,14.8,6.289,4.542,0.64,0.36,0.2,0.2,2.4857707509881424,0,46025,3.998,1.824,12.546,244.554,1018.99,14.403,15.697
2019-01-21,Santa Monica Pier,2019-01-21,34.008,-118.499,1,2019,0.0,15.7,6.289,1.66,0.3,0,15.764999564813108,1.2325509944740607,-0.0661904925391787,17.25571392263685,1,14.6,15.0,6.289,6.289,2.53,0.64,0.2,0.2,3.7885542168674697,0,46025,5.189,1.839,12.558,235.627,1019.184,15.318,15.671
2019-01-28,Santa Monica Pier,2019-01-28,34.008,-118.499,1,2019,0.0,15.5,6.289,0.49,1.1,0,15.64255058522127,1.1651020183855174,0.0476190476190476,16.311428257397242,1,15.7,14.6,6.289,6.289,1.66,2.53,0.3,0.2,12.83469387755102,0,46025,4.93,1.072,11.527,248.542,1020.924,16.143,15.614
2019-02-04,Santa Monica Pier,2019-02-04,34.008,-118.499,2,2019,0.0,15.0,7.9710026,3.54,0.5,0,15.571530225325604,1.1275510058111071,-0.0657142457507904,15.785714081355504,1,15.5,15.7,6.289,6.289,0.49,1.66,1.1,0.3,2.2516956497175142,0,46025,4.283,1.218,12.146,227.964,1012.828,15.011,15.592
2019-02-11,Santa Monica Pier,2019-02-11,34.008,-118.499,2,2019,0.0,14.1,7.9710026,1.27,2.6,0,15.301632277819577,0.8910203948616982,-0.064285777864002,12.474285528063774,1,15.0,15.5,7.9710026,6.289,3.54,0.49,0.5,1.1,6.2763800000000005,0,46025,6.015,1.34,11.588,250.898,1016.663,12.858,15.09
2019-02-18,Santa Monica Pier,2019-02-18,34.008,-118.499,2,2019,0.0,13.7,7.9710026,3.77,1.0,0,14.708571054497542,0.3221428528123972,-0.1566666194370814,6.092857047915459,0,14.1,15.0,7.9710026,7.9710026,1.27,3.54,2.6,0.5,2.114324297082228,0,46025,7.137,1.691,10.722,228.857,1016.873,13.147,14.43
2019-02-25,Santa Monica Pier,2019-02-25,34.008,-118.499,2,2019,0.0,14.6,7.9710026,0.13,3.2,0,14.049183310294636,-0.334081625451847,0.0714285714285714,1.2914285489491053,0,13.7,14.1,7.9710026,7.9710026,3.77,1.27,1.0,2.6,61.315404615384615,0,46025,6.009,1.266,8.994,242.762,1016.448,12.046,13.901
2019-03-04,Santa Monica Pier,2019-03-04,34.008,-118.499,3,2019,0.0,15.3,7.787878,0.0,2.6,0,13.941326151088791,-0.4514285617945145,-0.0438095274425687,0.0,0,14.6,13.7,7.9710026,7.9710026,0.13,3.77,3.2,1.0,,0,46025,3.323,0.836,10.832,233.802,1018.355,13.632,13.976
2019-03-11,Santa Monica Pier,2019-03-11,34.008,-118.499,3,2019,0.0,14.2,7.787878,1.94,0.3,0,14.016020006063034,-0.3849999941885471,0.0680952980404808,0.0314285712582724,1,15.3,14.6,7.787878,7.9710026,0.0,0.13,2.6,3.2,4.014370103092784,0,46025,5.033,1.121,9.06,232.655,1016.087,13.207,14.108
2019-03-18,Santa Monica Pier,2019-03-18,34.008,-118.499,3,2019,0.0,16.0,7.787878,0.18,2.1,0,14.244081380415937,-0.1678571415951057,0.1280951727004277,1.907142839261464,1,14.2,15.3,7.787878,7.787878,1.94,0.0,0.3,2.6,43.26598888888889,0,46025,5.194,1.204,12.012,242.335,1015.05,14.542,13.851
2019-03-25,Santa Monica Pier,2019-03-25,34.008,-118.499,3,2019,0.0,16.1,7.787878,0.21,0.4,0,14.9539793267542,0.5181632551307581,0.027142842610677,8.024285571915764,1,16.0,14.2,7.787878,7.787878,0.18,1.94,2.1,0.3,37.08513333333334,0,46025,3.658,1.374,14.563,231.725,1018.13,13.908,14.485
2019-04-01,Santa Monica Pier,2019-04-01,34.008,-118.499,4,2019,0.0,17.3,8.2213575,0.71,0.6,0,15.460611791026835,0.9930611921816456,0.0880953016735258,13.902856690543038,1,16.1,16.0,7.787878,7.787878,0.21,0.18,0.4,2.1,11.57937676056338,0,46025,4.297,1.421,11.672,242.473,1018.806,15.017,15.321
2019-04-08,Santa Monica Pier,2019-04-08,34.008,-118.499,4,2019,0.0,16.8,8.2213575,1.06,0.2,0,15.515305684537305,1.0158162824049288,-0.2361904780069987,14.54285651232515,1,17.3,16.1,8.2213575,7.787878,0.71,0.21,0.6,0.4,7.755997641509434,0,46025,3.364,1.004,14.107,214.738,1016.614,15.223,15.882
2019-04-15,Santa Monica Pier,2019-04-15,34.008,-118.499,4,2019,0.0,15.5,8.2213575,4.39,0.3,0,14.93693848045505,0.3978571240619128,0.0428570792788551,7.044285401701927,1,16.8,17.3,8.2213575,8.2213575,1.06,0.71,0.2,0.6,1.872746583143508,0,46025,6.091,1.644,8.864,245.125,1015.028,15.462,15.147
2019-04-22,Santa Monica Pier,2019-04-22,34.008,-118.499,4,2019,0.0,16.6,8.2213575,3.14,0.7,0,14.816734352890323,0.2004081518674383,0.1690476281302315,4.074285515184913,1,15.5,16.8,8.2213575,8.2213575,4.39,1.06,0.3,0.2,2.6182667197452227,0,46025,3.452,1.005,12.498,211.012,1015.736,13.856,15.085
2019-04-29,Santa Monica Pier,2019-04-29,34.008,-118.499,4,2019,0.12,17.0,8.2213575,4.41,0.4,1,15.58214235305786,0.8493877167680434,0.0771428971063522,12.007142317614385,1,16.6,15.5,8.2213575,8.2213575,3.14,4.39,0.7,0.3,1.864253401360544,1,46025,2.688,0.808,11.551,207.321,1014.761,14.295,15.45
2019-05-06,Santa Monica Pier,2019-05-06,34.008,-118.499,5,2019,0.0,18.2,7.71,1.15,0.4,0,16.098877079632818,1.241020363812544,-0.0033334096272786,17.374285093375615,1,17.0,16.6,8.2213575,8.2213575,4.41,3.14,0.4,0.7,6.704347826086957,0,46025,3.374,0.76,14.413,177.042,1013.547,14.887,15.748
2019-05-13,Santa Monica Pier,2019-05-13,34.008,-118.499,5,2019,0.0,17.2,7.71,3.26,0.3,0,16.23510167063499,1.2511224164342392,-0.1466666176205589,17.53714240023068,1,18.2,17.0,7.71,8.2213575,1.15,4.41,0.4,0.4,2.365030674846626,0,46025,3.486,0.849,14.573,185.09,1013.159,15.62,16.803
2019-05-20,Santa Monica Pier,2019-05-20,34.008,-118.499,5,2019,0.0,16.2,7.71,0.0,0.2,0,15.499081309960811,0.3554081577731638,-0.1366666612170991,9.772856899670192,0,17.2,18.2,7.71,7.71,3.26,1.15,0.3,0.4,,0,46025,5.377,1.3,13.89,200.012,1014.3,15.221,16.724
2019-05-27,Santa Monica Pier,2019-05-27,34.008,-118.499,5,2019,0.0,17.6,7.71,0.9,4.7,0,14.85520379397334,-0.5073469188444468,0.3066666920979817,2.3557142168283463,1,16.2,17.2,7.71,7.71,0.0,3.26,0.2,0.3,8.566666666666666,0,46025,6.463,1.542,10.976,221.649,1012.073,14.223,15.199
2019-06-03,Santa Monica Pier,2019-06-03,34.008,-118.499,6,2019,0.0,16.0,5.96592915,1.46,0.8,0,15.840101670245732,0.2318367421322939,0.1195237295968191,7.988571347934859,1,17.6,16.2,7.71,7.71,0.9,0.0,4.7,0.2,4.086252842465753,0,46025,3.111,0.909,14.416,198.304,1012.871,14.295,14.893
2019-06-10,Santa Monica Pier,2019-06-10,34.008,-118.499,6,2019,0.0,18.6,5.96592915,0.7,0.9,0,17.230713727522872,1.375918334540056,0.166666757492792,19.32285668168749,1,16.0,17.6,5.96592915,7.71,1.46,0.9,0.8,4.7,8.52275592857143,0,46025,2.258,0.823,13.916,192.281,1013.526,15.447,16.383
2019-06-17,Santa Monica Pier,2019-06-17,34.008,-118.499,6,2019,0.0,17.6,5.96592915,0.13,7.2,0,18.121734171497582,2.000204015751274,0.0604762122744605,28.00285622051784,1,18.6,16.0,5.96592915,5.96592915,0.7,1.46,0.9,0.8,45.891762692307694,0,46025,2.975,0.843,13.202,194.923,1014.316,16.405,17.936
2019-06-24,Santa Monica Pier,2019-06-24,34.008,-118.499,6,2019,0.0,18.4,5.96592915,0.28,0.1,0,18.620917981984665,2.164999932658916,0.031428473336356,30.309999057224815,1,17.6,18.6,5.96592915,5.96592915,0.13,0.7,7.2,0.9,21.30688982142857,0,46025,2.837,0.734,16.276,210.84,1013.858,16.844,18.304
2019-07-01,Santa Monica Pier,2019-07-01,34.008,-118.499,7,2019,0.0,21.2,5.57,0.37,0.4,0,19.05693832708865,2.2114285157651317,0.0533334641229538,30.959999220711843,1,18.4,17.6,5.96592915,5.96592915,0.28,0.13,0.1,7.2,15.054054054054054,0,46025,2.834,0.722,12.463,186.756,1014.772,17.47,19.26
2019-07-08,Santa Monica Pier,2019-07-08,34.008,-118.499,7,2019,0.0,20.2,5.57,0.73,2.2,0,19.44091798821274,2.2009183253560747,-0.0338096618652343,30.812856554985046,1,21.2,18.4,5.57,5.96592915,0.37,0.28,0.4,0.1,7.630136986301371,0,46025,3.074,1.118,13.575,217.144,1014.353,17.448,18.684
2019-07-15,Santa Monica Pier,2019-07-15,34.008,-118.499,7,2019,0.0,21.2,5.57,0.71,0.3,0,19.54561175132284,1.92112241715801,0.0961904979887462,26.895713840212142,1,20.2,21.2,5.57,5.57,0.73,0.37,2.2,0.4,7.845070422535212,0,46025,2.808,1.032,13.863,215.144,1014.663,17.134,18.304
2019-07-22,Santa Monica Pier,2019-07-22,34.008,-118.499,7,2019,0.0,22.1,5.57,0.24,0.7,0,19.848877030975963,1.9018366847719463,0.0600000108991349,26.62571358680725,1,21.2,20.2,5.57,5.57,0.71,0.73,0.3,2.2,23.208333333333336,0,46025,2.984,0.932,15.318,206.605,1013.315,17.718,19.693
2019-07-29,Santa Monica Pier,2019-07-29,34.008,-118.499,7,2019,0.0,21.8,5.57,0.54,6.0,0,20.27306079864502,2.077857079554577,0.0619047255743117,29.089999113764083,1,22.1,21.2,5.57,5.57,0.24,0.71,0.7,0.3,10.314814814814817,0,46025,2.997,0.898,13.463,187.321,1014.452,19.391,21.393
2019-08-05,Santa Monica Pier,2019-08-05,34.008,-118.499,8,2019,0.0,20.8,4.381,0.29,1.8,0,20.564795396765884,2.141020372205851,-0.0299999600365048,29.974285210881913,1,21.8,22.1,5.57,5.57,0.54,0.24,6.0,0.7,15.10689655172414,0,46025,2.606,0.937,10.221,213.036,1013.788,18.708,20.81
2019-08-12,Santa Monica Pier,2019-08-12,34.008,-118.499,8,2019,0.0,20.1,4.381,0.31,0.2,0,20.56734647556227,1.916122423142803,-0.0385714031401134,26.82571392399924,1,20.8,21.8,4.381,5.57,0.29,0.54,1.8,6.0,14.13225806451613,0,46025,2.918,1.023,11.385,214.293,1013.481,18.402,20.892
2019-08-19,Santa Monica Pier,2019-08-19,34.008,-118.499,8,2019,0.0,20.8,4.381,0.67,3.6,0,20.506019942614497,1.6731632242397387,0.0923809778122674,23.42428513935634,1,20.1,20.8,4.381,4.381,0.31,0.29,0.2,1.8,6.538805970149253,0,46025,2.829,0.779,13.791,196.964,1014.011,16.671,20.765
2019-08-26,Santa Monica Pier,2019-08-26,34.008,-118.499,8,2019,0.0,23.3,4.381,0.31,2.0,0,20.9806118206102,2.0588774924375572,0.1323808942522321,28.824284894125803,1,20.8,20.1,4.381,4.381,0.67,0.31,3.6,0.2,14.13225806451613,0,46025,3.305,0.904,13.115,218.387,1012.018,19.378,20.673
2019-09-02,Santa Monica Pier,2019-09-02,34.008,-118.499,9,2019,0.0,23.2,3.789,1.84,3.7,0,21.707244522717534,2.749081558110763,-0.0395238058907645,38.48714181355068,1,23.3,20.8,4.381,4.381,0.31,0.67,2.0,3.6,2.059239130434783,0,46025,2.613,0.836,11.478,194.661,1012.656,20.395,22.336
2019-09-09,Santa Monica Pier,2019-09-09,34.008,-118.499,9,2019,0.0,20.9,3.789,1.58,2.3,0,22.026836395263672,3.0378570556640625,0.078095209030878,42.529998779296875,1,23.2,23.3,3.789,4.381,1.84,0.31,3.7,2.0,2.3981012658227847,0,46025,2.946,1.025,11.551,189.808,1013.14,21.269,22.466
2019-09-16,Santa Monica Pier,2019-09-16,34.008,-118.499,9,2019,0.0,21.5,3.789,2.4,0.6,0,21.9537752696446,2.952142771409482,-0.0719046819777715,41.32999879973275,1,20.9,23.2,3.789,3.789,1.58,1.84,2.3,3.7,1.57875,0,46025,2.62,0.974,14.554,198.623,1012.632,19.894,20.651
2019-09-23,Santa Monica Pier,2019-09-23,34.008,-118.499,9,2019,0.0,21.7,3.789,2.67,0.8,0,21.71591817116251,2.787959125577187,-0.0580952962239583,39.03142775808062,1,21.5,20.9,3.789,3.789,2.4,1.58,0.6,2.3,1.4191011235955058,0,46025,2.719,0.853,10.982,211.683,1011.966,19.98,21.519
2019-09-30,Santa Monica Pier,2019-09-30,34.008,-118.499,9,2019,0.0,19.1,3.789,0.0,0.9,0,21.24959137974953,2.4796938312296963,-0.1614285423642112,34.71571363721575,1,21.7,21.5,3.789,3.789,2.67,2.4,0.8,0.6,,0,46025,4.008,0.974,14.162,203.762,1011.671,19.277,21.144
2019-10-07,Santa Monica Pier,2019-10-07,34.008,-118.499,10,2019,0.0,20.6,4.197,0.0,0.8,0,20.46622387243777,1.867550975205947,-0.0771428971063522,26.145713652883256,1,19.1,21.7,3.789,3.789,0.0,2.67,0.9,0.8,,0,46025,2.85,0.976,13.127,207.431,1013.695,18.697,20.591
2019-10-14,Santa Monica Pier,2019-10-14,34.008,-118.499,10,2019,0.0,19.1,4.197,0.22,0.9,0,19.71948931168537,1.2954081272592348,-0.0619046347481863,18.13571378162929,1,20.6,19.1,4.197,3.789,0.0,0.0,0.8,0.9,19.077272727272728,0,46025,2.795,0.744,12.739,188.512,1012.049,18.439,19.62
2019-10-21,Santa Monica Pier,2019-10-21,34.008,-118.499,10,2019,0.0,18.9,4.197,0.11,1.4,0,19.426734184732243,1.2343877182931315,0.0457141512916201,17.28142805610384,1,19.1,20.6,4.197,4.197,0.22,0.0,0.9,0.8,38.154545454545456,0,46025,3.821,0.99,12.346,233.072,1012.347,18.234,19.043
2019-10-28,Santa Monica Pier,2019-10-28,34.008,-118.499,10,2019,0.0,18.8,4.197,0.07,2.0,0,19.2856117559939,1.4062244545440286,-0.079047611781529,19.6871423636164,1,18.9,19.1,4.197,4.197,0.11,0.22,1.4,0.9,59.957142857142856,0,46025,2.24,0.763,14.136,195.88,1012.901,20.637,19.395
2019-11-04,Santa Monica Pier,2019-11-04,34.008,-118.499,11,2019,0.0,18.2,4.7585,0.34,2.3,0,19.04346888405936,1.50806118639148,0.0133333660307384,21.112856609480723,1,18.8,18.9,4.197,4.197,0.07,0.11,2.0,1.4,13.995588235294116,0,46025,4.164,0.789,12.848,177.792,1016.348,17.895,18.11
2019-11-11,Santa Monica Pier,2019-11-11,34.008,-118.499,11,2019,0.0,17.3,4.7585,0.35,1.6,0,18.87550967080253,1.68377545658423,-0.0990476154145739,23.572856392179215,1,18.2,18.8,4.7585,4.197,0.34,0.07,2.3,2.0,13.595714285714283,0,46025,3.211,0.743,10.75,236.226,1016.154,17.007,18.096
2019-11-18,Santa Monica Pier,2019-11-18,34.008,-118.499,11,2019,0.0,17.5,4.7585,0.12,4.0,0,18.531428103544275,1.686938728604998,-0.0871428535098121,23.61714220046997,1,17.3,18.2,4.7585,4.7585,0.35,0.34,1.6,2.3,39.65416666666667,0,46025,2.876,0.918,13.127,227.298,1016.849,16.648,18.335
2019-11-25,Santa Monica Pier,2019-11-25,34.008,-118.499,11,2019,0.0,16.8,4.7585,0.23,2.0,0,17.866428083303024,1.3807142541116595,-0.16000002906436,19.329999557563237,1,17.5,17.3,4.7585,4.7585,0.12,0.35,4.0,1.6,20.689130434782605,0,46025,3.689,1.262,12.825,241.065,1012.457,17.317,17.955
2019-12-02,Santa Monica Pier,2019-12-02,34.008,-118.499,12,2019,0.0,15.2,4.542,0.16,1.5,0,17.10683622165602,0.9878571191612556,0.0028572082519531,13.829999668257576,1,16.8,17.5,4.7585,4.7585,0.23,0.12,2.0,4.0,28.3875,0,46025,4.889,1.218,10.52,234.5,1011.48,14.363,16.845
2019-12-09,Santa Monica Pier,2019-12-09,34.008,-118.499,12,2019,0.0,16.5,4.542,0.18,0.4,0,16.718469035868743,0.966224467876006,0.0109523591541108,13.527142550264086,1,15.2,16.8,4.542,4.7585,0.16,0.23,1.5,2.0,25.233333333333334,0,46025,3.078,1.322,11.481,232.375,1018.347,15.847,16.441
2019-12-16,Santa Monica Pier,2019-12-16,34.008,-118.499,12,2019,0.0,15.3,4.542,0.74,0.8,0,16.491632471279225,1.087040792618479,-0.1642857052031017,15.218571096658708,1,16.5,15.2,4.542,4.542,0.18,0.16,0.4,1.5,6.1378378378378375,0,46025,4.727,1.462,12.115,247.798,1019.426,15.597,16.523
2019-12-23,Santa Monica Pier,2019-12-23,34.008,-118.499,12,2019,0.0,15.2,4.542,0.23,1.0,0,15.926836539287956,0.7824489598979756,0.0180952435448055,10.954285438571658,1,15.3,16.5,4.542,4.542,0.74,0.18,0.8,0.4,19.74782608695652,0,46025,4.02,1.109,12.505,252.125,1019.974,15.452,15.722
2019-12-30,Santa Monica Pier,2019-12-30,34.008,-118.499,12,2019,0.0,14.7,4.542,0.44,1.5,0,15.645101829450956,0.6735714087072683,-0.0076190857660202,9.429999721901757,1,15.2,15.3,4.542,4.542,0.23,0.74,1.0,0.8,10.322727272727272,0,46025,5.523,1.36,10.155,244.417,1013.667,13.305,15.238
2020-01-06,Santa Monica Pier,2020-01-06,34.008,-118.499,1,2020,0.0,15.4,6.289,0.0,0.5,0,15.642040534895292,0.8263265092153939,-0.0247619265601748,11.568571129015512,1,14.7,15.2,4.542,4.542,0.44,0.23,1.5,1.0,,0,46025,3.638,1.187,13.73,229.768,1019.449,15.453,15.727
2020-01-13,Santa Monica Pier,2020-01-13,34.008,-118.499,1,2020,0.0,14.8,6.289,3.68,0.2,0,15.530407769339424,0.8682652906495697,0.0019047600882394,12.155714069093976,1,15.4,14.7,6.289,4.542,0.0,0.44,0.5,1.5,1.7089673913043475,0,46025,4.004,1.201,9.255,258.399,1019.794,15.21,15.663
2020-01-20,Santa Monica Pier,2020-01-20,34.008,-118.499,1,2020,0.0,14.7,6.289,0.0,0.3,0,15.496734327199508,0.9529591731879176,0.0323810123261951,13.341428424630848,1,14.8,15.4,6.289,6.289,3.68,0.0,0.2,0.5,,0,46025,2.538,1.01,11.437,254.143,1019.47,14.282,15.677
2020-01-27,Santa Monica Pier,2020-01-27,34.008,-118.499,1,2020,0.0,15.5,6.289,0.23,2.0,0,15.613877267253642,1.1298979399155598,0.0076190403529575,15.818571158817836,1,14.7,14.8,6.289,6.289,0.0,3.68,0.3,0.2,27.343478260869563,0,46025,2.423,1.356,14.448,261.304,1019.184,14.462,15.55
2020-02-03,Santa Monica Pier,2020-02-03,34.008,-118.499,2,2020,0.0,14.2,7.9710026,0.0,1.2,0,15.521836417061945,1.0710203833117775,-0.1195238204229445,14.994285366364888,1,15.5,14.7,6.289,6.289,0.23,0.0,2.0,0.3,,0,46025,4.475,1.572,13.003,261.62,1020.178,16.181,15.751
2020-02-10,Santa Monica Pier,2020-02-10,34.008,-118.499,2,2020,0.0,15.0,7.9710026,0.54,2.5,0,15.17285682717148,0.7534693713699069,0.0500000090826124,10.548571199178696,1,14.2,15.5,7.9710026,6.289,0.0,0.23,1.2,2.0,14.761115925925925,0,46025,4.684,1.13,10.969,222.363,1017.368,13.501,15.116
2020-02-17,Santa Monica Pier,2020-02-17,34.008,-118.499,2,2020,0.0,15.8,7.9710026,0.4,3.1,0,15.260305871768876,0.8675509946686881,0.0823809305826822,12.145713925361632,1,15.0,14.2,7.9710026,7.9710026,0.54,0.0,2.5,1.2,19.9275065,0,46025,3.291,0.834,13.499,214.301,1017.279,14.61,15.14
2020-02-24,Santa Monica Pier,2020-02-24,34.008,-118.499,2,2020,0.0,16.7,7.9710026,0.21,2.2,0,15.744693619864329,1.360918321779796,0.0414286113920666,19.052856504917145,1,15.8,15.0,7.9710026,7.9710026,0.4,0.54,3.1,2.5,37.95715523809524,0,46025,2.637,0.822,12.855,242.713,1017.327,14.849,15.611
2020-03-02,Santa Monica Pier,2020-03-02,34.008,-118.499,3,2020,0.0,16.3,7.787878,0.0,3.2,0,15.995203874549087,1.6056121989172334,-0.0585714521862211,22.478570784841263,1,16.7,15.8,7.9710026,7.9710026,0.21,0.4,2.2,3.1,,0,46025,2.888,0.965,13.308,233.766,1020.545,16.005,15.937
2020-03-09,Santa Monica Pier,2020-03-09,34.008,-118.499,3,2020,0.0,16.2,7.787878,0.0,1.1,0,15.899591533505188,1.5021428222558937,0.0004761559622628,21.02999951158251,1,16.3,16.7,7.787878,7.9710026,0.0,0.21,3.2,2.2,,0,46025,4.156,0.941,12.776,240.446,1016.463,14.21,15.538
2020-03-16,Santa Monica Pier,2020-03-16,34.008,-118.499,3,2020,0.0,16.2,7.787878,0.3,0.4,0,15.741019969083824,1.3327550827240455,-0.0099999564034597,18.65857115813664,1,16.2,16.3,7.787878,7.787878,0.0,0.0,1.1,3.2,25.959593333333338,0,46025,3.693,0.947,12.758,195.083,1016.049,14.704,15.575
2020-03-23,Santa Monica Pier,2020-03-23,34.008,-118.499,3,2020,0.0,17.0,7.787878,0.66,0.9,0,15.581632302731885,1.152959176472255,-0.1366666612170991,16.141428470611572,1,16.2,16.2,7.787878,7.787878,0.3,0.0,0.4,1.1,11.799815151515151,0,46025,4.467,0.938,13.226,204.911,1017.333,13.679,15.434
2020-03-30,Santa Monica Pier,2020-03-30,34.008,-118.499,3,2020,0.0,16.7,7.787878,0.0,0.0,0,15.235509921093378,0.7772448896145334,0.1104761305309477,10.881428454603467,1,17.0,16.2,7.787878,7.787878,0.66,0.3,0.9,0.4,,0,46025,6.172,1.198,10.238,245.66,1019.286,13.798,15.413
2020-04-20,Santa Monica Pier,2020-04-20,34.008,-118.499,4,2020,0.0,17.9,8.2213575,0.0,0.2,0,16.05010157215352,1.4603060927926277,0.0309523627871558,20.444285299096787,1,16.7,17.0,7.787878,7.787878,0.0,0.66,0.0,0.9,,0,46025,3.591,0.8,13.677,212.851,1017.559,14.941,15.83
2020-04-27,Santa Monica Pier,2020-04-27,34.008,-118.499,4,2020,0.0,18.0,8.2213575,0.0,2.1,0,16.580407716790024,1.882448933562454,0.2142857142857142,26.35428506987435,1,17.9,16.7,8.2213575,7.787878,0.0,0.0,0.2,0.0,,0,46025,3.17,1.086,12.126,249.798,1015.987,16.525,16.68
2020-05-04,Santa Monica Pier,2020-05-04,34.008,-118.499,5,2020,0.06,20.8,7.71,0.58,18.9,0,17.580917844966965,2.7582652544488715,0.12000002179827,38.6157135622842,1,18.0,17.9,8.2213575,8.2213575,0.0,0.0,2.1,0.2,13.293103448275865,0,46025,2.551,1.027,11.515,224.482,1014.955,16.541,17.317
2020-05-11,Santa Monica Pier,2020-05-11,34.008,-118.499,5,2020,0.0,20.2,7.71,0.16,24.4,0,18.271529995665254,3.3245917655983748,-0.1347619011288597,46.54428471837725,1,20.8,18.0,7.71,8.2213575,0.58,0.0,18.9,2.1,48.1875,0,46025,2.529,1.111,10.203,248.814,1013.091,16.895,17.65
2020-05-18,Santa Monica Pier,2020-05-18,34.008,-118.499,5,2020,0.0,20.1,7.71,0.47,3.9,0,17.81306066318434,2.720306049804298,-0.1071428571428571,38.08428469726017,1,20.2,20.8,7.71,7.71,0.16,0.58,24.4,18.9,16.404255319148938,0,46025,4.137,1.321,11.549,227.72,1014.231,16.49,17.814
2020-05-25,Santa Monica Pier,2020-05-25,34.008,-118.499,5,2020,0.0,18.3,7.71,0.0,1.5,0,17.240407612858988,1.945510155084182,0.0633333297002883,27.237142171178544,1,20.1,20.2,7.71,7.71,0.47,0.16,3.9,24.4,,0,46025,4.459,1.216,11.877,226.75,1014.058,16.129,17.831
2020-06-01,Santa Monica Pier,2020-06-01,34.008,-118.499,6,2020,0.0,19.3,5.96592915,0.0,1.65,0,17.36755051904795,1.83030607992289,0.0904761723109653,25.62428511892046,1,18.3,20.1,7.71,7.71,0.0,0.47,1.5,3.9,,0,46025,3.085,0.797,15.737,205.786,1013.741,15.532,18.025
2020-06-08,Santa Monica Pier,2020-06-08,34.008,-118.499,6,2020,0.0,20.1,5.96592915,3.91,1.8,0,17.823877120504573,2.040408118646972,0.0061905270531064,28.565713661057607,1,19.3,18.3,5.96592915,7.71,0.0,0.0,1.65,1.5,1.5258130818414322,0,46025,3.993,1.066,13.541,213.988,1012.296,16.974,17.566
2020-06-15,Santa Monica Pier,2020-06-15,34.008,-118.499,6,2020,0.0,20.3,5.96592915,0.0,1.2,0,18.29704033598608,2.257346896492705,0.1480951763334728,31.602856550897872,1,20.1,19.3,5.96592915,5.96592915,3.91,0.0,1.8,1.65,,0,46025,3.905,1.099,11.96,221.673,1014.76,17.575,18.405
2020-06-22,Santa Monica Pier,2020-06-22,34.008,-118.499,6,2020,0.0,19.9,5.96592915,0.24,3.8,0,18.880305582163285,2.5253060666882265,-0.0128570738292875,35.354284933635164,1,20.3,20.1,5.96592915,5.96592915,0.0,3.91,1.2,1.8,24.858038125,0,46025,3.084,0.898,11.995,230.446,1013.95,17.059,18.932
2020-06-29,Santa Monica Pier,2020-06-29,34.008,-118.499,6,2020,0.0,20.6,5.96592915,0.44,0.1,0,19.28877509370142,2.554489707460209,0.0909523736862908,35.76285590444292,1,19.9,20.3,5.96592915,5.96592915,0.24,0.0,3.8,1.2,13.558929886363636,0,46025,2.367,0.756,13.853,194.096,1012.262,16.941,19.313
2020-07-06,Santa Monica Pier,2020-07-06,34.008,-118.499,7,2020,0.0,21.0,5.57,0.0,0.0,0,19.763469073237207,2.6353060469335436,0.1338094983782086,36.89428465706961,1,20.6,19.9,5.96592915,5.96592915,0.44,0.24,0.1,3.8,,0,46025,2.987,0.967,16.27,192.649,1013.182,17.701,20.138
2020-07-13,Santa Monica Pier,2020-07-13,34.008,-118.499,7,2020,0.0,21.5,5.57,0.0,1.4,0,20.113877179671302,2.5936734150258864,-0.3857143038795107,36.418570667505264,1,21.0,20.6,5.57,5.96592915,0.0,0.44,0.0,0.1,,0,46025,2.591,0.938,12.822,184.517,1012.476,19.1,21.216
2020-07-20,Santa Monica Pier,2020-07-20,34.008,-118.499,7,2020,0.0,20.6,5.57,0.0,2.3,0,18.868877157873037,1.0027550721769125,-0.026190439860026,18.815713765099645,1,21.5,21.0,5.57,5.57,0.0,0.0,1.4,0.0,,0,46025,3.558,0.825,9.414,222.167,1013.867,18.401,21.513
2020-07-27,Santa Monica Pier,2020-07-27,34.008,-118.499,7,2020,0.0,16.9,5.57,1.2,2.2454166666666664,0,17.616020163711237,-0.5157142792239177,0.0214285169328962,2.219999913924507,1,20.6,21.5,5.57,5.57,0.0,0.0,2.3,1.4,4.6416666666666675,0,46025,3.087,0.915,9.863,232.839,1012.759,17.262,19.186
2020-08-03,Santa Monica Pier,2020-08-03,34.008,-118.499,8,2020,0.0,18.9,4.381,0.0,2.190833333333333,0,18.307142549631543,-0.0519387793100002,0.2223809560139974,5.92571413357343,1,16.9,20.6,5.57,5.57,1.2,0.0,2.2454166666666664,2.3,,0,46025,3.5,0.88,8.382,239.66,1012.978,17.282,19.707
2020-08-10,Santa Monica Pier,2020-08-10,34.008,-118.499,8,2020,0.0,17.2,4.381,0.27,2.13625,0,19.077346509816696,0.4928571262529918,-0.0157142820812406,9.531428283878736,1,18.9,16.9,4.381,5.57,0.0,1.2,2.190833333333333,2.2454166666666664,16.225925925925925,0,46025,3.102,0.933,7.344,251.359,1013.964,17.788,20.227
2020-08-17,Santa Monica Pier,2020-08-17,34.008,-118.499,8,2020,0.0,19.1,4.381,0.0,2.0816666666666666,0,19.906734291388062,1.1184693572624604,0.5366666884649367,16.758570958461082,1,17.2,18.9,4.381,4.381,0.27,0.0,2.13625,2.190833333333333,,0,46025,3.803,0.738,13.096,191.898,1011.946,18.956,20.731
2020-08-24,Santa Monica Pier,2020-08-24,34.008,-118.499,8,2020,0.0,20.7,4.381,0.0,2.027083333333333,0,21.380407761554327,2.476632584494596,-0.5085713522774833,35.02428474170821,1,19.1,17.2,4.381,4.381,0.0,0.27,2.0816666666666666,2.13625,,0,46025,2.567,0.801,14.024,186.702,1010.389,21.01,21.495
2020-08-31,Santa Monica Pier,2020-08-31,34.008,-118.499,8,2020,0.0,21.3,4.381,0.0,1.9725,0,20.892856831453283,1.9469387141265433,0.0780951182047525,27.257141997771605,1,20.7,19.1,4.381,4.381,0.0,0.0,2.027083333333333,2.0816666666666666,,0,46025,4.111,1.079,9.558,226.917,1009.851,19.275,21.515
2020-09-07,Santa Monica Pier,2020-09-07,34.008,-118.499,9,2020,0.0,19.8,3.789,0.0,1.9179166666666665,0,19.83806082667137,0.858163236127216,-0.1819047473725818,12.087142445147038,1,21.3,20.7,4.381,4.381,0.0,0.0,1.9725,2.027083333333333,,0,46025,3.339,0.877,11.341,211.006,1012.468,19.32,20.647
2020-09-14,Santa Monica Pier,2020-09-14,34.008,-118.499,9,2020,0.0,20.6,3.789,0.0,1.8633333333333333,0,19.70959130112006,0.7045918161011472,0.1976190294538225,10.224285409918853,1,19.8,21.3,3.789,4.381,0.0,0.0,1.9179166666666665,1.9725,,0,46025,3.952,0.927,13.885,203.601,1010.722,19.111,19.932
2020-09-21,Santa Monica Pier,2020-09-21,34.008,-118.499,9,2020,0.0,20.4,3.789,0.0,1.80875,0,19.8468362847153,0.8892856885736086,0.040952410016741,12.7371424851673,1,20.6,19.8,3.789,3.789,0.0,0.0,1.8633333333333333,1.9179166666666665,,0,46025,3.715,0.944,11.216,212.518,1012.933,19.287,20.692
2020-09-28,Santa Monica Pier,2020-09-28,34.008,-118.499,9,2020,0.0,20.7,3.789,0.25,1.7541666666666669,0,20.55622402502566,1.7387754512684686,0.1076189676920572,24.34285631775856,1,20.4,20.6,3.789,3.789,0.0,0.0,1.80875,1.8633333333333333,15.156,0,46025,2.483,0.789,14.211,207.375,1013.611,18.932,20.545
2020-10-05,Santa Monica Pier,2020-10-05,34.008,-118.499,10,2020,0.0,20.7,4.197,0.21,1.6995833333333332,0,20.94499946127133,2.296836662049196,-0.09047608148484,32.15571326868875,1,20.7,20.4,3.789,3.789,0.25,0.0,1.7541666666666669,1.80875,19.985714285714288,0,46025,2.757,0.875,14.902,205.56,1012.192,20.526,21.644
2020-10-12,Santa Monica Pier,2020-10-12,34.008,-118.499,10,2020,0.0,20.4,4.197,0.0,1.645,0,20.96367310504524,2.48622443967936,0.080952417282831,34.80714215551104,1,20.7,20.7,4.197,3.789,0.21,0.25,1.6995833333333332,1.7541666666666669,,0,46025,2.943,0.885,11.812,217.144,1014.013,19.074,21.436
2020-10-12,Santa Monica Pier,2020-10-17,34.008,-118.499,10,2020,0.0,19.9,4.197,0.0,1.5904166666666666,0,20.96367310504524,2.48622443967936,0.080952417282831,34.80714215551104,1,20.4,20.7,4.197,4.197,0.0,0.21,1.645,1.6995833333333332,,0,46025,2.943,0.885,11.812,217.144,1014.013,19.074,21.436
2020-10-26,Santa Monica Pier,2020-10-26,34.008,-118.499,10,2020,0.0,18.8,4.197,0.0,1.5358333333333334,0,20.35755056264449,2.382755061801599,-0.1780951363699776,33.35857086522238,1,19.9,20.4,4.197,4.197,0.0,0.0,1.5904166666666666,1.645,,0,46025,2.653,0.759,14.064,189.104,1012.857,18.482,21.306
2020-11-02,Santa Monica Pier,2020-11-02,34.008,-118.499,11,2020,0.0,18.1,4.7585,0.0,1.48125,0,19.28316272034937,1.6504081311274548,-0.1957142239525204,23.22142812183925,1,18.8,19.9,4.197,4.197,0.0,0.0,1.5358333333333334,1.5904166666666666,,0,46025,3.921,0.711,12.498,204.187,1016.178,18.193,19.27
2020-11-09,Santa Monica Pier,2020-11-09,34.008,-118.499,11,2020,0.0,13.8,4.7585,4.08,1.4266666666666667,0,17.497550740533946,0.2092856995913447,-0.3633334296090262,13.021428201879774,0,18.1,18.8,4.7585,4.197,0.0,0.0,1.48125,1.5358333333333334,1.166299019607843,0,46025,5.079,1.22,12.044,232.235,1012.545,16.717,19.014
2020-11-16,Santa Monica Pier,2020-11-16,34.008,-118.499,11,2020,0.0,14.6,4.7585,0.88,1.372083333333333,0,15.668571170495484,-1.276122433190443,0.0361904870896112,2.7485713362693787,0,13.8,18.1,4.7585,4.7585,4.08,0.0,1.4266666666666667,1.48125,5.4073863636363635,0,46025,3.429,1.021,10.993,221.14,1018.049,14.582,15.867
2020-11-23,Santa Monica Pier,2020-11-23,34.008,-118.499,11,2020,0.0,14.7,4.7585,0.31,1.3175,0,15.359183291999662,-1.2299999816685303,0.0157142820812406,0.0,0,14.6,13.8,4.7585,4.7585,0.88,4.08,1.372083333333333,1.4266666666666667,15.35,0,46025,2.582,0.916,12.22,237.642,1017.342,15.368,15.316
2020-11-30,Santa Monica Pier,2020-11-30,34.008,-118.499,11,2020,0.0,13.9,4.7585,0.35,1.262916666666667,0,15.564489423012247,-0.6585714158849144,0.0047619229271298,0.0214285709496055,1,14.7,14.6,4.7585,4.7585,0.31,0.88,1.3175,1.372083333333333,13.595714285714283,0,46025,2.879,0.822,10.914,245.389,1017.663,15.204,15.407
2020-12-07,Santa Monica Pier,2020-12-07,34.008,-118.499,12,2020,0.0,13.6,4.542,0.21,1.2083333333333333,0,15.58459152494158,-0.2735714198527287,0.028095245361328,0.1914285695446388,1,13.9,14.7,4.7585,4.7585,0.35,0.31,1.262916666666667,1.3175,21.62857142857143,0,46025,3.227,0.846,15.672,234.024,1020.44,15.653,15.969
2020-12-14,Santa Monica Pier,2020-12-14,34.008,-118.499,12,2020,0.0,14.1,4.542,2.39,1.15375,0,15.60714256520174,0.1080612219223866,-0.0728571755545479,2.98142847897751,1,13.6,13.9,4.542,4.7585,0.21,0.35,1.2083333333333333,1.262916666666667,1.9004184100418409,0,46025,3.704,1.263,13.061,264.774,1017.585,15.762,16.498
2020-12-21,Santa Monica Pier,2020-12-21,34.008,-118.499,12,2020,0.0,13.7,4.542,0.25,1.0991666666666666,0,15.5676526828688,0.3595918259982552,0.0695238567533947,5.191428418138197,1,14.1,13.6,4.542,4.542,2.39,0.21,1.15375,1.2083333333333333,18.168,0,46025,4.614,1.208,12.164,265.583,1020.342,15.191,15.666
2020-12-28,Santa Monica Pier,2020-12-28,34.008,-118.499,12,2020,0.0,13.5,4.542,1.53,1.0445833333333334,0,15.426836383586028,0.4110203979118746,-0.0800000599452427,5.804285570979118,1,13.7,14.1,4.542,4.542,0.25,2.39,1.0991666666666666,1.15375,2.968627450980392,0,46025,3.326,0.892,14.403,241.464,1018.728,14.948,15.298
2021-01-04,Santa Monica Pier,2021-01-04,34.008,-118.499,1,2021,0.0,13.9,6.289,1.46,0.99,0,15.24265278602133,0.3817346838435956,-0.0566666012718563,5.344285573810339,1,13.5,13.7,4.542,4.542,1.53,0.25,1.0445833333333334,1.0991666666666666,4.307534246575343,0,46025,5.564,1.675,13.434,263.331,1018.788,14.003,14.638
2021-01-11,Santa Monica Pier,2021-01-11,34.008,-118.499,1,2021,0.0,13.6,6.289,0.78,1.27,0,15.011326283824689,0.304693871995016,0.1128570919945125,4.265714207930224,1,13.9,13.5,6.289,4.542,1.46,1.53,0.99,1.0445833333333334,8.062820512820512,0,46025,3.105,1.569,14.457,260.69,1019.694,14.399,14.664
2021-01-18,Santa Monica Pier,2021-01-18,34.008,-118.499,1,2021,0.0,14.3,6.289,0.0,3.07,0,15.119183374910936,0.5468367259493288,-0.0428571246919177,7.655714163290603,1,13.6,13.9,6.289,6.289,0.78,1.46,1.27,0.99,,0,46025,2.576,1.346,14.248,260.524,1019.924,16.011,
2021-01-25,Santa Monica Pier,2021-01-26,34.008,-118.499,1,2021,0.0,13.3,6.289,3.45,0.46,0,14.935203746873508,0.4409183587650863,-0.1752381097702752,7.597142694251878,1,14.3,13.6,6.289,6.289,0.0,0.78,3.07,1.27,1.8228985507246376,0,46025,4.35,1.273,14.095,249.946,1012.559,14.67,15.093
2021-02-01,Santa Monica Pier,2021-02-01,34.008,-118.499,2,2021,0.0,13.3,7.9710026,4.4,0.37,0,14.38153024595611,-0.0758163241707548,0.0685714085896809,2.3157142267695496,1,13.3,14.3,6.289,6.289,3.45,0.0,0.46,3.07,1.8115915,0,46025,6.964,1.774,9.448,250.369,1015.929,12.317,13.977
2021-02-08,Santa Monica Pier,2021-02-08,34.008,-118.499,2,2021,0.0,13.6,7.9710026,0.3,1.5,0,14.262244526220828,-0.1630612201608565,-0.0471428008306593,0.1899999994784593,1,13.3,13.3,7.9710026,6.289,4.4,3.45,0.37,0.46,26.57000866666667,0,46025,3.595,0.922,11.784,251.744,1017.656,13.696,14.176
2021-02-15,Santa Monica Pier,2021-02-15,34.008,-118.499,2,2021,0.0,12.4,7.9710026,5.83,0.88,0,14.20897930495593,-0.1877550962476097,-0.0190476917085193,0.1614285710134676,0,13.6,13.3,7.9710026,7.9710026,0.3,4.4,1.5,0.37,1.3672388679245284,0,46025,3.957,1.13,10.582,264.994,1015.205,13.136,14.27
2021-02-22,Santa Monica Pier,2021-02-22,34.008,-118.499,2,2021,0.0,13.4,7.9710026,4.09,2.37,0,14.08897926369492,-0.2960204002732525,0.0842857360839843,0.162857140813555,1,12.4,13.6,7.9710026,7.9710026,5.83,0.3,0.88,1.5,1.948900391198044,0,46025,5.221,1.584,10.599,252.53,1020.009,13.751,13.385
2021-03-08,Santa Monica Pier,2021-03-08,34.008,-118.499,3,2021,0.0,15.6,7.787878,0.04,2.4,0,14.453979219709124,0.0562244893944993,-0.0514285677955263,1.5371428323643548,1,13.4,12.4,7.9710026,7.9710026,4.09,5.83,2.37,0.88,194.69695,0,46025,4.445,1.087,12.963,236.759,1017.52,13.655,14.589
2021-03-15,Santa Monica Pier,2021-03-15,34.008,-118.499,3,2021,0.0,13.8,7.787878,2.14,3.53,0,14.184591487962374,-0.2217346904799342,-0.0642857324509393,0.3171428505863462,0,15.6,13.4,7.787878,7.9710026,0.04,4.09,2.4,2.37,3.639195327102803,0,46025,5.505,1.536,10.419,257.415,1020.402,13.512,
2021-03-22,Santa Monica Pier,2021-03-22,34.008,-118.499,3,2021,0.0,15.1,7.787878,0.31,8.04,0,13.728060916978489,-0.6968367154500922,0.007142838977632,0.0,0,13.8,15.6,7.787878,7.787878,2.14,0.04,3.53,2.4,25.12218709677419,0,46025,5.181,1.447,11.491,249.743,1019.1,12.503,13.426
2021-03-29,Santa Monica Pier,2021-03-29,34.008,-118.499,3,2021,0.1,12.6,7.787878,0.49,1.68,0,13.833979275761818,-0.6204081427077858,0.2166666757492791,1.3099999810968126,1,15.1,13.8,7.787878,7.787878,0.31,2.14,8.04,3.53,15.893628571428572,0,46025,5.092,1.372,9.11,258.107,1016.672,12.974,12.731
2021-04-05,Santa Monica Pier,2021-04-05,34.008,-118.499,4,2021,0.33,14.1,8.2213575,0.39,2.62,1,14.864591510928408,0.3781632604647655,0.119047619047619,8.354285567998886,1,12.6,15.1,7.787878,7.787878,0.49,0.31,1.68,8.04,21.08040384615385,1,46025,2.914,0.919,13.528,220.189,1015.972,14.031,14.72
2021-04-12,Santa Monica Pier,2021-04-12,34.008,-118.499,4,2021,0.0,16.6,8.2213575,0.22,4.14,0,15.870509896959575,1.3490816078015735,0.060000010899135,18.90142822265625,1,14.1,12.6,8.2213575,7.787878,0.39,0.49,2.62,1.68,37.369806818181814,0,46025,3.183,1.369,8.064,255.649,1014.431,14.602,15.704
2021-04-19,Santa Monica Pier,2021-04-19,34.008,-118.499,4,2021,0.0,15.2,8.2213575,0.71,1.44,0,16.318571119892354,1.7406122088432312,-0.0142857687813895,24.368570923805237,1,16.6,14.1,8.2213575,8.2213575,0.22,0.39,4.14,2.62,11.57937676056338,0,46025,3.632,1.12,11.451,239.443,1014.0,14.013,15.956
2021-04-26,Santa Monica Pier,2021-04-26,34.008,-118.499,4,2021,0.0,14.9,8.2213575,0.6,1.7,0,16.342958849303578,1.665306092525015,0.0195238930838448,23.31428529535021,1,15.2,16.6,8.2213575,8.2213575,0.71,0.22,1.44,4.14,13.7022625,0,46025,3.299,1.156,13.126,221.321,1014.82,14.287,16.475
2021-05-03,Santa Monica Pier,2021-05-03,34.008,-118.499,5,2021,0.0,14.4,7.71,0.31,6.99,0,16.48183655252262,1.679183654030975,0.1099999745686848,23.50857115643365,1,14.9,15.2,8.2213575,8.2213575,0.6,0.71,1.7,1.44,24.870967741935484,0,46025,4.125,1.174,11.808,220.262,1015.217,15.013,16.118
2021-05-10,Santa Monica Pier,2021-05-10,34.008,-118.499,5,2021,0.2,17.2,7.71,0.46,1.51,1,17.07897944353065,2.1492856710541006,0.0523809705461774,30.08999939475741,1,14.4,14.9,7.71,8.2213575,0.31,0.6,6.99,1.7,16.76086956521739,1,46025,2.993,1.13,12.462,225.08,1013.806,15.052,17.074
2021-05-17,Santa Monica Pier,2021-05-17,34.008,-118.499,5,2021,0.0,16.8,7.71,0.24,0.94,0,17.492550772063584,2.422652996924459,-0.152857190086728,33.91714195694242,1,17.2,14.4,7.71,7.71,0.46,0.31,1.51,6.99,32.125,0,46025,3.407,0.904,13.523,213.012,1014.597,15.071,17.578
2021-05-24,Santa Monica Pier,2021-05-24,34.008,-118.499,5,2021,0.0,16.3,7.71,0.2,0.91,0,17.19520376166519,1.9325509734299715,0.0109524499802362,27.055713628019607,1,16.8,17.2,7.71,7.71,0.24,0.46,0.94,1.51,38.55,0,46025,4.824,1.451,13.033,215.387,1015.007,15.262,17.517
2021-05-31,Santa Monica Pier,2021-05-31,34.008,-118.499,5,2021,0.0,17.8,7.71,0.22,2.44,0,16.951224210310954,1.4474489445589025,0.1461903708321707,20.264285223824636,1,16.3,16.8,7.71,7.71,0.2,0.24,0.91,0.94,35.04545454545455,0,46025,3.034,1.183,12.978,210.054,1014.893,15.432,16.769
2021-06-07,Santa Monica Pier,2021-06-07,34.008,-118.499,6,2021,0.0,17.8,5.96592915,0.35,1.03,0,17.425101786243673,1.6756122051453104,0.0657143365769159,23.458570872034347,1,17.8,16.3,7.71,7.71,0.22,0.2,2.44,0.91,17.04551185714286,0,46025,2.451,0.997,14.403,202.137,1013.622,14.958,16.972
2021-06-14,Santa Monica Pier,2021-06-14,34.008,-118.499,6,2021,0.0,19.3,5.96592915,0.21,0.66,0,17.991428141691248,1.9909183261345844,0.0185713995070684,27.87285656588418,1,17.8,17.8,5.96592915,7.71,0.35,0.22,1.03,2.44,28.40918642857143,0,46025,3.821,1.233,9.405,244.756,1014.6,16.481,17.582
2021-06-21,Santa Monica Pier,2021-06-21,34.008,-118.499,6,2021,0.0,20.0,5.96592915,0.1,1.39,0,18.157448593451058,1.85102037021092,-0.0152380807059151,25.91428518295288,1,19.3,17.8,5.96592915,5.96592915,0.21,0.35,0.66,1.03,59.659291499999995,0,46025,2.778,1.063,11.519,218.994,1010.156,17.105,18.057
2021-06-28,Santa Monica Pier,2021-06-28,34.008,-118.499,6,2021,0.0,20.5,5.96592915,0.04,0.62,0,18.36346894867566,1.6851020041777165,0.1638095492408388,23.591428058488027,1,20.0,19.3,5.96592915,5.96592915,0.1,0.21,1.39,0.66,149.14822875,0,46025,3.564,1.178,14.013,203.461,1012.709,16.965,18.318
2021-07-05,Santa Monica Pier,2021-07-05,34.008,-118.499,7,2021,0.0,20.5,5.57,0.29,0.8,0,18.969591315911742,1.896734670716889,0.1385714213053385,26.554285390036448,1,20.5,20.0,5.96592915,5.96592915,0.04,0.1,0.62,1.39,19.20689655172414,0,46025,2.819,1.128,11.288,227.351,1011.126,17.762,19.063
2021-07-12,Santa Monica Pier,2021-07-12,34.008,-118.499,7,2021,0.0,21.2,5.57,0.0,0.63,0,19.96897911538883,2.502448963875673,0.1295237768264043,35.03428549425943,1,20.5,20.5,5.57,5.96592915,0.29,0.04,0.8,0.62,,0,46025,2.895,1.053,15.268,192.126,1012.392,18.159,19.715
2021-07-19,Santa Monica Pier,2021-07-19,34.008,-118.499,7,2021,0.0,21.5,5.57,0.03,0.54,0,20.57152999177271,2.7514285433049106,-0.1952380225771949,38.51999960626875,1,21.2,20.5,5.57,5.57,0.0,0.29,0.63,0.8,185.66666666666669,0,46025,2.366,0.938,15.252,180.625,1013.565,18.908,20.743
2021-07-26,Santa Monica Pier,2021-07-26,34.008,-118.499,7,2021,0.0,20.2,5.57,0.34,1.77,0,19.946428026471818,1.851428544947079,-0.3395238603864397,26.692856750317983,1,21.5,21.2,5.57,5.57,0.03,0.0,0.54,0.63,16.38235294117647,0,46025,2.75,0.904,13.503,197.241,1014.633,18.94,20.62
2021-08-02,Santa Monica Pier,2021-08-02,34.008,-118.499,8,2021,0.0,19.2,4.381,0.02,1.27,0,18.545101593951788,0.2192857143070016,0.1204761323474702,8.979999839195184,1,20.2,21.5,5.57,5.57,0.34,0.03,1.77,0.54,219.05,0,46025,3.735,0.9,10.805,220.679,1014.777,18.135,20.106
2021-08-09,Santa Monica Pier,2021-08-09,34.008,-118.499,8,2021,0.0,18.4,4.381,0.0,1.06,0,18.301019765892807,-0.2524489689694375,0.1976190294538225,3.339999934392316,1,19.2,20.2,4.381,5.57,0.02,0.34,1.27,1.77,,0,46025,3.022,1.16,11.107,218.0,1013.292,18.494,20.191
2021-08-16,Santa Monica Pier,2021-08-16,34.008,-118.499,8,2021,0.0,21.0,4.381,0.65,0.81,0,19.337346329980967,0.572857129178485,0.1123810722714378,9.779999732971191,1,18.4,19.2,4.381,4.381,0.0,0.02,1.06,1.27,6.74,0,46025,2.673,0.852,13.807,186.143,1014.508,19.049,21.188
2021-08-23,Santa Monica Pier,2021-08-23,34.008,-118.499,8,2021,0.0,17.8,4.381,0.0,1.28,0,19.89071392526432,0.9968367035937856,-0.2747619265601748,14.221428125298448,1,21.0,18.4,4.381,4.381,0.65,0.0,0.81,1.06,,0,46025,2.61,1.045,14.597,190.357,1010.612,19.824,21.71
2021-08-30,Santa Monica Pier,2021-08-30,34.008,-118.499,8,2021,0.0,18.8,4.381,0.0,1.86,0,19.327652872825155,0.3843877402381325,0.060000010899135,7.869999736813562,1,17.8,21.0,4.381,4.381,0.0,0.65,1.28,0.81,,0,46025,3.1,0.775,12.544,214.708,1010.32,18.749,20.028
2021-09-06,Santa Monica Pier,2021-09-06,34.008,-118.499,9,2021,0.0,19.6,3.789,0.0,1.24,0,18.977754748597437,0.0008163264363396,0.0504761650448753,2.588571378162929,1,18.8,17.8,4.381,4.381,0.0,0.0,1.86,1.28,,0,46025,3.579,0.843,10.156,202.857,1010.743,18.397,19.997
2021-09-13,Santa Monica Pier,2021-09-13,34.008,-118.499,9,2021,0.0,18.3,3.789,0.0,1.03,0,19.04122403203225,0.0353061217738657,-0.1228571392240978,3.3114285288112506,0,19.6,18.8,3.789,4.381,0.0,0.0,1.24,1.86,,0,46025,3.348,0.863,13.613,198.083,1012.583,18.959,20.18
2021-09-20,Santa Monica Pier,2021-09-20,34.008,-118.499,9,2021,0.0,18.7,3.789,0.0,1.11,0,18.829591478620255,-0.1434693851945351,-0.0499999636695498,2.6228570959397723,1,18.3,19.6,3.789,3.789,0.0,0.0,1.03,1.24,,0,46025,2.767,1.069,15.816,189.595,1013.623,16.86,19.359
2021-09-27,Santa Monica Pier,2021-09-27,34.008,-118.499,9,2021,0.0,18.4,3.789,0.0,1.88,0,18.843979193239793,0.0019387741174016,0.2519047146751766,3.9414284974336624,1,18.7,18.3,3.789,3.789,0.0,0.0,1.11,1.03,,0,46025,3.248,0.972,12.286,233.851,1014.825,17.798,19.424
2021-10-04,Santa Monica Pier,2021-10-04,34.008,-118.499,10,2021,0.0,19.3,4.197,0.0,0.93,0,19.23571391981475,0.5646938602535092,-0.1604761396135602,9.674285471439362,1,18.4,18.7,3.789,3.789,0.0,0.0,1.88,1.11,,0,46025,2.75,1.033,14.113,195.131,1013.768,18.269,19.11
2021-10-11,Santa Monica Pier,2021-10-11,34.008,-118.499,10,2021,0.0,17.4,4.197,1.31,1.07,0,18.827244602904027,0.3266326430804875,-0.190952391851516,8.458571195602417,0,19.3,18.4,4.197,3.789,0.0,0.0,0.93,1.88,3.2038167938931297,0,46025,3.065,0.876,12.719,208.095,1015.428,18.062,18.985
2021-10-18,Santa Monica Pier,2021-10-18,34.008,-118.499,10,2021,0.0,16.6,4.197,0.0,4.4,0,17.657448768615723,-0.6436734526437157,-0.0523809705461774,1.408571400812694,0,17.4,19.3,4.197,4.197,1.31,0.0,1.07,0.93,,0,46025,4.111,1.216,13.231,216.655,1013.445,17.099,17.086
2021-10-25,Santa Monica Pier,2021-10-25,34.008,-118.499,10,2021,0.0,15.8,4.197,0.06,2.75,0,17.16928550175258,-0.850612219499082,-0.0180951981317429,0.0,0,16.6,17.4,4.197,4.197,0.0,1.31,4.4,1.07,69.95,0,46025,3.369,1.222,11.627,243.813,1015.566,16.11,17.342
2021-11-01,Santa Monica Pier,2021-11-01,34.008,-118.499,11,2021,0.0,16.3,4.7585,0.06,1.03,0,16.942142506035005,-0.7398979365825653,-0.0576190948486327,0.0,0,15.8,16.6,4.197,4.197,0.06,0.0,2.75,4.4,79.30833333333334,0,46025,3.485,1.285,13.894,237.667,1015.255,16.652,17.277
2021-11-08,Santa Monica Pier,2021-11-08,34.008,-118.499,11,2021,0.0,16.1,4.7585,0.0533333333333333,3.14,0,16.754897565257792,-0.58336733600923,0.1123808906191871,0.2928571254014969,1,16.3,15.8,4.7585,4.197,0.06,0.06,1.03,2.75,89.22187500000005,0,46025,2.3,1.211,12.573,244.479,1017.309,14.964,16.557
2021-11-15,Santa Monica Pier,2021-11-15,34.008,-118.499,11,2021,0.0,17.0,4.7585,0.0466666666666666,1.6,0,16.830203737531388,-0.1625510223437936,-0.1157142094203404,1.614285641482898,1,16.1,16.3,4.7585,4.7585,0.0533333333333333,0.06,3.14,1.03,101.96785714285728,0,46025,2.757,1.004,13.908,212.792,1018.244,17.144,16.403
2021-11-22,Santa Monica Pier,2021-11-22,34.008,-118.499,11,2021,0.0,15.6,4.7585,0.04,16.72,0,16.75255078685527,0.1134693829760867,0.0076189495268322,2.2342856356075833,1,17.0,16.1,4.7585,4.7585,0.0466666666666666,0.0533333333333333,1.6,3.14,118.9625,0,46025,2.084,0.799,13.863,193.304,1017.718,15.055,16.116
2021-11-29,Santa Monica Pier,2021-11-29,34.008,-118.499,11,2021,0.0,15.9,4.7585,0.12,2.37,0,16.538673167326014,0.2637755060378385,-0.0328570774623325,3.9242856491889273,1,15.6,17.0,4.7585,4.7585,0.04,0.0466666666666666,16.72,1.6,39.65416666666667,0,46025,3.362,0.752,11.677,211.119,1018.347,16.719,15.789
2021-12-06,Santa Monica Pier,2021-12-06,34.008,-118.499,12,2021,0.0,15.7,4.542,0.08,7.29,0,16.41755063193185,0.5087755032796032,-0.065238044375465,7.122857045914445,1,15.9,15.6,4.7585,4.7585,0.12,0.04,2.37,16.72,56.775,0,46025,2.485,0.876,12.049,249.298,1018.703,13.781,16.453
2021-12-13,Santa Monica Pier,2021-12-13,34.008,-118.499,12,2021,0.0,15.2,4.542,0.6649999999999999,1.95,0,15.946428298950195,0.3990816264128198,-0.0971428553263346,5.788571340697152,1,15.7,15.9,4.542,4.7585,0.08,0.12,7.29,2.37,6.830075187969926,0,46025,3.947,1.119,7.841,255.786,1016.87,,16.039
2021-12-20,Santa Monica Pier,2021-12-20,34.008,-118.499,12,2021,0.0,14.7,4.542,1.25,1.23,0,15.323367011790372,0.0812244877523305,-0.0680952526274181,1.8199999609163828,0,15.2,15.7,4.542,4.542,0.6649999999999999,0.08,1.95,7.29,3.6336,0,46025,4.77,0.978,11.857,237.536,1018.969,13.604,14.104
2021-12-27,Santa Monica Pier,2021-12-27,34.008,-118.499,12,2021,0.0,14.4,4.542,2.8,1.9,0,14.859081258579176,-0.1789795878742422,-0.0295238040742419,0.1428571364709308,0,14.7,15.2,4.542,4.542,1.25,0.6649999999999999,1.23,1.95,1.622142857142857,0,46025,4.15,1.137,10.204,240.601,1016.68,13.14,13.888
2022-01-03,Santa Monica Pier,2022-01-03,34.008,-118.499,1,2022,0.0,14.0,6.289,3.22,0.63,0,14.61418338697784,-0.2676530544246946,-4.541306268683797e-08,0.0,0,14.4,14.7,4.542,4.542,2.8,1.25,1.9,1.23,1.9531055900621117,0,46025,6.195,1.375,7.558,237.518,1013.661,12.789,13.676
2022-01-10,Santa Monica Pier,2022-01-10,34.008,-118.499,1,2022,0.0,14.1,6.289,1.51,0.65,0,14.623162950788226,-0.1039795888473792,0.0185714903331938,0.634285702237061,1,14.0,14.4,6.289,4.542,3.22,2.8,0.63,1.9,4.164900662251656,0,46025,2.275,0.995,11.607,252.024,1018.684,13.152,13.606
2022-01-17,Santa Monica Pier,2022-01-17,34.008,-118.499,1,2022,0.0,14.4,6.289,0.44,0.67,0,14.77255074831904,0.1837755049369772,0.0523809251331147,3.1628570588571683,1,14.1,14.0,6.289,6.289,1.51,3.22,0.65,0.63,14.293181818181818,0,46025,2.585,1.254,13.953,259.613,1021.635,15.247,14.361
2022-01-24,Santa Monica Pier,2022-01-24,34.008,-118.499,1,2022,0.0,14.7,6.289,0.06,2.74,0,14.976734404661215,0.4739795812234586,0.0257142838977631,6.7157141374690195,1,14.4,14.1,6.289,6.289,0.44,1.51,0.67,0.65,104.81666666666666,0,46025,3.429,1.056,11.823,233.006,1018.808,15.344,14.731
2022-01-31,Santa Monica Pier,2022-01-31,34.008,-118.499,1,2022,0.0,14.6,6.289,0.22,0.62,0,15.122040476117816,0.6587754968477756,0.006190436226981,9.222856955868858,1,14.7,14.4,6.289,6.289,0.06,0.44,2.74,0.67,28.586363636363636,0,46025,2.997,1.086,14.337,260.726,1019.185,14.627,14.616
2022-02-07,Santa Monica Pier,2022-02-07,34.008,-118.499,2,2022,0.0,14.8,7.9710026,0.0,1.4,0,15.283775222544769,0.853061203445707,0.0490476971580868,11.9428568482399,1,14.6,14.7,6.289,6.289,0.22,0.06,0.62,2.74,,0,46025,3.053,0.835,13.075,228.192,1019.499,14.692,14.522
2022-02-14,Santa Monica Pier,2022-02-14,34.008,-118.499,2,2022,0.0,16.0,7.9710026,0.0,0.98,0,15.425612021465692,1.026734666556728,-0.0590476535615466,14.374285331794194,1,14.8,14.6,7.9710026,6.289,0.0,0.22,1.4,0.62,,0,46025,3.295,0.887,14.214,249.066,1019.089,16.742,14.641
2022-02-21,Santa Monica Pier,2022-02-21,34.008,-118.499,2,2022,0.0,15.8,7.9710026,0.0,0.73,0,15.185203795530358,0.8024489589567695,-0.1138095401582263,11.274285425032888,1,16.0,14.8,7.9710026,7.9710026,0.0,0.0,0.98,1.4,,0,46025,4.724,1.146,12.502,254.179,1017.598,14.225,14.769
2022-02-28,Santa Monica Pier,2022-02-28,34.008,-118.499,2,2022,0.0,14.3,7.9710026,0.0,5.51,0,14.75520370444473,0.3684693787398995,0.0423809687296549,5.288571301315512,1,15.8,16.0,7.9710026,7.9710026,0.0,0.0,0.73,0.98,,0,46025,5.457,1.12,10.99,253.935,1019.598,12.663,14.282
2022-03-07,Santa Monica Pier,2022-03-07,34.008,-118.499,3,2022,0.0,14.4,7.787878,1.62,0.37,0,14.596734358339893,0.2004081585577555,0.0366666884649367,2.9357142182333127,1,14.3,15.8,7.9710026,7.9710026,0.0,0.0,5.51,0.73,4.807332098765432,0,46025,4.841,1.479,12.767,262.887,1016.947,14.419,14.663
2022-03-14,Santa Monica Pier,2022-03-14,34.008,-118.499,3,2022,0.0,15.6,7.787878,0.0,27.36,0,14.825612000056676,0.4208163182650293,0.0490476063319614,5.931428454816341,1,14.4,14.3,7.787878,7.9710026,1.62,0.0,0.37,5.51,,0,46025,3.899,0.949,9.68,251.77,1019.651,14.322,14.671
2022-03-21,Santa Monica Pier,2022-03-21,34.008,-118.499,3,2022,0.0,14.6,7.787878,0.76,1.78,0,15.12581611166195,0.7051020266906339,-0.0228571664719354,9.871428373668875,1,15.6,14.4,7.787878,7.787878,0.0,1.62,27.36,0.37,10.247207894736842,0,46025,4.59,1.44,12.045,254.887,1017.473,14.781,14.966
2022-03-28,Santa Monica Pier,2022-03-28,34.008,-118.499,3,2022,0.0,15.5,7.787878,1.67,5.34,0,15.230203784241969,0.7814285584858486,0.083809489295596,10.93999981880188,1,14.6,15.6,7.787878,7.787878,0.76,0.0,1.78,27.36,4.6634,0,46025,3.272,1.127,12.311,249.494,1016.034,14.281,15.664
2022-04-04,Santa Monica Pier,2022-04-04,34.008,-118.499,4,2022,0.0,15.1,8.2213575,0.0,3.53,0,15.66091793410632,1.179999973700971,0.2076190766834077,16.519999631813594,1,15.5,14.6,7.787878,7.787878,1.67,0.76,5.34,1.78,,0,46025,3.805,1.424,11.314,244.82,1013.559,13.955,15.779
2022-04-11,Santa Monica Pier,2022-04-11,34.008,-118.499,4,2022,0.0,17.1,8.2213575,0.0,2.71,0,16.270203541736215,1.7566326068980354,-0.2966666448683965,24.592856496572495,1,15.1,15.5,8.2213575,7.787878,0.0,1.67,3.53,5.34,,0,46025,3.038,1.293,11.861,246.458,1012.788,16.715,17.104
2022-04-18,Santa Monica Pier,2022-04-18,34.008,-118.499,4,2022,0.0,14.6,8.2213575,0.0,7.61,0,15.68428525146173,1.1180611950706465,-0.1823809487479073,16.638570981366293,1,17.1,15.1,8.2213575,8.2213575,0.0,0.0,2.71,3.53,,0,46025,5.686,1.504,7.874,257.801,1016.216,14.3,16.351
2022-04-25,Santa Monica Pier,2022-04-25,34.008,-118.499,4,2022,0.0,15.4,8.2213575,0.0,13.02,0,14.536326262415672,-0.1253061186598271,0.1342856997535341,3.095714181661606,1,14.6,17.1,8.2213575,8.2213575,0.0,0.0,7.61,2.71,,0,46025,5.079,1.479,10.21,255.893,1015.902,14.782,15.393
2022-05-02,Santa Monica Pier,2022-05-02,34.008,-118.499,5,2022,0.0,16.7,7.71,0.0,1.7,0,14.788673157594642,0.0044897919406696,0.277142842610677,4.647142665726798,1,15.4,14.6,8.2213575,8.2213575,0.0,0.0,13.02,7.61,,0,46025,3.025,1.336,11.376,253.054,1013.486,14.801,15.414
2022-05-09,Santa Monica Pier,2022-05-09,34.008,-118.499,5,2022,0.0,15.2,7.71,0.03,11.13,0,15.751938362510836,0.8422448687369422,-0.2376190821329752,12.574285290869218,1,16.7,15.4,7.71,8.2213575,0.0,0.0,1.7,13.02,257.0,0,46025,3.138,1.369,12.708,243.982,1013.479,15.023,16.22
2022-05-16,Santa Monica Pier,2022-05-16,34.008,-118.499,5,2022,0.0,16.6,7.71,0.0,12.52,0,15.6797955474075,0.635102022230169,0.1495238712855747,9.145714023549642,1,15.2,16.7,7.71,7.71,0.03,0.0,11.13,1.7,,0,46025,5.508,1.602,7.138,264.571,1015.984,15.046,16.127
2022-05-23,Santa Monica Pier,2022-05-23,34.008,-118.499,5,2022,0.1,16.6,7.71,0.22,4.12,0,15.949387336263852,0.7179591748103195,0.2647619247436523,10.268571302294731,1,16.6,15.2,7.71,7.71,0.0,0.03,12.52,11.13,35.04545454545455,0,46025,2.894,1.173,12.508,216.152,1013.416,14.887,16.167
2022-05-30,Santa Monica Pier,2022-05-30,34.008,-118.499,5,2022,0.0,17.7,7.71,0.82,0.92,0,17.39744860785348,1.9291836579843444,0.1414285387311662,27.034285496920347,1,16.6,16.6,7.71,7.71,0.22,0.0,4.12,12.52,9.402439024390244,0,46025,2.773,0.93,14.008,194.161,1012.991,15.394,16.976
2022-06-06,Santa Monica Pier,2022-06-06,34.008,-118.499,6,2022,0.0,20.2,5.96592915,0.0,8.93,0,18.711632280933618,2.997959156425632,0.171428498767671,41.97142818995884,1,17.7,16.6,7.71,7.71,0.82,0.22,0.92,4.12,,0,46025,3.203,1.236,14.845,220.631,1010.787,16.315,17.621
2022-06-13,Santa Monica Pier,2022-06-13,34.008,-118.499,6,2022,0.0,20.5,5.96592915,0.0,2.6,0,19.61285668976453,3.649795838764736,-0.0419047219412667,51.0971417427063,1,20.2,17.7,5.96592915,7.71,0.0,0.82,8.93,0.92,,0,46025,2.937,1.043,9.525,248.12,1010.972,16.879,18.866
2022-06-20,Santa Monica Pier,2022-06-20,34.008,-118.499,6,2022,0.0,20.6,5.96592915,0.0,1.48,0,19.80673416293397,3.5499998951444818,-0.1490475790841238,49.69999853202275,1,20.5,20.2,5.96592915,5.96592915,0.0,0.0,2.6,8.93,,0,46025,3.566,1.123,10.216,234.696,1010.954,17.247,18.381
2022-06-27,Santa Monica Pier,2022-06-27,34.008,-118.499,6,2022,0.0,19.0,5.96592915,0.27,1.58,0,19.337040278376367,2.716428506131075,0.0966666085379464,38.02999908583505,1,20.6,20.5,5.96592915,5.96592915,0.0,0.0,1.48,2.6,22.096033888888886,0,46025,3.476,0.982,13.261,232.419,1012.476,16.423,18.821
2022-07-04,Santa Monica Pier,2022-07-04,34.008,-118.499,7,2022,0.0,19.6,5.57,0.64,0.75,0,19.150815808043188,2.136020378190644,-0.0647619338262648,29.904285294669016,1,19.0,20.6,5.96592915,5.96592915,0.27,0.0,1.58,1.48,8.703125,0,46025,2.953,1.021,12.255,203.637,1014.88,17.052,19.24
2022-07-11,Santa Monica Pier,2022-07-11,34.008,-118.499,7,2022,0.0,20.0,5.57,0.0,2.03,0,19.147448345106476,1.7386734400476729,-0.0047618321010044,24.34142816066742,1,19.6,19.0,5.57,5.96592915,0.64,0.27,0.75,1.58,,0,46025,3.208,0.967,7.448,241.0,1015.098,17.827,20.125
2022-07-18,Santa Monica Pier,2022-07-18,34.008,-118.499,7,2022,0.0,21.0,5.57,0.0,2.64,0,19.334693246958206,1.5604081172115951,0.2290475936163039,21.845713640962327,1,20.0,19.6,5.57,5.57,0.0,0.64,2.03,0.75,,0,46025,2.557,0.992,14.23,201.533,1013.153,17.157,19.843
2022-07-25,Santa Monica Pier,2022-07-25,34.008,-118.499,7,2022,0.0,20.0,5.57,0.2,1.96,0,20.16112210799237,2.099183626929108,0.0361905779157366,29.388570777007512,1,21.0,20.0,5.57,5.57,0.0,0.0,2.64,2.03,27.85,0,46025,2.635,1.133,15.29,196.673,1013.571,17.748,19.543
2022-08-01,Santa Monica Pier,2022-08-01,34.008,-118.499,8,2022,0.0,20.4,4.381,0.28,0.56,0,20.693877356392996,2.3991836230365595,-0.1452381497337704,33.58857072251184,1,20.0,21.0,5.57,5.57,0.2,0.0,1.96,2.64,15.64642857142857,0,46025,2.548,0.777,13.742,204.5,1013.428,18.238,20.156
2022-08-08,Santa Monica Pier,2022-08-08,34.008,-118.499,8,2022,0.0,21.3,4.381,0.0,2.89,0,20.45112201145717,1.9301019900915577,0.0547617957705543,27.021427861281804,1,20.4,20.0,4.381,5.57,0.28,0.2,0.56,1.96,,0,46025,3.601,1.188,11.018,206.012,1013.869,19.571,21.398
2022-08-15,Santa Monica Pier,2022-08-15,34.008,-118.499,8,2022,0.0,18.5,4.381,0.0,1.67,0,20.168979021967676,1.4322448579632507,0.0295237586611793,20.05142801148551,1,21.3,20.4,4.381,4.381,0.0,0.28,2.89,0.56,,0,46025,3.018,1.0,9.107,232.09,1013.989,19.681,20.924
2022-08-22,Santa Monica Pier,2022-08-22,34.008,-118.499,8,2022,0.0,21.9,4.381,0.0,1.0,0,20.599591041097835,1.7186734250613622,0.2085714794340587,24.06142795085907,1,18.5,21.3,4.381,4.381,0.0,0.0,1.67,2.89,,0,46025,2.83,0.89,13.0,193.55,1011.776,18.347,21.269
2022-08-29,Santa Monica Pier,2022-08-29,34.008,-118.499,8,2022,0.0,21.3,4.381,0.0,0.77,0,21.26591750553676,2.328469339682131,0.03476197378976,32.59857075554984,1,21.9,18.5,4.381,4.381,0.0,0.0,1.0,1.67,,0,46025,2.842,0.927,14.403,194.327,1012.642,19.068,21.932
2022-09-05,Santa Monica Pier,2022-09-05,34.008,-118.499,9,2022,0.0,20.2,3.789,0.0,1.06,0,21.986428105101293,3.015408081667764,0.0614285241989862,42.215713143348694,1,21.3,21.9,4.381,4.381,0.0,0.0,0.77,1.0,,0,46025,3.901,1.049,10.903,224.241,1010.449,20.569,22.255
2022-09-12,Santa Monica Pier,2022-09-12,34.008,-118.499,9,2022,0.0,22.5,3.789,0.0,0.86,0,22.619591479398764,3.6163264172417775,-0.0052381243024553,50.62856984138489,1,20.2,21.3,3.789,4.381,0.0,0.0,1.06,0.77,,0,46025,3.31,1.26,12.595,180.497,1009.015,22.914,22.922
2022-09-19,Santa Monica Pier,2022-09-19,34.008,-118.499,9,2022,0.0,22.5,3.789,0.2,0.69,0,22.49061173808818,3.508163172371533,-0.1361903236025855,49.11428441320147,1,22.5,20.2,3.789,3.789,0.0,0.0,0.86,1.06,18.945,0,46025,2.728,1.129,12.49,201.808,1012.087,21.029,23.057
2022-09-26,Santa Monica Pier,2022-09-26,34.008,-118.499,9,2022,0.0,22.1,3.789,0.0,0.57,0,21.832856703777704,2.969897883278983,-0.0571428934733072,41.57857036590576,1,22.5,22.5,3.789,3.789,0.2,0.0,0.69,0.86,,0,46025,3.717,0.909,14.598,199.401,1013.543,20.574,22.048
2022-10-10,Santa Monica Pier,2022-10-10,34.008,-118.499,10,2022,0.0,20.1,4.197,0.17,0.9,0,20.87959133848852,2.354693822714747,-0.1876190730503626,32.96571351800646,1,22.1,22.5,3.789,3.789,0.0,0.2,0.57,0.69,24.688235294117646,0,46025,2.225,0.895,13.911,194.735,1015.738,18.836,20.614
2022-10-17,Santa Monica Pier,2022-10-17,34.008,-118.499,10,2022,0.0,17.8,4.197,0.65,0.38,0,20.21816259500932,1.8841836355170425,-0.0361903962634858,26.378570897238596,1,20.1,22.1,4.197,3.789,0.17,0.0,0.9,0.57,6.4569230769230765,0,46025,2.931,0.773,14.801,191.287,1014.886,18.422,21.15
2022-10-24,Santa Monica Pier,2022-10-24,34.008,-118.499,10,2022,0.0,19.3,4.197,0.0,0.2,0,19.641223985321663,1.5752040537036194,0.0066667284284319,22.052856751850673,1,17.8,20.1,4.197,4.197,0.65,0.17,0.38,0.9,,0,46025,3.145,0.893,13.819,220.914,1013.442,19.215,20.614
2022-10-31,Santa Monica Pier,2022-10-31,34.008,-118.499,10,2022,0.0,18.0,4.197,0.41,1.09,0,19.244081341490453,1.5128571085479796,-0.3590476626441591,21.387142368725367,1,19.3,17.8,4.197,4.197,0.0,0.65,0.2,0.38,10.23658536585366,0,46025,3.279,0.958,10.446,233.036,1017.498,17.826,18.899
2022-11-07,Santa Monica Pier,2022-11-07,34.008,-118.499,11,2022,0.0,15.7,4.7585,7.1,2.01,0,17.94887737352021,0.5621428428863993,-0.0485714503696986,10.9528568812779,0,18.0,19.3,4.197,4.197,0.41,0.0,1.09,0.2,0.6702112676056338,0,46025,4.618,1.273,9.649,251.395,1016.521,15.941,17.467
2022-11-14,Santa Monica Pier,2022-11-14,34.008,-118.499,11,2022,0.0,15.8,4.7585,1.1,0.63,0,16.81316293988909,-0.228163260434355,0.0147618793305896,1.0014285599546773,1,15.7,18.0,4.7585,4.197,7.1,0.41,2.01,1.09,4.32590909090909,0,46025,4.313,1.026,10.414,232.389,1016.36,14.971,16.213
2022-11-21,Santa Monica Pier,2022-11-21,34.008,-118.499,11,2022,0.0,15.9,4.7585,0.51,0.89,0,16.750203619197922,0.0614285685920289,0.0304762522379557,2.2371427890445506,1,15.8,15.7,4.7585,4.7585,1.1,7.1,0.63,2.01,9.330392156862745,0,46025,3.445,0.856,13.01,224.866,1019.639,16.233,16.173
2022-11-28,Santa Monica Pier,2022-11-28,34.008,-118.499,11,2022,0.0,16.3,4.7585,0.21,0.65,0,16.82091810265366,0.4941836587362447,-0.040952410016741,6.97571407684258,1,15.9,15.8,4.7585,4.7585,0.51,1.1,0.89,0.63,22.659523809523808,0,46025,2.116,0.872,14.889,211.027,1019.852,16.334,16.682
2022-12-05,Santa Monica Pier,2022-12-05,34.008,-118.499,12,2022,0.0,16.5,4.542,1.33,1.06,0,16.697040703831885,0.7348979377016729,-0.0971428553263346,10.28857112782342,1,16.3,15.9,4.7585,4.7585,0.21,0.51,0.65,0.89,3.415037593984962,0,46025,3.362,0.841,12.211,222.29,1016.91,14.747,16.483
2022-12-12,Santa Monica Pier,2022-12-12,34.008,-118.499,12,2022,0.039,15.0,4.542,3.61,4.27,0,16.11397932986824,0.5148979436454116,-0.1166667029971167,7.298571207693645,1,16.5,16.3,4.542,4.7585,1.33,0.21,1.06,0.65,1.2581717451523546,0,46025,4.366,0.981,11.365,253.622,1019.768,14.269,16.207
2022-12-19,Santa Monica Pier,2022-12-19,34.008,-118.499,12,2022,0.096,14.3,4.542,2.09,3.1,0,15.459285268978196,0.1775510148620422,0.0395238058907645,2.635714202853186,1,15.0,16.5,4.542,4.542,3.61,1.33,4.27,1.06,2.1732057416267945,0,46025,3.19,1.078,12.799,253.018,1017.647,13.593,15.262
2022-12-26,Santa Monica Pier,2022-12-26,34.008,-118.499,12,2022,0.044,14.8,4.542,0.1,6.81,0,15.306632246289936,0.2428571398807119,-0.0228571210588727,3.459999956456678,1,14.3,15.0,4.542,4.542,2.09,3.61,3.1,4.27,45.419999999999995,0,46025,2.637,0.837,13.564,235.896,1021.376,14.615,15.062
2023-01-02,Santa Monica Pier,2023-01-02,34.008,-118.499,1,2023,0.0,14.8,6.289,1.4,1.46,0,15.288775181283755,0.3839795850597474,-0.0242857251848493,5.375714190836463,1,14.8,14.3,4.542,4.542,0.1,2.09,6.81,3.1,4.492142857142857,0,46025,3.667,1.807,12.571,258.967,1015.673,14.47,15.076
2023-01-09,Santa Monica Pier,2023-01-09,34.008,-118.499,1,2023,0.0,14.9,6.289,2.23,0.65,0,15.105815965302137,0.3543877479981402,-0.0647618884132021,4.9614284719739645,1,14.8,14.8,6.289,4.542,1.4,0.1,1.46,6.81,2.8201793721973094,0,46025,5.458,2.34,13.702,261.982,1018.512,13.781,14.715
2023-01-16,Santa Monica Pier,2023-01-16,34.008,-118.499,1,2023,0.0,12.1,6.289,3.06,1.33,0,14.811734306569004,0.2047959153293346,-0.0309524082002185,2.9385713833783353,1,14.9,14.8,6.289,6.289,2.23,1.4,0.65,1.46,2.0552287581699344,0,46025,4.376,2.383,14.441,262.491,1018.513,14.376,14.596
2023-01-23,Santa Monica Pier,2023-01-23,34.008,-118.499,1,2023,0.0,13.2,6.289,6.02,0.88,0,14.493571106268435,-0.0181632629424637,-0.0376190003894623,0.7042856980115175,0,12.1,14.9,6.289,6.289,3.06,2.23,1.33,0.65,1.0446843853820598,0,46025,5.385,1.796,12.869,258.708,1017.994,13.029,14.043
2023-01-30,Santa Monica Pier,2023-01-30,34.008,-118.499,1,2023,0.0,14.2,6.289,1.62,4.87,0,14.2711222317754,-0.1970408089572981,0.0195238022577194,0.0242857137428862,0,13.2,12.1,6.289,6.289,6.02,3.06,0.88,1.33,3.882098765432098,0,46025,4.553,1.144,15.356,237.667,1020.569,13.752,13.882
2023-02-06,Santa Monica Pier,2023-02-06,34.008,-118.499,2,2023,0.0,14.0,7.9710026,1.17,1.9,0,14.242040634155272,-0.1930612188250738,-0.0309523627871558,0.0614285679267985,1,14.2,13.2,6.289,6.289,1.62,6.02,4.87,0.88,6.812822735042736,0,46025,4.782,1.043,13.048,224.518,1020.469,13.654,14.306
2023-02-13,Santa Monica Pier,2023-02-13,34.008,-118.499,2,2023,0.0,13.7,7.9710026,1.61,2.67,0,14.083979373075524,-0.3189795813428199,-0.0833333787463959,0.1099999938160181,0,14.0,14.2,7.9710026,6.289,1.17,1.62,1.9,4.87,4.950933291925466,0,46025,4.693,1.356,12.059,253.077,1020.311,14.016,14.303
2023-02-20,Santa Monica Pier,2023-02-20,34.008,-118.499,2,2023,0.0,13.3,7.9710026,5.62,3.84,0,13.65142835889544,-0.7330612017944151,-0.1352380570911225,0.0485714258892195,0,13.7,14.0,7.9710026,7.9710026,1.61,1.17,2.67,1.9,1.4183278647686832,0,46025,4.812,1.256,12.168,244.548,1017.228,12.82,13.941
2023-02-27,Santa Monica Pier,2023-02-27,34.008,-118.499,2,2023,0.0,13.8,7.9710026,6.31,5.36,0,13.13132633481707,-1.2555101708490022,0.0547618865966796,0.0,0,13.3,13.7,7.9710026,7.9710026,5.62,1.61,3.84,2.67,1.2632333755942948,0,46025,6.506,1.792,9.018,234.83,1014.249,11.215,12.923
2023-03-06,Santa Monica Pier,2023-03-06,34.008,-118.499,3,2023,0.026,14.0,7.787878,3.84,2.81,0,13.008571177112811,-1.3870407799068762,0.0866666067214238,0.0,0,13.8,13.3,7.9710026,7.9710026,6.31,5.62,5.36,3.84,2.0280932291666667,0,46025,4.955,1.267,9.924,256.15,1016.853,11.53,12.781
2023-03-13,Santa Monica Pier,2023-03-13,34.008,-118.499,3,2023,0.065,14.0,7.787878,3.86,3.66,0,13.49642819774394,-0.9062244645795045,0.1085714612688336,0.0100000000425747,1,14.0,13.8,7.787878,7.9710026,3.84,6.31,2.81,5.36,2.0175849740932645,0,46025,3.679,1.137,10.928,244.476,1019.897,12.193,13.384
2023-03-20,Santa Monica Pier,2023-03-20,34.008,-118.499,3,2023,0.035,14.5,7.787878,0.92,26.91,0,14.004693498416824,-0.4113265188144786,-0.0233333224341982,0.0700000002980232,0,14.0,14.0,7.787878,7.787878,3.86,3.84,3.66,2.81,8.465084782608695,0,46025,3.522,1.127,11.678,234.946,1017.126,12.792,13.516
2023-03-27,Santa Monica Pier,2023-03-27,34.008,-118.499,3,2023,0.0,12.8,7.787878,10.7,1.86,0,14.147346691209444,-0.295510195689846,-0.0200000036330449,0.0600000002554484,0,14.5,14.0,7.787878,7.787878,0.92,3.86,26.91,3.66,0.7278390654205608,0,46025,7.074,1.895,8.054,248.896,1017.524,12.442,13.391
2023-04-03,Santa Monica Pier,2023-04-03,34.008,-118.499,4,2023,0.059,14.2,8.2213575,0.85,12.41,0,13.90489774820756,-0.5722448841041449,-0.1166666575840541,0.0,0,12.8,14.5,7.787878,7.787878,10.7,0.92,1.86,26.91,9.672185294117646,0,46025,4.361,1.082,7.924,255.737,1018.67,12.708,14.02
2023-04-10,Santa Monica Pier,2023-04-10,34.008,-118.499,4,2023,0.0,14.0,8.2213575,1.31,4.7,0,13.547958831397851,-0.964081624028634,0.1290476208641415,0.0,0,14.2,12.8,8.2213575,7.787878,0.85,10.7,12.41,1.86,6.275845419847328,0,46025,5.4,1.229,7.388,262.114,1018.426,12.347,13.705
2023-04-17,Santa Monica Pier,2023-04-17,34.008,-118.499,4,2023,0.084,15.0,8.2213575,0.655,13.89,0,13.779285343325869,-0.77908163109072,0.0542857306344168,0.004285714189921,1,14.0,14.2,8.2213575,8.2213575,1.31,0.85,4.7,12.41,12.551690839694656,0,46025,2.438,1.048,11.093,235.771,1015.681,12.285,14.182
2023-04-24,Santa Monica Pier,2023-04-24,34.008,-118.499,4,2023,0.02,15.8,8.2213575,0.0,10.97,0,14.452346684981366,-0.1952040799494299,0.0709523246401832,0.6785714216530323,1,15.0,14.0,8.2213575,8.2213575,0.655,1.31,13.89,4.7,,0,46025,3.01,1.118,7.957,256.397,1015.797,14.29,14.866
2023-05-01,Santa Monica Pier,2023-05-01,34.008,-118.499,5,2023,0.0,15.2,7.71,0.0,14.04,0,14.928877266085877,0.1594897934558743,0.1209523791358584,2.838571391201445,1,15.8,15.0,8.2213575,8.2213575,0.0,0.655,10.97,13.89,,0,46025,2.548,0.943,13.415,216.212,1014.384,12.857,14.915
2023-05-08,Santa Monica Pier,2023-05-08,34.008,-118.499,5,2023,0.0,16.8,7.71,0.0,11.24,0,15.457754680088588,0.564897947659602,-0.0104761577787853,7.908571267234428,1,15.2,15.8,7.71,8.2213575,0.0,0.0,14.04,10.97,,0,46025,3.925,1.066,12.182,227.656,1015.133,13.582,15.458
2023-05-15,Santa Monica Pier,2023-05-15,34.008,-118.499,5,2023,0.0,16.6,7.71,0.0,17.63,0,16.078366853752915,1.053979561036947,0.1680952253795805,14.755713854517255,1,16.8,15.2,7.71,7.71,0.0,0.0,11.24,14.04,,0,46025,3.415,1.129,12.573,211.052,1015.429,14.533,16.428
2023-05-22,Santa Monica Pier,2023-05-22,34.008,-118.499,5,2023,0.095,17.1,7.71,0.96,7.14,0,16.786734337709387,1.584183624812535,0.0447619301932198,22.17857074737549,1,16.6,16.8,7.71,7.71,0.0,0.0,17.63,11.24,8.03125,0,46025,2.5,1.12,14.448,191.244,1016.282,14.43,16.683
2023-05-29,Santa Monica Pier,2023-05-29,34.008,-118.499,5,2023,0.0,17.3,7.71,0.0,31.43,0,17.28744868842923,1.8534693304373293,0.0180951981317429,25.94857062612261,1,17.1,16.6,7.71,7.71,0.96,0.0,7.14,17.63,,0,46025,3.056,0.866,15.221,200.497,1014.35,15.072,16.932
2023-06-05,Santa Monica Pier,2023-06-05,34.008,-118.499,6,2023,0.0,17.6,5.96592915,1.62,5.55,0,17.376938313853984,1.6966326102918508,0.0057143256777808,23.752856544085912,1,17.3,17.1,7.71,7.71,0.0,0.96,31.43,7.14,3.6826723148148144,0,46025,3.294,0.861,14.882,195.528,1014.398,15.637,17.47
2023-06-12,Santa Monica Pier,2023-06-12,34.008,-118.499,6,2023,0.0,17.5,5.96592915,0.27,9.73,0,17.44204028771848,1.5142856848483182,0.0161904834565662,21.199999587876455,1,17.6,17.3,5.96592915,7.71,1.62,0.0,5.55,31.43,22.096033888888886,0,46025,2.997,0.857,14.527,188.601,1014.36,15.805,17.494
2023-06-19,Santa Monica Pier,2023-06-19,34.008,-118.499,6,2023,0.0,18.6,5.96592915,0.21,5.72,0,17.600407833955725,1.3898979212556566,0.0223810105096726,19.458570897579193,1,17.5,17.6,5.96592915,5.96592915,0.27,1.62,9.73,5.55,28.40918642857143,0,46025,3.171,0.754,14.509,186.323,1015.316,16.134,17.516
2023-06-26,Santa Monica Pier,2023-06-26,34.008,-118.499,6,2023,0.0,17.3,5.96592915,0.0,5.37,0,17.625101770673478,1.0598979260848491,-0.0200000944591703,14.83857096518789,1,18.6,17.5,5.96592915,5.96592915,0.21,0.27,5.72,9.73,,0,46025,3.5,1.072,8.624,239.087,1015.847,16.309,17.956
2023-07-03,Santa Monica Pier,2023-07-03,34.008,-118.499,7,2023,0.0,19.6,5.57,0.22,6.58,0,17.628468961131816,0.6698979402379114,0.0095238458542596,9.37857116333076,1,17.3,18.6,5.96592915,5.96592915,0.0,0.21,5.37,5.72,25.31818181818182,0,46025,2.98,0.971,10.409,217.515,1013.171,15.305,17.709
2023-07-10,Santa Monica Pier,2023-07-10,34.008,-118.499,7,2023,0.0,19.7,5.57,0.0,7.48,0,17.92663221943135,0.5737754936729159,0.2261904761904762,8.032856911420822,1,19.6,17.3,5.57,5.96592915,0.22,0.0,6.58,5.37,,0,46025,2.733,1.032,14.022,194.908,1012.975,15.626,17.586
2023-07-17,Santa Monica Pier,2023-07-17,34.008,-118.499,7,2023,0.041,21.2,5.57,0.0,4.67,0,18.86336694444929,1.1368367080481685,0.1047618502662295,15.91571391267436,1,19.7,19.6,5.57,5.57,0.0,0.22,7.48,6.58,,0,46025,2.662,0.863,13.001,193.036,1013.461,17.029,19.416
2023-07-24,Santa Monica Pier,2023-07-24,34.008,-118.499,7,2023,0.0,21.1,5.57,0.3,1.65,0,19.99489756992885,1.9706122102786083,0.2233333587646484,27.58857094390052,1,21.2,19.7,5.57,5.57,0.0,0.0,4.67,7.48,18.56666666666667,0,46025,2.583,0.729,9.849,216.762,1013.645,18.003,20.25
2023-07-31,Santa Monica Pier,2023-07-31,34.008,-118.499,7,2023,0.0,22.5,5.57,0.3,0.89,0,20.93265268753986,2.673571370085891,-0.0190476008823939,37.42999918120248,1,21.1,21.2,5.57,5.57,0.3,0.0,1.65,4.67,18.56666666666667,0,46025,2.491,0.76,12.155,208.43,1013.785,19.158,20.211
2023-08-07,Santa Monica Pier,2023-08-07,34.008,-118.499,8,2023,0.0,23.2,4.381,0.2,1.86,0,21.54030572151651,3.05377544188986,0.0561903998965308,42.75285618645804,1,22.5,21.1,5.57,5.57,0.3,0.3,0.89,1.65,21.905,0,46025,3.095,1.077,9.095,232.28,1014.117,19.157,20.449
2023-08-14,Santa Monica Pier,2023-08-14,34.008,-118.499,8,2023,0.0,22.5,4.381,0.03,3.71,0,21.60234651760179,2.8937754789177252,-0.1652379717145647,40.512856704848154,1,23.2,22.5,4.381,5.57,0.2,0.3,1.86,0.89,146.03333333333336,0,46025,2.635,0.907,13.316,186.56,1015.49,18.265,20.955
2023-08-21,Santa Monica Pier,2023-08-21,34.008,-118.499,8,2023,0.0,17.5,4.381,3.17,1.53,0,20.985203762443696,2.1178571271653075,-0.1280953543526785,29.64999978031431,1,22.5,23.2,4.381,4.381,0.03,0.2,3.71,1.86,1.3820189274447952,0,46025,3.917,0.913,12.935,209.096,1011.653,18.659,20.867
2023-08-28,Santa Monica Pier,2023-08-28,34.008,-118.499,8,2023,0.0,21.2,4.381,1.03,13.06,0,20.23530570828185,1.30142854671089,0.1038095383417038,18.219999653952463,1,17.5,22.5,4.381,4.381,3.17,0.03,1.53,3.71,4.253398058252428,0,46025,3.679,0.898,13.025,196.443,1013.416,19.062,19.965
2023-09-04,Santa Monica Pier,2023-09-04,34.008,-118.499,9,2023,0.0,21.1,3.789,0.54,3.32,0,20.314182982152825,1.348367323072589,0.0309523627871558,18.87714252301625,1,21.2,17.5,4.381,4.381,1.03,3.17,13.06,1.53,7.016666666666667,0,46025,2.4,0.917,13.525,191.269,1011.878,20.113,21.007
2023-09-11,Santa Monica Pier,2023-09-11,34.008,-118.499,9,2023,0.0,21.9,3.789,0.21,13.69,0,20.533672760943976,1.5349999727035055,-0.0561903998965308,21.489999617849076,1,21.1,21.2,3.789,4.381,0.54,1.03,3.32,13.06,18.042857142857144,0,46025,3.508,1.052,15.193,178.205,1014.203,19.664,20.32
2023-09-18,Santa Monica Pier,2023-09-18,34.008,-118.499,9,2023,0.0,16.9,3.789,0.2,1.09,0,20.25530552377506,1.2640816076677674,-0.1080952598935081,17.69714250734874,1,21.9,21.1,3.789,3.789,0.21,0.54,13.69,3.32,18.945,0,46025,2.991,0.961,12.497,194.265,1014.193,19.006,20.403
2023-09-25,Santa Monica Pier,2023-09-25,34.008,-118.499,9,2023,0.0,19.4,3.789,0.0,1.51,0,19.71612194606236,0.8292856931078191,-0.0376190912155877,11.609999703509468,1,16.9,21.9,3.789,3.789,0.2,0.21,1.09,13.69,,0,46025,3.004,0.745,14.002,192.128,1014.647,18.578,19.93
2023-10-02,Santa Monica Pier,2023-10-02,34.008,-118.499,10,2023,0.0,18.6,4.197,0.02,2.0,0,19.2255098381821,0.5025510021618435,-0.0233333224341982,7.035714030265808,1,19.4,16.9,3.789,3.789,0.0,0.2,1.51,1.09,209.85,0,46025,3.476,1.085,8.115,248.746,1013.13,18.338,19.394
2023-10-09,Santa Monica Pier,2023-10-09,34.008,-118.499,10,2023,0.0,19.2,4.197,0.29,2.59,0,19.09428532269536,0.5406122342968473,0.1228570483979724,7.568571280155863,1,18.6,19.4,4.197,3.789,0.02,0.0,2.0,1.51,14.472413793103447,0,46025,2.785,0.792,12.279,188.387,1013.17,18.25,18.705
2023-10-16,Santa Monica Pier,2023-10-16,34.008,-118.499,10,2023,0.0,18.7,4.197,0.66,0.72,0,19.57050961864238,1.2011224230637356,-0.0357141948881603,16.815713922892296,1,19.2,18.6,4.197,4.197,0.29,0.02,2.59,2.0,6.3590909090909085,0,46025,3.79,1.283,11.05,230.065,1010.888,18.34,19.319
2023-10-23,Santa Monica Pier,2023-10-24,34.008,-118.499,10,2023,0.0,18.5,4.197,0.02,3.15,0,19.67306053395174,1.5622448580605643,-0.099047615414574,21.8714280128479,1,18.7,19.2,4.197,4.197,0.66,0.29,0.72,2.59,209.85,0,46025,3.471,1.414,14.151,236.908,1012.763,18.771,20.6
2023-10-30,Santa Monica Pier,2023-10-30,34.008,-118.499,10,2023,0.0,17.5,4.197,0.05,1.26,0,19.043162598901866,1.2642856811990542,-0.0647619338262649,17.69999953678676,1,18.5,18.7,4.197,4.197,0.02,0.66,3.15,0.72,83.94,0,46025,4.479,1.243,9.786,230.734,1013.581,18.139,19.967
2023-11-06,Santa Monica Pier,2023-11-06,34.008,-118.499,11,2023,0.0,17.9,4.7585,0.2,0.69,0,18.58163197186528,1.1456122185502733,-0.053333282470703,16.038571059703827,1,17.5,18.5,4.197,4.197,0.05,0.02,1.26,3.15,23.792499999999997,0,46025,3.037,0.763,13.326,209.226,1017.028,18.847,19.025
2023-11-13,Santa Monica Pier,2023-11-13,34.008,-118.499,11,2023,0.0,17.4,4.7585,0.75,1.68,0,18.203264567316797,1.110306103010567,-0.0642858232770646,15.544285442147936,1,17.9,17.5,4.7585,4.197,0.2,0.05,0.69,1.26,6.344666666666666,0,46025,4.285,1.133,10.021,234.084,1016.534,18.058,18.262
2023-11-20,Santa Monica Pier,2023-11-20,34.008,-118.499,11,2023,0.0,17.2,4.7585,0.13,6.77,0,17.89295850481306,1.1508163025184557,-0.0147617885044642,16.111428235258376,1,17.4,17.9,4.7585,4.7585,0.75,0.2,1.68,0.69,36.60384615384615,0,46025,3.852,1.099,12.16,212.639,1015.936,17.053,17.994
2023-11-27,Santa Monica Pier,2023-11-27,34.008,-118.499,11,2023,0.025,17.1,4.7585,0.37,5.91,0,17.66234641172448,1.28214281736588,-0.0709523700532458,17.94999944312232,1,17.2,17.4,4.7585,4.7585,0.13,0.75,6.77,1.68,12.86081081081081,0,46025,3.35,0.89,12.667,206.173,1017.12,17.75,17.963
2023-12-04,Santa Monica Pier,2023-12-04,34.008,-118.499,12,2023,0.0,17.0,4.542,0.0,2.26,0,17.33153018172906,1.3176530198175078,-0.0185713995070684,18.447142277445113,1,17.1,17.2,4.7585,4.7585,0.37,0.13,5.91,6.77,,0,46025,3.926,1.173,11.691,250.438,1018.129,16.459,17.409
2023-12-11,Santa Monica Pier,2023-12-11,34.008,-118.499,12,2023,0.0,16.4,4.542,0.32,0.71,0,17.04826489273383,1.400102002280099,0.0057142348516555,19.601428031921387,1,17.0,17.1,4.542,4.7585,0.0,0.37,2.26,5.91,14.19375,0,46025,3.516,1.186,13.05,241.376,1019.515,16.996,17.479
2023-12-18,Santa Monica Pier,2023-12-18,34.008,-118.499,12,2023,0.046,16.7,4.542,0.34,2.51,0,16.94244853817687,1.6234693466400614,-0.0238094329833984,22.72857085296086,1,16.4,17.0,4.542,4.542,0.32,0.0,0.71,2.26,13.358823529411763,0,46025,2.754,0.824,12.682,244.824,1016.886,16.573,17.213
2023-12-25,Santa Monica Pier,2023-12-25,34.008,-118.499,12,2023,0.0,16.9,4.542,0.42,0.79,0,16.93275478907994,1.843979560599035,-0.0238096146356491,25.81571384838649,1,16.7,16.4,4.542,4.542,0.34,0.32,2.51,0.71,10.814285714285717,0,46025,4.289,1.349,10.861,247.221,1014.254,16.104,16.583
2024-01-01,Santa Monica Pier,2024-01-01,34.008,-118.499,1,2024,0.0,16.4,6.289,0.295,3.66,0,16.720815999167307,1.7929591579096658,-0.1171428135463169,25.10142821073532,1,16.9,16.7,4.542,4.542,0.42,0.34,0.79,2.51,21.318644067796612,0,46025,3.195,2.201,15.255,259.045,1020.593,15.312,16.638
2024-01-08,Santa Monica Pier,2024-01-08,34.008,-118.499,1,2024,0.0,14.6,6.289,0.17,0.65,0,16.02101995507065,1.246836706767885,-0.1914285932268415,17.48999960826976,1,16.4,16.9,6.289,4.542,0.295,0.42,3.66,0.79,36.99411764705882,0,46025,5.726,1.766,11.878,261.134,1019.686,15.025,16.21
2024-01-15,Santa Monica Pier,2024-01-15,34.008,-118.499,1,2024,0.0,14.4,6.289,0.38,0.83,0,15.071734340823426,0.4463265164166081,0.0761904489426385,6.634285500007016,1,14.6,16.4,6.289,6.289,0.17,0.295,0.65,3.66,16.55,0,46025,4.604,1.415,10.049,261.69,1019.541,13.646,15.184
2024-01-22,Santa Monica Pier,2024-01-22,34.008,-118.499,1,2024,0.0,14.9,6.289,0.34,4.74,0,14.930713974699682,0.4080612134112387,0.0847619828723725,6.078571257846696,1,14.4,14.6,6.289,6.289,0.38,0.17,0.83,0.65,18.49705882352941,0,46025,2.597,1.16,12.871,250.274,1016.57,14.202,15.237
2024-01-29,Santa Monica Pier,2024-01-29,34.008,-118.499,1,2024,0.0,16.0,6.289,0.2,1.44,0,15.481938537286252,1.0069387441082875,-0.0195238476707821,14.111428130950246,1,14.9,14.4,6.289,6.289,0.34,0.38,4.74,0.83,31.444999999999997,0,46025,3.856,1.662,12.503,259.488,1017.812,15.389,15.624
2024-02-05,Santa Monica Pier,2024-02-05,34.008,-118.499,2,2024,0.0,15.3,7.9710026,1.1,1.35,0,15.51540793204794,1.0746938409853954,-0.0714285714285714,15.045713773795535,1,16.0,14.9,6.289,6.289,0.2,0.34,1.44,4.74,7.246366,0,46025,5.52,1.859,12.167,248.095,1014.964,14.887,15.989
2024-02-12,Santa Monica Pier,2024-02-12,34.008,-118.499,2,2024,0.0,15.2,7.9710026,2.56,0.59,0,15.183877195630757,0.7756122180393764,0.0066665921892438,10.85857105255127,1,15.3,16.0,7.9710026,6.289,1.1,0.2,1.35,1.44,3.113672890625,0,46025,6.346,1.859,9.517,253.655,1014.166,13.419,15.237
2024-02-19,Santa Monica Pier,2024-02-19,34.008,-118.499,2,2024,0.0,15.0,7.9710026,0.97,4.53,0,15.109285296226034,0.7209183397341749,0.0552381787981305,10.092856756278447,1,15.2,15.3,7.9710026,7.9710026,2.56,1.1,0.59,1.35,8.217528453608248,0,46025,2.982,1.048,14.027,250.914,1019.631,13.962,15.167
2024-02-26,Santa Monica Pier,2024-02-26,34.008,-118.499,2,2024,0.0,15.2,7.9710026,1.04,2.73,0,15.302346618808045,0.9164285355684708,0.0223809650966099,12.829999497958593,1,15.0,15.2,7.9710026,7.9710026,0.97,2.56,4.53,0.59,7.664425576923077,0,46025,3.928,1.757,13.294,257.218,1018.943,14.683,15.31
2024-03-04,Santa Monica Pier,2024-03-04,34.008,-118.499,3,2024,0.0,15.2,7.787878,2.62,3.0,0,15.47724469827146,1.0847958831154572,-0.0319047655378068,15.1871423636164,1,15.2,15.0,7.9710026,7.9710026,1.04,0.97,2.73,4.53,2.97247251908397,0,46025,3.807,0.96,12.83,227.759,1018.043,14.258,15.494
2024-03-11,Santa Monica Pier,2024-03-11,34.008,-118.499,3,2024,0.0,14.9,7.787878,4.2,1.5,0,15.455816103487598,1.0564285419425186,-0.0380952925909132,14.78999958719526,1,15.2,15.2,7.787878,7.9710026,2.62,1.04,3.0,2.73,1.8542566666666669,0,46025,4.536,1.184,11.052,239.818,1017.299,14.004,15.159
2024-03-18,Santa Monica Pier,2024-03-18,34.008,-118.499,3,2024,0.0,15.1,7.787878,5.56,1.96,0,15.393979247735473,0.982755077432613,0.0352381297520228,13.758571084056582,1,14.9,15.2,7.787878,7.787878,4.2,2.62,1.5,3.0,1.4006974820143887,0,46025,4.362,1.334,12.533,239.907,1015.778,14.461,14.85
2024-03-25,Santa Monica Pier,2024-03-25,34.008,-118.499,3,2024,0.0,15.4,7.787878,9.0,2.37,0,14.968162896681804,0.5324489691731881,-0.2571428843906947,9.604285499879293,0,15.1,14.9,7.787878,7.787878,5.56,4.2,1.96,1.5,0.8653197777777778,0,46025,4.226,1.124,13.679,243.601,1016.234,14.189,15.407
2024-04-01,Santa Monica Pier,2024-04-01,34.008,-118.499,4,2024,0.0,15.6,8.2213575,6.2,1.36,0,14.225101753157013,-0.2423469291961923,0.0914285750616164,2.929999922003065,0,15.4,15.1,7.787878,7.787878,9.0,5.56,2.37,1.96,1.3260254032258063,0,46025,5.704,1.518,11.29,256.481,1014.155,13.21,13.853
2024-04-08,Santa Monica Pier,2024-04-08,34.008,-118.499,4,2024,0.0,15.5,8.2213575,1.54,4.1,0,14.10479565056003,-0.396122434385577,-0.0285714013235909,0.2114285677671432,1,15.6,15.4,8.2213575,7.787878,6.2,9.0,1.36,2.37,5.338543831168831,0,46025,4.337,1.2,9.075,251.149,1018.493,12.992,14.033
2024-04-15,Santa Monica Pier,2024-04-15,34.008,-118.499,4,2024,0.0,15.0,8.2213575,1.91,1.38,0,14.383264969806282,-0.1563265238869554,0.1480952217465354,0.9271428350891384,1,15.5,15.6,8.2213575,8.2213575,1.54,6.2,4.1,1.36,4.304375654450262,0,46025,3.918,0.997,11.167,230.451,1016.095,13.378,13.873
2024-04-22,Santa Monica Pier,2024-04-22,34.008,-118.499,4,2024,0.0,15.2,8.2213575,0.58,6.91,0,14.688775140412,0.074489794006305,-0.0747618902297246,2.752857059240341,1,15.0,15.5,8.2213575,8.2213575,1.91,1.54,1.38,4.1,14.174754310344827,0,46025,2.335,0.909,13.51,214.482,1016.787,13.589,14.944
2024-04-29,Santa Monica Pier,2024-04-29,34.008,-118.499,4,2024,0.0,15.5,8.2213575,0.1,17.29,0,14.94663227820883,0.2158163204142937,0.1857142675490606,3.94285702918257,1,15.2,15.0,8.2213575,8.2213575,0.58,1.91,6.91,1.38,82.21357499999999,0,46025,4.892,1.225,10.804,228.327,1015.919,13.978,15.113
2024-05-06,Santa Monica Pier,2024-05-06,34.008,-118.499,5,2024,0.0,15.8,7.71,15.32,6.18,0,15.302550666186274,0.4443877435156277,-0.0061904816400437,6.964285529085568,1,15.5,15.2,8.2213575,8.2213575,0.1,0.58,17.29,6.91,0.5032637075718015,0,46025,3.71,1.173,8.701,259.946,1012.532,14.531,15.563
2024-05-13,Santa Monica Pier,2024-05-13,34.008,-118.499,5,2024,0.046,18.1,7.71,0.16,21.36,0,15.592346609855184,0.6070408016747358,-0.0657142911638532,8.498571223446302,1,15.8,15.5,7.71,8.2213575,15.32,0.1,6.18,17.29,48.1875,0,46025,3.237,1.083,12.739,229.354,1014.081,14.196,15.832
2024-05-20,Santa Monica Pier,2024-05-20,34.008,-118.499,5,2024,0.0,17.5,7.71,0.155,21.43,0,15.473877186677894,0.3284693803562192,0.0580952508108956,4.742857038974762,1,18.1,15.8,7.71,7.71,0.16,15.32,21.36,6.18,49.74193548387097,0,46025,2.916,0.817,15.009,210.424,1015.122,14.123,15.907
2024-05-27,Santa Monica Pier,2024-05-28,34.008,-118.499,5,2024,0.0,17.8,7.71,0.15,11.97,0,15.510918072291783,0.1479591793019552,0.0342857270013718,2.4542856509132043,1,17.5,18.1,7.71,7.71,0.155,0.16,21.43,21.36,51.4,0,46025,3.094,1.01,13.578,216.738,1015.294,14.164,16.219
2024-06-03,Santa Monica Pier,2024-06-04,34.008,-118.499,6,2024,0.0,17.8,5.96592915,0.145,15.9,0,15.82418344458755,0.21714285137702,0.1466667084466843,3.4757141987127915,1,17.8,17.5,7.71,7.71,0.15,0.155,11.97,21.43,41.14433896551724,0,46025,2.647,0.911,10.549,238.664,1015.56,14.251,16.308
2024-06-10,Santa Monica Pier,2024-06-10,34.008,-118.499,6,2024,0.0,18.4,5.96592915,0.14,2.16,0,16.578469188845887,0.7248979430189546,0.1009523300897507,10.435714052191802,1,17.8,17.8,5.96592915,7.71,0.145,0.15,15.9,11.97,42.61377964285714,0,46025,2.107,0.949,13.598,216.896,1012.829,15.637,16.817
2024-06-17,Santa Monica Pier,2024-06-17,34.008,-118.499,6,2024,0.0,19.4,5.96592915,0.17,1.42,0,17.734693595341273,1.6135713933986062,0.2438094729468935,22.679999504770553,1,18.4,17.8,5.96592915,5.96592915,0.14,0.145,2.16,15.9,35.09370088235294,0,46025,2.575,1.152,12.657,223.098,1013.073,15.71,17.35
2024-06-24,Santa Monica Pier,2024-06-24,34.008,-118.499,6,2024,0.0,20.0,5.96592915,0.1416666666666666,0.75,0,18.878673027972784,2.42163259885749,-0.1319046928769066,33.90285638400486,1,19.4,18.4,5.96592915,5.96592915,0.17,0.14,1.42,2.16,42.11244105882355,0,46025,2.987,1.023,11.3,228.075,1009.406,,18.089
2024-07-01,Santa Monica Pier,2024-07-01,34.008,-118.499,7,2024,0.034,20.8,5.57,0.1133333333333333,2.49,0,19.1366321991901,2.2905101508510355,0.1938095092773437,32.0671421119145,1,20.0,19.4,5.96592915,5.96592915,0.1416666666666666,0.17,0.75,1.42,49.14705882352943,0,46025,2.79,0.941,12.919,205.628,1012.715,,18.594
2024-07-08,Santa Monica Pier,2024-07-08,34.008,-118.499,7,2024,0.0,20.8,5.57,0.085,1.37,0,19.54979548162344,2.309489754997954,0.139047622680664,32.332856569971355,1,20.8,20.0,5.57,5.96592915,0.1133333333333333,0.1416666666666666,2.49,0.75,65.52941176470588,0,46025,2.657,0.928,13.209,208.376,1012.012,,18.998
2024-07-15,Santa Monica Pier,2024-07-15,34.008,-118.499,7,2024,0.0,21.8,5.57,0.0566666666666666,2.42,0,20.40112203481246,2.7756121973602137,-0.1223810286748976,38.858570763043,1,20.8,20.8,5.57,5.57,0.085,0.1133333333333333,1.37,2.49,98.29411764705894,0,46025,2.444,0.863,13.01,183.293,1012.545,,19.627
2024-07-22,Santa Monica Pier,2024-07-22,34.008,-118.499,7,2024,0.0,21.6,5.57,0.0283333333333333,0.61,0,20.236019815717423,2.2869387335923252,-0.1738095056442987,32.01714227029255,1,21.8,20.8,5.57,5.57,0.0566666666666666,0.085,2.42,1.37,196.58823529411788,0,46025,3.104,1.029,14.043,211.696,1014.877,,20.251
2024-07-22,Santa Monica Pier,2024-07-28,34.008,-118.499,7,2024,0.0,21.5,5.57,0.0,0.36,0,20.236019815717423,2.2869387335923252,-0.1738095056442987,32.01714227029255,1,21.6,21.8,5.57,5.57,0.0283333333333333,0.0566666666666666,0.61,2.42,,0,46025,3.104,1.029,14.043,211.696,1014.877,,20.251
2024-07-29,Santa Monica Pier,2024-07-29,34.008,-118.499,7,2024,0.0,21.0,5.57,0.03125,1.28,0,19.316019797811705,1.1188775321506723,-0.0019047146751767,15.704285449215345,1,21.5,21.6,5.57,5.57,0.0,0.0283333333333333,0.36,0.61,178.24,0,46025,3.089,1.06,10.407,222.278,1013.699,,21.124
2024-08-05,Santa Monica Pier,2024-08-05,34.008,-118.499,8,2024,0.0,18.5,4.381,0.0625,2.27,0,19.03408110871607,0.6098979448481482,0.2957143329438709,8.578571226980005,1,21.0,21.5,5.57,5.57,0.03125,0.0,1.28,0.36,70.096,0,46025,2.695,1.001,12.023,210.789,1014.612,,19.319
2024-08-12,Santa Monica Pier,2024-08-12,34.008,-118.499,8,2024,0.0,20.8,4.381,0.09375,0.91,0,20.145509564146703,1.495714254753322,0.13047608875093,20.939999566546508,1,18.5,21.0,4.381,5.57,0.0625,0.03125,2.27,1.28,46.73066666666667,0,46025,2.377,,,,1013.242,,
2024-08-19,Santa Monica Pier,2024-08-19,34.008,-118.499,8,2024,0.0,23.5,4.381,0.125,0.91,0,21.36581582439189,2.5338774907345676,-0.0290475572858537,35.474284870283945,1,20.8,18.5,4.381,4.381,0.09375,0.0625,0.91,2.27,35.048,0,46025,2.673,,,,1013.463,,
2024-08-26,Santa Monica Pier,2024-08-26,34.008,-118.499,8,2024,0.0,23.4,4.381,0.15625,1.43,0,21.5978567356966,2.676632584357748,-0.0857143402099608,37.472856181008474,1,23.5,20.8,4.381,4.381,0.125,0.09375,0.91,0.91,28.038400000000003,0,46025,3.327,,,,1014.708,,
2024-09-02,Santa Monica Pier,2024-09-02,34.008,-118.499,9,2024,0.0,23.5,3.789,0.1875,0.8,0,21.289489337376185,2.334489733588939,0.1104761759440103,32.682856270245146,1,23.4,23.5,4.381,4.381,0.15625,0.125,1.43,0.91,20.208,0,46025,2.396,,,,1015.522,,
2024-09-09,Santa Monica Pier,2024-09-09,34.008,-118.499,9,2024,0.0,20.5,3.789,0.21875,2.14,0,21.08908110248799,2.101530555559664,-0.2261904761904762,29.4214277778353,1,23.5,23.4,3.789,4.381,0.1875,0.15625,0.8,1.43,17.321142857142856,0,46025,3.634,,,,1011.086,,
2024-09-16,Santa Monica Pier,2024-09-16,34.008,-118.499,9,2024,0.0,20.0,3.789,0.25,0.73,0,20.38448907891098,1.3834693584667177,-0.1571428208124069,19.38571387529373,1,20.5,23.5,3.789,3.789,0.21875,0.1875,2.14,0.8,15.156,0,46025,3.596,,,,1009.89,,
2024-09-23,Santa Monica Pier,2024-09-23,34.008,-118.499,9,2024,0.0,20.0,3.789,0.27,4.3,0,19.12163191425557,0.1968367360532283,-0.2104761032831101,5.998571344784328,0,20.0,20.5,3.789,3.789,0.25,0.21875,0.73,2.14,14.033333333333331,0,46025,3.656,,,,1012.678,,
2024-09-30,Santa Monica Pier,2024-09-30,34.008,-118.499,9,2024,0.0,19.0,3.789,0.25,6.8,0,18.16663222410241,-0.6016326358883965,0.1371428171793619,0.6742856917636735,1,20.0,20.0,3.789,3.789,0.27,0.25,4.3,0.73,15.156,0,46025,2.983,,,,1010.885,,
2024-10-07,Santa Monica Pier,2024-10-07,34.008,-118.499,10,2024,0.0,19.0,4.197,0.41,2.3,0,17.982958949342066,-0.615612228420012,-0.1042858305431546,0.0599999986588954,0,19.0,20.0,3.789,3.789,0.25,0.27,6.8,4.3,10.23658536585366,0,46025,,,,,,,
2024-10-14,Santa Monica Pier,2024-10-14,34.008,-118.499,10,2024,0.0,20.0,4.197,0.11,14.0,0,18.021122114998953,-0.4026530537450191,0.0280953361874534,0.042857141899211,0,19.0,19.0,4.197,3.789,0.41,0.25,2.3,6.8,38.154545454545456,0,46025,,,,,,,
2024-10-21,Santa Monica Pier,2024-10-21,34.008,-118.499,10,2024,0.0,19.5,4.197,0.37,33.8,0,17.882958781962493,-0.3095918313733169,-0.0319047655378068,0.0100000000425747,1,20.0,19.0,4.197,4.197,0.11,0.41,14.0,2.3,11.343243243243244,0,46025,,,,,,,
2024-10-28,Santa Monica Pier,2024-10-28,34.008,-118.499,10,2024,0.0,16.5,4.197,0.19,2.6,0,17.608877162544097,-0.2695918302336821,-0.1295238676525297,0.0700000002980232,0,19.5,20.0,4.197,4.197,0.37,0.11,33.8,14.0,22.089473684210528,0,46025,,,,,,,
2024-11-04,Santa Monica Pier,2024-11-04,34.008,-118.499,11,2024,0.0,15.5,4.7585,3.47,0.63,0,16.91612194022354,-0.618673457269918,-0.1166665667579287,0.0600000002554484,0,16.5,19.5,4.197,4.197,0.19,0.37,2.6,33.8,1.3713256484149854,0,46025,,,,,,,
2024-11-11,Santa Monica Pier,2024-11-11,34.008,-118.499,11,2024,0.0,16.8,4.7585,0.6,7.6,0,16.203979083469935,-0.9872448827539172,-0.1000000635782877,0.0,0,15.5,16.5,4.7585,4.197,3.47,0.19,0.63,2.6,7.930833333333333,0,46025,2.686,1.233,14.13,262.667,1015.4,16.071,16.957
2024-11-18,Santa Monica Pier,2024-11-18,34.008,-118.499,11,2024,0.0,15.0,4.7585,4.9,1.8,0,15.54999959712126,-1.2928571141495997,-0.0771428062802269,0.0,0,16.8,15.5,4.7585,4.7585,0.6,3.47,7.6,0.63,0.9711224489795915,0,46025,5.874,1.425,11.607,261.776,1015.559,15.249,16.224
2024-11-25,Santa Monica Pier,2024-11-25,34.008,-118.499,11,2024,0.0,15.0,4.7585,4.19,1.3,0,14.969387414504071,-1.5149999613664586,0.0514285223824636,0.0,0,15.0,16.8,4.7585,4.7585,4.9,0.6,1.8,7.6,1.1356801909307874,0,46025,3.61,0.992,10.19,261.089,1018.056,13.975,15.117
2024-12-02,Santa Monica Pier,2024-12-02,34.008,-118.499,12,2024,0.0,15.5,4.542,1.56,0.78,0,14.896530287606376,-1.2224489480865246,-0.0466666448683965,0.0,0,15.0,15.0,4.7585,4.7585,4.19,4.9,1.3,1.8,2.9115384615384614,0,46025,2.119,0.766,14.196,202.226,1018.431,14.737,15.192
2024-12-09,Santa Monica Pier,2024-12-09,34.008,-118.499,12,2024,0.0,15.0,4.542,0.43,4.03,0,14.865305793528654,-0.8870407872054041,-0.0490476063319614,0.0,0,15.5,15.0,4.542,4.7585,1.56,4.19,0.78,1.3,10.562790697674416,0,46025,2.294,0.955,14.439,253.69,1019.573,13.995,15.573
2024-12-16,Santa Monica Pier,2024-12-16,34.008,-118.499,12,2024,0.0,16.0,4.542,0.255,3.66,0,14.676428240172717,-0.7279591642472208,0.04000000726609,0.0,0,15.0,15.5,4.542,4.542,0.43,1.56,4.03,0.78,17.811764705882354,0,46025,3.479,1.198,13.118,253.313,1020.559,14.151,15.081
2024-12-23,Santa Monica Pier,2024-12-23,34.008,-118.499,12,2024,0.0,16.0,4.542,0.08,4.6,0,14.65969352332913,-0.4858163160328961,-0.0347619283766973,0.0,0,16.0,15.0,4.542,4.542,0.255,0.43,3.66,4.03,56.775,0,46025,2.782,1.221,12.196,257.221,1020.234,14.361,15.018
2024-12-30,Santa Monica Pier,2024-12-30,34.008,-118.499,12,2024,0.0,15.5,4.542,1.5,3.92,0,14.629999725186094,-0.3431632557541739,0.0147618793305896,0.0,0,16.0,16.0,4.542,4.542,0.08,0.255,4.6,3.66,3.028,0,46025,3.629,2.117,15.557,259.818,1019.036,13.975,15.02
2025-01-06,Santa Monica Pier,2025-01-06,34.008,-118.499,1,2025,0.0,15.5,6.289,0.0,17.32,0,14.576122147696358,-0.2408163222123165,-0.029523804074242,0.0799999982118605,1,15.5,16.0,4.542,4.542,1.5,0.08,3.92,4.6,,0,46025,2.183,1.318,13.207,252.705,1018.698,13.636,15.109
2025-01-13,Santa Monica Pier,2025-01-13,34.008,-118.499,1,2025,0.0,15.0,6.289,0.98,8.55,0,14.44602003876044,-0.2171428530876125,-0.033333278837658,0.0799999982118605,0,15.5,15.5,6.289,4.542,0.0,1.5,17.32,3.92,6.41734693877551,0,46025,5.186,1.382,13.193,229.092,1018.922,15.472,14.593
2025-01-20,Santa Monica Pier,2025-01-20,34.008,-118.499,1,2025,0.086,15.0,6.289,0.61,2.43,0,14.293060964467577,-0.2515306051022239,0.0157142820812406,0.0185714281563247,1,15.0,15.5,6.289,6.289,0.98,0.0,8.55,17.32,10.309836065573773,0,46025,2.981,0.794,14.479,240.24,1022.785,13.76,14.428
2025-01-27,Santa Monica Pier,2025-01-27,34.008,-118.499,1,2025,0.0,15.0,6.289,1.99,1.14,0,14.277754978257784,-0.2056122381164102,0.0228571210588727,0.0514285702790532,1,15.0,15.0,6.289,6.289,0.61,0.98,2.43,8.55,3.1603015075376883,0,46025,2.775,0.826,14.571,253.641,1020.79,14.273,14.444
2025-02-03,Santa Monica Pier,2025-02-03,34.008,-118.499,2,2025,0.0,14.2,7.9710026,2.26,0.69,0,14.338367131291603,-0.1104081589918659,0.0133333206176757,0.2228571376098053,1,15.0,15.0,6.289,6.289,1.99,0.61,1.14,2.43,3.5269923008849564,0,46025,2.724,0.776,9.699,234.233,1020.773,12.622,14.126
2025-02-10,Santa Monica Pier,2025-02-10,34.008,-118.499,2,2025,0.032,16.0,7.9710026,1.33,0.88,0,14.378060905300842,-0.038163263445758,-0.0761904489426385,0.5185714151178088,1,14.2,15.0,7.9710026,6.289,2.26,1.99,0.69,1.14,5.993235037593985,0,46025,4.224,1.234,11.187,247.152,1017.419,13.086,13.98
2025-02-17,Santa Monica Pier,2025-02-17,34.008,-118.499,2,2025,0.0,16.0,7.9710026,3.6,0.53,0,14.216020155926142,-0.1748979544571163,0.0538095292590912,0.3514285619769777,1,16.0,14.2,7.9710026,7.9710026,1.33,2.26,0.88,0.69,2.214167388888889,0,46025,5.62,1.563,9.626,255.438,1017.272,12.925,13.923
2025-02-24,Santa Monica Pier,2025-02-24,34.008,-118.499,2,2025,0.261,16.0,7.9710026,0.77,5.26,1,14.27244879274952,-0.112040814601493,0.0247618811471121,0.955714253442628,1,16.0,16.0,7.9710026,7.9710026,3.6,1.33,0.53,0.88,10.351951428571429,1,46025,2.63,1.266,12.379,260.43,1018.297,13.094,13.568
2025-03-03,Santa Monica Pier,2025-03-03,34.008,-118.499,3,2025,0.43,14.2,7.787878,6.09,1.54,1,14.143265101374412,-0.2469387728986995,-0.2614285605294363,1.4071428052016668,0,16.0,16.0,7.9710026,7.9710026,0.77,3.6,5.26,0.53,1.2787977011494254,1,46025,3.278,1.569,13.648,256.659,1016.558,13.49,14.456
2025-03-10,Santa Monica Pier,2025-03-10,34.008,-118.499,3,2025,2.475,14.9,7.787878,4.96,6.68,1,13.364183357783729,-1.0343877390711282,0.0204761595953078,0.4742856941052845,0,14.2,16.0,7.787878,7.9710026,6.09,0.77,1.54,5.26,1.5701366935483871,1,46025,6.349,1.558,10.095,257.152,1018.799,11.98,13.002
2025-03-17,Santa Monica Pier,2025-03-17,34.008,-118.499,3,2025,1.238,14.8,7.787878,0.21,15.62,1,13.04081594700716,-1.3705101755200602,0.1547619047619047,0.0,0,14.9,14.2,7.787878,7.787878,4.96,6.09,6.68,1.54,37.08513333333334,1,46025,5.101,1.501,10.755,248.329,1015.443,12.04,12.626
2025-03-24,Santa Monica Pier,2025-03-24,34.008,-118.499,3,2025,2.268,16.1,7.787878,0.66,5.68,1,13.63765270855962,-0.7944897744728595,0.0685714540027436,0.0999999940395355,1,14.8,14.9,7.787878,7.787878,0.21,4.96,15.62,6.68,11.799815151515151,1,46025,3.595,1.306,10.382,259.961,1019.921,13.11,13.556
2025-03-31,Santa Monica Pier,2025-03-31,34.008,-118.499,3,2025,1.692,15.1,7.787878,0.22,7.38,1,13.965509872047267,-0.4973469295976113,-0.2480952399117605,0.199999988079071,0,16.1,14.8,7.787878,7.787878,0.66,0.21,5.68,15.62,35.39944545454546,1,46025,3.719,1.221,14.201,239.128,1016.918,13.228,14.577
2025-04-07,Santa Monica Pier,2025-04-07,34.008,-118.499,4,2025,2.025,13.3,8.2213575,0.32,21.27,1,13.574795606184978,-0.9213265144095129,0.3033333278837657,0.2814285606145858,1,15.1,16.1,7.787878,7.787878,0.22,0.66,7.38,5.68,25.691742187499997,1,46025,6.5,1.417,9.223,245.78,1017.339,13.262,13.969
2025-04-14,Santa Monica Pier,2025-04-14,34.008,-118.499,4,2025,0.266,14.8,8.2213575,0.56,5.38,1,14.097448670134252,-0.4352040792606315,0.0342856815883091,2.9428570015089854,1,13.3,15.1,8.2213575,7.787878,0.32,0.22,21.27,7.38,14.680995535714285,1,46025,2.073,1.297,13.923,240.422,1017.287,13.789,13.992
2025-04-21,Santa Monica Pier,2025-04-21,34.008,-118.499,4,2025,0.0,16.2,8.2213575,0.56,14.2,0,15.051122081523038,0.4490816117245323,0.0728572209676106,6.804285413452557,1,14.8,13.3,8.2213575,8.2213575,0.56,0.32,5.38,21.27,14.680995535714285,0,46025,2.996,0.812,13.886,208.913,1016.862,13.233,13.959
2025-04-28,Santa Monica Pier,2025-04-28,34.008,-118.499,4,2025,0.0,16.9,8.2213575,0.68,5.04,0,15.499897596787434,0.7864285461148438,0.0533333278837657,11.009999645607811,1,16.2,14.8,8.2213575,8.2213575,0.56,0.56,14.2,5.38,12.090231617647058,0,46025,3.753,0.85,15.126,207.758,1015.516,13.197,15.133
2025-05-05,Santa Monica Pier,2025-05-05,34.008,-118.499,5,2025,0.0,17.1,7.71,0.39,32.3,0,15.992856765279964,1.1535713964579055,0.1152380534580775,16.14999955041068,1,16.9,16.2,8.2213575,8.2213575,0.68,0.56,5.04,14.2,19.76923076923077,0,46025,3.287,1.083,13.922,208.857,1015.356,13.606,15.274
2025-05-12,Santa Monica Pier,2025-05-12,34.008,-118.499,5,2025,0.0,18.9,7.71,0.31,0.83,0,16.48959151092841,1.5225509879540424,0.0295238494873046,21.315713831356593,1,17.1,16.9,7.71,8.2213575,0.39,0.68,32.3,5.04,24.870967741935484,0,46025,2.822,1.113,13.484,220.326,1014.153,15.152,16.441
2025-05-19,Santa Monica Pier,2025-05-19,34.008,-118.499,5,2025,0.0,19.0,7.71,0.28,0.25,0,17.14336714452627,2.0224489508842933,0.2085713886079333,28.31428531238011,1,18.9,17.1,7.71,7.71,0.31,0.39,0.83,32.3,27.535714285714285,0,46025,4.313,1.279,8.992,244.884,1014.851,15.079,17.179
2025-05-26,Santa Monica Pier,2025-05-26,34.008,-118.499,5,2025,0.0,20.0,7.71,0.28,0.37,0,17.985101777680065,2.6540816024858125,0.0214286077590215,37.15714243480137,1,19.0,18.9,7.71,7.71,0.28,0.31,0.25,0.83,27.535714285714285,0,46025,2.817,1.097,11.613,221.467,1014.12,16.335,18.036
2025-06-02,Santa Monica Pier,2025-06-02,34.008,-118.499,6,2025,0.0,19.8,5.96592915,0.2,0.11,0,18.25153031641123,2.6770407679129624,-0.1957142239525204,37.478570750781465,1,20.0,19.0,7.71,7.71,0.28,0.28,0.37,0.25,29.829645749999997,0,46025,3.018,1.028,13.68,205.352,1014.865,15.645,17.907
2025-06-09,Santa Monica Pier,2025-06-09,34.008,-118.499,6,2025,0.0,18.5,5.96592915,0.34,0.36,0,17.74173452416245,1.9223468905808976,0.1485713777087983,26.912856468132563,1,19.8,20.0,5.96592915,7.71,0.2,0.28,0.11,0.37,17.54685044117647,0,46025,3.618,0.931,14.702,193.782,1014.316,15.658,18.365
2025-06-16,Santa Monica Pier,2025-06-16,34.008,-118.499,6,2025,0.083,20.0,5.96592915,0.25,0.22,0,18.061734530390527,1.9808162919112615,0.1576189313616071,27.73142808675766,1,18.5,19.8,5.96592915,5.96592915,0.34,0.2,0.36,0.11,23.8637166,0,46025,2.673,0.989,15.153,206.357,1012.903,16.232,17.889
2025-06-23,Santa Monica Pier,2025-06-23,34.008,-118.499,6,2025,0.0,20.5,5.96592915,0.11,0.08,0,19.172142456988897,2.764591761997768,0.1676190694173176,38.70428466796875,1,20.0,18.5,5.96592915,5.96592915,0.25,0.34,0.22,0.36,54.23571954545454,0,46025,3.026,1.206,10.633,231.201,1011.01,17.641,19.426
2025-06-30,Santa Monica Pier,2025-06-30,34.008,-118.499,6,2025,0.0,22.0,5.96592915,0.5,0.23,0,19.65101991380964,2.85877540525125,-0.2199998583112444,40.0228556735175,1,20.5,20.0,5.96592915,5.96592915,0.11,0.25,0.08,0.22,11.9318583,0,46025,3.195,0.916,11.71,218.577,1014.481,15.919,18.92
2025-07-07,Santa Monica Pier,2025-07-07,34.008,-118.499,7,2025,0.0,21.0,5.57,0.08,0.28,0,19.192754803871622,2.0072448314452656,-0.0085715339297339,28.10142764023372,1,22.0,20.5,5.96592915,5.96592915,0.5,0.11,0.23,0.08,69.625,0,46025,3.282,0.943,14.397,196.119,1013.89,16.994,20.233
2025-07-14,Santa Monica Pier,2025-07-14,34.008,-118.499,7,2025,0.0,20.0,5.57,0.6,0.5,0,19.00642821253562,1.4325509959337663,0.1519047873360769,20.05571394307273,1,21.0,22.0,5.57,5.96592915,0.08,0.5,0.28,0.23,9.283333333333337,0,46025,3.261,1.024,10.855,224.728,1015.321,17.075,19.03
2025-07-21,Santa Monica Pier,2025-07-21,34.008,-118.499,7,2025,0.0,20.8,5.57,0.24,0.95,0,19.614795431798814,1.7062244609910615,-0.0452381315685454,23.887142453874866,1,20.0,21.0,5.57,5.57,0.6,0.08,0.5,0.28,23.208333333333336,0,46025,2.908,0.913,15.176,183.427,1014.768,17.02,19.211
2025-08-04,Santa Monica Pier,2025-08-04,34.008,-118.499,8,2025,0.0,21.5,4.381,0.09,0.45,0,20.06224435689498,1.6707142670543826,0.1852381569998604,23.389999738761357,1,20.8,20.0,5.57,5.57,0.24,0.6,0.95,0.5,48.677777777777784,0,46025,2.69,0.875,8.929,237.617,1017.015,17.25,19.52
2025-08-11,Santa Monica Pier,2025-08-11,34.008,-118.499,8,2025,0.0,21.8,4.381,0.06,1.02,0,20.83397933415004,2.2155101822347056,-0.0404762086414155,31.01714255128588,1,21.5,20.8,4.381,5.57,0.09,0.24,0.45,0.95,73.01666666666668,0,46025,2.844,1.027,14.006,196.539,1014.062,18.064,20.083
2025-08-18,Santa Monica Pier,2025-08-18,34.008,-118.499,8,2025,0.0,22.0,4.381,0.0,2.05,0,21.40530597920321,2.5942856657261752,0.2671427953810918,36.31999932016645,1,21.8,21.5,4.381,4.381,0.06,0.09,1.02,0.45,,0,46025,2.886,1.053,14.263,202.245,1014.171,17.782,19.554
2025-08-25,Santa Monica Pier,2025-08-25,34.008,-118.499,8,2025,0.0,23.8,4.381,0.28,1.74,0,22.065203705612493,3.1517345978289235,-0.0700000581287202,44.12428436960493,1,22.0,21.8,4.381,4.381,0.0,0.06,2.05,1.02,15.64642857142857,0,46025,2.287,0.786,13.815,198.515,1012.72,19.05,19.462
2025-09-01,Santa Monica Pier,2025-09-01,34.008,-118.499,9,2025,0.0,23.5,3.789,0.97,1.59,0,22.433876991271973,3.4810203119200103,-0.0580952053978329,48.734284366880146,1,23.8,22.0,4.381,4.381,0.28,0.0,1.74,2.05,3.9061855670103096,0,46025,2.33,0.832,14.156,194.193,1014.398,18.83,19.394
2025-09-08,Santa Monica Pier,2025-09-08,34.008,-118.499,9,2025,0.0,23.5,3.789,0.26,1.09,0,22.027142310629085,3.0425509554999217,-0.1409523373558407,42.5957133769989,1,23.5,23.8,3.789,4.381,0.97,0.28,1.59,1.74,14.573076923076924,0,46025,3.237,0.951,13.829,192.779,1013.077,18.993,20.263
2025-09-15,Santa Monica Pier,2025-09-15,34.008,-118.499,9,2025,0.0,23.0,3.789,0.2,2.05,0,21.369081088474815,2.3649999511485196,-0.021904809134347,33.109999316079275,1,23.5,23.5,3.789,3.789,0.26,0.97,1.09,1.59,18.945,0,46025,3.41,0.993,11.112,221.587,1013.53,19.496,21.016
2025-09-22,Santa Monica Pier,2025-09-22,34.008,-118.499,9,2025,0.0,23.0,3.789,0.02,1.5,0,20.852448346663493,1.909489760593492,-0.1152380988711402,26.73285664830889,1,23.0,23.5,3.789,3.789,0.2,0.26,2.05,1.09,189.45,0,46025,3.046,0.807,13.348,201.58,1012.471,18.934,19.953
2025-09-29,Santa Monica Pier,2025-09-29,34.008,-118.499,9,2025,0.0,21.0,3.789,2.57,1.57,0,20.346121768562163,1.5526530292569376,-0.0680952526274181,21.737142409597123,1,23.0,23.0,3.789,3.789,0.02,0.2,1.5,2.05,1.47431906614786,0,46025,2.548,0.802,12.185,200.675,1012.754,18.756,20.202
2025-10-06,Santa Monica Pier,2025-10-06,34.008,-118.499,10,2025,0.0,21.0,4.197,6.29,1.94,0,19.748468807765416,1.1254081400681517,-0.0633333297002883,15.755713960954122,1,21.0,23.0,3.789,3.789,2.57,0.02,1.57,1.5,0.6672496025437202,0,46025,3.833,1.176,10.167,217.815,1014.409,19.231,20.509
2025-10-13,Santa Monica Pier,2025-10-13,34.008,-118.499,10,2025,0.0,19.0,4.197,2.45,2.57,0,19.19969323216652,0.7505101920390616,0.0419048127673921,10.507142688546862,1,21.0,21.0,4.197,3.789,6.29,2.57,1.94,1.57,1.7130612244897958,0,46025,3.184,0.886,11.528,221.134,1010.719,18.61,20.258
2025-10-20,Santa Monica Pier,2025-10-20,34.008,-118.499,10,2025,0.0,20.5,4.197,0.0,1.36,0,19.0888769772588,0.8596938608252273,-0.067619142078218,12.035714051553182,1,19.0,21.0,4.197,4.197,2.45,6.29,2.57,1.94,,0,46025,3.346,1.032,11.524,221.015,1012.655,18.077,19.741
2025-10-27,Santa Monica Pier,2025-10-27,34.008,-118.499,10,2025,0.0,18.5,4.197,0.08,0.73,0,19.11581578546641,1.1899999702463346,-0.0347617921375093,16.659999583448684,1,20.5,19.0,4.197,4.197,0.0,2.45,1.36,2.57,52.4625,0,46025,3.394,0.959,13.014,237.561,1016.526,17.825,19.818
2025-11-03,Santa Monica Pier,2025-11-03,34.008,-118.499,11,2025,0.0,19.0,4.7585,0.17,1.37,0,18.893264751045074,1.3095918024072843,0.0423809233165922,18.33428523370198,1,18.5,20.5,4.197,4.197,0.08,0.0,0.73,1.36,27.991176470588233,0,46025,2.168,1.037,12.433,233.586,1015.359,17.746,18.955
2025-11-10,Santa Monica Pier,2025-11-10,34.008,-118.499,11,2025,0.0,18.5,4.7585,0.16,0.89,0,18.79775471590003,1.5566326075670671,-0.0595237186976841,21.79285650593894,1,19.0,18.5,4.7585,4.197,0.17,0.08,1.37,0.73,29.740625,0,46025,2.287,1.172,13.143,241.756,1017.572,16.738,18.695
2025-11-17,Santa Monica Pier,2025-11-17,34.008,-118.499,11,2025,0.0,18.0,4.7585,0.63,0.27,0,18.56040789156544,1.6667346370463467,-0.0661905379522414,23.334284918648855,1,18.5,19.0,4.7585,4.7585,0.16,0.17,0.89,1.37,7.553174603174603,0,46025,4.062,1.149,13.208,213.815,1016.12,16.451,18.116
2025-11-24,Santa Monica Pier,2025-11-24,34.008,-118.499,11,2025,0.0,18.0,4.7585,0.73,0.23,0,18.245101734083526,1.7089795433745092,0.0200000036330449,23.92571360724313,1,18.0,18.5,4.7585,4.7585,0.63,0.16,0.27,0.89,6.5184931506849315,0,46025,4.347,1.087,10.736,219.152,1014.607,15.607,17.365
2025-12-01,Santa Monica Pier,2025-12-01,34.008,-118.499,12,2025,0.0,18.0,4.542,0.0,0.43,0,18.130101768337948,1.9585713707670875,-0.0519047691708519,27.419999190739222,1,18.0,18.0,4.7585,4.7585,0.73,0.63,0.23,0.27,,0,46025,2.067,0.785,13.925,218.174,1017.644,16.236,17.209
2025-12-08,Santa Monica Pier,2025-12-08,34.008,-118.499,12,2025,0.0,17.4,4.542,0.045,0.62,0,17.978264964356715,2.172857071672167,-0.020000003633045,30.41999900341034,1,18.0,18.0,4.542,4.7585,0.0,0.73,0.43,0.23,100.93333333333334,0,46025,2.79,0.988,13.6,237.295,1017.94,16.143,17.11
2025-12-15,Santa Monica Pier,2025-12-15,34.008,-118.499,12,2025,0.0,19.0,4.542,0.09,0.33,0,17.772856653953085,2.3227550496860423,-0.0171429770333426,32.518570695604595,1,17.4,18.0,4.542,4.542,0.045,0.0,0.62,0.43,50.46666666666667,0,46025,2.494,0.812,12.689,231.095,1017.449,15.822,16.606
2025-12-22,Santa Monica Pier,2025-12-26,34.008,-118.499,12,2025,0.0,16.8,4.542,4.94,0.5,0,17.581836272259146,2.407959166838198,-0.0690474737258184,33.71142833573477,1,19.0,17.4,4.542,4.542,0.09,0.045,0.33,0.62,0.9194331983805668,0,46025,2.622,0.959,10.082,251.509,1017.402,16.006,17.445
2025-12-29,Santa Monica Pier,2025-12-29,34.008,-118.499,12,2025,0.0,16.7,4.542,3.3550000000000004,0.24,0,17.237142465552505,2.2443877239616548,-0.0676190512520925,31.42142813546317,1,16.8,19.0,4.542,4.542,4.94,0.09,0.5,0.33,1.353800298062593,0,46025,5.653,1.512,8.982,235.077,1016.32,15.699,16.781
2026-01-05,Santa Monica Pier,2026-01-05,34.008,-118.499,1,2026,0.0,17.2,6.289,1.77,0.83,0,16.827550751822336,1.9885713664852844,-0.0195238022577194,27.83999913079398,1,16.7,16.8,4.542,4.542,3.3550000000000004,4.94,0.24,0.5,3.5531073446327683,0,46025,4.862,0.667,7.703,185.16,1018.547,17.658,16.465
2026-01-12,Santa Monica Pier,2026-01-12,34.008,-118.499,1,2026,0.0,17.0,6.289,1.77,0.84,0,16.602244630151866,1.9164285270535215,0.0214286077590215,26.829999378749303,1,17.2,16.7,6.289,4.542,1.77,3.3550000000000004,0.83,0.24,3.5531073446327683,0,46025,,,,,,,
2026-01-19,Santa Monica Pier,2026-01-19,34.008,-118.499,1,2026,0.0,17.0,6.289,1.77,0.84,0,16.599183277207977,2.0416326157900753,-0.0214286077590215,28.58285662106105,1,17.0,17.2,6.289,6.289,1.77,1.77,0.84,0.83,3.5531073446327683,0,46025,,,,,,,
2026-01-26,Santa Monica Pier,2026-01-26,34.008,-118.499,1,2026,0.0,17.0,6.289,1.77,0.84,0,16.569285217596562,2.082040778228215,0.0152380807059151,29.148570895195007,1,17.0,17.0,6.289,6.289,1.77,1.77,0.84,0.84,3.5531073446327683,0,46025,,,,,,,
2026-02-02,Santa Monica Pier,2026-02-02,34.008,-118.499,2,2026,0.0,17.0,7.9710026,1.77,0.84,0,16.559387421121404,2.107448950105784,0.0314285641624814,29.504285301480973,1,17.0,17.0,6.289,6.289,1.77,1.77,0.84,0.84,4.5033912994350285,0,46025,,,,,,,
2026-02-09,Santa Monica Pier,2026-02-09,34.008,-118.499,2,2026,0.0,18.0,7.9710026,1.77,0.84,0,16.721428365123515,2.3023469046670564,-0.0242857251848493,32.23285666533879,1,17.0,17.0,7.9710026,6.289,1.77,1.77,0.84,0.84,4.5033912994350285,0,46025,,,,,,,
2026-02-16,Santa Monica Pier,2026-02-16,34.008,-118.499,2,2026,0.0,16.2,7.9710026,1.77,0.84,0,16.60948942145523,2.2169387340545654,-0.1480952217465354,31.037142276763916,1,18.0,17.0,7.9710026,7.9710026,1.77,1.77,0.84,0.84,4.5033912994350285,0,46025,,,,,,,
2026-02-23,Santa Monica Pier,2026-02-23,34.008,-118.499,2,2026,0.0,17.8,7.9710026,1.77,0.84,0,16.035407737809784,1.6507142538927038,0.0495238077072869,23.109999554497858,1,16.2,18.0,7.9710026,7.9710026,1.77,1.77,0.84,0.84,4.5033912994350285,0,46025,,,,,,,
2026-03-02,Santa Monica Pier,2026-03-02,34.008,-118.499,3,2026,0.038,17.9,7.787878,1.77,0.84,0,15.757856875049823,1.366836712068441,-0.0700000127156575,19.135713968958175,1,17.8,16.2,7.9710026,7.9710026,1.77,1.77,0.84,0.84,4.399931073446328,0,46025,,,,,,,
2017-01-02,Scripps Pier,2017-01-02,32.867,-117.257,1,2017,0.0,15.2,2.1,0.54,0.89,0,15.258242644355413,-0.0635261869217668,0.0859999974568684,0.4339999914169311,1,15.2,15.2,2.1,2.1,0.54,0.54,0.89,0.89,3.888888888888889,0,46086,6.383,1.675,12.729,278.75,1012.967,12.979,15.763
2017-01-09,Scripps Pier,2017-01-09,32.867,-117.257,1,2017,0.0,15.5,2.9,0.3,1.16,0,15.38185627465735,0.1262270019753797,-0.0366666884649367,2.258571387401649,1,15.2,15.5,2.1,2.9,0.54,0.3,0.89,1.16,9.666666666666666,0,46086,2.713,0.964,12.791,263.583,1019.205,14.547,15.854
2017-01-16,Scripps Pier,2017-01-16,32.867,-117.257,1,2017,0.0,15.0,3.7,0.57,1.26,0,15.407040479231853,0.2703061161600813,-0.0404761632283528,3.915714192603315,1,15.5,15.2,2.9,2.1,0.3,0.54,1.16,0.89,6.491228070175439,0,46086,4.237,1.528,10.642,277.161,1017.624,14.82,16.159
2017-01-23,Scripps Pier,2017-01-23,32.867,-117.257,1,2017,0.0,14.6,4.9,1.83,0.82,0,15.136530321471543,0.0870408127464505,-0.0452380861554827,2.6714285079921996,1,15.0,15.5,3.7,2.9,0.57,0.3,1.26,1.16,2.677595628415301,0,46086,6.045,2.515,14.982,281.798,1015.549,14.236,15.879
2017-01-30,Scripps Pier,2017-01-30,32.867,-117.257,1,2017,0.0,14.7,4.6,2.42,1.76,0,14.922856846634222,-0.0937755095525359,0.0552380879720051,1.088571414351463,1,14.6,15.0,4.9,3.7,1.83,0.57,0.82,1.26,1.9008264462809916,0,46086,5.638,2.44,14.747,297.458,1022.797,13.854,15.46
2017-02-06,Scripps Pier,2017-02-06,32.867,-117.257,2,2017,0.0,14.7,3.1,1.26,1.17,0,15.023571043598407,0.0317346920468369,0.0138094765799386,1.511428530727114,1,14.7,14.6,4.6,4.9,2.42,1.83,1.76,0.82,2.4603174603174605,0,46086,2.454,1.539,13.203,281.202,1019.147,14.663,15.835
2017-02-13,Scripps Pier,2017-02-13,32.867,-117.257,2,2017,0.0,14.3,5.8,4.65,2.34,0,15.246938316189514,0.2775510163331517,-0.01761904216948,3.9628570824861526,1,14.7,14.7,3.1,4.6,1.26,2.42,1.17,1.76,1.247311827956989,0,46086,4.62,1.52,12.299,279.988,1018.548,14.812,15.618
2017-02-20,Scripps Pier,2017-02-20,32.867,-117.257,2,2017,0.0,15.2,3.4,0.33,1.1,0,15.314591456432732,0.3458163213859103,-0.0171428407941545,4.865714213677815,1,14.3,14.7,5.8,3.1,4.65,1.26,2.34,1.17,10.303030303030305,0,46086,5.729,2.181,13.67,267.295,1012.604,14.17,15.421
2017-02-27,Scripps Pier,2017-02-27,32.867,-117.257,2,2017,0.0,14.5,5.2,3.12,1.53,0,15.097652746706592,0.1038775502380971,0.0161904834565662,2.4642856626638343,1,15.2,14.3,3.4,5.8,0.33,4.65,1.1,2.34,1.6666666666666667,0,46086,5.514,2.072,12.429,286.762,1020.702,13.446,15.143
2017-03-06,Scripps Pier,2017-03-06,32.867,-117.257,3,2017,0.0,14.9,6.6,1.06,2.52,0,15.082142537953905,0.0557142863696326,0.1366667066301618,2.065714239541973,1,14.5,15.2,5.2,3.4,3.12,0.33,1.53,1.1,6.226415094339622,0,46086,4.708,1.245,13.419,234.899,1017.359,14.199,15.139
2017-03-13,Scripps Pier,2017-03-13,32.867,-117.257,3,2017,0.0,16.1,6.0,0.0,2.61,0,15.686734423345449,0.6273469227385157,0.0719046819777715,9.082856903650931,1,14.9,14.5,6.6,5.2,1.06,3.12,2.52,1.53,,0,46086,3.718,1.329,12.527,266.701,1018.341,14.089,15.538
2017-03-20,Scripps Pier,2017-03-20,32.867,-117.257,3,2017,0.0,16.1,5.1,0.69,2.62,0,16.340407877552266,1.237755066848227,-0.026190439860026,17.328570935875177,1,16.1,14.9,6.0,6.6,0.0,1.06,2.61,2.52,7.391304347826087,0,46086,2.954,0.942,13.776,247.988,1017.683,13.533,16.171
2017-03-27,Scripps Pier,2017-03-27,32.867,-117.257,3,2017,0.0,15.0,6.5,2.12,5.88,0,16.530714151810624,1.3658163012290487,0.0042858123779296,19.12142821720668,1,16.1,16.1,5.1,6.0,0.69,0.0,2.62,2.61,3.0660377358490565,0,46086,4.864,1.496,13.266,264.899,1019.368,14.711,15.962
2017-04-03,Scripps Pier,2017-04-03,32.867,-117.257,4,2017,0.0,17.2,4.3,0.0,6.2,0,16.669489821609186,1.4321428367069788,0.0828571319580078,20.049999713897705,1,15.0,16.1,6.5,5.1,2.12,0.69,5.88,2.62,,0,46086,5.435,2.203,12.885,286.256,1014.692,14.994,15.834
2017-04-10,Scripps Pier,2017-04-10,32.867,-117.257,4,2017,0.0,15.5,6.8,0.74,8.64,0,16.778367256631658,1.4687754749035349,-0.0985714140392484,20.56285664864949,1,17.2,15.0,4.3,6.5,0.0,2.12,6.2,5.88,9.18918918918919,0,46086,3.846,1.78,13.845,277.292,1016.223,14.329,16.333
2017-04-17,Scripps Pier,2017-04-17,32.867,-117.257,4,2017,0.12,15.9,9.0,0.47,11.03,1,16.64346924606635,1.2508163020318868,0.2138094220842633,17.511428228446416,1,15.5,17.2,6.8,4.3,0.74,0.0,8.64,6.2,19.148936170212767,1,46086,5.133,1.693,12.095,273.452,1016.349,15.027,16.565
2017-04-24,Scripps Pier,2017-04-24,32.867,-117.257,4,2017,0.05,16.7,2.7,0.38,3.67,0,17.028673269310776,1.5174489410556091,-0.0323809669131324,21.24428517477853,1,15.9,15.5,9.0,6.8,0.47,0.74,11.03,8.64,7.105263157894737,0,46086,5.079,1.658,13.817,255.631,1016.015,15.849,17.176
2017-05-01,Scripps Pier,2017-05-01,32.867,-117.257,5,2017,2.07,17.0,1.5,0.44,3.43,1,17.770305750321366,2.1145917846232045,0.0714285714285714,29.604284984724863,1,16.7,15.9,2.7,9.0,0.38,0.47,3.67,11.03,3.409090909090909,1,46086,7.075,2.515,10.005,286.162,1012.26,16.06,17.04
2017-05-08,Scripps Pier,2017-05-08,32.867,-117.257,5,2017,0.0,16.4,2.0,0.72,5.1,0,17.76336685492068,1.9591836375849587,-0.1028571355910528,27.428570926189423,1,17.0,16.7,1.5,2.7,0.44,0.38,3.43,3.67,2.7777777777777777,0,46086,4.341,1.664,14.353,224.94,1012.95,14.837,17.771
2017-05-15,Scripps Pier,2017-05-15,32.867,-117.257,5,2017,0.0,17.2,3.4,0.3,4.49,0,17.41857116076411,1.4599999669863253,0.1261905488513765,20.439999537808553,1,16.4,17.0,2.0,1.5,0.72,0.44,5.1,3.43,11.333333333333334,0,46086,5.234,1.865,11.202,282.861,1014.613,14.633,16.217
2017-05-22,Scripps Pier,2017-05-22,32.867,-117.257,5,2017,0.05,19.1,3.2,0.21,3.2,0,17.67153043163066,1.5199999778854605,-0.11476198832194,21.279999690396444,1,17.2,16.4,3.4,2.0,0.3,0.72,4.49,5.1,15.23809523809524,0,46086,5.572,1.629,9.306,269.747,1013.556,14.667,16.185
2017-05-29,Scripps Pier,2017-05-29,32.867,-117.257,5,2017,0.83,14.7,3.2,1.7,8.71,1,17.725815928712183,1.333163247424729,0.0676190512520926,18.664285463946207,1,19.1,17.2,3.2,3.4,0.21,0.3,3.2,4.49,1.8823529411764708,1,46086,4.346,1.156,13.106,225.325,1014.558,15.07,16.919
2017-06-05,Scripps Pier,2017-06-05,32.867,-117.257,6,2017,0.0,18.0,1.1,0.21,1.77,0,17.728979130180512,1.0820407916088493,0.0838094438825334,15.14857108252389,1,14.7,19.1,3.2,3.2,1.7,0.21,8.71,3.2,5.238095238095239,0,46086,2.667,1.407,10.876,257.239,1012.521,15.321,17.424
2017-06-12,Scripps Pier,2017-06-12,32.867,-117.257,6,2017,0.0,18.5,3.0,0.49,2.32,0,18.462040278376367,1.5594897683785889,0.2904762086414155,21.83285675730024,1,18.0,14.7,1.1,3.2,0.21,1.7,1.77,8.71,6.122448979591836,0,46086,4.262,1.524,11.374,240.733,1013.754,15.25,17.01
2017-06-19,Scripps Pier,2017-06-19,32.867,-117.257,6,2017,0.0,21.1,2.5,0.0,2.75,0,19.543978963579452,2.346530565193721,-0.1676189785911923,32.8514279127121,1,18.5,18.0,3.0,1.1,0.49,0.21,2.32,1.77,,0,46086,3.919,1.689,9.083,279.418,1012.933,15.722,17.448
2017-06-26,Scripps Pier,2017-06-26,32.867,-117.257,6,2017,0.0,16.9,6.3,0.44,3.14,0,19.79948935216787,2.2330611786063836,0.0466666448683965,31.26285650048937,1,21.1,18.5,2.5,3.0,0.0,0.49,2.75,2.32,14.318181818181818,0,46086,4.445,1.654,13.366,220.311,1010.887,15.921,17.612
2017-07-03,Scripps Pier,2017-07-03,32.867,-117.257,7,2017,0.0,20.0,7.5,0.0,2.92,0,19.788673070012305,1.8139795563658887,0.2704762050083705,25.395713789122446,1,16.9,21.1,6.3,2.5,0.44,0.0,3.14,2.75,,0,46086,3.767,1.478,11.397,243.56,1012.944,,17.801
2017-07-10,Scripps Pier,2017-07-10,32.867,-117.257,7,2017,0.0,22.4,4.5,0.0,1.58,0,21.076223937832577,2.6910203524998257,0.2204761505126952,37.67428493499756,1,20.0,16.9,7.5,6.3,0.0,0.44,2.92,3.14,,0,46086,3.573,1.26,12.385,218.745,1013.879,,18.562
2017-07-17,Scripps Pier,2017-07-17,32.867,-117.257,7,2017,0.0,23.2,2.3,0.0,1.3,0,22.496325940501936,3.720918295334797,0.0233333224341983,52.09285613468715,1,22.4,20.0,4.5,7.5,0.0,0.0,1.58,2.92,,0,46086,3.428,1.361,14.187,187.178,1014.218,,19.868
2017-07-24,Scripps Pier,2017-07-24,32.867,-117.257,7,2017,0.0,23.8,1.9,0.0,2.04,0,23.09255037502367,4.0043876852308005,-0.0204762050083705,56.0614275932312,1,23.2,22.4,2.3,4.5,0.0,0.0,1.3,1.58,,0,46086,2.552,1.297,10.856,232.745,1013.518,,22.255
2017-07-31,Scripps Pier,2017-07-31,32.867,-117.257,7,2017,0.0,23.7,1.3,0.0,2.92,0,23.17122389345753,3.8344897153426194,-0.0038095201764788,53.68285601479666,1,23.8,23.2,1.9,2.3,0.0,0.0,2.04,1.3,,0,46086,3.38,0.977,11.181,208.741,1014.822,,21.666
2017-08-07,Scripps Pier,2017-08-07,32.867,-117.257,8,2017,0.0,21.8,2.1,0.22,2.43,0,22.91836687983299,3.341326453247849,-0.1933332170758928,46.77857034546988,1,23.7,23.8,1.3,1.9,0.0,0.0,2.92,2.04,9.545454545454543,0,46086,4.433,1.218,14.682,191.542,1013.685,,19.84
2017-08-14,Scripps Pier,2017-08-14,32.867,-117.257,8,2017,0.0,19.9,3.3,0.0,2.52,0,22.24071387855374,2.431224443474594,-0.0480953398204985,34.03714220864432,1,21.8,23.7,2.1,1.3,0.22,0.0,2.43,2.92,,0,46086,5.293,1.156,10.366,246.413,1012.823,17.932,20.127
2017-08-21,Scripps Pier,2017-08-21,32.867,-117.257,8,2017,0.0,21.9,0.0,0.0,2.75,0,21.579489162990026,1.6053060895326186,-0.0533332824707031,22.47428525345666,1,19.9,21.8,3.3,2.1,0.0,0.22,2.52,2.43,,0,46086,4.073,1.096,14.104,206.44,1014.336,18.296,20.959
2017-08-28,Scripps Pier,2017-08-28,32.867,-117.257,8,2017,0.0,21.0,0.0,0.0,2.37,0,21.50897894100267,1.4664285414072933,0.2833333696637835,20.529999579702103,1,21.9,19.9,0.0,3.3,0.0,0.0,2.75,2.52,,0,46086,3.626,0.829,10.94,237.257,1013.471,18.928,21.056
2017-09-04,Scripps Pier,2017-09-05,32.867,-117.257,9,2017,0.0,22.5,1.2,0.0,1.73,0,22.134591394541214,2.0608162752219608,-0.1038095383417038,28.851427853107452,1,21.0,21.9,0.0,0.0,0.0,0.0,2.37,2.75,,0,46086,3.946,1.117,13.821,204.173,1008.81,20.91,21.054
2017-09-11,Scripps Pier,2017-09-11,32.867,-117.257,9,2017,0.0,21.8,1.4,0.0,1.2,0,22.322754684759644,2.219897892402143,-0.1685713813418433,31.07857049363,1,22.5,21.0,1.2,0.0,0.0,0.0,1.73,2.37,,0,46086,5.826,1.244,11.658,249.351,1013.332,20.695,21.56
2017-09-18,Scripps Pier,2017-09-18,32.867,-117.257,9,2017,0.0,21.1,1.6,0.0,1.32,0,21.631632259913857,1.5479591403688704,-0.0352380843389602,21.671427965164185,1,21.8,22.5,1.4,1.2,0.0,0.0,1.2,1.73,,0,46086,4.858,1.062,13.4,218.226,1012.853,20.107,21.417
2017-09-25,Scripps Pier,2017-09-25,32.867,-117.257,9,2017,0.0,19.8,2.1,0.0,1.22,0,21.17479546216069,1.2303060980475675,0.0876189640590122,17.22428537266595,1,21.1,21.8,1.6,1.4,0.0,0.0,1.32,1.2,,0,46086,4.435,1.28,9.598,265.006,1011.861,19.282,21.363
2017-10-02,Scripps Pier,2017-10-02,32.867,-117.257,10,2017,0.0,20.2,2.1,0.0,0.78,0,21.18581567491804,1.4570407818774789,-0.054761977422805,20.398570946284703,1,19.8,21.1,2.1,1.6,0.0,0.0,1.22,1.32,,0,46086,3.615,1.04,9.666,246.641,1010.928,19.92,21.083
2017-10-09,Scripps Pier,2017-10-09,32.867,-117.257,10,2017,0.0,19.7,2.7,0.0,0.94,0,21.08510140010289,1.577040774481637,-0.0271427517845516,22.07857084274292,1,20.2,19.8,2.1,2.1,0.0,0.0,0.78,1.22,,0,46086,3.137,1.278,12.785,242.756,1010.678,19.389,20.905
2017-10-16,Scripps Pier,2017-10-16,32.867,-117.257,10,2017,0.0,20.3,2.9,0.0,1.39,0,20.96877512639883,1.69744894212606,-0.0523810613723028,23.76428518976484,1,19.7,20.2,2.7,2.1,0.0,0.0,0.94,0.78,,0,46086,2.668,1.415,11.592,258.893,1013.446,19.048,21.06
2017-10-23,Scripps Pier,2017-10-23,32.867,-117.257,10,2017,0.0,18.9,3.7,0.0,2.0,0,20.897448461882924,1.932857103493749,0.0166667756580171,27.059999448912485,1,20.3,19.7,2.9,2.7,0.0,0.0,1.39,0.94,,0,46086,5.519,1.779,14.112,242.405,1015.276,20.242,21.06
2017-10-30,Scripps Pier,2017-10-30,32.867,-117.257,10,2017,0.0,19.4,2.5,0.0,1.49,0,20.435101470168757,1.8455101567871717,-0.2323810032435825,25.8371421950204,1,18.9,20.3,3.7,2.9,0.0,0.0,2.0,1.39,,0,46086,2.889,1.586,14.41,245.185,1013.174,20.807,21.267
2017-11-06,Scripps Pier,2017-11-06,32.867,-117.257,11,2017,0.0,18.1,3.4,0.0,1.97,0,19.525611819053186,1.3235713851695157,-0.0723809741792224,18.52999939237322,1,19.4,18.9,2.5,3.7,0.0,0.0,1.49,2.0,,0,46086,3.581,1.055,13.91,249.988,1015.477,18.071,20.257
2017-11-13,Scripps Pier,2017-11-13,32.867,-117.257,11,2017,0.0,17.3,3.4,0.22,1.55,0,18.643366949898855,0.8295918119196989,-0.1028570447649274,11.614285366875784,1,18.1,19.4,3.4,2.5,0.0,0.0,1.97,1.49,15.454545454545451,0,46086,4.638,1.168,13.258,237.435,1017.352,18.081,19.617
2017-11-20,Scripps Pier,2017-11-20,32.867,-117.257,11,2017,0.0,15.7,4.8,0.75,2.4,0,18.180816008120168,0.758979577191022,0.1038094475155785,10.625714080674308,1,17.3,18.1,3.4,3.4,0.22,0.0,1.55,1.97,6.3999999999999995,0,46086,4.469,1.183,12.415,224.398,1017.111,18.308,18.778
2017-11-27,Scripps Pier,2017-11-27,32.867,-117.257,11,2017,0.0,17.1,2.8,0.23,1.82,0,18.058366931214625,1.0364285470271597,-0.1257142566499255,14.509999658380236,1,15.7,17.3,4.8,3.4,0.75,0.22,2.4,1.55,12.17391304347826,0,46086,2.474,0.975,12.443,255.802,1015.698,18.228,18.726
2017-12-04,Scripps Pier,2017-12-04,32.867,-117.257,12,2017,0.0,16.5,2.5,0.28,0.85,0,17.776224097427058,1.157550987540459,-0.0647619338262648,16.205713825566427,1,17.1,15.7,2.8,4.8,0.23,0.75,1.82,2.4,8.928571428571427,0,46086,3.447,1.725,14.527,280.667,1015.884,17.602,18.007
2017-12-11,Scripps Pier,2017-12-11,32.867,-117.257,12,2017,0.0,16.4,2.3,0.0,0.81,0,17.30408135238959,1.0877550761310422,-0.0423809233165922,15.22857106583459,1,16.5,17.1,2.5,2.8,0.28,0.23,0.85,1.82,,0,46086,3.948,1.188,14.244,242.81,1020.234,19.732,17.792
2017-12-18,Scripps Pier,2017-12-18,32.867,-117.257,12,2017,0.0,16.4,2.3,0.0,0.67,0,16.904897631431112,1.047448953195494,-0.0766666957310267,14.664285344736916,1,16.4,16.5,2.3,2.5,0.0,0.28,0.81,0.85,,0,46086,2.87,1.649,13.972,266.875,1015.827,17.451,17.552
2017-12-18,Scripps Pier,2017-12-23,32.867,-117.257,12,2017,0.0,15.6,2.5,0.23,1.23,0,16.904897631431112,1.047448953195494,-0.0766666957310267,14.664285344736916,1,16.4,16.4,2.3,2.3,0.0,0.0,0.67,0.81,10.869565217391305,0,46086,2.87,1.649,13.972,266.875,1015.827,17.451,17.552
2018-01-01,Scripps Pier,2018-01-02,32.867,-117.257,1,2018,0.0,16.3,2.5,0.23,0.67,0,16.556938385476872,1.1007142735987292,0.0109523591541108,15.40999983038221,1,15.6,16.4,2.5,2.3,0.23,0.0,1.23,0.67,10.869565217391305,0,46086,2.563,1.179,13.452,259.179,1019.161,15.64,16.61
2018-01-08,Scripps Pier,2018-01-08,32.867,-117.257,1,2018,0.0,16.3,2.7,0.34,0.95,0,16.67153008130132,1.3688775252322762,-0.0223809196835472,19.164285353251863,1,16.3,15.6,2.5,2.5,0.23,0.23,0.67,1.23,7.9411764705882355,0,46086,3.036,1.157,13.338,271.202,1019.712,16.166,16.693
2018-01-15,Scripps Pier,2018-01-16,32.867,-117.257,1,2018,0.0,16.3,3.1,0.49,0.88,0,16.63234649385725,1.4773468995580867,-0.0561904453095935,20.682856593813217,1,16.3,16.3,2.7,2.5,0.34,0.23,0.95,0.67,6.326530612244898,0,46086,4.538,2.062,13.618,271.161,1017.052,16.249,16.663
2018-01-22,Scripps Pier,2018-01-22,32.867,-117.257,1,2018,0.0,15.5,3.4,0.75,1.22,0,16.343367090030593,1.2860203841511084,-0.0523809705461774,18.00428537811552,1,16.3,16.3,3.1,2.7,0.49,0.34,0.88,0.95,4.533333333333333,0,46086,4.867,2.845,15.043,281.685,1019.191,15.632,16.653
2018-01-29,Scripps Pier,2018-01-29,32.867,-117.257,1,2018,0.0,15.5,3.5,0.0,2.54,0,16.04459149496896,1.0252040691521702,0.0523809251331147,14.352856968130384,1,15.5,16.3,3.4,3.1,0.75,0.49,1.22,0.88,,0,46086,4.749,2.061,13.221,286.167,1020.798,15.779,16.266
2018-02-05,Scripps Pier,2018-02-05,32.867,-117.257,2,2018,0.0,15.7,2.3,0.0,1.26,0,16.12367295245735,1.1275510021618431,0.0004761559622628,15.785714030265808,1,15.5,15.5,3.5,3.4,0.0,0.75,2.54,1.22,,0,46086,2.517,0.946,12.796,256.717,1016.908,16.477,16.58
2018-02-12,Scripps Pier,2018-02-12,32.867,-117.257,2,2018,0.0,16.2,2.3,0.0,1.03,0,16.19234632959171,1.2202040577421382,-0.0247619719732375,17.082856808389938,1,15.7,15.5,2.3,3.5,0.0,0.0,1.26,2.54,,0,46086,2.956,1.101,14.056,244.089,1015.931,15.399,16.932
2018-02-19,Scripps Pier,2018-02-19,32.867,-117.257,2,2018,0.0,15.9,1.8,0.31,1.37,0,15.862550443532516,0.8966326284013232,-0.1804760524204798,12.721428221889903,1,16.2,15.7,2.3,2.3,0.0,0.0,1.03,1.26,5.806451612903226,0,46086,4.046,1.23,13.221,268.395,1017.384,15.848,16.91
2018-02-26,Scripps Pier,2018-02-26,32.867,-117.257,2,2018,0.0,14.4,3.7,0.94,1.8,0,15.16244856192141,0.1736734646315477,0.0004761559622628,4.624285554247243,0,15.9,16.2,1.8,2.3,0.31,0.0,1.37,1.03,3.936170212765958,0,46086,6.752,1.964,10.717,290.667,1021.054,13.102,16.191
2018-03-05,Scripps Pier,2018-03-05,32.867,-117.257,3,2018,0.0,14.5,4.7,0.43,1.46,0,14.837040453541036,-0.1857142766975626,0.0461904889061337,0.4757142822657312,1,14.4,15.9,3.7,1.8,0.94,0.31,1.8,1.37,10.930232558139537,0,46086,4.522,1.515,11.934,268.321,1019.358,13.548,16.0
2018-03-12,Scripps Pier,2018-03-12,32.867,-117.257,3,2018,0.0,15.4,2.1,0.0,2.04,0,15.163979199467873,0.1093877564773571,0.0333333242507207,2.628571406272905,1,14.5,14.4,4.7,3.7,0.43,0.94,1.46,1.8,,0,46086,4.408,1.172,12.738,268.685,1017.126,15.53,16.158
2018-03-19,Scripps Pier,2018-03-19,32.867,-117.257,3,2018,0.0,14.8,4.2,1.33,1.67,0,15.39438739114878,0.299591833250407,0.0100000018165225,4.23999995019819,1,15.4,14.5,2.1,4.7,0.0,0.43,2.04,1.46,3.1578947368421053,0,46086,4.444,1.407,12.12,273.72,1017.698,14.685,16.105
2018-03-26,Scripps Pier,2018-03-26,32.867,-117.257,3,2018,0.0,13.1,11.4,7.22,3.24,0,15.46612209203292,0.3112244850822857,0.0447618847801571,4.357142791152,1,14.8,15.4,4.2,2.1,1.33,0.0,1.67,2.04,1.5789473684210529,0,46086,4.99,1.35,11.497,255.292,1017.517,14.968,15.869
2018-04-02,Scripps Pier,2018-04-02,32.867,-117.257,4,2018,0.0,13.6,8.6,2.19,5.21,0,15.666734325642487,0.4407142756544813,0.0795238585699172,6.169999859162739,1,13.1,14.8,11.4,4.2,7.22,1.33,3.24,1.67,3.9269406392694064,0,46086,4.532,1.266,12.287,239.377,1017.502,14.448,16.035
2018-04-09,Scripps Pier,2018-04-10,32.867,-117.257,4,2018,0.0,17.5,4.6,0.0,2.15,0,16.284897531781876,0.9879591565351096,0.0099998655773344,13.831428191491536,1,13.6,13.1,8.6,11.4,2.19,7.22,5.21,3.24,,0,46086,4.792,1.199,12.104,236.423,1015.314,14.934,16.518
2018-04-16,Scripps Pier,2018-04-16,32.867,-117.257,4,2018,0.0,15.9,7.0,1.12,2.41,0,16.345611659847957,0.9688775203361802,-0.1185713722592308,14.325713847364698,1,17.5,13.6,4.6,8.6,0.0,2.19,2.15,5.21,6.249999999999999,0,46086,5.405,2.146,11.612,285.113,1017.235,16.182,16.816
2018-04-23,Scripps Pier,2018-04-23,32.867,-117.257,4,2018,0.0,16.8,8.0,0.0,4.96,0,15.98989725112915,0.49887753589725,0.1304761341639927,8.304285487958364,1,15.9,17.5,7.0,4.6,1.12,0.0,2.41,2.15,,0,46086,6.203,1.806,11.704,275.635,1017.72,14.633,16.298
2018-04-30,Scripps Pier,2018-04-30,32.867,-117.257,4,2018,0.0,14.2,13.4,5.51,3.47,0,16.119080971698374,0.4838775375249738,-0.0123807816278366,7.349999804848006,1,16.8,15.9,8.0,7.0,0.0,1.12,4.96,2.41,2.431941923774955,0,46086,5.482,1.61,13.142,253.44,1016.282,14.373,16.638
2018-05-07,Scripps Pier,2018-05-07,32.867,-117.257,5,2018,0.0,16.0,12.3,1.46,5.91,0,16.466019893179134,0.6826530394277402,0.0780951182047526,9.587142551317813,1,14.2,16.8,13.4,8.0,5.51,0.0,3.47,4.96,8.424657534246576,0,46086,6.912,1.572,8.367,286.393,1016.7,14.342,15.427
2018-05-14,Scripps Pier,2018-05-14,32.867,-117.257,5,2018,0.0,18.2,5.3,0.0,2.32,0,16.83122397442253,0.8964285456138301,0.0380952017647879,12.562856781163386,1,16.0,14.2,12.3,13.4,1.46,5.51,5.91,3.47,,0,46086,4.274,1.43,10.68,259.563,1014.598,14.572,16.371
2018-05-21,Scripps Pier,2018-05-21,32.867,-117.257,5,2018,0.0,17.0,5.9,0.27,5.84,0,17.049591103378607,0.9286734528687536,0.035714376540411,13.00142834016255,1,18.2,16.0,5.3,12.3,0.0,1.46,2.32,5.91,21.85185185185185,0,46086,6.29,1.473,11.161,250.726,1015.377,15.046,16.296
2018-05-28,Scripps Pier,2018-05-29,32.867,-117.257,5,2018,0.0,18.1,4.7,0.0,3.37,0,17.43510133392957,1.078979583419099,0.1242857433500743,15.105714167867388,1,17.0,18.2,5.9,5.3,0.27,0.0,5.84,2.32,,0,46086,5.229,1.579,12.68,234.345,1015.766,14.973,16.602
2018-06-04,Scripps Pier,2018-06-04,32.867,-117.257,6,2018,0.0,19.1,5.7,0.14,3.45,0,18.15377496213329,1.5436734399017022,0.1780951363699776,21.61142815862383,1,18.1,17.0,4.7,5.9,0.0,0.27,3.37,5.84,40.71428571428571,0,46086,3.842,1.339,10.819,267.667,1013.501,15.33,17.209
2018-06-11,Scripps Pier,2018-06-11,32.867,-117.257,6,2018,0.0,20.0,3.8,0.0,3.61,0,19.197142309072067,2.3327550742090963,0.0961905888148716,32.65857103892735,1,19.1,18.1,5.7,4.7,0.14,0.0,3.45,3.37,,0,46086,3.844,1.594,9.638,277.631,1012.871,16.089,18.223
2018-06-18,Scripps Pier,2018-06-18,32.867,-117.257,6,2018,0.0,19.7,3.1,0.0,2.91,0,19.82683637190838,2.678061205513623,-0.0819047292073567,37.492856877190725,1,20.0,19.1,3.8,5.7,0.0,0.14,3.61,3.45,,0,46086,3.226,1.706,11.948,252.899,1010.486,16.479,19.486
2018-06-25,Scripps Pier,2018-06-25,32.867,-117.257,6,2018,0.0,20.0,1.4,0.0,0.84,0,19.871122204527563,2.3628571106463063,0.1042855580647786,33.07999954904829,1,19.7,20.0,3.1,3.8,0.0,0.0,2.91,3.61,,0,46086,3.577,1.343,11.946,242.089,1013.676,16.218,18.79
2018-07-02,Scripps Pier,2018-07-02,32.867,-117.257,7,2018,0.0,21.4,1.4,0.0,2.01,0,20.198979241507395,2.2834693509705213,0.1904762813023158,31.968570913587296,1,20.0,19.7,1.4,3.1,0.0,0.0,0.84,2.91,,0,46086,3.538,1.38,12.505,212.542,1014.416,16.352,18.504
2018-07-09,Scripps Pier,2018-07-09,32.867,-117.257,7,2018,0.0,23.0,1.7,0.0,1.15,0,21.28836688216851,2.9624489010596764,0.1476190657842726,41.47428461483547,1,21.4,20.0,1.4,1.4,0.0,0.0,2.01,0.84,,0,46086,3.149,1.353,11.998,210.768,1013.676,18.266,18.859
2018-07-16,Scripps Pier,2018-07-16,32.867,-117.257,7,2018,0.0,21.2,3.3,0.0,2.26,0,22.321326100096407,3.5984692743846347,-0.0133334568568638,50.37856984138489,1,23.0,21.4,1.7,1.4,0.0,0.0,1.15,2.01,,0,46086,3.51,1.221,13.334,199.095,1014.258,19.327,20.977
2018-07-23,Scripps Pier,2018-07-23,32.867,-117.257,7,2018,0.0,23.1,1.6,0.0,1.19,0,22.921938390147933,3.8727550020023265,0.1442858378092447,54.21857002803257,1,21.2,23.0,3.3,1.7,0.0,0.0,2.26,1.15,,0,46086,4.278,0.927,12.749,223.449,1015.216,18.662,20.293
2018-07-30,Scripps Pier,2018-07-30,32.867,-117.257,7,2018,0.0,25.3,0.0,0.22,1.77,0,23.57602004615628,4.2733672784299275,0.1004761287144252,59.82714189801897,1,23.1,21.2,1.6,3.3,0.0,0.0,1.19,2.26,0.0,0,46086,3.313,1.451,14.342,204.476,1013.517,19.299,20.321
2018-08-06,Scripps Pier,2018-08-06,32.867,-117.257,8,2018,0.0,25.5,1.1,0.0,2.56,0,24.181020055498397,4.639183589390346,0.0500000544956751,64.94857025146484,1,25.3,23.1,0.0,1.6,0.22,0.0,1.77,1.19,,0,46086,3.638,1.003,9.542,253.607,1012.818,19.943,21.693
2018-08-13,Scripps Pier,2018-08-13,32.867,-117.257,8,2018,0.0,25.1,1.4,0.0,1.08,0,24.317346397711304,4.537754993049466,-0.1447619483584449,63.52856990269253,1,25.5,25.3,1.1,0.0,0.0,0.22,2.56,1.77,,0,46086,2.957,1.333,10.022,223.946,1012.396,22.854,23.53
2018-08-20,Scripps Pier,2018-08-20,32.867,-117.257,8,2018,0.0,23.1,2.2,0.21,1.47,0,24.015407601181344,4.056734608144176,-0.0023809160505022,56.794284514018464,1,25.1,25.5,1.4,1.1,0.0,0.0,1.08,2.56,10.476190476190478,0,46086,3.54,1.215,15.005,196.762,1014.843,21.321,23.677
2018-08-27,Scripps Pier,2018-08-27,32.867,-117.257,8,2018,0.0,23.7,1.3,0.0,2.78,0,23.660203700162928,3.6222448203028463,-0.0928571791875929,50.71142748423985,1,23.1,25.1,2.2,1.4,0.21,0.0,1.47,1.08,,0,46086,4.318,1.015,11.814,228.595,1014.515,20.449,22.776
2018-09-03,Scripps Pier,2018-09-04,32.867,-117.257,9,2018,0.0,23.1,0.0,0.0,6.7,0,23.079591342381068,3.0091836026736667,-0.1828571501232328,42.128570437431335,1,23.7,23.1,1.3,2.2,0.0,0.21,2.78,1.47,,0,46086,5.444,1.372,7.26,282.19,1012.573,19.597,20.84
2018-09-10,Scripps Pier,2018-09-10,32.867,-117.257,9,2018,0.0,21.3,1.6,0.0,1.63,0,22.222244321083537,2.1206121943434892,0.014761970156715,29.688570720808848,1,23.1,23.7,0.0,1.3,0.0,0.0,6.7,2.78,,0,46086,3.267,1.08,11.441,208.786,1013.09,19.172,20.173
2018-09-17,Scripps Pier,2018-09-17,32.867,-117.257,9,2018,0.0,21.9,1.9,0.0,1.62,0,21.616122090086645,1.5214285327463732,-0.1223810286748976,21.29999945844923,1,21.3,23.1,1.6,0.0,0.0,0.0,1.63,6.7,,0,46086,4.035,1.525,14.924,209.168,1011.165,19.332,20.783
2018-09-24,Scripps Pier,2018-09-24,32.867,-117.257,9,2018,0.0,21.3,2.1,0.0,1.67,0,21.08377503375618,1.1129591461955284,-0.0938094911121186,15.5814280467374,1,21.9,21.3,1.9,1.6,0.0,0.0,1.62,1.63,,0,46086,4.882,1.244,13.273,231.946,1011.91,18.175,20.017
2018-10-01,Scripps Pier,2018-10-01,32.867,-117.257,10,2018,0.0,20.3,2.5,0.0,1.19,0,20.583876940668848,0.8243877276474115,0.0157142820812407,11.541428187063762,1,21.3,21.9,2.1,1.9,0.0,0.0,1.67,1.62,,0,46086,3.233,0.956,13.607,209.048,1012.657,17.805,19.963
2018-10-08,Scripps Pier,2018-10-08,32.867,-117.257,10,2018,0.0,18.7,2.8,0.0,0.57,0,20.470203633211096,0.9321428385316112,-0.0399999164399646,13.049999739442551,1,20.3,21.3,2.5,2.1,0.0,0.0,1.19,1.67,,0,46086,4.258,1.575,12.543,223.018,1011.784,19.633,20.944
2018-10-15,Scripps Pier,2018-10-15,32.867,-117.257,10,2018,0.0,18.1,2.8,0.0,1.44,0,20.12908135628214,0.8215305939012644,-0.1080953507196335,11.5014283146177,1,18.7,20.3,2.8,2.5,0.0,0.0,0.57,1.19,,0,46086,2.605,1.489,13.624,229.393,1010.731,18.671,19.828
2018-10-22,Scripps Pier,2018-10-22,32.867,-117.257,10,2018,0.0,18.8,2.6,0.0,0.8,0,19.609387397766113,0.5959183538750726,0.0304761614118303,8.342856954251017,1,18.1,18.7,2.8,2.8,0.0,0.0,1.44,0.57,,0,46086,3.899,1.13,15.203,234.244,1015.266,19.666,19.805
2018-10-29,Scripps Pier,2018-10-29,32.867,-117.257,10,2018,0.0,19.0,2.4,0.0,1.04,0,19.47632591091857,0.8310203906528804,-0.0119046710786365,11.634285469140323,1,18.8,18.1,2.6,2.8,0.0,0.0,0.8,1.44,,0,46086,3.604,1.281,14.618,235.192,1014.423,17.91,19.545
2018-11-05,Scripps Pier,2018-11-05,32.867,-117.257,11,2018,0.0,19.0,2.1,0.0,0.45,0,19.497346352557745,1.2398979256347735,-0.0471429370698474,17.358570958886826,1,19.0,18.8,2.4,2.6,0.0,0.0,1.04,0.8,,0,46086,2.223,1.335,12.854,250.198,1015.22,18.099,19.06
2018-11-12,Scripps Pier,2018-11-13,32.867,-117.257,11,2018,0.0,17.5,2.7,0.24,0.72,0,19.216836189737126,1.3466326192933686,-0.0785713195800781,18.85285667010716,1,19.0,19.0,2.1,2.4,0.0,0.0,0.45,1.04,11.250000000000002,0,46086,2.546,0.877,12.974,230.798,1014.188,18.263,19.444
2018-11-19,Scripps Pier,2018-11-19,32.867,-117.257,11,2018,0.0,18.2,2.2,0.0,0.6,0,18.750713737643498,1.2710203844673778,-0.0261905306861513,17.79428538254329,1,17.5,19.0,2.7,2.1,0.24,0.0,0.72,0.45,,0,46086,2.447,1.088,13.898,224.323,1019.709,18.408,18.944
2018-11-26,Scripps Pier,2018-11-26,32.867,-117.257,11,2018,0.0,17.9,2.4,0.0,1.0,0,18.466530138132523,1.3860203854891715,-0.0942856924874442,19.404285396848405,1,18.2,17.5,2.2,2.7,0.0,0.24,0.6,0.72,,0,46086,4.223,1.42,12.707,260.988,1017.667,17.884,19.221
2018-12-03,Scripps Pier,2018-12-03,32.867,-117.257,12,2018,0.0,17.1,2.9,0.0,1.0,0,17.949081128957317,1.2723469071242277,-0.1033333369663783,17.812856699739182,1,17.9,18.2,2.4,2.2,0.0,0.0,1.0,0.6,,0,46086,6.943,2.449,13.102,286.524,1015.32,17.189,18.531
2018-12-10,Scripps Pier,2018-12-10,32.867,-117.257,12,2018,0.0,16.9,1.7,0.0,0.63,0,17.33989754501654,1.0648979258780575,0.0347618829636346,14.908570962292808,1,17.1,17.9,2.9,2.4,0.0,0.0,1.0,1.0,,0,46086,4.364,1.536,12.836,251.44,1017.394,16.348,17.541
2018-12-17,Scripps Pier,2018-12-17,32.867,-117.257,12,2018,0.0,16.8,1.8,0.0,1.11,0,17.24020364333172,1.336224468386903,0.0157142820812406,18.70714255741664,1,16.9,17.1,1.7,2.9,0.0,0.0,0.63,1.0,,0,46086,3.372,1.811,13.661,281.245,1019.234,16.413,17.259
2018-12-17,Scripps Pier,2018-12-23,32.867,-117.257,12,2018,0.0,16.7,2.1,0.29,0.95,0,17.24020364333172,1.336224468386903,0.0157142820812406,18.70714255741664,1,16.8,16.9,1.8,1.7,0.0,0.0,1.11,0.63,7.241379310344828,0,46086,3.372,1.811,13.661,281.245,1019.234,16.413,17.259
2018-12-31,Scripps Pier,2018-12-31,32.867,-117.257,12,2018,0.0,15.7,3.5,0.2,2.06,0,16.792754581996373,1.3173469104328934,-0.0923809323992047,18.442856746060507,1,16.7,16.8,2.1,1.8,0.29,0.0,0.95,1.11,17.5,0,46086,5.974,2.284,12.542,286.327,1016.894,15.621,17.223
2019-01-07,Scripps Pier,2019-01-07,32.867,-117.257,1,2019,0.0,15.3,2.5,0.21,0.7,0,16.161632168049714,0.8375509959094378,-0.0161904834565662,11.72571394273213,1,15.7,16.7,3.5,2.1,0.2,0.29,2.06,0.95,11.904761904761903,0,46086,4.813,1.696,12.856,275.344,1017.221,14.455,16.629
2019-01-14,Scripps Pier,2019-01-14,32.867,-117.257,1,2019,0.0,15.6,1.9,0.0,0.67,0,15.894591526109346,0.7205101841566515,0.0142857233683268,10.08714257819312,1,15.3,15.7,2.5,3.5,0.21,0.2,0.7,2.06,,0,46086,3.211,2.195,13.075,279.429,1019.513,14.774,16.239
2019-01-21,Scripps Pier,2019-01-22,32.867,-117.257,1,2019,0.0,15.5,2.9,0.37,1.41,0,15.790407900907557,0.7246938610867578,-0.0695238567533946,10.14571405521461,1,15.6,15.3,1.9,2.5,0.0,0.21,0.67,0.7,7.837837837837838,0,46086,5.496,2.404,14.623,271.705,1019.854,15.781,16.249
2019-01-28,Scripps Pier,2019-01-28,32.867,-117.257,1,2019,0.0,15.3,3.1,0.0,1.48,0,15.695918005339951,0.6752040679661595,0.0461904889061337,9.452856951526233,1,15.5,15.6,2.9,1.9,0.37,0.0,1.41,0.67,,0,46086,4.788,1.644,12.173,287.964,1020.85,15.777,15.986
2019-02-04,Scripps Pier,2019-02-04,32.867,-117.257,2,2019,0.0,15.6,2.3,0.0,0.97,0,15.624795602292432,0.6254081504077328,-0.0614285696120488,8.75571410570826,1,15.3,15.5,3.1,2.9,0.0,0.37,1.48,1.41,,0,46086,4.024,1.518,13.052,262.335,1013.708,15.334,16.139
2019-02-11,Scripps Pier,2019-02-11,32.867,-117.257,2,2019,0.0,14.8,2.2,0.0,1.56,0,15.421020118557676,0.4433673392905264,-0.0266666866484142,6.20714275006737,1,15.6,15.3,2.3,3.1,0.0,0.0,0.97,1.48,,0,46086,5.526,1.813,13.391,283.065,1017.517,13.577,15.765
2019-02-18,Scripps Pier,2019-02-19,32.867,-117.257,2,2019,0.0,14.5,5.4,1.59,0.74,0,15.061836359452228,0.0951020396029462,-0.0947618938627696,2.4457142491425787,0,14.8,15.6,2.2,2.3,0.0,0.0,1.56,0.97,3.39622641509434,0,46086,7.247,2.277,12.385,263.587,1017.664,14.221,15.528
2019-02-25,Scripps Pier,2019-02-25,32.867,-117.257,2,2019,0.0,14.0,3.2,1.19,1.97,0,14.741734339266406,-0.2409183654401983,0.0371428444271995,0.5457142804350171,0,14.5,14.8,5.4,2.2,1.59,0.0,0.74,1.56,2.689075630252101,0,46086,5.895,1.936,11.232,284.565,1017.022,12.938,15.008
2019-03-04,Scripps Pier,2019-03-04,32.867,-117.257,3,2019,0.0,14.6,0.0,0.24,1.49,0,14.697040489741736,-0.3184693855214484,-0.0209523609706333,0.0,0,14.0,14.5,3.2,5.4,1.19,1.59,1.97,0.74,0.0,0,46086,3.245,1.064,12.985,264.607,1018.99,14.617,15.222
2019-03-11,Scripps Pier,2019-03-11,32.867,-117.257,3,2019,0.0,14.6,1.2,0.49,2.26,0,14.706632322194624,-0.341836730569449,0.060952413649786,0.0328571413244519,1,14.6,14.0,0.0,3.2,0.24,1.19,1.49,1.97,2.4489795918367347,0,46086,5.017,1.4,10.64,268.845,1016.828,14.094,15.315
2019-03-18,Scripps Pier,2019-03-18,32.867,-117.257,3,2019,0.0,15.7,2.3,0.41,1.39,0,14.947856825225209,-0.139999999930816,0.1033332915533156,1.9471428181443895,1,14.6,14.6,1.2,0.0,0.49,0.24,2.26,1.49,5.609756097560975,0,46086,4.727,2.067,13.588,282.968,1015.154,14.876,15.456
2019-03-25,Scripps Pier,2019-03-25,32.867,-117.257,3,2019,0.06,15.8,2.1,0.59,1.54,0,15.516836380471988,0.3710203999463392,0.0266666866484142,5.93714274253164,1,15.7,14.6,2.3,1.2,0.41,0.49,1.39,2.26,3.559322033898306,0,46086,4.229,1.866,14.988,272.47,1018.736,14.78,15.957
2019-04-01,Scripps Pier,2019-04-01,32.867,-117.257,4,2019,0.0,16.0,3.8,0.44,2.3,0,15.98704044186339,0.769795902225436,0.0885715030488513,10.777142631156105,1,15.8,15.7,2.1,2.3,0.59,0.41,1.54,1.39,8.636363636363637,0,46086,5.104,1.849,12.983,277.623,1019.092,15.242,15.957
2019-04-08,Scripps Pier,2019-04-08,32.867,-117.257,4,2019,0.13,16.1,3.5,0.88,2.01,1,16.387040508036712,1.096734678258701,-0.0309524536132812,15.354285495621818,1,16.0,15.8,3.8,2.1,0.44,0.59,2.3,1.54,3.977272727272727,1,46086,3.908,1.277,14.764,255.268,1017.185,15.692,16.767
2019-04-15,Scripps Pier,2019-04-15,32.867,-117.257,4,2019,0.0,16.0,5.1,0.39,2.7,0,16.462142418841925,1.0958163093547433,0.0180952889578683,15.341428330966403,1,16.1,16.0,3.5,3.8,0.88,0.44,2.01,2.3,13.076923076923077,0,46086,6.707,2.416,11.555,287.119,1015.385,15.927,16.636
2019-04-22,Scripps Pier,2019-04-22,32.867,-117.257,4,2019,0.0,17.0,3.7,0.0,0.45,0,16.649285297004543,1.1760203814019965,0.2004760560535248,16.464285339627946,1,16.0,16.1,5.1,3.5,0.39,0.88,2.7,2.01,,0,46086,5.355,1.494,13.126,268.095,1016.317,14.707,16.649
2019-04-29,Scripps Pier,2019-04-29,32.867,-117.257,4,2019,0.0,17.8,3.4,0.0,1.43,0,17.275918065285197,1.6608162978473977,0.0042857215518043,23.25142816986357,1,17.0,16.0,3.7,5.1,0.0,0.39,0.45,2.7,,0,46086,3.042,1.152,11.43,251.214,1015.261,14.789,17.224
2019-05-06,Scripps Pier,2019-05-06,32.867,-117.257,5,2019,0.0,18.4,3.7,0.0,0.91,0,17.746836234112173,1.9825509944740607,0.0195238930838448,27.75571392263685,1,17.8,17.0,3.4,3.7,0.0,0.0,1.43,0.45,,0,46086,3.936,1.039,14.44,201.208,1014.092,15.385,17.452
2019-05-13,Scripps Pier,2019-05-13,32.867,-117.257,5,2019,0.0,18.3,4.9,0.12,2.21,0,17.925305677919972,2.0118366917785333,-0.0933332897367931,28.165713684899465,1,18.4,17.8,3.7,3.4,0.0,0.0,0.91,1.43,40.833333333333336,0,46086,4.026,1.05,15.122,199.107,1013.705,16.162,18.103
2019-05-20,Scripps Pier,2019-05-20,32.867,-117.257,5,2019,0.0,17.6,6.2,0.23,8.54,0,17.420714105878556,1.3292856788148686,-0.1361905960809616,19.134285200919425,1,18.3,18.4,4.9,3.7,0.12,0.0,2.21,0.91,26.956521739130434,0,46086,5.998,1.686,14.247,223.663,1014.334,15.858,17.648
2019-05-27,Scripps Pier,2019-05-28,32.867,-117.257,5,2019,0.0,17.2,6.6,0.0,5.82,0,16.753877377023503,0.4330612194097163,0.1766668047223772,6.987142756049122,1,17.6,18.3,6.2,4.9,0.23,0.12,8.54,2.21,,0,46086,6.68,2.104,12.88,245.101,1013.37,15.466,16.856
2019-06-03,Scripps Pier,2019-06-03,32.867,-117.257,6,2019,0.0,18.0,6.3,0.0,55.68,0,17.125305808320338,0.5503061170860821,0.0414285205659411,8.109999911593539,1,17.2,17.6,6.6,6.2,0.0,0.23,5.82,8.54,,0,46086,3.846,1.393,13.025,216.131,1013.437,14.92,16.798
2019-06-10,Scripps Pier,2019-06-10,32.867,-117.257,6,2019,0.0,19.2,4.0,0.0,6.28,0,18.047244519603495,1.2179591518123538,0.1638095492408389,17.057142410959518,1,18.0,17.2,6.3,6.6,0.0,0.0,55.68,5.82,,0,46086,2.237,1.167,13.478,201.747,1013.566,15.339,17.288
2019-06-17,Scripps Pier,2019-06-17,32.867,-117.257,6,2019,0.0,19.4,4.2,0.0,16.68,0,18.666530297727,1.5612244441801189,-0.0166667756580171,21.857142218521663,1,19.2,18.0,4.0,6.3,0.0,0.0,6.28,55.68,,0,46086,4.177,1.055,13.626,180.03,1014.514,16.197,17.738
2019-06-24,Scripps Pier,2019-06-24,32.867,-117.257,6,2019,0.0,19.8,3.5,0.0,4.29,0,18.883877131403704,1.4296938466782474,0.046190443493071,20.015713853495463,1,19.4,19.2,4.2,4.0,0.0,0.0,16.68,6.28,,0,46086,2.619,1.03,15.723,202.71,1013.988,16.25,17.974
2019-07-01,Scripps Pier,2019-07-01,32.867,-117.257,7,2019,0.0,17.8,4.1,0.46,1.86,0,19.16091774921028,1.3014285315056235,0.1004762195405505,18.21999944107873,1,19.8,19.4,3.5,4.2,0.0,0.0,4.29,16.68,8.91304347826087,0,46086,3.34,1.06,11.671,195.897,1014.886,17.007,19.276
2019-07-08,Scripps Pier,2019-07-08,32.867,-117.257,7,2019,0.0,19.3,3.7,0.0,0.94,0,19.73346879530926,1.4644897476750975,0.0280953361874535,20.50285646745137,1,17.8,19.8,4.1,3.5,0.46,0.0,1.86,4.29,,0,46086,4.546,1.551,11.844,218.766,1014.604,16.695,19.319
2019-07-15,Scripps Pier,2019-07-15,32.867,-117.257,7,2019,0.0,21.3,1.8,0.0,3.26,0,20.14071378902513,1.4717346545384855,-0.0271429334368024,20.6042851635388,1,19.3,17.8,3.7,4.1,0.0,0.46,0.94,1.86,,0,46086,3.509,1.341,12.924,216.395,1014.76,16.426,17.965
2019-07-22,Scripps Pier,2019-07-22,32.867,-117.257,7,2019,0.0,22.2,1.1,0.0,1.74,0,20.395611938165157,1.388877504334158,0.2766667320614769,19.444285060678208,1,21.3,19.3,1.8,3.7,0.0,0.0,3.26,0.94,,0,46086,3.91,1.247,14.696,200.75,1013.42,16.657,17.534
2019-07-29,Scripps Pier,2019-07-29,32.867,-117.257,7,2019,0.0,22.8,2.0,0.22,1.92,0,21.123979393316773,1.8560203374648585,-0.0480952489943731,25.98428472450801,1,22.2,21.3,1.1,1.8,0.0,0.0,1.74,3.26,9.090909090909092,0,46086,4.494,1.213,13.008,200.904,1014.516,17.962,18.665
2019-08-05,Scripps Pier,2019-08-05,32.867,-117.257,8,2019,0.0,21.5,2.3,0.0,1.84,0,21.57979556492397,2.071224421870952,-0.066190447126116,28.997141906193324,1,22.8,22.2,2.0,1.1,0.22,0.0,1.92,1.74,,0,46086,4.038,1.351,9.313,254.048,1013.943,17.25,19.554
2019-08-12,Scripps Pier,2019-08-12,32.867,-117.257,8,2019,0.0,21.4,2.1,0.0,6.26,0,21.301020038371185,1.552550971508026,-0.0414285205659412,21.73571360111237,1,21.5,22.8,2.3,2.0,0.0,0.22,1.84,1.92,,0,46086,4.905,1.276,11.168,223.656,1013.679,17.461,20.0
2019-08-19,Scripps Pier,2019-08-19,32.867,-117.257,8,2019,0.0,21.5,1.6,0.0,2.69,0,21.103775257966955,1.1630611869753624,0.0890474773588634,16.282856617655074,1,21.4,21.5,2.1,2.3,0.0,0.0,6.26,1.84,,0,46086,3.018,1.057,13.072,207.731,1013.945,17.465,19.289
2019-08-26,Scripps Pier,2019-08-26,32.867,-117.257,8,2019,0.0,19.9,2.2,0.0,6.8,0,21.59377502908512,1.5626530087724024,0.199047633579799,21.87714212281363,1,21.5,21.4,1.6,2.1,0.0,0.0,2.69,6.26,,0,46086,3.797,1.252,12.755,225.262,1011.951,18.581,19.63
2019-09-02,Scripps Pier,2019-09-03,32.867,-117.257,9,2019,0.0,25.2,0.0,0.0,4.42,0,22.62999943324498,2.5653060394890455,0.1033333369663783,35.91428455284664,1,19.9,21.5,2.2,1.6,0.0,0.0,6.8,2.69,,0,46086,4.224,1.071,11.883,206.464,1012.765,19.213,20.771
2019-09-09,Scripps Pier,2019-09-09,32.867,-117.257,9,2019,0.0,24.2,1.0,0.0,2.08,0,22.906836373465403,2.810408108088435,-0.1761905125209263,39.34571351323809,1,25.2,19.9,0.0,2.2,0.0,0.0,4.42,6.8,,0,46086,4.44,1.413,12.205,211.619,1013.199,19.75,21.197
2019-09-16,Scripps Pier,2019-09-16,32.867,-117.257,9,2019,0.0,23.6,1.4,0.0,1.78,0,22.396938265586385,2.295510172843933,-0.1028571355910528,32.13714241981506,1,24.2,25.2,1.0,0.0,0.0,0.0,2.08,4.42,,0,46086,3.593,1.324,13.585,213.619,1012.675,19.195,21.249
2019-09-23,Scripps Pier,2019-09-23,32.867,-117.257,9,2019,0.0,20.9,2.3,0.0,2.17,0,21.94448914819834,1.947653021131243,-0.0457142421177455,27.2671422958374,1,23.6,24.2,1.4,1.0,0.0,0.0,1.78,2.08,,0,46086,4.195,1.138,10.828,225.619,1012.137,19.074,20.929
2019-09-30,Scripps Pier,2019-09-30,32.867,-117.257,9,2019,0.0,21.0,1.8,0.0,2.36,0,21.37683627070213,1.5846938350979165,-0.1195237295968191,22.18571369137083,1,20.9,23.6,2.3,1.4,0.0,0.0,2.17,1.78,,0,46086,4.523,1.263,14.02,221.018,1011.814,19.177,20.411
2019-10-07,Scripps Pier,2019-10-07,32.867,-117.257,10,2019,0.0,19.3,2.8,0.0,2.17,0,20.708775267309072,1.139489766286344,-0.0776190984816778,15.952856728008816,1,21.0,20.9,1.8,2.3,0.0,0.0,2.36,2.17,,0,46086,3.78,1.356,12.283,218.905,1013.681,17.975,20.239
2019-10-14,Scripps Pier,2019-10-14,32.867,-117.257,10,2019,0.0,18.9,3.1,0.0,1.36,0,20.13061204248545,0.7878571292575524,-0.0152381715320405,11.029999809605735,1,19.3,21.0,2.8,1.8,0.0,0.0,2.17,2.36,,0,46086,3.313,0.997,12.35,210.292,1012.035,18.17,20.424
2019-10-21,Scripps Pier,2019-10-21,32.867,-117.257,10,2019,0.0,17.9,4.2,0.59,0.16,0,19.898468912864217,0.8365305960178375,-0.000952402750651,11.711428344249724,1,18.9,19.3,3.1,2.8,0.0,0.0,1.36,2.17,7.118644067796611,0,46086,4.592,1.491,12.723,240.845,1012.291,18.45,19.983
2019-10-28,Scripps Pier,2019-10-28,32.867,-117.257,10,2019,0.0,19.7,1.9,0.0,0.98,0,19.62877489595997,0.9266326384884972,-0.1861903780982607,12.97285693883896,1,17.9,18.9,4.2,3.1,0.59,0.0,0.16,1.36,,0,46086,2.632,1.21,12.814,215.719,1012.677,19.871,19.763
2019-11-04,Scripps Pier,2019-11-04,32.867,-117.257,11,2019,0.0,18.7,2.4,0.0,0.84,0,18.88612208074453,0.5715306048490563,0.0076190403529575,8.001428467886788,1,19.7,17.9,1.9,4.2,0.0,0.59,0.98,0.16,,0,46086,3.438,1.071,14.02,215.826,1015.881,18.179,19.478
2019-11-11,Scripps Pier,2019-11-12,32.867,-117.257,11,2019,0.0,18.4,2.1,0.38,0.94,0,18.46795891742317,0.5409183599510972,-0.0542856852213541,7.57285703931536,1,18.7,19.7,2.4,1.9,0.0,0.0,0.84,0.98,5.526315789473684,0,46086,3.998,0.92,11.051,240.958,1015.913,17.461,19.085
2019-11-18,Scripps Pier,2019-11-18,32.867,-117.257,11,2019,0.0,16.9,3.9,0.45,1.28,0,18.271428302842743,0.7358163145123696,-0.0723809741792224,10.301428403173174,1,18.4,18.7,2.1,2.4,0.38,0.0,0.94,0.84,8.666666666666666,0,46086,3.411,1.311,13.785,240.173,1016.535,16.791,18.547
2019-11-25,Scripps Pier,2019-11-25,32.867,-117.257,11,2019,0.0,16.9,3.0,0.77,1.43,0,17.79030587721844,0.6527550904726496,-0.1038095383417038,9.138571266617094,1,16.9,18.4,3.9,2.1,0.45,0.38,1.28,0.94,3.896103896103896,0,46086,3.991,1.782,13.043,251.185,1012.422,17.517,18.292
2019-12-02,Scripps Pier,2019-12-02,32.867,-117.257,12,2019,0.0,16.5,3.2,0.21,2.42,0,17.239591462271555,0.5042857053328533,-0.0228571210588727,7.059999874659947,1,16.9,16.9,3.0,3.9,0.77,0.45,1.43,1.28,15.23809523809524,0,46086,4.871,1.803,11.794,252.641,1011.735,15.219,17.328
2019-12-09,Scripps Pier,2019-12-09,32.867,-117.257,12,2019,0.0,16.8,2.6,0.0,1.28,0,16.883469036647252,0.552755091871534,0.0123809632800874,7.738571286201477,1,16.5,16.9,3.2,3.0,0.21,0.77,2.42,1.43,,0,46086,2.877,1.561,12.894,245.869,1018.214,16.504,17.464
2019-12-16,Scripps Pier,2019-12-16,32.867,-117.257,12,2019,0.0,16.1,3.8,0.49,2.39,0,16.687958960630457,0.7393877390696078,-0.1204761777605328,10.35142834697451,1,16.8,16.5,2.6,3.2,0.0,0.21,1.28,2.42,7.755102040816326,0,46086,5.175,1.977,12.948,259.28,1019.469,15.837,17.098
2019-12-23,Scripps Pier,2019-12-23,32.867,-117.257,12,2019,0.0,15.5,2.5,0.53,1.49,0,16.17653039036965,0.5041836621619913,-0.0790476571945916,7.152856984042695,1,16.1,16.8,3.8,2.6,0.49,0.0,2.39,1.28,4.716981132075471,0,46086,4.135,1.817,13.234,271.446,1019.509,15.735,16.518
2019-12-30,Scripps Pier,2019-12-30,32.867,-117.257,12,2019,0.0,15.1,3.3,0.69,1.63,0,15.704081399100168,0.2070408141316503,0.047142846243722,3.0985713970980475,1,15.5,16.1,2.5,3.8,0.53,0.49,1.49,2.39,4.782608695652174,0,46086,4.983,1.863,12.451,255.917,1013.623,14.273,16.347
2020-01-06,Scripps Pier,2020-01-06,32.867,-117.257,1,2020,0.0,15.5,3.0,0.25,1.11,0,15.701836478953458,0.3588775452986663,-0.0238095238095237,5.129999919661453,1,15.1,15.5,3.3,2.5,0.69,0.53,1.63,1.49,12.0,0,46086,3.504,1.698,14.798,264.132,1018.961,14.957,15.57
2020-01-13,Scripps Pier,2020-01-13,32.867,-117.257,1,2020,0.0,15.3,3.6,0.98,1.12,0,15.67602013568489,0.4820408062363157,-0.0004761559622628,6.748571287308421,1,15.5,15.1,3.0,3.3,0.25,0.69,1.11,1.63,3.673469387755102,0,46086,4.909,1.823,10.269,273.494,1019.613,15.03,16.145
2020-01-20,Scripps Pier,2020-01-21,32.867,-117.257,1,2020,0.0,15.4,2.8,0.26,1.42,0,15.568367072514125,0.4895918241568974,-0.0066666830153692,6.854285538196564,1,15.3,15.5,3.6,3.0,0.98,0.25,1.12,1.11,10.769230769230768,0,46086,3.344,1.391,12.648,265.381,1019.361,13.892,15.291
2020-01-27,Scripps Pier,2020-01-27,32.867,-117.257,1,2020,0.0,15.6,2.5,0.22,0.57,0,15.611020156315394,0.5847959031864088,0.0347618829636346,8.187142644609724,1,15.4,15.3,2.8,3.6,0.26,0.98,1.42,1.12,11.363636363636363,0,46086,2.793,1.742,14.878,264.399,1019.119,13.606,15.648
2020-02-03,Scripps Pier,2020-02-03,32.867,-117.257,2,2020,0.0,15.5,2.7,0.0,0.8,0,15.581122203749052,0.5768367204130912,-0.0752380916050502,8.075714085783277,1,15.6,15.4,2.5,2.8,0.22,0.26,0.57,1.42,,0,46086,3.934,2.065,13.46,264.843,1019.746,15.451,15.748
2020-02-10,Scripps Pier,2020-02-10,32.867,-117.257,2,2020,0.0,14.8,2.9,0.0,0.99,0,15.37285683106403,0.3912244794928297,0.0071428843906947,5.477142712899616,1,15.5,15.6,2.7,2.5,0.0,0.22,0.8,0.57,,0,46086,5.079,1.755,12.239,255.268,1017.013,13.43,15.097
2020-02-17,Scripps Pier,2020-02-18,32.867,-117.257,2,2020,0.0,15.6,2.5,0.39,0.9,0,15.364489409388328,0.3970408015409294,0.0328570774623325,5.558571221573012,1,14.8,15.5,2.9,2.7,0.0,0.0,0.99,0.8,6.41025641025641,0,46086,3.338,1.266,14.065,253.725,1016.994,13.917,
2020-02-24,Scripps Pier,2020-02-24,32.867,-117.257,2,2020,0.0,15.7,2.4,0.0,0.84,0,15.629897409555864,0.6509183452141528,0.0471428916567847,9.11285683299814,1,15.6,14.8,2.5,2.9,0.39,0.0,0.9,0.99,,0,46086,3.144,1.201,12.882,255.327,1017.353,14.6,
2020-03-02,Scripps Pier,2020-03-02,32.867,-117.257,3,2020,0.0,15.8,2.1,0.0,0.83,0,15.900101447591975,0.8904081418806192,0.0495237622942243,12.46571398632867,1,15.7,15.6,2.4,2.5,0.0,0.39,0.84,0.9,,0,46086,3.755,1.466,13.83,245.857,1020.387,15.524,
2020-03-09,Scripps Pier,2020-03-09,32.867,-117.257,3,2020,0.0,16.1,2.0,0.55,0.72,0,16.16765261669548,1.1260203798206485,0.0028572990780784,15.76428531748908,1,15.8,15.7,2.1,2.4,0.0,0.0,0.83,0.84,3.636363636363636,0,46086,4.017,1.656,12.86,257.629,1016.191,14.169,
2020-03-16,Scripps Pier,2020-03-16,32.867,-117.257,3,2020,0.0,16.4,2.3,0.0,1.73,0,16.26663237201924,1.191224458266278,-0.0628572645641508,16.67714241572789,1,16.1,15.8,2.0,2.1,0.55,0.0,0.72,0.83,,0,46086,3.566,1.228,13.064,197.756,1015.976,15.477,
2020-03-23,Scripps Pier,2020-03-23,32.867,-117.257,3,2020,0.0,16.5,2.4,0.0,0.86,0,16.16673453000127,1.0397958974449002,-0.0085713976905459,14.557142564228602,1,16.4,16.1,2.3,2.0,0.0,0.55,1.73,0.72,,0,46086,3.989,1.125,13.977,205.452,1017.467,14.204,
2020-03-30,Scripps Pier,2020-03-30,32.867,-117.257,3,2020,0.0,16.3,3.8,0.26,2.89,0,15.978163076906789,0.7822448821092138,0.0361904870896112,10.951428349528994,1,16.5,16.4,2.4,2.3,0.0,0.0,0.86,1.73,14.615384615384617,0,46086,6.013,1.444,11.059,253.055,1019.697,14.191,
2020-04-06,Scripps Pier,2020-04-07,32.867,-117.257,4,2020,0.0,16.0,3.8,0.0,1.32,0,15.854183381917524,0.5868367169584546,-0.0390476499285016,8.215714037418367,1,16.3,16.5,3.8,2.4,0.26,0.0,2.89,0.86,,0,46086,4.791,1.603,10.441,237.886,1015.288,14.813,
2020-04-13,Scripps Pier,2020-04-13,32.867,-117.257,4,2020,0.0,16.3,7.0,0.0,1.78,0,16.08489754735207,0.7436734428819344,0.18238099416097,10.411428200347084,1,16.0,16.3,3.8,3.8,0.0,0.26,1.32,2.89,,0,46086,5.048,1.435,12.449,225.162,1016.276,14.124,
2020-04-20,Scripps Pier,2020-04-20,32.867,-117.257,4,2020,0.0,16.7,8.2,0.0,40.85,0,16.876019944950027,1.4381632062853598,0.2942857288178943,20.13428488799504,1,16.3,16.0,7.0,3.8,0.0,0.0,1.78,1.32,,0,46086,4.3,1.115,13.83,211.655,1017.647,15.149,
2020-04-27,Scripps Pier,2020-04-27,32.867,-117.257,4,2020,0.04,19.9,8.3,0.0,467.66,0,18.242652659513514,2.672652976853507,0.0014285132998511,37.4171416759491,1,16.7,16.3,8.2,7.0,0.0,0.0,40.85,1.78,,0,46086,4.21,1.618,12.781,265.25,1016.048,16.435,
2020-05-04,Scripps Pier,2020-05-04,32.867,-117.257,5,2020,0.0,19.5,11.0,0.0,390.63,0,19.3219383395448,3.602550949369158,0.1852380661737351,50.43571329116821,1,19.9,16.7,8.3,8.2,0.0,0.0,467.66,40.85,,0,46086,3.249,1.72,11.159,262.97,1015.017,16.333,
2020-05-11,Scripps Pier,2020-05-11,32.867,-117.257,5,2020,0.0,20.5,6.6,0.0,73.61,0,19.74112201223568,3.870816245370982,-0.1638094584147135,54.191427435193745,1,19.5,19.9,11.0,8.3,0.0,0.0,390.63,467.66,,0,46086,3.64,1.639,10.902,261.521,1013.339,17.011,
2020-05-18,Scripps Pier,2020-05-18,32.867,-117.257,5,2020,0.0,20.5,5.5,0.0,7.13,0,19.441326219208385,3.404183575085231,-0.1190477098737444,47.65857005119324,1,20.5,19.5,6.6,11.0,0.0,0.0,73.61,390.63,,0,46086,5.702,1.766,11.426,234.94,1014.678,16.724,
2020-05-25,Scripps Pier,2020-05-26,32.867,-117.257,5,2020,0.0,19.3,1.3,0.48,11.85,0,18.924999587389888,2.673673391342163,0.0095238458542596,37.43142747879028,1,20.5,20.5,5.5,6.6,0.0,0.0,7.13,73.61,2.7083333333333335,0,46086,5.361,1.787,11.442,251.833,1014.551,16.524,
2020-06-01,Scripps Pier,2020-06-01,32.867,-117.257,6,2020,0.0,16.4,7.0,0.34,4.56,0,18.64846897125244,2.148367294243404,-0.0004761105492001,30.077142119407657,1,19.3,20.5,1.3,5.5,0.48,0.0,11.85,7.13,20.588235294117645,0,46086,4.029,1.256,15.049,215.911,1013.822,16.886,
2020-06-08,Scripps Pier,2020-06-08,32.867,-117.257,6,2020,0.0,19.0,3.2,0.0,1.6,0,18.750918057500098,1.997346890215971,0.1733333042689732,27.962856463023595,1,16.4,19.3,7.0,1.3,0.34,0.48,4.56,11.85,,0,46086,5.179,1.523,13.002,217.274,1012.57,17.48,
2020-06-15,Scripps Pier,2020-06-15,32.867,-117.257,6,2020,0.0,20.6,3.0,0.0,2.35,0,19.28683639059261,2.268061164690524,-0.0485714503696986,31.752856305667333,1,19.0,16.4,3.2,7.0,0.0,0.34,1.6,4.56,,0,46086,4.956,1.649,11.922,229.143,1014.628,17.687,
2020-06-22,Scripps Pier,2020-06-22,32.867,-117.257,6,2020,0.0,20.4,2.5,0.0,2.54,0,19.494081224714005,2.148673416400442,0.0838094438825334,30.08142782960619,1,20.6,19.0,3.0,3.2,0.0,0.0,2.35,1.6,,0,46086,3.361,1.393,10.734,249.677,1014.166,16.539,
2020-06-29,Scripps Pier,2020-06-29,32.867,-117.257,6,2020,0.0,20.0,3.8,0.0,2.08,0,19.728672981262207,1.9880611762708549,0.1233334314255486,27.832856467791967,1,20.4,20.6,2.5,3.0,0.0,0.0,2.54,2.35,,0,46086,3.251,1.051,13.389,197.988,1012.457,16.964,
2020-07-06,Scripps Pier,2020-07-06,32.867,-117.257,7,2020,0.0,22.2,3.9,0.0,2.44,0,20.68367304120745,2.5328570798951753,0.2680951981317429,35.45999911853245,1,20.0,20.4,3.8,2.5,0.0,0.0,2.08,2.54,,0,46086,3.721,1.391,16.543,184.571,1013.396,17.549,
2020-07-13,Scripps Pier,2020-07-13,32.867,-117.257,7,2020,0.0,23.3,2.7,0.0,3.29,0,22.026836259024485,3.4699999264308383,-0.1095237731933593,48.57999897003174,1,22.2,20.0,3.9,3.8,0.0,0.0,2.44,2.08,,0,46086,3.94,1.261,12.113,190.299,1012.637,18.861,
2020-07-20,Scripps Pier,2020-07-20,32.867,-117.257,7,2020,0.0,15.3,8.7,2.05,2.79,0,21.96285662359121,3.045306054913268,-0.1009523300897507,42.63428476878575,1,23.3,22.2,2.7,3.9,0.0,0.0,3.29,2.44,4.2439024390243905,0,46086,4.853,1.081,9.453,237.452,1013.988,18.481,
2020-07-27,Scripps Pier,2020-07-27,32.867,-117.257,7,2020,0.0,20.3,4.2,0.0,3.86,0,21.053979153535803,1.8572448431229105,-0.1457143511090959,26.00142780372075,1,15.3,23.3,8.7,2.7,2.05,0.0,2.79,3.29,,0,46086,4.365,1.081,11.139,229.131,1012.888,18.12,
2020-08-03,Scripps Pier,2020-08-03,32.867,-117.257,8,2020,0.0,19.0,3.0,0.0,1.59,0,20.75071385441994,1.3126530324926182,0.1452381497337704,18.377142454896653,1,20.3,15.3,4.2,8.7,0.0,2.05,3.86,2.79,,0,46086,5.238,1.16,8.703,248.291,1012.97,18.176,
2020-08-10,Scripps Pier,2020-08-10,32.867,-117.257,8,2020,0.05,19.9,2.6,0.0,3.66,0,20.900713959518747,1.2222448812455549,0.0585714067731584,17.111428337437765,1,19.0,20.3,3.0,4.2,0.0,0.0,1.59,3.86,,0,46086,4.462,1.223,7.949,271.395,1014.051,17.651,
2020-08-17,Scripps Pier,2020-08-17,32.867,-117.257,8,2020,0.0,22.0,1.9,0.0,0.93,0,21.77061184085145,1.877755076301341,0.3419046856108165,26.288571068218776,1,19.9,19.0,2.6,3.0,0.0,0.0,3.66,1.59,,0,46086,4.402,1.028,13.245,184.56,1011.897,19.205,
2020-08-24,Scripps Pier,2020-08-24,32.867,-117.257,8,2020,0.0,24.7,1.5,0.0,2.12,0,22.66806061413823,2.653163219593009,-0.4590475899832589,37.144285074302125,1,22.0,19.9,1.9,2.6,0.0,0.0,0.93,3.66,,0,46086,2.177,1.188,13.318,184.446,1010.228,22.039,
2020-08-31,Scripps Pier,2020-08-31,32.867,-117.257,8,2020,0.0,17.3,3.3,0.0,1.66,0,22.109489187902337,2.0514285193414104,0.1652381533668154,28.719999270779745,1,24.7,22.0,1.5,1.9,0.0,0.0,2.12,0.93,,0,46086,5.569,1.4,10.051,238.119,1009.685,20.195,
2020-09-07,Scripps Pier,2020-09-08,32.867,-117.257,9,2020,0.0,22.0,1.9,0.0,1.6,0,21.60877498315305,1.5205101455960954,-0.0371428898402622,21.287142038345337,1,17.3,24.7,3.3,1.5,0.0,0.0,1.66,2.12,,0,46086,3.813,1.105,10.714,227.524,1012.329,20.318,
2020-09-14,Scripps Pier,2020-09-14,32.867,-117.257,9,2020,0.0,21.9,1.7,0.0,1.58,0,21.84346905533149,1.7364285199009644,-0.0328571682884579,24.3099992786135,1,22.0,17.3,1.9,3.3,0.0,0.0,1.6,1.66,,0,46086,4.41,1.146,14.534,189.22,1010.362,21.329,
2020-09-21,Scripps Pier,2020-09-21,32.867,-117.257,9,2020,0.0,21.3,2.6,0.0,1.76,0,21.62275485603177,1.5852040526818256,0.0276191348121279,22.19285673754556,1,21.9,22.0,1.7,1.9,0.0,0.0,1.58,1.6,,0,46086,5.147,1.25,10.683,209.417,1012.734,21.162,
2020-09-28,Scripps Pier,2020-09-28,32.867,-117.257,9,2020,0.0,21.0,2.4,0.0,1.83,0,21.594285361620845,1.7403060745219796,0.0742855980282738,24.364285043307714,1,21.3,21.9,2.6,1.7,0.0,0.0,1.76,1.58,,0,46086,2.881,1.288,14.112,219.577,1013.553,19.645,
2020-10-05,Scripps Pier,2020-10-05,32.867,-117.257,10,2020,0.0,20.4,2.5,0.0,1.58,0,21.79867290963932,2.1655101362539795,-0.1047618502662295,30.317141907555715,1,21.0,21.3,2.4,2.6,0.0,0.0,1.83,1.76,,0,46086,2.897,1.392,14.154,227.06,1011.878,21.708,
2020-10-12,Scripps Pier,2020-10-12,32.867,-117.257,10,2020,0.0,21.2,2.2,0.0,1.78,0,21.73408101529491,2.324183618535801,0.0466666448683965,32.53857065950121,1,20.4,21.0,2.5,2.4,0.0,0.0,1.58,1.83,,0,46086,4.155,1.23,11.909,226.381,1013.98,20.107,
2020-10-19,Scripps Pier,2020-10-19,32.867,-117.257,10,2020,0.0,21.1,2.1,0.0,1.61,0,21.54908117956045,2.3978571015961316,-0.1180952162969679,33.569999422345845,1,21.2,20.4,2.2,2.5,0.0,0.0,1.78,1.58,,0,46086,3.535,1.248,11.747,236.923,1013.498,21.401,
2020-10-26,Scripps Pier,2020-10-26,32.867,-117.257,10,2020,0.0,20.0,2.2,0.0,1.61,0,20.917448608242733,2.1054081223448926,-0.1904761904761905,29.4757137128285,1,21.1,21.2,2.1,2.2,0.0,0.0,1.61,1.78,,0,46086,3.196,1.101,14.602,177.787,1012.936,18.801,
2020-11-02,Scripps Pier,2020-11-02,32.867,-117.257,11,2020,0.0,17.8,3.6,0.0,1.45,0,19.939489461937733,1.514489771152029,-0.1128571828206379,21.20285679612841,1,20.0,21.1,2.2,2.1,0.0,0.0,1.61,1.61,,0,46086,3.425,0.898,13.239,218.089,1015.888,19.049,
2020-11-09,Scripps Pier,2020-11-09,32.867,-117.257,11,2020,0.0,17.4,3.1,0.26,2.02,0,18.771734451761052,0.7342857061600199,-0.2533333188011533,12.649999839918951,0,17.8,20.0,3.6,2.2,0.0,0.0,1.45,1.61,11.923076923076923,0,46086,5.632,1.681,14.019,245.993,1013.17,17.843,
2020-11-16,Scripps Pier,2020-11-16,32.867,-117.257,11,2020,0.0,15.6,4.1,0.0,4.76,0,17.56091801001101,-0.0875510173108504,-0.0323809669131324,3.201428503330265,1,17.4,17.8,3.1,3.6,0.26,0.0,2.02,1.45,,0,46086,4.76,1.393,12.059,225.904,1017.952,16.026,
2020-11-23,Scripps Pier,2020-11-23,32.867,-117.257,11,2020,0.0,16.3,3.9,0.0,2.93,0,17.01255043185487,-0.2395918305050961,-0.0285714467366536,0.1099999956786631,0,15.6,17.4,4.1,3.1,0.0,0.26,4.76,2.02,,0,46086,3.005,1.284,12.774,256.399,1017.244,16.748,
2020-11-30,Scripps Pier,2020-11-30,32.867,-117.257,11,2020,0.0,16.3,3.3,0.0,1.54,0,16.611632064897186,-0.2394897928651498,-0.0685714085896809,0.0528571414096014,1,16.3,15.6,3.9,4.1,0.0,0.0,2.93,4.76,,0,46086,3.253,1.353,12.084,273.036,1017.427,15.96,
2020-12-07,Scripps Pier,2020-12-07,32.867,-117.257,12,2020,0.0,15.7,2.8,0.0,1.5,0,16.337142428573298,-0.1111224482254105,0.0780952544439406,1.2899999767541883,1,16.3,16.3,3.3,3.9,0.0,0.0,1.54,2.93,,0,46086,3.124,1.35,15.728,254.916,1020.11,15.814,
2020-12-14,Scripps Pier,2020-12-14,32.867,-117.257,12,2020,0.0,15.7,2.9,0.0,1.92,0,16.406122081133784,0.3533673414162227,-0.1099999745686848,5.794285620961871,1,15.7,16.3,2.8,3.3,0.0,0.0,1.5,1.54,,0,46086,3.188,1.85,13.539,278.226,1017.726,15.439,
2020-12-21,Scripps Pier,2020-12-21,32.867,-117.257,12,2020,0.0,15.2,3.4,0.0,2.88,0,16.227652744371063,0.4876530541449176,-0.0438095728556314,6.834285614745958,1,15.7,15.7,2.9,2.8,0.0,0.0,1.92,1.5,,0,46086,4.529,1.661,14.036,273.256,1020.152,15.302,
2020-12-28,Scripps Pier,2020-12-28,32.867,-117.257,12,2020,0.0,14.8,3.6,0.0,2.9,0,15.68010175471403,0.1376530602954479,-0.0599999654860723,2.6928571004952704,0,15.2,15.7,3.4,2.9,0.0,0.0,2.88,1.92,,0,46086,3.487,1.18,14.546,248.173,1018.628,14.884,
2021-01-04,Scripps Pier,2021-01-04,32.867,-117.257,1,2021,0.0,14.6,4.3,0.8,3.48,0,15.259489448703064,-0.1291836702207825,-0.056666646684919,0.3857142723032406,0,14.8,15.2,3.6,3.4,0.0,0.0,2.9,2.88,5.374999999999999,0,46086,5.45,2.381,14.877,278.373,1018.882,14.255,
2021-01-11,Scripps Pier,2021-01-11,32.867,-117.257,1,2021,0.0,13.9,5.7,3.26,4.22,0,15.026428300507217,-0.2113265261548209,0.0885714122227259,0.2814285627433232,1,14.6,14.8,4.3,3.6,0.8,0.0,3.48,2.9,1.7484662576687118,0,46086,3.078,2.07,15.084,275.143,1019.694,13.662,
2021-01-18,Scripps Pier,2021-01-18,32.867,-117.257,1,2021,0.0,15.0,3.5,0.0,5.44,0,15.159795702720174,0.0529591830029171,0.0171428407941545,2.649999943162714,1,13.9,14.6,5.7,4.3,3.26,0.8,4.22,3.48,,0,46086,2.306,1.891,15.605,264.81,1019.609,15.209,
2021-01-25,Scripps Pier,2021-01-26,32.867,-117.257,1,2021,0.0,14.7,2.9,0.0,2.47,0,15.24030589084236,0.2052040797639257,-0.1199999763852074,3.9385713690093582,1,15.0,13.9,3.5,5.7,0.0,3.26,5.44,4.22,,0,46086,3.832,1.684,14.023,251.143,1012.628,14.027,
2021-02-01,Scripps Pier,2021-02-01,32.867,-117.257,2,2021,0.0,14.5,3.9,0.0,4.11,0,14.90112220997713,-0.1069387704780211,0.0261904852730887,1.569999988589968,0,14.7,15.0,2.9,3.5,0.0,0.0,2.47,5.44,,0,46086,6.361,2.387,12.422,269.808,1016.866,12.896,
2021-02-08,Scripps Pier,2021-02-08,32.867,-117.257,2,2021,0.0,14.3,4.1,0.0,7.96,0,14.763673169272286,-0.2218367296974269,0.0076190403529575,0.0,0,14.5,14.7,3.9,2.9,0.0,0.0,4.11,2.47,,0,46086,4.42,1.431,12.423,269.827,1017.66,13.707,
2021-02-15,Scripps Pier,2021-02-16,32.867,-117.257,2,2021,0.0,14.7,2.6,0.0,3.23,0,14.886734339655662,-0.082448978357169,-0.0114285605294363,0.167142849947725,1,14.3,14.5,4.1,3.9,0.0,0.0,7.96,4.11,,0,46086,5.074,1.539,11.531,262.28,1015.342,13.224,
2021-02-22,Scripps Pier,2021-02-22,32.867,-117.257,2,2021,0.0,14.4,6.1,0.0,2.46,0,14.956938412724709,-0.0186734687422915,0.0438095274425687,0.5714285602527005,1,14.7,14.3,2.6,4.1,0.0,0.0,3.23,7.96,,0,46086,6.811,2.296,12.149,261.831,1019.886,14.216,
2021-03-01,Scripps Pier,2021-03-01,32.867,-117.257,3,2021,0.0,14.6,5.5,0.37,1.84,0,15.026020059780198,0.0233673475568695,-0.0195238022577194,1.157142839793648,1,14.4,14.7,6.1,2.6,0.0,0.0,2.46,3.23,14.864864864864863,0,46086,3.528,1.6,11.957,267.149,1017.377,14.727,
2021-03-08,Scripps Pier,2021-03-08,32.867,-117.257,3,2021,0.0,14.6,9.5,0.6,4.37,0,15.012754800368327,-0.0211224473670733,-0.0333333696637834,0.8285714121801513,0,14.6,14.4,5.5,6.1,0.37,0.0,1.84,2.46,15.833333333333334,0,46086,4.973,1.651,13.961,262.05,1017.428,14.137,
2021-03-15,Scripps Pier,2021-03-15,32.867,-117.257,3,2021,0.0,14.9,5.1,0.0,5.85,0,14.888571087194949,-0.1807142813518947,-0.0199999582199823,0.0757142826914786,0,14.6,14.6,9.5,5.5,0.6,0.37,4.37,1.84,,0,46086,7.066,2.124,13.865,271.512,1020.872,13.612,
2021-03-22,Scripps Pier,2021-03-22,32.867,-117.257,3,2021,0.0,13.3,13.5,5.93,8.6,0,14.819387435913086,-0.3003061148433052,0.0719047273908342,0.0271428568022591,1,14.9,14.6,5.1,9.5,0.0,0.6,5.85,4.37,2.2765598650927488,0,46086,5.346,1.672,11.855,274.288,1019.939,13.118,14.535
2021-03-29,Scripps Pier,2021-03-29,32.867,-117.257,3,2021,0.0,14.8,8.2,0.61,8.34,0,15.202550635045888,0.0163265338205561,0.1761904671078636,3.104285682950701,1,13.3,14.9,13.5,5.1,5.93,0.0,8.6,5.85,13.442622950819672,0,46086,5.602,1.846,10.518,277.82,1016.57,13.54,14.444
2021-04-05,Scripps Pier,2021-04-05,32.867,-117.257,4,2021,0.0,16.3,3.5,0.0,4.29,0,16.064693324419917,0.8060203951080235,0.0909522828601655,11.728571236133575,1,14.8,13.3,8.2,13.5,0.61,5.93,8.34,8.6,,0,46086,4.583,1.288,14.228,231.849,1015.517,14.057,15.054
2021-04-12,Scripps Pier,2021-04-12,32.867,-117.257,4,2021,0.0,17.7,4.0,0.0,3.66,0,16.73887706289486,1.4083673175500364,-0.0190475100562686,19.71714244570051,1,16.3,14.8,3.5,8.2,0.0,0.61,4.29,8.34,,0,46086,5.81,1.782,9.139,279.929,1014.502,13.927,15.431
2021-04-19,Scripps Pier,2021-04-19,32.867,-117.257,4,2021,0.0,17.1,7.3,0.37,6.45,0,16.899285297004546,1.477244853973389,-0.033809571039109,20.68142795562744,1,17.7,16.3,4.0,3.5,0.0,0.0,3.66,4.29,19.72972972972973,0,46086,5.073,1.492,12.088,262.551,1014.022,13.206,15.657
2021-04-26,Scripps Pier,2021-04-26,32.867,-117.257,4,2021,0.0,16.4,8.8,2.16,1.93,0,16.74102002747205,1.190918328506606,0.0966666993640718,16.672856599092484,1,17.1,17.7,7.3,4.0,0.37,0.0,6.45,3.66,4.074074074074074,0,46086,5.317,1.646,12.82,244.693,1014.92,13.635,16.019
2021-05-03,Scripps Pier,2021-05-03,32.867,-117.257,5,2021,0.0,17.2,7.8,0.76,3.8,0,17.02255073858767,1.3252040527913034,0.099047615414574,18.552856739078248,1,16.4,17.1,8.8,7.3,2.16,0.37,1.93,6.45,10.263157894736842,0,46086,5.224,1.528,12.385,230.307,1015.332,14.85,16.3
2021-05-10,Scripps Pier,2021-05-10,32.867,-117.257,5,2021,0.0,18.0,5.2,0.0,4.59,0,17.612448575545333,1.7647958878351715,-0.0819048200334821,24.707142429692404,1,17.2,16.4,7.8,8.8,0.76,2.16,3.8,1.93,,0,46086,2.55,1.674,12.797,253.917,1013.922,14.486,16.49
2021-05-17,Scripps Pier,2021-05-17,32.867,-117.257,5,2021,0.0,18.1,5.8,0.0,3.91,0,17.677040236336843,1.6665305811531688,0.0128572554815383,23.331428136144364,1,18.0,17.2,5.2,7.8,0.0,0.76,4.59,3.8,,0,46086,3.259,1.367,13.843,226.232,1014.782,14.939,16.482
2021-05-24,Scripps Pier,2021-05-24,32.867,-117.257,5,2021,0.0,19.4,3.7,0.0,1.56,0,17.672754774288254,1.4537754764362258,0.1214285350981212,20.35285667010716,1,18.1,18.0,5.8,5.2,0.0,0.0,3.91,4.59,,0,46086,6.345,2.092,12.518,239.196,1015.59,14.426,15.731
2021-05-31,Scripps Pier,2021-06-01,32.867,-117.257,6,2021,0.0,19.6,3.1,0.0,2.4,0,18.132448819218848,1.6660203763416834,0.033333278837658,23.32428526878357,1,19.4,18.1,3.7,5.8,0.0,0.0,1.56,3.91,,0,46086,4.718,1.675,11.035,247.452,1015.186,14.336,15.587
2021-06-07,Scripps Pier,2021-06-07,32.867,-117.257,6,2021,0.0,19.4,2.4,0.0,4.31,0,18.556224180727583,1.836632621531584,0.079047611781529,25.712856701442178,1,19.6,19.4,3.1,3.7,0.0,0.0,2.4,1.56,,0,46086,2.201,1.372,13.974,210.56,1013.703,14.41,16.46
2021-06-14,Scripps Pier,2021-06-14,32.867,-117.257,6,2021,0.0,19.9,2.5,0.0,1.4,0,18.887754537621326,1.9080611953929976,0.0076191311790829,26.71285673550197,1,19.4,19.6,2.4,3.1,0.0,0.0,4.31,2.4,,0,46086,5.503,1.615,9.73,275.653,1014.822,15.271,16.548
2021-06-21,Scripps Pier,2021-06-21,32.867,-117.257,6,2021,0.0,19.7,2.4,0.0,1.32,0,19.23979523717141,1.9437754884058116,0.0476190476190476,27.21285683768136,1,19.9,19.4,2.5,2.4,0.0,0.0,1.4,4.31,,0,46086,4.013,1.541,10.845,261.262,1010.241,16.288,17.139
2021-06-28,Scripps Pier,2021-06-28,32.867,-117.257,6,2021,0.0,19.1,2.5,0.0,1.67,0,19.570611798033426,1.886734671738683,0.1228571392240978,26.41428540434156,1,19.7,19.9,2.4,2.5,0.0,0.0,1.32,1.4,,0,46086,4.979,1.488,13.764,224.113,1012.784,16.716,18.158
2021-07-05,Scripps Pier,2021-07-06,32.867,-117.257,7,2021,0.0,21.0,1.0,0.0,2.15,0,20.15581601979781,2.0621428295057647,0.1319046928769066,28.869999613080704,1,19.1,19.7,2.5,2.4,0.0,0.0,1.67,1.32,,0,46086,3.011,1.451,12.123,242.131,1011.202,16.818,18.548
2021-07-12,Scripps Pier,2021-07-12,32.867,-117.257,7,2021,0.0,22.1,1.3,0.0,0.89,0,21.104897401770767,2.6026530119837545,0.1785714285714285,36.43714216777256,1,21.0,19.1,1.0,2.5,0.0,0.0,2.15,1.67,,0,46086,3.976,1.405,13.915,219.256,1012.605,17.07,18.635
2021-07-19,Scripps Pier,2021-07-19,32.867,-117.257,7,2021,0.0,23.4,1.5,0.0,1.37,0,22.05571359517623,3.18214277345307,-0.1047618502662295,44.549998828342986,1,22.1,21.0,1.3,1.0,0.0,0.0,0.89,2.15,,0,46086,2.93,1.313,15.139,177.185,1013.519,18.643,20.289
2021-07-26,Scripps Pier,2021-07-26,32.867,-117.257,7,2021,0.0,22.6,0.0,0.0,1.51,0,21.86775456642618,2.706122392750516,-0.3461905888148716,38.00999920708792,1,23.4,22.1,1.5,1.3,0.0,0.0,1.37,0.89,,0,46086,4.124,1.211,12.608,226.524,1014.711,18.905,21.579
2021-08-02,Scripps Pier,2021-08-02,32.867,-117.257,8,2021,0.0,16.0,2.8,0.65,1.75,0,20.378774837571747,0.9755101985849288,0.0561905815487816,15.974285588200605,1,22.6,23.4,0.0,1.5,0.0,0.0,1.51,1.37,4.3076923076923075,0,46086,5.242,1.144,10.686,229.28,1014.534,19.402,21.399
2021-08-09,Scripps Pier,2021-08-09,32.867,-117.257,8,2021,0.0,21.2,0.0,0.22,1.84,0,20.0253053976565,0.3794897874361093,0.2780951545352027,8.428571250555771,1,16.0,22.6,2.8,0.0,0.65,0.0,1.75,1.51,0.0,0,46086,4.838,1.462,9.658,258.611,1013.34,18.647,20.058
2021-08-16,Scripps Pier,2021-08-16,32.867,-117.257,8,2021,0.0,20.2,2.6,0.0,2.03,0,21.193162704000667,1.3234693622596712,0.0342857724144345,19.451428198654735,1,21.2,16.0,0.0,2.8,0.22,0.65,1.84,1.75,,0,46086,3.686,1.054,13.87,194.161,1014.393,19.775,21.162
2021-08-23,Scripps Pier,2021-08-23,32.867,-117.257,8,2021,0.0,21.7,1.6,0.0,2.82,0,21.727244435524455,1.721326500785594,-0.1533333006359281,24.098571010998317,1,20.2,21.2,2.6,0.0,0.0,0.22,2.03,1.84,,0,46086,2.722,1.293,14.83,194.321,1010.536,20.138,21.561
2021-08-30,Scripps Pier,2021-08-30,32.867,-117.257,8,2021,0.0,20.3,2.8,0.0,2.35,0,21.29153025880152,1.2373469134374542,-0.0380952925909133,17.32285678812436,1,21.7,20.2,1.6,2.6,0.0,0.0,2.82,2.03,,0,46086,4.901,0.971,11.907,236.107,1010.127,19.431,21.36
2021-09-06,Scripps Pier,2021-09-07,32.867,-117.257,9,2021,0.0,20.3,3.0,0.0,2.07,0,21.001836426404054,0.91806119528352,0.0776190984816777,12.85285673396928,1,20.3,21.7,2.8,1.6,0.0,0.0,2.35,2.82,,0,46086,4.005,0.993,10.41,225.042,1010.53,19.771,21.608
2021-09-13,Scripps Pier,2021-09-13,32.867,-117.257,9,2021,0.0,17.1,5.6,0.0,4.84,0,20.932040409165985,0.822755071277521,-0.1233334314255487,11.518570997885297,1,20.3,20.3,3.0,2.8,0.0,0.0,2.07,2.35,,0,46086,4.21,1.145,13.489,210.263,1012.305,20.514,22.081
2021-09-20,Scripps Pier,2021-09-20,32.867,-117.257,9,2021,0.0,18.8,4.9,0.49,2.15,0,20.58306055652852,0.5242856977773565,-0.0547618865966796,7.33999976888299,1,17.1,20.3,5.6,3.0,0.0,0.0,4.84,2.07,10.000000000000002,0,46086,3.735,1.341,15.77,203.774,1013.451,18.09,21.263
2021-09-27,Scripps Pier,2021-09-27,32.867,-117.257,9,2021,0.0,18.1,2.8,0.0,2.72,0,20.222856365904516,0.3366326451187535,0.0766666957310268,4.815714172220656,1,18.8,17.1,4.9,5.6,0.49,0.0,2.15,4.84,,0,46086,3.891,1.352,12.812,271.887,1014.531,19.276,21.019
2021-10-04,Scripps Pier,2021-10-04,32.867,-117.257,10,2021,0.07,19.9,1.9,0.0,2.26,0,20.203876806765184,0.5399999809926566,-0.0547618865966796,7.679999731214983,1,18.1,18.8,2.8,4.9,0.0,0.49,2.72,2.15,,0,46086,3.242,1.591,13.304,250.548,1013.49,19.341,20.398
2021-10-11,Scripps Pier,2021-10-11,32.867,-117.257,10,2021,0.0,19.0,2.1,0.49,4.86,0,19.95132594205895,0.5083673296078127,-0.1885714758010137,8.527142558779035,1,19.9,18.1,1.9,2.8,0.0,0.0,2.26,2.72,4.285714285714286,0,46086,3.996,1.291,12.478,245.263,1015.307,19.278,21.024
2021-10-18,Scripps Pier,2021-10-18,32.867,-117.257,10,2021,0.0,18.9,1.3,0.36,1.01,0,19.209591359508284,0.0172448980488947,-0.0314285641624814,3.1071427570922032,1,19.0,19.9,2.1,1.9,0.49,0.0,4.86,2.26,3.611111111111111,0,46086,5.115,1.817,13.924,233.238,1013.356,18.119,19.418
2021-10-25,Scripps Pier,2021-10-25,32.867,-117.257,10,2021,0.0,18.1,1.8,0.35,3.43,0,18.674591298006018,-0.1886734638021004,-0.0038095201764788,0.5085714108177594,1,18.9,19.0,1.3,2.1,0.36,0.49,1.01,4.86,5.142857142857143,0,46086,5.034,1.663,12.781,271.982,1015.668,16.797,19.14
2021-11-01,Scripps Pier,2021-11-01,32.867,-117.257,11,2021,0.0,18.6,1.6,0.24,1.81,0,18.40867301395961,-0.0722448969335883,-0.0738093966529482,1.1685713838253702,1,18.1,18.9,1.8,1.3,0.35,0.36,3.43,1.01,6.666666666666667,0,46086,3.854,1.823,14.675,271.458,1015.312,17.029,18.185
2021-11-08,Scripps Pier,2021-11-08,32.867,-117.257,11,2021,0.0,18.2,1.7,0.62,2.14,0,18.168469234388706,0.0752040766635719,-0.0142857687813894,1.7999999225139618,1,18.6,18.1,1.6,1.8,0.24,0.35,1.81,3.43,2.7419354838709675,0,46086,3.179,1.601,12.923,274.238,1017.083,15.975,18.099
2021-11-15,Scripps Pier,2021-11-15,32.867,-117.257,11,2021,0.0,17.4,2.3,0.37,11.26,0,17.899693839404048,0.1960204007978341,-0.0628571283249627,2.988571326647486,1,18.2,18.6,1.7,1.6,0.62,0.24,2.14,1.81,6.216216216216216,0,46086,2.936,1.391,13.294,241.161,1017.856,18.111,18.752
2021-11-22,Scripps Pier,2021-11-22,32.867,-117.257,11,2021,0.0,17.5,2.3,0.23,2.51,0,17.677346735584493,0.3681632575331902,-0.0066667284284319,5.154285605464663,1,17.4,18.2,2.3,1.7,0.37,0.62,11.26,2.14,9.999999999999998,0,46086,3.189,1.066,13.041,234.56,1017.417,16.302,18.513
2021-11-29,Scripps Pier,2021-11-29,32.867,-117.257,11,2021,0.0,17.1,1.7,0.45,1.08,0,17.451428218763702,0.5426530550633158,-0.0538095746721539,7.597142770886421,1,17.5,17.4,2.3,2.3,0.23,0.37,2.51,11.26,3.7777777777777777,0,46086,3.333,1.037,12.341,273.179,1017.698,17.82,18.409
2021-12-06,Scripps Pier,2021-12-06,32.867,-117.257,12,2021,0.0,15.8,3.0,1.1,8.61,0,17.153264941001424,0.6476530508727443,-0.0833332425072079,9.067142712218422,1,17.1,17.5,1.7,2.3,0.45,0.23,1.08,2.51,2.727272727272727,0,46086,3.317,1.243,12.907,287.298,1018.408,15.7,17.748
2021-12-13,Scripps Pier,2021-12-13,32.867,-117.257,12,2021,0.0,15.8,2.2,1.13,1.97,0,16.57122414452689,0.4653061111932809,-0.1390476680937266,6.672856980934739,1,15.8,17.1,3.0,1.7,1.1,0.45,8.61,1.08,1.946902654867257,0,46086,3.262,1.381,10.953,271.497,1016.606,15.654,17.095
2021-12-20,Scripps Pier,2021-12-20,32.867,-117.257,12,2021,0.0,15.2,2.6,1.27,1.9,0,15.810203639828428,0.0335714289614436,-0.0285714013235909,2.1499999444931746,0,15.8,15.8,2.2,3.0,1.13,1.1,1.97,8.61,2.047244094488189,0,46086,5.527,2.001,13.274,280.244,1019.092,14.503,16.266
2021-12-27,Scripps Pier,2021-12-27,32.867,-117.257,12,2021,0.0,15.1,2.1,0.94,1.22,0,15.384693466887184,-0.1825510132487635,0.0095238458542596,0.0514285708112375,1,15.2,15.8,2.6,2.2,1.27,1.13,1.9,1.97,2.2340425531914896,0,46086,4.736,1.511,12.108,276.81,1016.894,14.477,15.638
2022-01-03,Scripps Pier,2022-01-03,32.867,-117.257,1,2022,0.0,15.2,1.7,0.79,0.98,0,15.353469089585907,-0.0599999970053227,-0.040952410016741,0.4057142798389707,1,15.1,15.2,2.1,2.6,0.94,1.27,1.22,1.9,2.151898734177215,0,46086,6.042,1.817,9.527,267.577,1013.985,13.765,15.11
2022-01-10,Scripps Pier,2022-01-10,32.867,-117.257,1,2022,0.0,15.1,2.1,0.53,1.54,0,15.261632374354772,0.0017346940668565,-0.0066666376023065,0.5399999916553497,1,15.2,15.1,1.7,2.1,0.79,0.94,0.98,1.22,3.962264150943396,0,46086,3.266,1.481,13.152,284.629,1018.432,13.977,15.174
2022-01-17,Scripps Pier,2022-01-18,32.867,-117.257,1,2022,0.0,15.6,1.3,0.0,1.03,0,15.213162947674189,0.0922448958973495,0.0571428480602445,1.74571424536407,1,15.1,15.2,2.1,1.7,0.53,0.79,1.54,0.98,,0,46086,3.319,1.58,13.994,272.571,1020.938,15.792,15.545
2022-01-24,Scripps Pier,2022-01-24,32.867,-117.257,1,2022,0.0,15.1,2.7,0.88,2.48,0,15.377040464050916,0.3361224384446229,0.0085714431036086,4.804285562730262,1,15.6,15.1,1.3,2.1,0.0,0.53,1.03,1.54,3.0681818181818183,0,46086,3.671,1.203,12.898,279.994,1018.334,15.224,15.76
2022-01-31,Scripps Pier,2022-01-31,32.867,-117.257,1,2022,0.0,15.6,1.6,0.24,0.53,0,15.4916322474577,0.4814285559921848,-0.0052381243024553,6.739999783890588,1,15.1,15.6,2.7,1.3,0.88,0.0,2.48,1.03,6.666666666666667,0,46086,2.679,1.358,14.744,275.774,1018.764,15.142,15.852
2022-02-07,Scripps Pier,2022-02-07,32.867,-117.257,2,2022,0.0,15.2,2.7,0.52,1.41,0,15.54724444175253,0.5595918239987626,0.0480952035813104,7.834285535982677,1,15.6,15.1,1.6,2.7,0.24,0.88,0.53,2.48,5.1923076923076925,0,46086,3.371,1.277,12.798,277.412,1018.979,14.918,15.702
2022-02-14,Scripps Pier,2022-02-14,32.867,-117.257,2,2022,0.0,16.0,2.1,0.2,1.14,0,15.636530253351951,0.6680612101846811,-0.0509523210071382,9.352856942585536,1,15.2,15.6,2.7,1.6,0.52,0.24,1.41,0.53,10.5,0,46086,2.615,1.306,14.567,267.072,1018.435,16.794,16.055
2022-02-21,Scripps Pier,2022-02-22,32.867,-117.257,2,2022,0.0,15.1,1.8,0.48,1.81,0,15.496836496859183,0.526836721454652,-0.0823809759957449,7.45714267130409,1,16.0,15.2,2.1,2.7,0.2,0.52,1.14,1.41,3.75,0,46086,5.291,1.698,13.087,270.137,1017.717,14.528,15.919
2022-02-28,Scripps Pier,2022-02-28,32.867,-117.257,2,2022,0.0,14.7,3.6,0.0,3.38,0,15.221938434912234,0.2256122386387112,0.0576190494355701,3.4685713396008526,1,15.1,16.0,1.8,2.1,0.48,0.2,1.81,1.14,,0,46086,6.029,1.595,11.817,276.929,1019.696,13.189,15.456
2022-03-07,Scripps Pier,2022-03-07,32.867,-117.257,3,2022,0.0,15.2,3.4,1.23,1.82,0,15.207958756660927,0.1777550957678835,0.0223809196835472,2.717142768470304,1,14.7,15.1,3.6,1.8,0.0,0.48,3.38,1.81,2.7642276422764227,0,46086,4.945,2.159,13.303,281.22,1017.14,14.659,15.684
2022-03-14,Scripps Pier,2022-03-14,32.867,-117.257,3,2022,0.0,15.5,2.4,0.7,4.97,0,15.510407710561948,0.4454081538988618,0.1152380534580775,6.235714154584067,1,15.2,14.7,3.4,3.6,1.23,0.0,1.82,3.38,3.428571428571429,0,46086,4.652,1.262,11.642,279.922,1019.38,14.573,15.504
2022-03-21,Scripps Pier,2022-03-21,32.867,-117.257,3,2022,0.0,16.0,4.1,1.63,11.01,0,16.069387231554305,0.9582652892081104,0.0323809669131324,13.415714048913546,1,15.5,15.2,2.4,3.4,0.7,1.23,4.97,1.82,2.5153374233128836,0,46086,5.895,2.089,13.396,289.173,1017.525,15.033,16.017
2022-03-28,Scripps Pier,2022-03-28,32.867,-117.257,3,2022,0.0,15.1,4.7,1.41,5.2,0,16.440101535952824,1.2649999710978297,-0.0057141440255301,17.709999595369613,1,16.0,15.5,4.1,2.4,1.63,0.7,11.01,4.97,3.3333333333333335,0,46086,3.733,1.588,12.681,277.44,1015.871,14.657,16.425
2022-04-04,Scripps Pier,2022-04-04,32.867,-117.257,4,2022,0.0,16.0,4.0,1.26,4.57,0,16.680407718736298,1.4339795453207833,0.2176189422607421,20.075713634490967,1,15.1,16.0,4.7,4.1,1.41,1.63,5.2,11.01,3.1746031746031744,0,46086,4.96,1.878,11.276,275.244,1013.614,14.438,16.018
2022-04-11,Scripps Pier,2022-04-11,32.867,-117.257,4,2022,0.0,17.0,4.2,0.0,2.79,0,17.262652572320434,1.9435713765572529,-0.1123809814453124,27.20999927180154,1,16.0,15.1,4.0,4.7,1.26,1.41,4.57,5.2,,0,46086,3.22,1.966,12.241,271.661,1012.581,15.817,16.421
2022-04-18,Scripps Pier,2022-04-18,32.867,-117.257,4,2022,0.0,15.4,8.4,2.65,4.48,0,17.20928511327627,1.8020407802672411,-0.2271427881150018,25.27142806404403,1,17.0,16.0,4.2,4.0,0.0,1.26,2.79,4.57,3.169811320754717,0,46086,6.924,2.124,8.824,280.518,1016.344,14.107,15.384
2022-04-25,Scripps Pier,2022-04-25,32.867,-117.257,4,2022,0.0,15.6,13.2,1.7,8.12,0,16.265203602459966,0.7346938633531028,0.0447618393670944,10.605714068615011,1,15.4,17.0,8.4,4.2,2.65,0.0,4.48,2.79,7.764705882352941,0,46086,6.391,1.933,11.155,280.315,1016.119,15.167,16.261
2022-05-02,Scripps Pier,2022-05-02,32.867,-117.257,5,2022,0.0,16.1,5.8,0.26,3.28,0,16.085407772842718,0.4096938671582207,0.2457142784481956,6.012856981584004,1,15.6,15.4,13.2,8.4,1.7,2.65,8.12,4.48,22.307692307692307,0,46086,5.021,2.019,11.091,279.577,1013.509,15.202,16.389
2022-05-09,Scripps Pier,2022-05-09,32.867,-117.257,5,2022,0.0,17.7,3.9,1.18,3.14,0,16.819591327589386,0.9959183511495286,-0.0685713631766183,13.9428569160934,1,16.1,15.6,5.8,13.2,0.26,1.7,3.28,8.12,3.305084745762712,0,46086,3.907,2.052,12.904,264.53,1013.607,14.697,15.991
2022-05-16,Scripps Pier,2022-05-16,32.867,-117.257,5,2022,0.0,17.2,7.6,2.0,11.81,0,17.246428197743942,1.2655101868571066,-0.0023810068766275,17.717142615999496,1,17.7,16.1,3.9,5.8,1.18,0.26,3.14,3.28,3.8,0,46086,6.578,2.102,8.62,284.417,1015.859,14.874,15.687
2022-05-23,Scripps Pier,2022-05-23,32.867,-117.257,5,2022,0.0,17.4,4.7,0.28,3.19,0,17.325816057166275,1.1422448760392716,0.1190477098737443,15.9914282645498,1,17.2,17.7,7.6,3.9,2.0,1.18,11.81,3.14,16.785714285714285,0,46086,3.695,1.837,11.423,254.316,1013.338,14.498,16.372
2022-05-30,Scripps Pier,2022-05-31,32.867,-117.257,5,2022,0.0,19.1,3.1,0.41,5.82,0,17.84377520424979,1.414693853684834,0.1628570556640624,19.805713951587677,1,17.4,17.2,4.7,7.6,0.28,2.0,3.19,11.81,7.560975609756098,0,46086,3.403,1.272,13.397,226.565,1012.988,15.162,16.865
2022-06-06,Scripps Pier,2022-06-06,32.867,-117.257,6,2022,0.0,20.9,2.0,0.34,2.23,0,18.702754877051525,2.0199999699787217,0.0814286186581565,28.279999579702103,1,19.1,17.4,3.1,4.7,0.41,0.28,5.82,3.19,5.88235294117647,0,46086,4.073,1.824,12.776,253.339,1010.966,15.322,17.316
2022-06-13,Scripps Pier,2022-06-13,32.867,-117.257,6,2022,0.0,19.5,2.2,0.32,1.93,0,19.50122412856744,2.559081570226319,0.1119046892438615,35.82714198316847,1,20.9,19.1,2.0,3.1,0.34,0.41,2.23,5.82,6.875,0,46086,3.221,1.398,9.431,280.226,1010.977,15.822,17.604
2022-06-20,Scripps Pier,2022-06-21,32.867,-117.257,6,2022,0.0,21.2,2.0,0.6,1.32,0,20.327652503033075,3.0803060215346667,0.0761905851818266,43.12428430148533,1,19.5,20.9,2.2,2.0,0.32,0.34,1.93,2.23,3.3333333333333335,0,46086,3.918,1.585,10.664,260.857,1011.127,16.252,17.839
2022-06-27,Scripps Pier,2022-06-27,32.867,-117.257,6,2022,0.0,18.4,4.9,0.0,2.3,0,21.04163228249063,3.4159182748016046,0.1142856961204892,47.82285584722246,1,21.2,19.5,2.0,2.2,0.6,0.32,1.32,1.93,,0,46086,4.979,1.341,13.213,257.635,1012.222,17.037,19.158
2022-07-04,Scripps Pier,2022-07-05,32.867,-117.257,7,2022,0.0,21.5,2.9,0.27,2.58,0,21.43897926564119,3.4046938200386205,-0.07476198105585,47.66571348054068,1,18.4,21.2,4.9,2.0,0.0,0.6,2.3,1.32,10.74074074074074,0,46086,4.158,1.311,12.761,207.583,1014.815,17.66,20.879
2022-07-11,Scripps Pier,2022-07-11,32.867,-117.257,7,2022,0.0,20.6,2.9,0.27,4.95,0,21.17918300628662,2.736836698590493,-0.1733333042689731,38.3157137802669,1,21.5,18.4,2.9,4.9,0.27,0.0,2.58,2.3,10.74074074074074,0,46086,5.083,1.273,7.478,275.205,1015.125,17.386,19.445
2022-07-18,Scripps Pier,2022-07-18,32.867,-117.257,7,2022,0.0,19.1,3.3,0.0,1.97,0,20.72397907412782,1.9007142563255464,0.2247619628906249,26.609999588557653,1,20.6,21.5,2.9,2.9,0.27,0.27,4.95,2.58,,0,46086,3.864,1.287,13.96,220.185,1013.086,17.25,18.593
2022-07-25,Scripps Pier,2022-07-25,32.867,-117.257,7,2022,0.0,22.1,0.0,0.0,4.56,0,21.27948945882369,2.1547958790039528,0.1038094475155784,30.167142306055343,1,19.1,20.6,3.3,2.9,0.0,0.27,1.97,4.95,,0,46086,3.872,1.479,14.586,219.898,1013.44,17.824,19.144
2022-08-01,Scripps Pier,2022-08-01,32.867,-117.257,8,2022,0.0,23.5,0.0,0.0,1.35,0,22.2409177507673,2.870510156057319,0.0180951981317429,40.18714218480246,1,22.1,19.1,0.0,3.3,0.0,0.0,4.56,1.97,,0,46086,3.954,1.024,13.788,205.065,1013.341,17.605,20.865
2022-08-08,Scripps Pier,2022-08-08,32.867,-117.257,8,2022,0.0,19.7,2.9,0.0,2.08,0,22.629284897629095,3.018061156175574,0.0723809741792224,42.25285618645804,1,23.5,22.1,0.0,0.0,0.0,0.0,1.35,4.56,,0,46086,5.496,1.486,11.504,213.042,1013.632,19.573,21.866
2022-08-15,Scripps Pier,2022-08-15,32.867,-117.257,8,2022,0.0,23.7,0.0,0.0,1.32,0,22.796019631989147,2.9555101224354337,-0.052380879720052,41.37714171409607,1,19.7,23.5,2.9,0.0,0.0,0.0,2.08,1.35,,0,46086,4.543,1.349,8.049,270.185,1013.327,20.585,22.273
2022-08-22,Scripps Pier,2022-08-22,32.867,-117.257,8,2022,0.0,22.3,0.0,0.0,1.63,0,22.805509645111705,2.8140815739728966,0.0314285641624813,39.397142035620554,1,23.7,19.7,0.0,2.9,0.0,0.0,1.32,2.08,,0,46086,4.024,1.195,11.259,235.957,1011.112,19.326,21.405
2022-08-29,Scripps Pier,2022-08-29,32.867,-117.257,8,2022,0.0,23.6,0.0,0.0,1.0,0,22.81816276238889,2.7703060398296437,0.163333257039388,38.78428455761501,1,22.3,23.7,0.0,0.0,0.0,0.0,1.63,1.32,,0,46086,3.262,1.231,13.849,215.107,1011.983,19.352,21.226
2022-09-05,Scripps Pier,2022-09-06,32.867,-117.257,9,2022,0.0,24.8,0.0,0.0,1.18,0,23.442652390927687,3.3636733366518605,-0.0928570883614676,47.09142671312605,1,23.6,22.3,0.0,0.0,0.0,0.0,1.0,1.63,,0,46086,4.457,1.264,11.29,235.088,1009.574,20.7,21.123
2022-09-12,Scripps Pier,2022-09-12,32.867,-117.257,9,2022,0.0,21.6,1.5,0.0,1.32,0,23.39418308102355,3.2858162206046435,-0.2266666775658017,46.00142708846501,1,24.8,23.6,0.0,0.0,0.0,0.0,1.18,1.0,,0,46086,4.389,1.604,12.464,190.681,1007.914,21.931,21.641
2022-09-19,Scripps Pier,2022-09-19,32.867,-117.257,9,2022,0.0,21.5,2.1,0.0,0.95,0,22.22561178402025,2.151938720625274,-0.0509523664202008,30.127142088753835,1,21.6,24.8,1.5,0.0,0.0,0.0,1.32,1.18,,0,46086,4.195,1.319,11.363,230.934,1011.668,20.113,21.244
2022-09-26,Scripps Pier,2022-09-26,32.867,-117.257,9,2022,0.0,21.7,2.5,0.0,14.01,0,21.545101535563568,1.6284693491702176,-0.0195238022577194,22.798570888383047,1,21.5,21.6,2.1,1.5,0.0,0.0,0.95,1.32,,0,46086,4.921,1.125,14.927,218.31,1012.68,20.109,20.703
2022-10-03,Scripps Pier,2022-10-03,32.867,-117.257,10,2022,0.0,19.8,2.4,0.26,7.19,0,21.28969332636619,1.591428540190872,-0.0423810141427176,22.27999956267221,1,21.7,21.5,2.5,2.1,0.0,0.0,14.01,0.95,9.23076923076923,0,46086,4.225,1.205,13.087,226.357,1012.066,19.365,20.734
2022-10-10,Scripps Pier,2022-10-10,32.867,-117.257,10,2022,0.0,20.3,1.9,0.0,11.34,0,21.067754375691315,1.5898979221071516,-0.0314285641624813,22.25857090950012,1,19.8,21.7,2.4,2.5,0.26,0.0,7.19,14.01,,0,46086,2.902,1.251,14.256,218.11,1014.999,18.975,20.723
2022-10-17,Scripps Pier,2022-10-17,32.867,-117.257,10,2022,0.0,20.2,1.5,0.33,14.74,0,20.964182912086955,1.7303060779766162,0.060952413649786,24.224285091672623,1,20.3,19.8,1.9,2.4,0.0,0.26,11.34,7.19,4.545454545454545,0,46086,3.39,0.99,14.777,211.089,1014.157,18.679,20.563
2022-10-24,Scripps Pier,2022-10-24,32.867,-117.257,10,2022,0.0,20.4,1.5,0.28,1.3,0,20.87714228338125,1.9626530031768643,-0.1123809814453124,27.4771420444761,1,20.2,20.3,1.5,1.9,0.33,0.0,14.74,11.34,5.357142857142857,0,46086,4.106,1.288,13.792,249.539,1012.636,19.573,20.677
2022-10-31,Scripps Pier,2022-10-31,32.867,-117.257,10,2022,0.0,19.8,1.8,0.37,2.45,0,20.475713788246622,1.9413264661419147,-0.2204761505126953,27.178570525986807,1,20.4,20.2,1.5,1.5,0.28,0.33,1.3,14.74,4.864864864864865,0,46086,3.528,1.478,11.622,260.923,1016.593,18.288,20.023
2022-11-07,Scripps Pier,2022-11-07,32.867,-117.257,11,2022,0.0,17.5,2.4,0.25,6.35,0,19.372142227328556,1.2251020024473571,-0.1423809414818173,17.151428034263,1,19.8,20.4,1.8,1.5,0.37,0.28,2.45,1.3,9.6,0,46086,5.445,1.794,11.035,284.336,1015.999,16.619,18.731
2022-11-14,Scripps Pier,2022-11-14,32.867,-117.257,11,2022,0.0,17.2,2.9,0.35,2.61,0,18.17581575744006,0.4166326404226069,-0.0642857324509393,5.8328569659164975,1,17.5,19.8,2.4,1.8,0.25,0.37,6.35,2.45,8.285714285714286,0,46086,5.299,1.498,11.704,262.283,1015.812,16.076,17.669
2022-11-21,Scripps Pier,2022-11-21,32.867,-117.257,11,2022,0.0,17.2,1.7,0.22,1.06,0,17.494591343159577,0.1297959137175764,-0.0666666485014415,1.8228570776326316,1,17.2,17.5,2.9,2.4,0.35,0.25,2.61,6.35,7.727272727272727,0,46086,3.664,1.241,14.268,273.012,1018.351,16.37,17.377
2022-11-28,Scripps Pier,2022-11-28,32.867,-117.257,11,2022,0.0,15.6,1.6,0.9,1.6,0,16.965713870768646,0.0020408158627699,-0.1014286222912016,0.9957142498876368,0,17.2,17.2,1.7,2.9,0.22,0.35,1.06,2.61,1.777777777777778,0,46086,3.11,1.404,15.243,239.964,1018.735,16.536,17.247
2022-12-05,Scripps Pier,2022-12-05,32.867,-117.257,12,2022,0.0,15.5,2.5,1.55,1.35,0,16.431734367292755,-0.130204078038128,-0.0461903980800083,0.2328571373862879,0,15.6,17.2,1.6,1.7,0.9,0.22,1.6,1.06,1.6129032258064515,0,46086,3.367,1.36,12.747,264.31,1016.373,14.893,16.185
2022-12-12,Scripps Pier,2022-12-12,32.867,-117.257,12,2022,0.0,14.3,3.8,3.71,1.36,0,15.924693496859804,-0.2370408107051435,-0.0795238585699172,0.0,0,15.5,15.6,2.5,1.6,1.55,0.9,1.35,1.6,1.0242587601078166,0,46086,4.974,1.142,12.518,279.815,1019.319,14.685,16.301
2022-12-19,Scripps Pier,2022-12-19,32.867,-117.257,12,2022,0.0,14.7,3.6,2.36,1.18,0,15.489897523607526,-0.326530603577896,0.0038095201764787,0.0,0,14.3,15.5,3.8,2.5,3.71,1.55,1.36,1.35,1.5254237288135597,0,46086,3.95,1.446,13.314,274.229,1016.658,14.046,15.486
2022-12-26,Scripps Pier,2022-12-27,32.867,-117.257,12,2022,0.0,14.4,4.6,3.89,1.13,0,15.343366817552218,-0.2470408088850731,-0.0042856761387416,0.0,0,14.7,14.3,3.6,3.8,2.36,3.71,1.18,1.36,1.1825192802056554,0,46086,3.107,0.995,14.405,241.744,1020.317,14.87,15.913
2023-01-02,Scripps Pier,2023-01-03,32.867,-117.257,1,2023,0.0,14.9,2.7,1.79,0.8,0,15.29591788077841,-0.1385714244287536,-0.0185714449201311,0.0071428567171096,1,14.4,14.7,4.6,3.6,3.89,2.36,1.13,1.18,1.5083798882681565,0,46086,4.493,2.168,13.216,276.979,1015.265,15.137,15.98
2023-01-09,Scripps Pier,2023-01-09,32.867,-117.257,1,2023,0.0,15.0,3.3,2.06,1.87,0,15.19132612189468,-0.0895918342569956,-0.0204761595953078,0.0557142826063291,1,14.9,14.4,2.7,4.6,1.79,3.89,0.8,1.13,1.6019417475728157,0,46086,5.21,3.15,14.173,282.586,1018.091,14.563,15.105
2023-01-16,Scripps Pier,2023-01-17,32.867,-117.257,1,2023,0.0,14.5,8.0,5.07,1.29,0,15.069183291221153,-0.0680612225693707,-0.0204762050083705,0.0528571400791406,0,15.0,14.9,3.3,2.7,2.06,1.79,1.87,0.8,1.5779092702169624,0,46086,4.365,3.086,14.817,280.411,1018.325,15.074,15.376
2023-01-23,Scripps Pier,2023-01-23,32.867,-117.257,1,2023,0.0,14.2,3.9,2.87,1.07,0,14.890305762388268,-0.1582653029840819,-0.0485714503696986,0.004285714189921,0,14.5,15.0,8.0,3.3,5.07,2.06,1.29,1.87,1.3588850174216027,0,46086,5.719,2.542,13.59,281.862,1017.501,13.792,15.157
2023-01-30,Scripps Pier,2023-01-30,32.867,-117.257,1,2023,0.0,13.9,1.2,0.54,1.55,0,14.642856714676835,-0.3717346861958504,-0.0109523591541108,0.0,0,14.2,14.5,3.9,8.0,2.87,5.07,1.07,1.29,2.222222222222222,0,46086,4.609,1.884,15.684,270.991,1019.344,14.26,15.108
2023-02-06,Scripps Pier,2023-02-06,32.867,-117.257,2,2023,0.0,14.1,2.2,1.56,2.03,0,14.518264809433294,-0.4747959077358246,-0.0161904834565662,0.0,0,13.9,14.2,1.2,3.9,0.54,2.87,1.55,1.07,1.4102564102564104,0,46086,3.978,1.383,14.617,270.125,1019.387,13.966,15.002
2023-02-13,Scripps Pier,2023-02-13,32.867,-117.257,2,2023,0.0,13.9,2.0,1.51,3.43,0,14.406938338766292,-0.5654081553220749,-0.0433332806541805,0.0,0,14.1,13.9,2.2,1.2,1.56,0.54,2.03,1.55,1.3245033112582782,0,46086,4.581,2.04,12.633,280.985,1019.3,14.412,15.01
2023-02-20,Scripps Pier,2023-02-21,32.867,-117.257,2,2023,0.11,13.8,2.5,1.19,5.04,1,14.175611914420614,-0.7949999893198207,-0.0357143311273484,0.0,0,13.9,14.1,2.0,2.2,1.51,1.56,3.43,2.03,2.100840336134454,1,46086,4.932,2.002,13.916,284.678,1016.318,13.283,14.537
2023-02-27,Scripps Pier,2023-02-27,32.867,-117.257,2,2023,0.062,13.4,2.8,2.91,1.51,0,13.997244698660714,-0.9981632451621854,0.0004762013753255,0.0,0,13.8,13.9,2.5,2.0,1.19,1.51,5.04,3.43,0.9621993127147764,0,46086,7.594,2.264,11.359,269.155,1014.611,12.485,14.07
2023-03-06,Scripps Pier,2023-03-06,32.867,-117.257,3,2023,0.0,14.2,2.1,1.12,2.73,0,13.912652872046646,-1.1146938533199078,0.0266666866484142,0.0,0,13.4,13.8,2.8,2.5,2.91,1.19,1.51,5.04,1.875,0,46086,4.974,1.893,11.913,284.729,1016.609,12.133,13.73
2023-03-13,Scripps Pier,2023-03-13,32.867,-117.257,3,2023,0.154,13.8,1.8,1.81,2.24,1,14.137856843520185,-0.9220407929423512,0.1423808960687546,0.0,0,14.2,13.4,2.1,2.8,1.12,2.91,2.73,1.51,0.994475138121547,1,46086,4.762,1.487,11.986,270.021,1019.258,12.787,13.808
2023-03-20,Scripps Pier,2023-03-20,32.867,-117.257,3,2023,0.133,14.9,1.2,0.3,1.9,1,14.627448549076004,-0.4754081483056046,-0.015714236668178,0.0,0,13.8,14.2,1.8,2.1,1.81,1.12,2.24,2.73,4.0,1,46086,3.642,1.271,11.608,250.634,1016.585,13.186,14.566
2023-03-27,Scripps Pier,2023-03-27,32.867,-117.257,3,2023,0.05,14.8,2.7,0.37,8.15,0,14.911836293278908,-0.2537755042276516,-0.0180952889578683,0.0,0,14.9,13.8,1.2,1.8,0.3,1.81,1.9,2.24,7.297297297297298,0,46086,7.098,2.416,10.009,266.799,1017.299,13.178,14.247
2023-04-03,Scripps Pier,2023-04-03,32.867,-117.257,4,2023,0.025,15.0,5.0,1.06,2.99,0,14.69265266340606,-0.544081623780028,-0.1161904562087286,0.0,0,14.8,14.9,2.7,1.2,0.37,0.3,8.15,1.9,4.716981132075471,0,46086,5.423,1.446,10.426,272.646,1017.945,13.071,13.904
2023-04-10,Scripps Pier,2023-04-10,32.867,-117.257,4,2023,0.0,13.9,16.6,0.0,52.39,0,14.208366909805608,-1.1011224303736675,0.0395238058907644,0.0,0,15.0,14.8,5.0,2.7,1.06,0.37,2.99,8.15,,0,46086,6.392,1.708,8.256,289.315,1017.648,12.87,13.971
2023-04-17,Scripps Pier,2023-04-17,32.867,-117.257,4,2023,0.083,14.4,1.0,0.0,128.39,0,14.309489396153664,-1.0841836542347256,0.2209523973010834,0.195714278944901,1,13.9,15.0,16.6,5.0,0.0,1.06,52.39,2.99,,0,46086,4.207,1.606,11.492,270.256,1015.049,12.621,14.372
2023-04-24,Scripps Pier,2023-04-24,32.867,-117.257,4,2023,0.0,16.0,1.9,0.0,6.29,0,15.312040377636343,-0.1978571429392512,0.0780952090308779,3.322857031864779,1,14.4,13.9,1.0,16.6,0.0,0.0,128.39,52.39,,0,46086,4.418,1.794,9.33,288.384,1015.016,14.257,15.295
2023-05-01,Scripps Pier,2023-05-01,32.867,-117.257,5,2023,0.0,15.6,4.7,0.0,9.46,0,16.153162800535863,0.4987754958624742,0.0361905779157366,7.328571221658161,1,16.0,14.4,1.9,1.0,0.0,0.0,6.29,128.39,,0,46086,3.17,1.412,13.664,236.643,1013.53,13.635,15.878
2023-05-08,Scripps Pier,2023-05-08,32.867,-117.257,5,2023,0.0,18.1,3.4,0.4,2.47,0,16.480815926376653,0.6773469216969549,0.0014285132998512,9.482856903757368,1,15.6,16.0,4.7,1.9,0.0,0.0,9.46,6.29,8.5,0,46086,5.002,1.643,13.047,271.545,1014.679,14.27,16.002
2023-05-15,Scripps Pier,2023-05-15,32.867,-117.257,5,2023,0.0,17.3,5.1,0.33,4.99,0,16.75520369471336,0.7985714093154791,0.1138094947451636,11.179999730416707,1,18.1,15.6,3.4,4.7,0.4,0.0,2.47,9.46,15.454545454545451,0,46086,5.496,1.561,12.901,226.847,1014.961,14.517,15.718
2023-05-22,Scripps Pier,2023-05-22,32.867,-117.257,5,2023,0.0,17.4,5.8,0.24,11.19,0,17.107550601569972,0.956428555201511,-0.0214286077590215,13.389999772821154,1,17.3,18.1,5.1,3.4,0.33,0.4,4.99,2.47,24.166666666666668,0,46086,2.503,1.565,14.618,195.179,1015.362,15.006,16.237
2023-05-29,Scripps Pier,2023-05-30,32.867,-117.257,5,2023,0.0,17.9,1.9,0.31,1.21,0,17.342244265030843,0.9492856920981892,0.0747618902297246,13.289999689374651,1,17.4,17.3,5.8,5.1,0.24,0.33,11.19,4.99,6.129032258064516,0,46086,3.739,1.187,14.924,197.521,1013.654,14.862,16.238
2023-06-05,Scripps Pier,2023-06-05,32.867,-117.257,6,2023,0.0,17.1,2.9,0.58,2.14,0,17.533672760943976,0.8873469081460214,-0.0376190003894624,12.4228567140443,1,17.9,17.4,1.9,5.8,0.31,0.24,1.21,11.19,5.0,0,46086,3.95,1.277,14.388,209.051,1013.71,15.446,16.945
2023-06-12,Scripps Pier,2023-06-12,32.867,-117.257,6,2023,0.0,16.8,3.8,0.72,1.91,0,17.638264733917858,0.737142837169219,0.000952402750651,10.319999720369069,1,17.1,17.9,2.9,1.9,0.58,0.31,2.14,1.21,5.277777777777778,0,46086,3.743,1.206,14.716,184.344,1013.641,16.083,17.32
2023-06-19,Scripps Pier,2023-06-20,32.867,-117.257,6,2023,0.0,18.0,2.0,0.33,2.62,0,17.71826491063955,0.5231632565965458,0.0914285750616164,7.324285592351641,1,16.8,17.1,3.8,2.9,0.72,0.58,1.91,2.14,6.0606060606060606,0,46086,3.946,1.113,13.823,216.574,1014.495,16.399,17.62
2023-06-26,Scripps Pier,2023-06-26,32.867,-117.257,6,2023,0.0,19.1,2.1,0.0,3.64,0,18.0701017963643,0.5031632586401336,0.1333333878290085,7.044285620961871,1,18.0,16.8,2.0,3.8,0.33,0.72,2.62,1.91,,0,46086,5.999,1.517,9.035,273.276,1015.205,16.495,18.269
2023-07-03,Scripps Pier,2023-07-03,32.867,-117.257,7,2023,0.0,19.2,0.0,0.21,5.58,0,18.624081533782338,0.6475510119783634,-0.0323809669131324,9.06571416769709,1,19.1,18.0,2.1,2.0,0.0,0.33,3.64,2.62,0.0,0,46086,4.392,1.356,10.004,250.994,1012.423,15.836,17.847
2023-07-10,Scripps Pier,2023-07-10,32.867,-117.257,7,2023,0.0,19.6,1.3,0.27,1.74,0,19.22387751754449,0.8387754924443305,0.29000000726609,11.742856894220624,1,19.2,19.1,0.0,2.1,0.21,0.0,5.58,3.64,4.814814814814815,0,46086,4.788,1.419,13.539,208.411,1012.203,15.919,17.903
2023-07-17,Scripps Pier,2023-07-17,32.867,-117.257,7,2023,0.0,22.4,1.3,0.38,1.87,0,20.213877405439103,1.4402040446899371,0.0361904870896112,20.162856625659124,1,19.6,19.2,1.3,0.0,0.27,0.21,1.74,5.58,3.4210526315789473,0,46086,3.919,1.199,12.096,222.613,1012.62,16.867,18.153
2023-07-24,Scripps Pier,2023-07-24,32.867,-117.257,7,2023,0.0,20.8,1.7,0.0,3.54,0,21.043673242841447,1.9572448651401364,0.0080951509021577,27.40142811196191,1,22.4,19.6,1.3,1.3,0.38,0.27,1.87,1.74,,0,46086,3.936,0.973,9.526,250.574,1012.795,17.544,19.343
2023-07-31,Scripps Pier,2023-07-31,32.867,-117.257,7,2023,0.0,21.9,1.1,0.23,0.94,0,21.287448591115524,1.951836702774982,0.087142853509812,27.325713838849747,1,20.8,22.4,1.7,1.3,0.0,0.38,3.54,1.87,4.782608695652174,0,46086,2.565,1.031,11.251,234.881,1012.885,19.421,20.722
2023-08-07,Scripps Pier,2023-08-07,32.867,-117.257,8,2023,0.0,23.2,1.4,0.0,1.66,0,21.67857107824209,2.1009183161112728,0.0085714431036086,29.412856425557816,1,21.9,20.8,1.1,1.7,0.23,0.0,0.94,3.54,,0,46086,4.248,1.422,9.056,273.036,1013.378,18.443,19.61
2023-08-14,Scripps Pier,2023-08-14,32.867,-117.257,8,2023,0.0,21.1,1.6,0.0,1.34,0,21.678367050326603,1.8665305698404508,-0.2280952816917782,26.175713692392623,1,23.2,21.9,1.4,1.1,0.0,0.23,1.66,0.94,,0,46086,2.821,1.06,13.553,187.72,1014.543,19.016,20.593
2023-08-21,Scripps Pier,2023-08-21,32.867,-117.257,8,2023,0.0,17.2,1.6,0.0,0.99,0,20.56387710571289,0.5881632526918334,-0.1185714176722935,12.314285457134249,0,21.1,23.2,1.6,1.4,0.0,0.0,1.34,1.66,,0,46086,5.262,1.159,13.401,205.994,1010.456,19.264,20.756
2023-08-28,Scripps Pier,2023-08-28,32.867,-117.257,8,2023,0.0,19.5,2.6,0.0,1.42,0,20.023468951789702,-0.0184693823055344,0.2819048563639322,5.847142819847379,1,17.2,21.1,1.6,1.6,0.0,0.0,0.99,1.34,,0,46086,5.577,1.236,13.248,200.485,1012.467,19.663,20.402
2023-09-04,Scripps Pier,2023-09-05,32.867,-117.257,9,2023,0.0,20.4,2.8,0.0,4.97,0,20.80653021286945,0.7330612233098671,0.0171427045549665,12.332857093640737,1,19.5,17.2,2.6,1.6,0.0,0.0,1.42,0.99,,0,46086,3.67,1.345,11.644,243.734,1010.919,20.761,21.752
2023-09-11,Scripps Pier,2023-09-11,32.867,-117.257,9,2023,0.0,20.1,2.1,0.31,13.71,0,21.400815944282375,1.2957142713118572,0.0123809632800874,18.139999798366,1,20.4,19.5,2.8,2.6,0.0,0.0,4.97,1.42,6.774193548387097,0,46086,3.931,1.312,15.083,176.17,1013.209,20.551,21.777
2023-09-18,Scripps Pier,2023-09-18,32.867,-117.257,9,2023,0.0,21.6,0.0,0.23,8.81,0,21.446121974867214,1.3614285448376011,-0.1238094511486234,19.05999962772642,1,20.1,20.4,2.1,2.8,0.31,0.0,13.71,4.97,0.0,0,46086,5.041,1.363,12.587,202.185,1013.372,19.518,21.592
2023-09-25,Scripps Pier,2023-09-25,32.867,-117.257,9,2023,0.0,18.2,2.3,0.44,1.52,0,21.017550507370306,1.0727550746226795,0.0028571174258277,15.018571044717516,1,21.6,20.1,0.0,2.1,0.23,0.31,8.81,13.71,5.227272727272727,0,46086,5.144,1.074,14.053,212.872,1013.772,19.057,21.027
2023-10-02,Scripps Pier,2023-10-02,32.867,-117.257,10,2023,0.0,19.9,1.1,0.0,2.67,0,20.652550619475697,0.9217346675541936,-0.0285713559105282,12.90428534575871,1,18.2,21.6,2.3,0.0,0.44,0.23,1.52,8.81,,0,46086,4.103,1.526,10.812,276.039,1012.382,18.652,20.832
2023-10-09,Scripps Pier,2023-10-09,32.867,-117.257,10,2023,0.0,20.0,1.8,0.25,1.6,0,20.35459154479358,0.8465305895221478,-0.1257143474760509,11.851428253310068,1,19.9,18.2,1.1,2.3,0.0,0.44,2.67,1.52,7.2,0,46086,4.262,1.163,12.97,239.208,1012.106,19.088,20.674
2023-10-16,Scripps Pier,2023-10-16,32.867,-117.257,10,2023,0.0,18.5,2.3,0.2,2.68,0,19.94816289629255,0.6779591681397691,0.0104762486049107,9.491428353956769,1,20.0,19.9,1.8,1.1,0.25,0.0,1.6,2.67,11.499999999999998,0,46086,4.73,1.62,12.63,234.078,1010.007,18.77,20.736
2023-10-23,Scripps Pier,2023-10-23,32.867,-117.257,10,2023,0.0,19.8,1.9,0.21,1.38,0,19.621325998890153,0.6562244727903482,-0.1038095383417038,9.187142619064876,1,18.5,20.0,2.3,1.8,0.2,0.25,2.68,1.6,9.047619047619047,0,46086,4.792,1.866,15.646,265.068,1011.774,18.848,20.49
2023-10-30,Scripps Pier,2023-10-30,32.867,-117.257,10,2023,0.0,17.7,1.8,0.23,0.99,0,19.13826479230608,0.5471428428985635,-0.0804763067336309,7.659999800579889,1,19.8,18.5,1.9,2.3,0.21,0.2,1.38,2.68,7.826086956521739,0,46086,4.649,1.415,12.509,226.385,1012.789,18.265,19.756
2023-11-06,Scripps Pier,2023-11-06,32.867,-117.257,11,2023,0.0,16.2,3.0,0.51,1.03,0,18.473570979371363,0.2716326463435377,-0.1414284479050409,4.327142753771374,1,17.7,19.8,1.8,1.9,0.23,0.21,0.99,1.38,5.88235294117647,0,46086,3.224,0.911,13.892,215.631,1015.619,18.93,19.526
2023-11-13,Scripps Pier,2023-11-13,32.867,-117.257,11,2023,0.0,16.5,3.3,0.29,2.89,0,17.885611981761702,0.0729591815295267,0.0652381352015903,2.241428525320121,1,16.2,17.7,3.0,1.8,0.51,0.23,1.03,0.99,11.379310344827587,0,46086,4.749,1.522,12.232,272.592,1015.246,18.145,18.497
2023-11-20,Scripps Pier,2023-11-20,32.867,-117.257,11,2023,0.031,17.4,2.9,0.2,1.27,0,17.785713974310426,0.3647959105366346,-0.054761977422805,5.802857026457787,1,16.5,16.2,3.3,3.0,0.29,0.51,2.89,1.03,14.499999999999998,0,46086,3.111,1.449,12.825,240.598,1014.898,17.481,18.264
2023-11-27,Scripps Pier,2023-11-27,32.867,-117.257,11,2023,0.0,16.9,2.4,0.13,3.25,0,17.673571080577616,0.6510203974131418,-0.0985714140392484,9.114285563783984,1,17.4,16.5,2.9,3.3,0.2,0.29,1.27,2.89,18.46153846153846,0,46086,3.651,1.536,13.227,268.714,1015.754,17.485,17.681
2023-12-04,Scripps Pier,2023-12-04,32.867,-117.257,12,2023,0.02,16.7,2.9,0.0,3.04,0,17.178163061336594,0.5577550925770585,-0.0166665940057663,7.808571296078818,1,16.9,17.4,2.4,2.9,0.13,0.2,3.25,1.27,,0,46086,3.941,1.717,12.34,273.283,1017.09,16.581,17.611
2023-12-11,Scripps Pier,2023-12-11,32.867,-117.257,12,2023,0.0,16.7,2.4,0.3,1.84,0,16.820203897904378,0.6018367187709224,0.0209522247314452,8.425714062792915,1,16.7,16.9,2.9,2.4,0.0,0.13,3.04,3.25,8.0,0,46086,4.113,2.092,14.432,273.057,1018.262,16.6,17.067
2023-12-18,Scripps Pier,2023-12-18,32.867,-117.257,12,2023,0.0,16.6,2.6,0.0,1.78,0,16.790101576824576,0.9315305957380609,0.0214286077590215,13.041428340332848,1,16.7,16.7,2.4,2.9,0.3,0.0,1.84,3.04,,0,46086,2.928,1.011,13.051,258.779,1015.605,16.25,17.05
2023-12-25,Scripps Pier,2023-12-27,32.867,-117.257,12,2023,0.0,17.1,1.7,0.0,2.23,0,17.002754581217864,1.3880612047351135,-0.0080952417282831,19.43285686629159,1,16.6,16.7,2.6,2.4,0.0,0.3,1.78,1.84,,0,46086,4.536,1.721,11.603,276.233,1013.275,16.654,17.049
2024-01-01,Scripps Pier,2024-01-03,32.867,-117.257,1,2024,0.0,16.4,2.4,0.24,3.04,0,16.98857089451381,1.534489769716652,-0.0980952126639229,21.482856776033127,1,17.1,16.6,1.7,2.6,0.0,0.0,2.23,1.78,10.0,0,46086,3.541,2.682,15.946,273.925,1019.668,15.578,16.756
2024-01-08,Scripps Pier,2024-01-08,32.867,-117.257,1,2024,0.0,15.6,3.5,1.28,1.67,0,16.39295854373854,1.0908163043917445,-0.126190458025251,15.271428261484418,1,16.4,17.1,2.4,1.7,0.24,0.0,3.04,2.23,2.734375,0,46086,5.586,2.743,13.79,275.65,1018.658,15.353,17.088
2024-01-15,Scripps Pier,2024-01-15,32.867,-117.257,1,2024,0.0,14.8,3.9,0.59,7.04,0,15.718060756216245,0.5623469214354243,-0.0014285587129139,7.87285690009594,1,15.6,16.4,3.5,2.4,1.28,0.24,1.67,3.04,6.610169491525424,0,46086,5.788,2.335,11.657,283.351,1018.449,14.422,15.966
2024-01-22,Scripps Pier,2024-01-22,32.867,-117.257,1,2024,0.0,15.1,1.7,0.0,3.81,0,15.509795500307666,0.4520408023072749,0.0485714049566359,6.328571232301848,1,14.8,15.6,3.9,3.5,0.59,1.28,7.04,1.67,,0,46086,2.955,1.438,13.235,266.219,1015.625,14.615,15.997
2024-01-29,Scripps Pier,2024-01-29,32.867,-117.257,1,2024,0.0,15.4,2.4,0.47,1.38,0,15.640407766614642,0.6211224356476143,-0.0433333260672433,8.695714099066597,1,15.1,14.8,1.7,3.9,0.0,0.59,3.81,7.04,5.1063829787234045,0,46086,4.241,1.812,12.253,276.098,1016.77,15.312,15.542
2024-02-05,Scripps Pier,2024-02-05,32.867,-117.257,2,2024,0.0,15.2,2.4,0.78,1.37,0,15.55826495618236,0.5611224360003763,-0.0428571246919177,7.855714104005268,1,15.4,15.1,2.4,1.7,0.47,0.0,1.38,3.81,3.0769230769230766,0,46086,4.573,2.029,12.977,262.158,1014.494,14.923,15.477
2024-02-12,Scripps Pier,2024-02-12,32.867,-117.257,2,2024,0.0,15.2,3.3,0.32,2.1,0,15.30357111716757,0.3295918269729127,0.030476206824893,4.6142855776207785,1,15.2,15.4,2.4,2.4,0.78,0.47,1.37,1.38,10.3125,0,46086,6.665,2.25,12.499,269.217,1013.777,13.769,14.818
2024-02-19,Scripps Pier,2024-02-20,32.867,-117.257,2,2024,0.0,15.5,3.4,0.25,2.24,0,15.3135710833024,0.3463265225291252,0.0142857233683268,4.848571315407753,1,15.2,15.2,3.3,2.4,0.32,0.78,2.1,1.37,13.6,0,46086,3.774,1.484,14.155,274.504,1018.628,14.101,14.944
2024-02-26,Scripps Pier,2024-02-26,32.867,-117.257,2,2024,0.0,15.6,3.6,0.0,11.34,0,15.504897613914649,0.5175510100564178,0.0871427626836867,7.2457141407898495,1,15.5,15.2,3.4,3.3,0.25,0.32,2.24,2.1,,0,46086,3.942,2.218,13.875,277.196,1018.019,15.075,15.499
2024-03-04,Scripps Pier,2024-03-04,32.867,-117.257,3,2024,0.0,16.3,4.3,0.0,2.45,0,15.813877037593295,0.7961224332755926,-0.0176189967564173,11.145714065858296,1,15.6,15.5,3.6,3.4,0.0,0.25,11.34,2.24,,0,46086,3.552,1.255,14.136,258.381,1017.296,15.047,15.878
2024-03-11,Scripps Pier,2024-03-11,32.867,-117.257,3,2024,0.0,15.9,4.3,0.0,2.75,0,16.030611709672577,0.9809183539176474,0.0066666376023065,13.732856954847064,1,16.3,15.6,4.3,3.6,0.0,0.0,2.45,11.34,,0,46086,5.786,1.635,12.233,270.759,1016.5,14.682,15.809
2024-03-18,Scripps Pier,2024-03-18,32.867,-117.257,3,2024,0.0,16.6,2.1,0.0,3.39,0,16.137652582051803,1.0485714163099016,0.0657143365769158,14.679999828338625,1,15.9,16.3,4.3,4.3,0.0,0.0,2.75,2.45,,0,46086,4.71,1.755,14.6,270.11,1014.763,15.052,15.887
2024-03-25,Scripps Pier,2024-03-25,32.867,-117.257,3,2024,0.0,15.3,3.9,2.58,2.91,0,16.04663223149825,0.8999999840648807,-0.1795238313220795,12.637142632688796,1,16.6,15.9,2.1,4.3,0.0,0.0,3.39,2.75,1.5116279069767442,0,46086,4.667,1.533,14.291,271.188,1015.409,15.096,16.373
2024-04-01,Scripps Pier,2024-04-01,32.867,-117.257,4,2024,0.0,14.8,3.6,1.4,3.68,0,15.606632388367943,0.3908163185744565,0.0380952471778506,6.001428431432162,1,15.3,16.6,3.9,2.1,2.58,0.0,2.91,3.39,2.5714285714285716,0,46086,6.274,2.209,12.714,288.539,1013.641,14.385,15.543
2024-04-08,Scripps Pier,2024-04-08,32.867,-117.257,4,2024,0.0,15.6,2.8,0.28,2.13,0,15.460203842240938,0.1725510172355844,0.0123809632800874,2.908571356907487,1,14.8,15.3,3.6,3.9,1.4,2.58,3.68,2.91,9.999999999999998,0,46086,5.572,1.673,11.213,285.03,1017.568,14.025,15.469
2024-04-15,Scripps Pier,2024-04-15,32.867,-117.257,4,2024,0.0,15.7,4.2,0.81,1.39,0,15.738979320136869,0.3744897882701182,0.1542856579735165,5.242857035781656,1,15.6,14.8,2.8,3.6,0.28,1.4,2.13,3.68,5.185185185185185,0,46086,4.599,1.425,12.117,267.991,1015.16,14.437,15.627
2024-04-22,Scripps Pier,2024-04-22,32.867,-117.257,4,2024,0.0,16.2,6.3,1.0,4.1,0,16.199387414114817,0.727857132651368,-0.0228571210588727,10.189999857119153,1,15.7,15.6,4.2,2.8,0.81,0.28,1.39,2.13,6.3,0,46086,3.87,1.289,14.078,230.331,1015.657,14.356,15.667
2024-04-29,Scripps Pier,2024-04-29,32.867,-117.257,4,2024,0.0,17.5,8.1,0.99,4.03,0,16.732448655731822,1.1190816094072498,0.1509523845854259,15.667142531701495,1,16.2,15.7,6.3,4.2,1.0,0.81,4.1,1.39,8.181818181818182,0,46086,5.668,1.518,12.379,238.402,1015.284,14.528,15.636
2024-05-06,Scripps Pier,2024-05-06,32.867,-117.257,5,2024,0.0,16.7,6.2,0.85,3.22,0,17.199387394652074,1.4368367067405157,0.0271429334368024,20.115713894367214,1,17.5,16.2,8.1,6.3,0.99,1.0,4.03,4.1,7.294117647058824,0,46086,3.45,1.607,10.207,282.018,1011.631,14.994,16.536
2024-05-13,Scripps Pier,2024-05-13,32.867,-117.257,5,2024,0.0,17.7,4.9,0.45,3.39,0,17.646428341768225,1.7327550649642944,0.0185713995070684,24.25857090950012,1,16.7,17.5,6.2,8.1,0.85,0.99,3.22,4.03,10.88888888888889,0,46086,3.514,1.476,13.234,252.213,1013.047,14.812,16.269
2024-05-20,Scripps Pier,2024-05-20,32.867,-117.257,5,2024,0.0,18.2,5.2,0.0,7.82,0,17.801734457210618,1.709183622379692,-0.0509524572463262,23.92857071331569,1,17.7,16.7,4.9,6.2,0.45,0.85,3.39,3.22,,0,46086,4.674,1.08,15.218,239.128,1014.138,14.253,15.966
2024-05-27,Scripps Pier,2024-05-28,32.867,-117.257,5,2024,0.0,17.2,9.4,0.0,17.3,0,17.613775058668487,1.292346897173901,0.0085714431036086,18.092856560434615,1,18.2,17.7,5.2,4.9,0.0,0.45,7.82,3.39,,0,46086,4.808,1.435,13.073,240.068,1014.427,14.307,16.14
2024-06-03,Scripps Pier,2024-06-03,32.867,-117.257,6,2024,0.0,17.7,7.5,0.0,16.71,0,17.629693381640376,1.0555101760796135,0.1038095383417038,14.777142465114594,1,17.2,18.2,9.4,5.2,0.0,0.0,17.3,7.82,,0,46086,3.615,1.307,10.601,258.494,1014.525,14.277,16.289
2024-06-10,Scripps Pier,2024-06-10,32.867,-117.257,6,2024,0.0,18.5,3.0,0.0,1.5,0,18.152550424848283,1.32448975954737,0.1176190149216424,18.542856633663177,1,17.7,17.2,7.5,9.4,0.0,0.0,16.71,17.3,,0,46086,2.549,1.389,13.152,240.155,1011.652,15.474,17.008
2024-06-17,Scripps Pier,2024-06-17,32.867,-117.257,6,2024,0.0,18.5,6.1,0.0,1.63,0,18.74704039826685,1.6407142415338634,0.0957143874395461,22.96999938147409,1,18.5,17.7,3.0,7.5,0.0,0.0,1.5,16.71,,0,46086,3.588,1.476,12.97,241.958,1012.071,15.969,17.692
2024-06-24,Scripps Pier,2024-06-24,32.867,-117.257,6,2024,0.0,20.8,7.0,0.0,5.67,0,19.62612224111752,2.1712244639591294,0.1480951763334728,30.39714249542781,1,18.5,18.5,6.1,3.0,0.0,0.0,1.63,1.5,,0,46086,3.881,1.49,10.282,263.839,1008.415,16.344,18.184
2024-07-01,Scripps Pier,2024-07-01,32.867,-117.257,7,2024,0.0,19.7,7.1,0.0,5.09,0,20.694591483291315,2.8367346695491245,0.0704761686779203,39.714285373687744,1,20.8,18.5,7.0,6.1,0.0,0.0,5.67,1.63,,0,46086,4.226,1.237,12.796,222.229,1011.699,17.609,19.429
2024-07-08,Scripps Pier,2024-07-08,32.867,-117.257,7,2024,0.0,22.7,3.7,0.0,1.96,0,21.315101409445003,3.0463264767004516,0.0138094765799385,42.648570673806326,1,19.7,20.8,7.1,7.0,0.0,0.0,5.09,5.67,,0,46086,3.066,1.267,12.966,228.491,1010.911,17.4,19.105
2024-07-15,Scripps Pier,2024-07-15,32.867,-117.257,7,2024,0.0,21.2,3.8,1.27,3.79,0,21.415917649561045,2.7449999220517216,-0.0371427990141368,38.4299989087241,1,22.7,19.7,3.7,7.1,0.0,0.0,1.96,5.09,2.9921259842519685,0,46086,3.006,1.048,12.504,198.393,1011.383,17.753,20.006
2024-07-22,Scripps Pier,2024-07-22,32.867,-117.257,7,2024,0.02,21.4,1.7,0.89,4.44,0,21.451530028362665,2.443877478035129,0.0895238603864397,34.2142846924918,1,21.2,22.7,3.8,3.7,1.27,0.0,3.79,1.96,1.9101123595505616,0,46086,5.07,1.293,14.428,217.796,1013.919,17.697,19.575
2024-07-29,Scripps Pier,2024-07-29,32.867,-117.257,7,2024,0.026,20.5,1.0,0.76,5.02,0,21.49275460535166,2.225714215210506,-0.1100000653948102,31.159999012947083,1,21.4,21.2,1.7,3.8,0.89,1.27,4.44,3.79,1.3157894736842106,0,46086,5.07,1.337,10.853,245.461,1012.679,18.102,20.17
2024-08-05,Scripps Pier,2024-08-05,32.867,-117.257,8,2024,0.0,19.0,3.9,0.49,1.73,0,21.26387710960544,1.7566325895640311,0.1223809378487723,24.59285625389644,1,20.5,21.4,1.0,1.7,0.76,0.89,5.02,4.44,7.959183673469388,0,46086,4.961,1.092,12.575,205.351,1013.495,17.343,20.524
2024-08-12,Scripps Pier,2024-08-12,32.867,-117.257,8,2024,0.0,23.0,1.1,0.0,2.18,0,21.75428517010747,2.007142802890466,0.1571429116385323,28.099999240466527,1,19.0,20.5,3.9,1.0,0.49,0.76,1.73,5.02,,0,46086,3.284,1.173,9.643,229.205,1012.05,19.029,21.665
2024-08-19,Scripps Pier,2024-08-19,32.867,-117.257,8,2024,0.0,23.5,1.7,0.0,3.31,0,22.7589790967046,2.8201019727453898,0.0128571646554129,39.481427618435454,1,23.0,19.0,1.1,3.9,0.0,0.49,2.18,1.73,,0,46086,2.682,1.125,11.287,235.098,1012.334,19.558,21.357
2024-08-26,Scripps Pier,2024-08-26,32.867,-117.257,8,2024,0.0,23.6,1.7,0.0,3.66,0,23.0304077109512,2.9988774973518995,-0.1376191093808128,41.984284962926594,1,23.5,23.0,1.7,1.1,0.0,0.0,3.31,2.18,,0,46086,5.125,1.338,9.521,258.115,1013.702,19.425,20.312
2024-09-02,Scripps Pier,2024-09-03,32.867,-117.257,9,2024,0.0,22.8,1.8,0.0,2.55,0,22.7320401522578,2.665714245669696,0.2061904725574311,37.31999943937574,1,23.6,23.5,1.7,1.7,0.0,0.0,3.66,3.31,,0,46086,3.666,0.91,12.042,243.589,1014.439,17.94,19.454
2024-09-09,Scripps Pier,2024-09-09,32.867,-117.257,9,2024,0.0,22.5,1.8,0.0,2.72,0,22.82459124740289,2.7285713833205554,-0.1871428716750371,38.19999936648777,1,22.8,23.6,1.8,1.7,0.0,0.0,2.55,3.66,,0,46086,3.638,1.069,10.831,253.881,1009.823,20.06,20.587
2024-09-16,Scripps Pier,2024-09-16,32.867,-117.257,9,2024,0.0,22.6,1.5,0.62,1.45,0,22.554183084137584,2.453673440582898,-0.1442857469831193,34.351428168160574,1,22.5,22.8,1.8,1.8,0.0,0.0,2.72,2.55,2.4193548387096775,0,46086,4.706,1.321,9.067,265.643,1008.715,19.142,20.339
2024-09-23,Scripps Pier,2024-09-23,32.867,-117.257,9,2024,0.0,18.0,2.9,0.86,2.32,0,21.202346140024613,1.205612231882251,-0.3119048164004371,17.902856937476567,1,22.6,22.5,1.5,1.8,0.62,0.0,1.45,2.72,3.3720930232558137,0,46086,5.051,1.095,9.635,258.625,1011.694,17.981,19.489
2024-09-30,Scripps Pier,2024-09-30,32.867,-117.257,9,2024,0.0,16.9,3.4,0.63,2.4,0,19.599488920095016,-0.1929591739056061,-0.0499998728434244,4.525714201586587,0,18.0,22.6,2.9,1.5,0.86,0.62,2.32,1.45,5.396825396825396,0,46086,4.59,1.05,12.415,276.647,1010.269,17.242,19.272
2024-10-07,Scripps Pier,2024-10-07,32.867,-117.257,10,2024,0.0,16.9,3.3,0.72,2.17,0,18.62265255986428,-0.9472448646414036,-0.0876190548851376,0.0,0,16.9,18.0,3.4,2.9,0.63,0.86,2.4,2.32,4.583333333333333,0,46086,3.33,1.069,12.618,261.405,1010.82,18.014,19.416
2024-10-14,Scripps Pier,2024-10-14,32.867,-117.257,10,2024,0.0,18.1,2.9,0.93,3.18,0,18.333775325697296,-1.0093877254700174,0.0080953325544084,0.0,0,16.9,16.9,3.3,3.4,0.72,0.63,2.17,2.4,3.118279569892473,0,46086,3.534,1.134,14.568,241.86,1013.54,17.676,19.582
2024-10-21,Scripps Pier,2024-10-21,32.867,-117.257,10,2024,0.0,18.7,2.5,0.79,1.95,0,18.292142692877324,-0.7693877403757402,0.0838094438825334,0.0485714269535881,1,18.1,16.9,2.9,3.3,0.93,0.72,3.18,2.17,3.1645569620253164,0,46086,3.234,1.47,12.993,259.14,1014.275,18.371,19.682
2024-10-28,Scripps Pier,2024-10-28,32.867,-117.257,10,2024,0.0,18.5,2.3,0.78,3.25,0,18.38704070266412,-0.314795914011038,-0.1238095419747488,0.4699999839067459,1,18.7,18.1,2.5,2.9,0.79,0.93,1.95,3.18,2.9487179487179485,0,46086,3.306,0.989,13.891,215.586,1015.005,18.563,19.643
2024-11-04,Scripps Pier,2024-11-04,32.867,-117.257,11,2024,0.0,17.4,4.1,0.79,2.58,0,18.041836368794343,-0.2734693831631115,-0.0971429007393972,0.4214285569531577,0,18.5,18.7,2.3,2.5,0.78,0.79,3.25,1.95,5.189873417721518,0,46086,5.719,1.862,10.805,274.812,1014.049,17.301,18.848
2024-11-11,Scripps Pier,2024-11-11,32.867,-117.257,11,2024,0.0,16.2,4.5,0.94,25.23,0,17.37795847289416,-0.5495918265410832,-0.1123808906191871,0.0,0,17.4,18.5,4.1,2.3,0.79,0.78,2.58,3.25,4.787234042553192,0,46086,2.935,1.322,13.498,274.256,1014.609,17.642,18.002
2024-11-18,Scripps Pier,2024-11-18,32.867,-117.257,11,2024,0.0,15.3,5.3,0.86,8.33,0,16.614795256634146,-0.92112242628117,-0.1023809796287899,0.0,0,16.2,17.4,4.5,4.1,0.94,0.79,25.23,2.58,6.162790697674419,0,46086,6.104,2.203,13.102,292.431,1014.677,16.477,17.642
2024-11-25,Scripps Pier,2024-11-25,32.867,-117.257,11,2024,0.0,15.4,4.7,0.93,1.08,0,15.90877508630558,-1.2281632338251387,0.010476203191848,0.0,0,15.3,16.2,5.3,4.5,0.86,0.94,8.33,25.23,5.053763440860215,0,46086,4.402,1.659,11.519,291.836,1016.752,15.837,16.912
2024-12-02,Scripps Pier,2024-12-02,32.867,-117.257,12,2024,0.0,15.6,4.1,0.87,2.86,0,15.653264892344572,-1.0803060957363673,-0.0571428480602445,0.0,0,15.4,15.3,4.7,5.3,0.93,0.86,1.08,8.33,4.712643678160919,0,46086,3.193,1.048,14.3,212.872,1017.015,16.284,16.996
2024-12-09,Scripps Pier,2024-12-09,32.867,-117.257,12,2024,0.0,14.4,5.1,3.78,1.5,0,15.385918004172188,-0.9454081417346488,-0.0914285750616163,0.0,0,15.6,15.4,4.1,4.7,0.87,0.93,2.86,1.08,1.349206349206349,0,46086,2.893,1.44,14.691,273.961,1018.323,15.267,16.826
2024-12-16,Scripps Pier,2024-12-16,32.867,-117.257,12,2024,1.481,13.8,5.5,0.99,3.38,1,15.005203821221176,-0.9440816136039032,0.0600000108991349,0.0,0,14.4,15.6,5.1,4.1,3.78,0.87,1.5,2.86,5.555555555555555,1,46086,3.936,1.705,14.026,283.414,1019.181,15.049,15.609
2024-12-23,Scripps Pier,2024-12-23,32.867,-117.257,12,2024,2.475,13.2,6.1,4.44,9.71,1,14.92448952733254,-0.7453061062462476,-0.0276190439860026,0.0,0,13.8,14.4,5.5,5.1,0.99,3.78,3.38,1.5,1.3738738738738736,1,46086,4.451,1.886,14.274,281.479,1019.034,14.127,15.185
2024-12-30,Scripps Pier,2024-12-30,32.867,-117.257,12,2024,0.0,13.4,9.3,7.32,5.54,0,14.897856868043238,-0.5989795801590899,-0.0185714449201311,0.0,0,13.2,13.8,6.1,5.5,4.44,0.99,9.71,3.38,1.2704918032786885,0,46086,,3.331,15.81,287.836,1018.018,14.665,15.414
2025-01-06,Scripps Pier,2025-01-06,32.867,-117.257,1,2025,0.064,13.5,6.7,5.86,3.5,0,14.784285448035416,-0.5602040667923129,-0.0576190040225074,0.0,0,13.4,13.2,9.3,6.1,7.32,4.44,5.54,9.71,1.1433447098976108,0,46086,2.668,1.989,13.762,273.135,1017.535,13.458,15.146
2025-01-13,Scripps Pier,2025-01-13,32.867,-117.257,1,2025,0.116,13.9,4.0,1.14,5.27,1,14.421122151978162,-0.7715305904952847,-0.100952420915876,0.0,0,13.5,13.4,6.7,9.3,5.86,7.32,3.5,5.54,3.5087719298245617,1,46086,4.701,1.896,15.069,283.938,1017.139,15.388,15.229
2025-01-20,Scripps Pier,2025-01-21,32.867,-117.257,1,2025,0.274,14.4,2.2,0.0,4.16,1,13.937856849359006,-1.1393877316494376,0.0200000036330449,0.0,0,13.9,13.5,4.0,6.7,1.14,5.86,5.27,3.5,,1,46086,3.552,1.26,15.051,284.003,1021.433,14.004,14.882
2025-01-27,Scripps Pier,2025-01-27,32.867,-117.257,1,2025,0.066,13.4,2.1,0.46,3.37,0,13.835407850693684,-1.1890816141148002,0.0528571265084402,0.0,0,14.4,13.9,2.2,4.0,0.0,1.14,4.16,5.27,4.565217391304348,0,46086,4.242,1.19,15.048,283.113,1019.353,14.213,14.567
2025-02-03,Scripps Pier,2025-02-03,32.867,-117.257,2,2025,0.0,14.0,4.0,0.0,6.16,0,14.024897565647048,-0.9779591621184835,0.0300000508626302,0.0,0,13.4,14.4,2.1,2.2,0.46,0.0,3.37,4.16,,0,46086,4.422,0.914,10.991,252.097,1019.675,13.042,14.669
2025-02-10,Scripps Pier,2025-02-10,32.867,-117.257,2,2025,0.0,14.1,5.3,2.82,3.35,0,14.211632300396356,-0.7684693610181614,-0.0290476026989164,0.0,0,14.0,13.4,4.0,2.1,0.0,0.46,6.16,3.37,1.8794326241134751,0,46086,4.6,1.389,11.87,264.866,1016.528,13.865,14.757
2025-02-17,Scripps Pier,2025-02-18,32.867,-117.257,2,2025,2.196,15.0,2.6,0.79,4.02,1,14.342448721126631,-0.6231632456943696,0.1090475718180338,0.0114285711731229,1,14.1,14.0,5.3,4.0,2.82,0.0,3.35,6.16,3.291139240506329,1,46086,6.4,1.954,10.7,281.098,1016.912,13.442,14.321
2025-02-24,Scripps Pier,2025-02-24,32.867,-117.257,2,2025,0.0,15.6,2.6,0.0,2.14,0,14.687040484681422,-0.2920408093427517,2.7755575615628914e-17,0.1971428511398179,1,15.0,14.1,2.6,5.3,0.79,2.82,4.02,3.35,,0,46086,3.56,1.687,13.966,277.92,1017.152,13.512,14.727
2025-03-03,Scripps Pier,2025-03-04,32.867,-117.257,3,2025,0.0,15.0,5.1,2.83,2.87,0,14.720101658178836,-0.2921428549274498,-0.1795237859090169,0.2385714213762964,0,15.6,15.0,2.6,2.6,0.0,0.79,2.14,4.02,1.802120141342756,0,46086,4.524,2.028,13.897,281.42,1015.595,13.985,15.369
2025-03-10,Scripps Pier,2025-03-10,32.867,-117.257,3,2025,0.0,13.4,14.5,11.8,2.78,0,14.165305828561587,-0.8810204059949943,0.026190439860026,0.0528571414096014,0,15.0,15.6,5.1,2.6,2.83,0.0,2.87,2.14,1.2288135593220335,0,46086,6.725,2.114,10.947,279.176,1018.058,13.18,14.516
2025-03-17,Scripps Pier,2025-03-17,32.867,-117.257,3,2025,0.021,15.1,5.9,2.05,2.59,0,14.026224194740765,-1.0565306092707478,0.1757143111456008,0.021428570151329,1,13.4,15.0,14.5,5.1,11.8,2.83,2.78,2.87,2.878048780487805,0,46086,6.49,2.084,12.333,275.97,1014.57,13.598,14.47
2025-03-24,Scripps Pier,2025-03-24,32.867,-117.257,3,2025,1.34,16.0,4.5,0.34,19.06,1,14.708265022355684,-0.4284693860087771,0.0233333224341983,1.06285710872284,1,15.1,13.4,5.9,14.5,2.05,11.8,2.59,2.78,13.235294117647058,1,46086,5.268,2.105,11.751,287.086,1018.757,13.957,14.75
2025-03-31,Scripps Pier,2025-03-31,32.867,-117.257,3,2025,1.072,14.0,7.5,3.94,9.94,1,15.1235711720525,-0.0826530625891624,-0.1123809360322498,1.368571387603879,0,16.0,15.1,4.5,5.9,0.34,2.05,19.06,2.59,1.9035532994923856,1,46086,4.913,2.014,14.774,276.569,1016.006,14.19,15.135
2025-04-07,Scripps Pier,2025-04-07,32.867,-117.257,4,2025,2.024,15.3,14.5,3.53,20.38,1,15.042958853196126,-0.2363265307848246,0.2252380280267624,0.9228571147790976,1,14.0,16.0,7.5,4.5,3.94,0.34,9.94,19.06,4.1076487252124645,1,46086,7.168,1.763,10.151,259.158,1016.541,14.335,15.339
2025-04-14,Scripps Pier,2025-04-14,32.867,-117.257,4,2025,0.477,16.3,2.9,0.92,4.02,1,15.641632274705538,0.2878571309301318,0.0180952435448056,6.507142673911793,1,15.3,14.0,14.5,7.5,3.53,3.94,20.38,9.94,3.152173913043478,1,46086,4.238,1.713,14.709,255.003,1016.234,14.506,16.183
2025-04-21,Scripps Pier,2025-04-21,32.867,-117.257,4,2025,1.536,16.3,1.5,0.47,3.32,1,16.312550564201512,0.8583673281138953,0.0657143365769159,12.025714021974377,1,16.3,15.3,2.9,14.5,0.92,3.53,4.02,20.38,3.191489361702128,1,46086,3.923,1.145,13.557,234.729,1015.645,14.697,16.633
2025-04-28,Scripps Pier,2025-04-28,32.867,-117.257,4,2025,0.244,16.9,1.9,0.54,1.2,1,16.549693438471582,0.9573469174151518,0.0314285641624814,13.402856843812126,1,16.3,16.3,1.5,2.9,0.47,0.92,3.32,4.02,3.518518518518518,1,46086,5.176,1.143,15.086,227.949,1014.717,14.23,16.363
2025-05-05,Scripps Pier,2025-05-05,32.867,-117.257,5,2025,0.0,16.8,2.1,0.65,1.28,0,16.771938557527502,1.0311224259892289,0.0466667356945219,14.435713963849205,1,16.9,16.3,1.9,1.5,0.54,0.47,1.2,3.32,3.230769230769231,0,46086,5.572,1.541,14.723,216.223,1014.467,14.255,16.236
2025-05-12,Scripps Pier,2025-05-12,32.867,-117.257,5,2025,0.0,18.2,3.6,0.56,0.64,0,17.09785696924949,1.2084693707981888,0.0466666448683965,16.918571191174642,1,16.8,16.9,2.1,1.9,0.65,0.54,1.28,1.2,6.428571428571428,0,46086,4.431,1.552,14.225,226.105,1013.043,15.283,16.516
2025-05-19,Scripps Pier,2025-05-19,32.867,-117.257,5,2025,0.0,17.6,5.2,0.47,2.16,0,17.71428528610541,1.6519387406962258,0.2076189858572823,23.12714236974716,1,18.2,16.8,3.6,2.1,0.56,0.65,0.64,1.28,11.063829787234043,0,46086,6.206,1.841,9.754,270.787,1014.695,15.039,16.523
2025-05-26,Scripps Pier,2025-05-27,32.867,-117.257,5,2025,0.0,20.2,2.5,0.51,0.68,0,18.58928530556815,2.302857065687374,0.0447619301932198,32.23999891962324,1,17.6,18.2,5.2,3.6,0.47,0.56,2.16,0.64,4.901960784313726,0,46086,3.157,1.682,11.561,248.937,1014.254,15.4,17.348
2025-06-02,Scripps Pier,2025-06-02,32.867,-117.257,6,2025,0.0,18.1,5.2,1.17,2.13,0,19.014999701052297,2.4754080991355742,-0.2204762413388206,34.65571338789804,1,20.2,17.6,2.5,5.2,0.51,0.47,0.68,2.16,4.444444444444445,0,46086,3.67,1.499,12.413,228.475,1014.698,15.811,17.762
2025-06-09,Scripps Pier,2025-06-09,32.867,-117.257,6,2025,0.0,17.3,7.4,0.38,21.17,0,18.40224452894561,1.610306093887407,0.0819048200334821,22.544285314423696,1,18.1,20.2,5.2,2.5,1.17,0.51,2.13,0.68,19.473684210526315,0,46086,4.05,1.416,14.206,207.902,1014.236,15.933,17.637
2025-06-16,Scripps Pier,2025-06-16,32.867,-117.257,6,2025,0.0,20.0,2.4,0.41,0.8,0,18.44428537329849,1.3835714021507577,0.1895237877255394,19.369999630110605,1,17.3,18.1,7.4,5.2,0.38,1.17,21.17,2.13,5.853658536585366,0,46086,3.198,1.399,14.319,221.227,1012.888,15.88,17.887
2025-06-23,Scripps Pier,2025-06-23,32.867,-117.257,6,2025,0.0,20.7,1.9,0.43,1.37,0,19.413979180005132,2.013775481253254,0.1309523809523809,28.19285673754556,1,20.0,17.3,2.4,7.4,0.41,0.38,0.8,21.17,4.4186046511627906,0,46086,4.184,1.856,10.147,265.287,1011.214,16.465,18.457
2025-06-30,Scripps Pier,2025-06-30,32.867,-117.257,6,2025,0.0,20.2,3.1,0.66,3.15,0,20.040611714732893,2.2394897536355622,0.0133333660307384,31.352856550897872,1,20.7,20.0,1.9,2.4,0.43,0.41,1.37,0.8,4.696969696969697,0,46086,3.211,1.204,11.421,246.128,1014.48,15.705,18.798
2025-07-07,Scripps Pier,2025-07-07,32.867,-117.257,7,2025,0.0,21.3,1.2,0.42,2.42,0,20.503264719126175,2.2932652417494324,0.0180951981317429,32.105713384492056,1,20.2,20.7,3.1,1.9,0.66,0.43,3.15,1.37,2.857142857142857,0,46086,3.799,1.207,14.882,191.687,1013.918,16.391,19.709
2025-07-14,Scripps Pier,2025-07-14,32.867,-117.257,7,2025,0.0,20.2,1.8,0.32,5.23,0,20.883264853029836,2.2679591118072975,0.0580952962239583,31.75142756530217,1,21.3,20.2,1.2,3.1,0.42,0.66,2.42,3.15,5.625,0,46086,4.477,1.313,11.105,236.449,1015.258,17.217,20.421
2025-07-21,Scripps Pier,2025-07-21,32.867,-117.257,7,2025,0.0,20.8,0.8,0.23,4.6,0,21.06653034443758,2.1020407603711497,-0.0619048164004371,29.428570645196096,1,20.2,21.3,1.8,1.2,0.32,0.42,5.23,2.42,3.4782608695652173,0,46086,2.883,1.281,15.271,181.314,1014.666,17.856,20.538
2025-07-28,Scripps Pier,2025-07-28,32.867,-117.257,7,2025,0.0,21.7,0.7,0.23,2.28,0,20.90418321259168,1.6709183199065072,0.0361904870896112,23.3928564786911,1,20.8,20.2,0.8,1.8,0.23,0.32,4.6,5.23,3.043478260869565,0,46086,5.148,1.125,11.885,212.26,1016.218,17.754,19.81
2025-08-04,Scripps Pier,2025-08-04,32.867,-117.257,8,2025,0.0,18.1,4.7,0.32,5.37,0,20.987958402049788,1.5141836295322495,0.1176189240955171,21.198570813451493,1,21.7,20.8,0.7,0.8,0.23,0.23,2.28,4.6,14.6875,0,46086,4.271,1.212,8.698,265.275,1017.07,16.968,18.878
2025-08-11,Scripps Pier,2025-08-11,32.867,-117.257,8,2025,0.0,22.6,0.8,0.3,1.19,0,21.459387039651677,1.7459183280565302,-0.1333332061767577,24.442856592791426,1,18.1,21.7,4.7,0.7,0.32,0.23,5.37,2.28,2.666666666666667,0,46086,3.539,1.404,13.556,225.048,1014.045,17.428,19.073
2025-08-18,Scripps Pier,2025-08-18,32.867,-117.257,8,2025,0.0,22.3,0.5,0.37,1.1,0,21.49112203169842,1.572550984669705,0.223333267938523,22.01571378537587,1,22.6,18.1,0.8,4.7,0.3,0.32,1.19,5.37,1.351351351351351,0,46086,3.235,1.296,13.856,222.476,1014.186,17.212,19.153
2025-08-25,Scripps Pier,2025-08-25,32.867,-117.257,8,2025,0.0,23.0,1.1,0.39,1.86,0,21.7679588551424,1.7425509812880535,-0.0757142021542503,24.39571373803275,1,22.3,22.6,0.5,0.8,0.37,0.3,1.1,1.19,2.8205128205128207,0,46086,3.468,1.072,12.135,237.533,1012.742,19.005,20.337
2025-09-01,Scripps Pier,2025-09-02,32.867,-117.257,9,2025,0.0,23.1,1.1,0.25,1.39,0,22.059591507425115,1.9986734232124015,-0.0614286150251116,27.981427924973623,1,23.0,22.3,1.1,0.5,0.39,0.37,1.86,1.1,4.4,0,46086,4.226,1.162,14.361,203.003,1014.288,19.384,20.54
2025-09-08,Scripps Pier,2025-09-08,32.867,-117.257,9,2025,0.0,23.4,1.0,0.53,0.94,0,21.718775145861567,1.627653025242747,-0.08000001453218,22.78714235339846,1,23.1,23.0,1.1,1.1,0.25,0.39,1.39,1.86,1.8867924528301885,0,46086,5.065,1.288,14.571,205.554,1013.019,19.399,20.875
2025-09-15,Scripps Pier,2025-09-15,32.867,-117.257,9,2025,0.0,21.5,1.3,0.41,0.62,0,21.389693299118356,1.2835714014209043,0.0090476444789341,17.969999619892665,1,23.4,23.1,1.0,1.1,0.53,0.25,0.94,1.39,3.1707317073170733,0,46086,5.061,1.2,13.067,227.749,1014.04,19.134,20.327
2025-09-22,Scripps Pier,2025-09-22,32.867,-117.257,9,2025,0.0,16.9,2.7,0.57,1.53,0,20.9786728839485,0.9591836494450668,-0.1119047800699869,13.428571092230934,1,21.5,23.4,1.3,1.0,0.41,0.53,0.62,0.94,4.736842105263158,0,46086,4.143,,,,1012.379,19.419,20.669
2025-09-29,Scripps Pier,2025-09-29,32.867,-117.257,9,2025,0.0,19.7,1.6,0.24,1.32,0,20.53938735261255,0.7160203909995604,-0.0366665976388113,10.024285473993846,1,16.9,21.5,2.7,1.3,0.57,0.41,1.53,0.62,6.666666666666667,0,46086,4.304,1.025,13.401,235.145,1012.652,19.353,
2025-10-06,Scripps Pier,2025-10-06,32.867,-117.257,10,2025,0.0,19.8,1.8,0.17,2.12,0,20.134489448703068,0.5321428438420502,-0.0642856416248139,7.454285527978625,1,19.7,16.9,1.6,2.7,0.24,0.57,1.32,1.53,10.588235294117649,0,46086,4.732,1.404,11.557,231.965,1014.543,19.401,20.311
2025-10-13,Scripps Pier,2025-10-13,32.867,-117.257,10,2025,0.0,16.8,4.0,0.0,2.32,0,19.520815946617905,0.1427550979376751,-0.1038096291678292,3.32999991944858,0,19.8,19.7,1.8,1.6,0.17,0.24,2.12,1.32,,0,46086,4.956,1.262,11.843,229.639,1010.559,18.848,20.304
2025-10-20,Scripps Pier,2025-10-20,32.867,-117.257,10,2025,0.0,18.5,1.4,0.0,0.97,0,19.06530561252516,-0.0421428564479764,0.0509522755940755,1.69571424807821,1,16.8,19.8,4.0,1.8,0.0,0.17,2.32,2.12,,0,46086,3.971,1.295,13.238,228.698,1012.875,18.024,19.479
2025-10-27,Scripps Pier,2025-10-27,32.867,-117.257,10,2025,0.0,18.6,1.6,0.0,2.49,0,19.095611669579338,0.3380612144056631,-0.0014285132998512,5.691428405897958,1,18.5,16.8,1.4,4.0,0.0,0.0,0.97,2.32,,0,46086,4.218,1.203,14.409,253.682,1016.502,17.483,19.345
2025-11-03,Scripps Pier,2025-11-03,32.867,-117.257,11,2025,0.0,20.0,1.6,0.0,1.39,0,19.194489187123825,0.8252040561364622,-0.0285714467366536,11.55285678591047,1,18.6,18.5,1.6,1.4,0.0,0.0,2.49,0.97,,0,46086,2.739,1.446,16.948,230.029,1015.22,17.218,19.748
2025-11-10,Scripps Pier,2025-11-10,32.867,-117.257,11,2025,0.0,19.0,2.0,0.0,2.96,0,19.05632585408736,1.0753060938144217,-0.0128571646554129,15.054285313401904,1,20.0,18.6,1.6,1.6,0.0,0.0,1.39,2.49,,0,46086,2.756,1.645,13.77,265.794,1017.337,17.044,19.484
2025-11-17,Scripps Pier,2025-11-17,32.867,-117.257,11,2025,0.0,18.9,0.8,0.0,0.85,0,18.72255043107636,1.1297958931144405,-0.1390475318545386,15.817142503602163,1,19.0,20.0,2.0,1.6,0.0,0.0,2.96,1.39,,0,46086,3.918,1.428,13.986,226.313,1016.079,17.232,19.246
2025-11-24,Scripps Pier,2025-11-24,32.867,-117.257,11,2025,0.0,17.5,1.6,0.15,1.03,0,18.167958648837345,0.9722448745552372,-0.0214286077590215,13.611428243773323,1,18.9,19.0,0.8,2.0,0.0,0.0,0.85,2.96,10.666666666666668,0,46086,4.011,1.488,11.758,261.887,1014.491,16.327,18.469
2025-12-01,Scripps Pier,2025-12-01,32.867,-117.257,12,2025,0.0,17.9,1.6,0.0,0.83,0,17.77418309815076,0.981734672371222,-0.0047619229271298,13.744285413197108,1,17.5,18.9,1.6,0.8,0.15,0.0,1.03,0.85,,0,46086,2.559,1.149,14.41,264.395,1017.325,16.494,18.224
2025-12-08,Scripps Pier,2025-12-08,32.867,-117.257,12,2025,0.0,17.8,1.6,0.13,1.04,0,17.68642791436643,1.2962244560523908,-0.0452381315685453,18.14714238473347,1,17.9,17.5,1.6,1.6,0.0,0.15,0.83,1.03,12.307692307692308,0,46086,2.601,1.415,15.23,270.373,1017.539,16.658,17.795
2025-12-15,Scripps Pier,2025-12-15,32.867,-117.257,12,2025,0.0,16.9,1.7,0.15,1.6,0,17.542754387368962,1.5426530095995687,-0.012380872453962,21.59714213439397,1,17.8,17.9,1.6,1.6,0.13,0.0,1.04,0.83,11.333333333333334,0,46086,2.928,0.988,13.201,256.473,1017.099,16.544,18.366
2025-12-22,Scripps Pier,2025-12-22,32.867,-117.257,12,2025,0.0,17.2,1.6,0.13,1.33,0,17.37693819707754,1.6726530084804614,-0.0004762013753255,23.417142118726456,1,16.9,17.8,1.7,1.6,0.15,0.13,1.6,1.04,12.307692307692308,0,46086,3.106,1.225,10.04,279.012,1017.2,16.077,17.918
2025-12-29,Scripps Pier,2025-12-29,32.867,-117.257,12,2025,0.0,17.2,1.9,0.0,1.07,0,17.290101635212803,1.7679591337028815,-0.0190476917085193,24.75142787184034,1,17.2,16.9,1.6,1.7,0.13,0.15,1.33,1.6,,0,46086,5.05,1.632,9.784,251.395,1016.594,16.311,17.462
2026-01-05,Scripps Pier,2026-01-05,32.867,-117.257,1,2026,0.0,17.2,2.5,0.45,2.13,0,17.215407760775822,1.8457142455237252,-0.0299998692103794,25.839999437332153,1,17.2,17.2,1.9,1.6,0.0,0.13,1.07,1.33,5.555555555555555,0,46086,4.201,0.709,8.958,251.486,1017.486,17.883,17.652
2026-01-12,Scripps Pier,2026-01-12,32.867,-117.257,1,2026,0.0,16.9,2.5,0.45,1.58,0,17.02244859812211,1.806326506089191,-0.0423810141427176,25.288571085248673,1,17.2,17.2,2.5,1.9,0.45,0.0,2.13,1.07,5.555555555555555,0,46086,,,,,,,
2026-01-19,Scripps Pier,2026-01-19,32.867,-117.257,1,2026,0.0,16.7,2.5,0.45,0.64,0,16.845203847301253,1.75326527503072,0.0214285169328962,24.54571385043008,1,16.9,17.2,2.5,2.5,0.45,0.45,1.58,2.13,5.555555555555555,0,46086,,,,,,,
2026-01-26,Scripps Pier,2026-01-26,32.867,-117.257,1,2026,0.0,16.7,2.5,0.45,0.73,0,16.82530582194426,1.793775464807238,0.0304762522379557,25.11285650730133,1,16.7,16.9,2.5,2.5,0.45,0.45,0.64,1.58,5.555555555555555,0,46086,,,,,,,
2026-02-02,Scripps Pier,2026-02-02,32.867,-117.257,2,2026,0.0,17.0,2.5,0.45,0.3,0,16.955407882223323,1.9497958652827203,0.0457143329438708,27.297142113958085,1,16.7,16.7,2.5,2.5,0.45,0.45,0.73,0.64,5.555555555555555,0,46086,,,,,,,
2026-02-09,Scripps Pier,2026-02-09,32.867,-117.257,2,2026,0.0,17.5,2.5,0.45,0.52,0,17.19448959584139,2.212550969756379,-0.0561904907226562,30.97571357658931,1,17.0,16.7,2.5,2.5,0.45,0.45,0.3,0.73,5.555555555555555,0,46086,,,,,,,
2026-02-16,Scripps Pier,2026-02-17,32.867,-117.257,2,2026,0.0,16.7,2.5,0.45,0.61,0,17.029897689819336,2.062959143093654,-0.1057143438430059,28.881428003311157,1,17.5,17.0,2.5,2.5,0.45,0.45,0.52,0.3,5.555555555555555,0,46086,,,,,,,
2026-02-23,Scripps Pier,2026-02-23,32.867,-117.257,2,2026,0.0,16.6,2.5,0.45,1.24,0,16.535509868543976,1.5587754821290771,0.0871428535098121,21.822856749807084,1,16.7,17.5,2.5,2.5,0.45,0.45,0.61,0.52,5.555555555555555,0,46086,,,,,,,
2026-03-02,Scripps Pier,2026-03-02,32.867,-117.257,3,2026,0.178,16.7,2.5,0.45,2.02,1,16.486121936720245,1.4794897680379908,-0.0690475645519437,20.71285675253187,1,16.6,16.7,2.5,2.5,0.45,0.45,1.24,0.61,5.555555555555555,1,46086,,,,,,,
2017-01-02,Stearns Wharf,2017-01-02,34.408043,-119.68485,1,2017,0.0,13.6,6.229,3.498,0.847,0,14.145566333589098,-0.2446833287055293,0.0086666107177734,0.0,0,13.6,13.6,6.229,6.229,3.498,3.498,0.847,0.847,1.7807318467695823,0,46053,8.087,1.498,10.56,262.083,1012.883,,
2017-01-09,Stearns Wharf,2017-01-09,34.408043,-119.68485,1,2017,0.0,14.5,6.113,3.392,0.474,0,14.220226279737616,-0.1110980197296864,0.0180952435448056,0.5642856822482177,1,13.6,14.5,6.229,6.113,3.498,3.392,0.847,0.474,1.8021816037735852,0,46053,5.257,0.821,10.15,240.207,1019.085,,
2017-01-16,Stearns Wharf,2017-01-16,34.408043,-119.68485,1,2017,0.0,13.7,4.32,1.895,0.77,0,14.278673123340218,0.0536734666865395,-0.0138095219930013,1.565714214263218,1,14.5,13.6,6.113,6.229,3.392,3.498,0.474,0.847,2.2796833773087073,0,46053,3.966,1.489,10.587,247.209,1017.55,,
2017-01-23,Stearns Wharf,2017-01-23,34.408043,-119.68485,1,2017,0.0,13.1,5.76,3.778,0.683,0,14.080509915643807,-0.0536734688342833,-0.0776190076555524,1.2557142379560642,0,13.7,14.5,4.32,6.113,1.895,3.392,0.77,0.474,1.5246161990471148,0,46053,5.042,2.36,14.884,255.516,1014.925,,
2017-01-30,Stearns Wharf,2017-01-30,34.408043,-119.68485,1,2017,0.0,13.0,7.61,3.575,0.521,0,13.86306095123291,-0.2190816275471327,0.0480952035813104,0.3242857030459812,1,13.1,13.7,5.76,4.32,3.778,1.895,0.683,0.77,2.128671328671329,0,46053,3.03,2.148,14.192,256.43,1023.858,,
2017-02-06,Stearns Wharf,2017-02-06,34.408043,-119.68485,2,2017,0.0,14.0,8.57,2.534,1.416,0,13.993469092310692,-0.0467346913504357,0.0666666939145042,1.225714275347335,1,13.0,13.1,7.61,5.76,3.575,3.778,0.521,0.683,3.382004735595896,0,46053,3.171,1.198,13.138,252.033,1019.416,,
2017-02-13,Stearns Wharf,2017-02-13,34.408043,-119.68485,2,2017,0.0,13.8,8.06,2.535,0.979,0,14.315407889229911,0.3171428510234976,-0.0238095692225864,4.722857049001115,1,14.0,13.0,8.57,7.61,2.534,3.575,1.416,0.521,3.1794871794871793,0,46053,3.938,1.55,11.998,253.056,1018.602,,
2017-02-20,Stearns Wharf,2017-02-20,34.408043,-119.68485,2,2017,0.0,13.6,49.2,28.788,0.82,0,14.413775210477867,0.4513265197830541,-0.0376190003894624,6.367142706045082,1,13.8,14.0,8.06,8.57,2.535,2.534,0.979,1.416,1.709045435598166,0,46053,4.801,1.799,13.667,251.223,1012.581,,
2017-02-27,Stearns Wharf,2017-02-27,34.408043,-119.68485,2,2017,0.0,13.8,8.13,3.981,1.264,0,14.0998976668533,0.1645918318203517,-0.0604762576875232,3.707142778805324,0,13.6,13.8,49.2,8.06,28.788,2.535,0.82,0.979,2.0422004521477017,0,46053,6.959,1.74,12.014,256.291,1021.018,,
2017-03-06,Stearns Wharf,2017-03-07,34.408043,-119.68485,3,2017,0.0,13.3,6.68,4.562,0.567,0,13.833162881890122,-0.0777551047503947,0.1733333950950985,2.215714234326567,1,13.8,13.6,8.13,49.2,3.981,28.788,1.264,0.82,1.464270056992547,0,46053,3.96,0.958,11.004,253.168,1018.038,,
2017-03-13,Stearns Wharf,2017-03-13,34.408043,-119.68485,3,2017,0.0,15.1,1.29,0.787,1.307,0,14.192754745483398,0.3057142753838276,-0.0661904925391787,6.297142708940165,1,13.3,13.8,6.68,8.13,4.562,3.981,0.567,1.264,1.639135959339263,0,46053,3.483,1.295,11.094,254.696,1018.941,,
2017-03-20,Stearns Wharf,2017-03-21,34.408043,-119.68485,3,2017,0.06,15.3,0.0,0.0,1.257,0,14.528060961742792,0.667755089700222,-0.0057142802647181,9.415714112775666,1,15.1,13.3,1.29,6.68,0.787,4.562,1.307,0.567,,0,46053,2.797,0.845,10.812,260.321,1018.169,,
2017-03-27,Stearns Wharf,2017-03-27,34.408043,-119.68485,3,2017,0.26,14.7,7.05,6.415,1.927,1,14.35438752660946,0.5263265233334838,-0.0338095710391089,7.368571326668773,1,15.3,15.1,0.0,1.29,0.0,0.787,1.257,1.307,1.0989867498051442,1,46053,5.992,1.365,11.342,253.315,1019.394,,
2017-04-03,Stearns Wharf,2017-04-03,34.408043,-119.68485,4,2017,1.08,13.3,13.1,12.288,2.202,1,14.204387489630252,0.411326525770888,0.0319047655378069,5.758571360792432,1,14.7,15.3,7.05,0.0,6.415,0.0,1.927,1.257,1.0660807291666663,1,46053,6.413,1.858,13.369,259.275,1015.192,,
2017-04-10,Stearns Wharf,2017-04-10,34.408043,-119.68485,4,2017,2.24,13.6,8.57,6.35,2.122,1,14.042346535896767,0.2857142856762725,-0.0909523282732282,4.505714268024478,1,13.3,14.7,13.1,7.05,12.288,6.415,2.202,1.927,1.3496062992125986,1,46053,3.741,1.599,13.535,256.226,1016.619,,
2017-04-17,Stearns Wharf,2017-04-17,34.408043,-119.68485,4,2017,7.56,14.0,1.35,2.133,5.815,1,13.813673136185626,0.0778571451653023,-0.011428605942499,2.279999996934618,1,13.6,13.3,8.57,13.1,6.35,12.288,2.122,2.202,0.6329113924050633,1,46053,4.539,1.533,10.838,257.95,1016.602,,
2017-04-24,Stearns Wharf,2017-04-24,34.408043,-119.68485,4,2017,0.04,17.0,1.51,0.261,2.366,0,13.25653029461296,-0.5049999905940221,-0.0914285750616164,0.8885714081781251,0,14.0,13.6,1.35,8.57,2.133,6.35,5.815,2.122,5.78544061302682,0,46053,4.809,1.381,11.081,255.994,1016.302,,
2017-05-01,Stearns Wharf,2017-05-01,34.408043,-119.68485,5,2017,0.07,13.1,23.8,18.056,3.761,0,13.275815954013748,-0.5461224454398058,0.1042856943039666,3.397142763648714,1,17.0,14.0,1.51,1.35,0.261,2.133,2.366,5.815,1.3181214000886132,0,46053,8.292,1.932,9.403,255.515,1013.182,,
2017-05-08,Stearns Wharf,2017-05-08,34.408043,-119.68485,5,2017,0.97,13.6,1.65,0.2,11.012,1,13.88775469332325,0.0004081542090493,0.1809523900349935,5.854285557355199,1,13.1,17.0,23.8,1.51,18.056,0.261,3.761,2.366,8.249999999999998,1,46053,3.866,1.325,10.114,250.298,1012.887,,
2017-05-15,Stearns Wharf,2017-05-15,34.408043,-119.68485,5,2017,0.72842926,15.9,2.56,0.0,5.494,1,14.330407745984136,0.370714276819965,0.0995238622029622,7.338571280241013,1,13.6,13.1,1.65,23.8,0.2,18.056,11.012,3.761,,1,46053,5.13,1.534,10.538,251.935,1014.662,,
2017-05-22,Stearns Wharf,2017-05-22,34.408043,-119.68485,5,2017,0.4733206,15.7,5.63,0.0,5.296,1,14.79867308480399,0.7139795768283763,-0.1914285932268415,10.105714072074209,1,15.9,13.6,2.56,1.65,0.0,0.2,5.494,11.012,,1,46053,5.708,1.29,7.417,249.123,1013.477,,
2017-05-29,Stearns Wharf,2017-05-29,34.408043,-119.68485,5,2017,4.1892595,15.6,0.0,0.292,4.083,1,14.884999586611375,0.6118367186614445,0.2828571228753952,8.734285486063786,1,15.7,15.9,5.63,2.56,0.0,0.0,5.296,5.494,0.0,1,46053,4.326,0.838,9.229,246.835,1014.658,14.125,14.056
2017-06-05,Stearns Wharf,2017-06-06,34.408043,-119.68485,6,2017,0.21003972,17.7,0.0,0.0,3.385,1,15.614183279932762,1.1348979336646747,0.1171428135463169,16.015713925340346,1,15.6,15.7,0.0,5.63,0.292,0.0,4.083,5.296,,1,46053,3.334,1.152,8.249,253.43,1012.532,14.399,15.452
2017-06-05,Stearns Wharf,2017-06-11,34.408043,-119.68485,6,2017,0.0,18.1,8.048,0.421,1.948,0,15.614183279932762,1.1348979336646747,0.1171428135463169,16.015713925340346,1,17.7,15.6,0.0,0.0,0.0,0.292,3.385,4.083,19.116389548693583,0,46053,3.334,1.152,8.249,253.43,1012.532,14.399,15.452
2017-06-19,Stearns Wharf,2017-06-19,34.408043,-119.68485,6,2017,0.0,18.5,2.076,0.0,1.44,0,16.878876978037308,1.9406121896237745,0.0509524572463262,27.16857065473284,1,18.1,17.7,8.048,0.0,0.421,0.0,1.948,3.385,,0,46053,4.616,1.335,8.398,251.226,1012.922,15.582,15.517
2017-06-26,Stearns Wharf,2017-06-27,34.408043,-119.68485,6,2017,0.0,18.3,7.972,0.473,1.35,0,16.993571047880213,1.7270407737517846,-0.1276190621512276,24.17857083252498,1,18.5,18.1,2.076,8.048,0.0,0.421,1.44,1.948,16.854122621564485,0,46053,4.218,1.231,8.448,256.78,1011.093,15.425,16.797
2017-07-03,Stearns Wharf,2017-07-03,34.408043,-119.68485,7,2017,0.0,16.5,6.885,0.237,1.3,0,17.160407883780344,1.524387716030588,0.3057141985212053,21.341428024428232,1,18.3,18.5,7.972,2.076,0.473,0.0,1.35,1.44,29.050632911392405,0,46053,4.185,1.079,6.785,247.565,1012.934,15.464,15.438
2017-07-10,Stearns Wharf,2017-07-10,34.408043,-119.68485,7,2017,0.0,17.7,5.835,0.35,2.708,0,17.94602010688003,1.9399999538246464,0.0085714431036086,27.159999353545057,1,16.5,18.3,6.885,7.972,0.237,0.473,1.3,1.35,16.67142857142857,0,46053,3.883,0.938,7.629,251.107,1014.199,16.188,17.247
2017-07-17,Stearns Wharf,2017-07-17,34.408043,-119.68485,7,2017,0.0,18.9,3.841,0.223,1.431,0,18.670305797031947,2.3142856712243995,0.0628571283249627,32.39999939714159,1,17.7,16.5,5.835,6.885,0.35,0.237,2.708,1.3,17.22421524663677,0,46053,3.54,0.68,7.248,249.988,1014.529,16.557,18.086
2017-07-24,Stearns Wharf,2017-07-24,34.408043,-119.68485,7,2017,0.0,19.5,3.535,0.0,1.467,0,19.043366840907503,2.4065305919063333,0.026190439860026,33.69142828668867,1,18.9,17.7,3.841,5.835,0.223,0.35,1.431,2.708,,0,46053,3.491,0.914,7.477,253.898,1013.883,17.347,19.083
2017-07-31,Stearns Wharf,2017-07-31,34.408043,-119.68485,7,2017,0.0,17.6,5.848,0.0,2.063,0,19.41050967391656,2.5529591720931384,0.1342857905796595,35.741428409303936,1,19.5,18.9,3.535,3.841,0.0,0.223,1.467,1.431,,0,46053,4.302,0.8,7.463,256.363,1015.16,16.661,18.817
2017-08-07,Stearns Wharf,2017-08-07,34.408043,-119.68485,8,2017,0.0,19.3,4.524,0.0,1.311,0,19.476530269700653,2.402550999607359,-0.2395237513950892,33.63571399450302,1,17.6,19.5,5.848,3.535,0.0,0.0,2.063,1.467,,0,46053,3.849,0.771,7.124,240.083,1013.739,18.452,19.621
2017-08-14,Stearns Wharf,2017-08-14,34.408043,-119.68485,8,2017,0.0,18.7,2.833,0.0,0.945,0,18.98091800845399,1.6957142687573723,0.0561904907226562,23.739999762603215,1,19.3,17.6,4.524,5.848,0.0,0.0,1.311,2.063,,0,46053,4.87,0.975,6.322,251.137,1012.842,17.221,18.029
2017-08-21,Stearns Wharf,2017-08-21,34.408043,-119.68485,8,2017,0.0,17.5,5.196,0.0,1.051,0,18.719387482623663,1.2823469188748575,0.0428570338657923,17.952856864248,1,18.7,19.3,2.833,4.524,0.0,0.0,0.945,1.311,,0,46053,4.425,0.757,8.092,246.833,1014.425,16.847,18.043
2017-09-04,Stearns Wharf,2017-09-04,34.408043,-119.68485,9,2017,0.0,21.6,4.138,0.0,1.253,0,19.81214256675876,2.252550961411729,-0.0409523191906157,31.535713459764207,1,17.5,18.7,5.196,2.833,0.0,0.0,1.051,0.945,,0,46053,4.471,0.942,7.246,257.251,1009.29,18.665,18.921
2017-09-11,Stearns Wharf,2017-09-11,34.408043,-119.68485,9,2017,0.0,19.0,5.249,0.218,1.133,0,20.12846907790826,2.523061147757939,-0.1157143002464657,35.322856068611145,1,21.6,17.5,4.138,5.196,0.0,0.0,1.253,1.051,24.077981651376145,0,46053,5.127,0.858,7.961,243.964,1013.711,19.551,20.177
2017-09-18,Stearns Wharf,2017-09-19,34.408043,-119.68485,9,2017,0.0,18.6,0.0,0.0,0.929,0,19.483468989936675,1.857755048846712,-0.1785714285714285,26.008570683853968,1,19.0,21.6,5.249,4.138,0.218,0.0,1.133,1.253,,0,46053,4.412,0.707,8.463,251.113,1013.091,18.805,19.218
2017-09-25,Stearns Wharf,2017-09-25,34.408043,-119.68485,9,2017,0.0,17.2,3.553,0.0,1.348,0,18.78234641406001,1.200510173579868,0.1095236823672339,16.80714243011815,1,18.6,19.0,0.0,5.249,0.0,0.218,0.929,1.133,,0,46053,4.757,1.08,6.857,252.605,1012.039,17.772,18.662
2017-10-02,Stearns Wharf,2017-10-03,34.408043,-119.68485,10,2017,0.0,17.7,5.356,0.0,11.516,0,18.753775012736416,1.2566326301620931,0.2357144128708612,17.592856822269304,1,17.2,18.6,3.553,0.0,0.0,0.0,1.348,0.929,,0,46053,3.405,0.823,7.397,248.613,1011.349,18.046,17.994
2017-10-09,Stearns Wharf,2017-10-09,34.408043,-119.68485,10,2017,0.0,19.0,4.136,0.0,10.894,0,19.42326489273383,2.0125509755952016,-0.1180953071230933,28.175713658332825,1,17.7,17.2,5.356,3.553,0.0,0.0,11.516,1.348,,0,46053,2.509,0.964,8.735,250.274,1011.108,18.204,18.738
2017-10-16,Stearns Wharf,2017-10-16,34.408043,-119.68485,10,2017,0.0,18.5,5.282,0.0,4.085,0,19.554795440362422,2.245612183851855,-0.3390475681849888,31.50714200096471,1,19.0,17.7,4.136,5.356,0.0,0.0,10.894,11.516,,0,46053,3.102,1.032,10.188,256.899,1013.804,18.489,19.594
2017-10-23,Stearns Wharf,2017-10-23,34.408043,-119.68485,10,2017,0.0,16.75,7.2,0.23,1.28,0,18.60816272424192,1.479285672002909,0.1038095383417038,20.94999940267631,1,18.5,19.0,5.282,4.136,0.0,0.0,4.085,10.894,31.304347826086957,0,46053,5.46,1.354,8.934,253.156,1015.792,18.491,18.326
2017-10-30,Stearns Wharf,2017-10-30,34.408043,-119.68485,10,2017,0.0,17.4,4.117,0.274,1.404,0,17.895407812935964,1.0245918110013008,0.0552380879720051,14.515713921615056,1,16.75,18.5,7.2,5.282,0.23,0.0,1.28,4.085,15.025547445255471,0,46053,3.024,1.22,12.809,255.778,1014.106,18.121,17.786
2017-11-06,Stearns Wharf,2017-11-06,34.408043,-119.68485,11,2017,0.0,17.4,3.253,0.0,0.787,0,17.7326528198865,1.1339795650268087,-0.1690475827171688,15.875713910375325,1,17.4,16.75,4.117,7.2,0.274,0.23,1.404,1.28,,0,46053,3.838,0.88,12.667,254.192,1015.673,16.916,17.657
2017-11-13,Stearns Wharf,2017-11-13,34.408043,-119.68485,11,2017,0.0,16.3,1.01,0.0,1.569,0,17.31050985686633,0.986632632889918,-0.1280953543526785,13.81285686045885,1,17.4,17.4,3.253,4.117,0.0,0.274,0.787,1.404,,0,46053,3.288,0.937,10.734,255.268,1017.849,16.545,17.174
2017-11-20,Stearns Wharf,2017-11-20,34.408043,-119.68485,11,2017,0.0,16.0,5.127,0.603,1.302,0,16.629795638882385,0.591530602007192,0.0400000980922153,8.281428428100687,1,16.3,17.4,1.01,3.253,0.0,0.0,1.569,0.787,8.502487562189055,0,46053,4.088,0.925,9.107,249.527,1017.861,16.339,16.149
2017-11-27,Stearns Wharf,2017-11-27,34.408043,-119.68485,11,2017,0.0,16.0,4.901,0.343,4.342,0,16.21459166857661,0.4763265199275041,-0.0485714503696986,6.668571278985057,1,16.0,16.3,5.127,1.01,0.603,0.0,1.302,1.569,14.288629737609329,0,46053,2.768,0.827,10.279,253.286,1016.253,16.423,16.149
2017-12-04,Stearns Wharf,2017-12-05,34.408043,-119.68485,12,2017,0.0,15.5,4.752,0.0,1.571,0,16.02857119696481,0.5972448803332387,-0.0752381370181128,8.361428324665342,1,16.0,16.0,4.901,5.127,0.343,0.603,4.342,1.302,,0,46053,3.093,1.46,11.447,255.423,1016.438,15.597,15.861
2017-12-11,Stearns Wharf,2017-12-11,34.408043,-119.68485,12,2017,0.0,14.6,5.391,1.15,0.71,0,15.753469136296486,0.6296938569570074,-0.0119047164916992,8.815713997398104,1,15.5,16.0,4.752,4.901,0.0,0.343,1.571,4.342,4.687826086956522,0,46053,2.038,0.893,13.141,252.411,1022.967,15.986,15.83
2017-12-18,Stearns Wharf,2017-12-18,34.408043,-119.68485,12,2017,0.0,15.0,3.481,0.268,2.727,0,15.50153042345631,0.6564285490585834,-0.0190476462954566,9.189999686820167,1,14.6,15.5,5.391,4.752,1.15,0.0,0.71,1.571,12.988805970149253,0,46053,2.471,1.258,12.969,257.81,1016.966,15.767,15.619
2017-12-25,Stearns Wharf,2017-12-27,34.408043,-119.68485,12,2017,0.0,15.0,4.232,0.211,2.888,0,15.420816051716708,0.7718367111317965,0.0090476444789341,10.805713955845151,1,15.0,14.6,3.481,5.391,0.268,1.15,2.727,0.71,20.056872037914697,0,46053,3.406,0.863,10.826,255.536,1021.867,14.473,15.533
2018-01-01,Stearns Wharf,2018-01-02,34.408043,-119.68485,1,2018,0.0,15.0,4.284,0.322,1.397,0,15.55306085275144,1.0439795690531632,0.0876191002982003,14.615713966744286,1,15.0,15.0,4.232,3.481,0.211,0.268,2.888,2.727,13.304347826086955,0,46053,2.044,1.005,12.352,257.617,1019.787,14.718,15.363
2018-01-08,Stearns Wharf,2018-01-08,34.408043,-119.68485,1,2018,0.0,15.6,4.661,0.395,0.624,0,15.756530314075704,1.3845918075162538,-0.0119048073178245,19.384285305227554,1,15.0,15.0,4.284,4.232,0.322,0.211,1.397,2.888,11.8,0,46053,2.539,1.027,13.026,260.952,1020.35,15.126,15.784
2018-01-15,Stearns Wharf,2018-01-15,34.408043,-119.68485,1,2018,0.0,15.6,4.331,0.516,0.665,0,15.860714114442164,1.6196938461186934,-0.0604762576875232,22.675713845661708,1,15.6,15.0,4.661,4.284,0.395,0.322,0.624,1.397,8.39341085271318,0,46053,4.465,1.57,14.272,257.024,1017.19,15.597,15.5
2018-01-22,Stearns Wharf,2018-01-22,34.408043,-119.68485,1,2018,0.0,14.1,7.136,1.851,0.493,0,15.566020206529265,1.4201020206115682,-0.1519047419230143,19.881428288561956,1,15.6,15.6,4.331,4.661,0.516,0.395,0.665,0.624,3.8552133981631553,0,46053,4.912,2.236,14.845,259.631,1019.887,14.847,15.88
2018-01-29,Stearns Wharf,2018-01-29,34.408043,-119.68485,1,2018,0.0,14.55,6.501,3.074,1.759,0,15.01510168581593,0.9238775378587294,0.0742857342674618,12.934285530022212,1,14.1,15.6,7.136,4.331,1.851,0.516,0.493,0.665,2.1148340923877686,0,46053,3.756,1.462,13.175,256.327,1022.321,14.38,14.494
2018-02-05,Stearns Wharf,2018-02-05,34.408043,-119.68485,2,2018,0.0,15.0,3.139,0.443,1.063,0,14.931632324140898,0.8849999767785169,0.0404761632283528,12.389999674899238,1,14.55,14.1,6.501,7.136,3.074,1.851,1.759,0.493,7.085778781038374,0,46053,1.879,0.643,11.032,254.554,1017.919,15.388,14.876
2018-02-12,Stearns Wharf,2018-02-13,34.408043,-119.68485,2,2018,0.0,14.6,2.623,0.0,1.612,0,15.049183417339714,1.0458162931763395,-0.0280951999482654,14.641428104468757,1,15.0,14.55,3.139,6.501,0.443,3.074,1.063,1.759,,0,46053,2.442,0.804,12.623,258.473,1016.724,13.788,15.153
2018-02-19,Stearns Wharf,2018-02-19,34.408043,-119.68485,2,2018,0.0,13.6,3.633,0.0,1.481,0,14.73214255547037,0.7659183456087295,-0.2333333605811709,11.259999683925084,1,14.6,15.0,2.623,3.139,0.0,0.443,1.612,1.063,,0,46053,4.212,1.015,10.468,254.369,1018.117,14.348,14.839
2018-02-26,Stearns Wharf,2018-02-26,34.408043,-119.68485,2,2018,0.0,11.8,11.912,9.444,0.9,0,13.908571107046944,-0.0283673448792221,-0.0299999600365048,3.9328570663928986,0,13.6,14.6,3.633,2.623,0.0,0.0,1.481,1.612,1.2613299449385853,0,46053,7.28,1.443,9.557,251.304,1021.765,11.568,13.532
2018-03-05,Stearns Wharf,2018-03-05,34.408043,-119.68485,3,2018,0.0,13.1,8.02,4.219,0.588,0,13.448673238559646,-0.463775500617161,0.0571428480602445,0.0228571423462459,0,11.8,13.6,11.912,3.633,9.444,0.0,0.9,1.481,1.9009243896657972,0,46053,4.783,1.274,10.859,258.208,1019.339,11.776,12.823
2018-03-12,Stearns Wharf,2018-03-12,34.408043,-119.68485,3,2018,0.0,14.8,1.572,0.0,2.132,0,13.605305924707531,-0.2842857102692431,-0.0395238513038271,0.0342857135193688,1,13.1,11.8,8.02,11.912,4.219,9.444,0.588,0.9,,0,46053,3.239,0.851,11.833,254.411,1017.726,13.516,13.056
2018-03-19,Stearns Wharf,2018-03-19,34.408043,-119.68485,3,2018,0.0,12.3,11.337,7.979,0.269,0,13.53765276500157,-0.3268367283768496,-0.0385713577270507,0.0399999991059302,0,14.8,13.1,1.572,8.02,0.0,4.219,2.132,0.588,1.4208547437022183,0,46053,4.964,1.07,11.457,258.69,1017.787,13.0,13.614
2018-03-26,Stearns Wharf,2018-03-26,34.408043,-119.68485,3,2018,0.0,11.7,17.007,11.373,0.491,0,13.16816300761943,-0.6648979467168754,-0.0323809669131324,0.0057142855865614,0,12.3,14.8,11.337,1.572,7.979,0.0,0.269,2.132,1.4953838037457137,0,46053,5.31,0.993,9.803,246.77,1017.877,13.082,13.259
2018-04-02,Stearns Wharf,2018-04-02,34.408043,-119.68485,4,2018,0.0,13.7,12.33,5.211,2.407,0,12.9319385411788,-0.8642856971341736,-0.0119048073178245,0.0,0,11.7,12.3,17.007,11.337,11.373,7.979,0.491,0.269,2.3661485319516404,0,46053,3.813,0.828,8.629,255.341,1018.277,12.018,12.499
2018-04-09,Stearns Wharf,2018-04-09,34.408043,-119.68485,4,2018,0.0,16.0,3.064,0.217,2.682,0,12.99785682133266,-0.7622448811117485,0.1085714612688337,0.049999999148505,1,13.7,11.7,12.33,17.007,5.211,11.373,2.407,0.491,14.119815668202763,0,46053,4.32,1.029,8.92,255.102,1015.604,13.068,12.67
2018-04-16,Stearns Wharf,2018-04-17,34.408043,-119.68485,4,2018,0.0,11.1,13.322,13.186,3.058,0,13.035713954847685,-0.700204067540412,-0.0666666939145042,0.2599999947207314,1,16.0,13.7,3.064,12.33,0.217,5.211,2.682,2.407,1.0103139693614438,0,46053,5.098,1.779,11.13,255.345,1018.232,13.886,12.97
2018-04-23,Stearns Wharf,2018-04-23,34.408043,-119.68485,4,2018,0.0,13.6,5.633,3.93,4.762,0,13.116530272425438,-0.6377550882610435,0.0214286077590215,0.3299999960831233,0,11.1,16.0,13.322,3.064,13.186,0.217,3.058,2.682,1.4333333333333331,0,46053,6.219,1.538,10.102,254.292,1018.05,12.916,12.472
2018-04-30,Stearns Wharf,2018-04-30,34.408043,-119.68485,4,2018,0.0,15.5,2.121,0.281,2.361,0,13.177448730079496,-0.6353061044664712,0.0433332806541805,0.1200000005108969,0,13.6,11.1,5.633,13.322,3.93,13.186,4.762,3.058,7.548042704626334,0,46053,5.121,1.274,11.125,257.31,1016.483,12.354,12.859
2018-05-07,Stearns Wharf,2018-05-07,34.408043,-119.68485,5,2018,0.0,14.8,5.696,0.866,3.805,0,13.406428327365798,-0.4707142723610206,0.1309524263654436,0.4571428341524942,1,15.5,13.6,2.121,5.633,0.281,3.93,2.361,4.762,6.577367205542725,0,46053,5.949,1.3,7.33,250.393,1016.881,12.869,13.395
2018-05-14,Stearns Wharf,2018-05-14,34.408043,-119.68485,5,2018,0.0,15.0,7.393,0.368,2.086,0,14.129999705723352,0.1826530583202838,0.0319047201247442,4.481428478445325,1,14.8,15.5,5.696,2.121,0.866,0.281,3.805,2.361,20.089673913043477,0,46053,3.196,1.362,9.377,254.928,1014.555,12.677,13.627
2018-05-21,Stearns Wharf,2018-05-21,34.408043,-119.68485,5,2018,0.0,16.4,5.401,0.0,1.902,0,14.668162929768464,0.6045918256348494,-0.0680952072143554,8.655714128698621,1,15.0,14.8,7.393,5.696,0.368,0.866,2.086,3.805,,0,46053,5.195,1.137,8.918,253.551,1015.411,13.475,14.386
2018-05-28,Stearns Wharf,2018-05-29,34.408043,-119.68485,5,2018,0.0,15.7,11.214,0.0,13.493,0,14.703264956571616,0.4591836616853061,0.0757142929803757,7.03857126299824,1,16.4,15.0,5.401,7.393,0.0,0.368,1.902,2.086,,0,46053,5.752,1.196,9.362,254.654,1015.744,13.628,13.9
2018-06-04,Stearns Wharf,2018-06-04,34.408043,-119.68485,6,2018,0.0,18.0,7.127,0.0,11.275,0,14.792244628984102,0.3415306013609682,0.1657142639160156,5.284285561314651,1,15.7,16.4,11.214,5.401,0.0,0.0,13.493,1.902,,0,46053,3.535,1.068,8.929,252.251,1013.353,14.0,14.025
2018-06-11,Stearns Wharf,2018-06-11,34.408043,-119.68485,6,2018,0.0,19.0,6.293,0.382,1.999,0,15.61683649919471,0.9581632386056744,0.1885714758010137,13.414285340479442,1,18.0,15.7,7.127,11.214,0.0,0.0,11.275,13.493,16.473821989528798,0,46053,4.112,1.384,7.934,255.19,1012.585,15.0,14.87
2018-06-18,Stearns Wharf,2018-06-18,34.408043,-119.68485,6,2018,0.0,15.4,8.857,0.666,2.2,0,16.614897844742757,1.7162244459804223,-0.0209524972098214,24.027142243725912,1,19.0,18.0,6.293,7.127,0.382,0.0,1.999,11.275,13.298798798798796,0,46053,3.93,1.343,9.376,248.393,1010.207,14.577,15.862
2018-06-25,Stearns Wharf,2018-06-25,34.408043,-119.68485,6,2018,0.0,18.2,4.883,0.497,1.879,0,17.325918158706354,2.1093877152520784,0.1247619447253999,29.531428013529094,1,15.4,19.0,8.857,6.293,0.666,0.382,2.2,1.999,9.824949698189137,0,46053,4.356,1.07,9.335,252.72,1013.373,15.827,16.729
2018-07-02,Stearns Wharf,2018-07-02,34.408043,-119.68485,7,2018,0.0,18.0,4.893,0.4,1.742,0,17.979489423790756,2.3951019961006788,0.1647618611653645,33.531427945409504,1,18.2,15.4,4.883,8.857,0.497,0.666,1.879,2.2,12.232499999999998,0,46053,3.989,1.028,8.132,254.244,1014.102,16.637,17.684
2018-07-09,Stearns Wharf,2018-07-09,34.408043,-119.68485,7,2018,0.0,20.0,7.497,0.268,1.594,0,18.953673031865332,3.000612179843747,0.1938095092773437,42.00857051781246,1,18.0,18.2,4.893,4.883,0.4,0.497,1.742,1.879,27.97388059701492,0,46053,4.496,0.933,8.308,254.506,1013.82,18.156,18.593
2018-07-16,Stearns Wharf,2018-07-16,34.408043,-119.68485,7,2018,0.0,19.1,5.094,0.216,3.718,0,20.0047952690903,3.696938702038356,0.0085715339297339,51.75714182853699,1,20.0,18.0,7.497,4.893,0.268,0.4,1.594,1.742,23.583333333333336,0,46053,4.4,0.91,7.411,253.714,1014.14,18.341,19.738
2018-07-23,Stearns Wharf,2018-07-23,34.408043,-119.68485,7,2018,0.0,19.3,2.925,0.0,2.231,0,20.16989735194615,3.5698978852252568,-0.2114285968598865,49.9785703931536,1,19.1,20.0,5.094,7.497,0.216,0.268,3.718,1.594,,0,46053,4.547,0.747,6.606,251.479,1015.142,18.293,20.229
2018-07-30,Stearns Wharf,2018-07-30,34.408043,-119.68485,7,2018,0.0,18.0,3.21,0.0,6.093,0,19.720713848970373,2.8921427921373017,0.1809523446219307,40.48999908992222,1,19.3,19.1,2.925,5.094,0.0,0.216,2.231,3.718,,0,46053,4.266,1.067,7.09,252.03,1013.393,18.259,19.469
2018-08-06,Stearns Wharf,2018-08-06,34.408043,-119.68485,8,2018,0.0,19.7,2.74,0.0,1.035,0,20.174081237948673,3.129693792790783,0.2866666884649367,43.815713099070955,1,18.0,19.3,3.21,2.925,0.0,0.0,6.093,2.231,,0,46053,4.28,0.864,7.218,258.488,1012.908,17.236,19.524
2018-08-13,Stearns Wharf,2018-08-13,34.408043,-119.68485,8,2018,0.0,22.0,4.628,0.481,1.06,0,21.515305713731415,4.259897798908,-0.0123809632800874,59.638569184712,1,19.7,18.0,2.74,3.21,0.0,0.0,1.035,6.093,9.621621621621625,0,46053,3.351,0.852,8.425,236.473,1012.474,19.455,20.718
2018-08-20,Stearns Wharf,2018-08-20,34.408043,-119.68485,8,2018,0.0,22.1,3.524,0.374,0.889,0,21.99601992782281,4.574897773411808,-0.0904761723109653,64.04856882776532,1,22.0,19.7,4.628,2.74,0.481,0.0,1.06,1.035,9.422459893048128,0,46053,4.331,0.783,7.974,244.934,1014.754,19.569,22.087
2018-08-27,Stearns Wharf,2018-08-27,34.408043,-119.68485,8,2018,0.0,19.4,4.381,0.0,1.802,0,21.447754684759648,3.940714151275401,-0.3242856888543991,55.16999811785562,1,22.1,22.0,3.524,4.628,0.374,0.481,0.889,1.06,,0,46053,5.245,0.902,7.32,253.53,1014.361,19.227,21.103
2018-09-03,Stearns Wharf,2018-09-04,34.408043,-119.68485,9,2018,0.0,18.0,6.807,0.265,2.24,0,20.178264948786516,2.623571364247069,0.0414286113920665,36.729999099458965,1,19.4,22.1,4.381,3.524,0.0,0.374,1.802,0.889,25.68679245283019,0,46053,4.741,1.153,6.484,246.238,1012.343,19.013,19.253
2018-09-10,Stearns Wharf,2018-09-11,34.408043,-119.68485,9,2018,0.0,19.4,4.068,0.217,2.462,0,19.495203699384415,1.895408132854773,0.0061903454008556,26.535713859966823,1,18.0,19.4,6.807,4.381,0.265,0.0,2.24,1.802,18.746543778801843,0,46053,3.105,0.749,8.611,251.089,1013.34,17.641,19.11
2018-09-17,Stearns Wharf,2018-09-17,34.408043,-119.68485,9,2018,0.0,20.1,2.67,0.0,1.291,0,19.51050970505695,1.8859183204417325,-0.0485713595435732,26.402856486184255,1,19.4,18.0,4.068,6.807,0.217,0.265,2.462,2.24,,0,46053,4.355,1.163,7.721,257.292,1011.212,18.526,19.324
2018-09-24,Stearns Wharf,2018-09-25,34.408043,-119.68485,9,2018,0.0,19.9,1.454,0.0,1.839,0,19.219489292222622,1.6293877071263838,-0.0561903998965308,22.811427899769377,1,20.1,19.4,2.67,4.068,0.0,0.217,1.291,2.462,,0,46053,4.039,0.993,7.742,250.958,1011.874,17.565,18.452
2018-10-01,Stearns Wharf,2018-10-01,34.408043,-119.68485,10,2018,0.0,17.5,4.967,0.125,2.191,0,19.117754683202627,1.6080611944198608,0.0533332824707031,22.51285672187805,1,19.9,20.1,1.454,2.67,0.0,0.0,1.839,1.291,39.736,0,46053,3.928,0.707,7.642,239.696,1012.692,16.923,19.055
2018-10-08,Stearns Wharf,2018-10-08,34.408043,-119.68485,10,2018,0.0,19.5,2.245,0.215,1.495,0,19.249183207142114,1.824897924248053,-0.0042857215518043,25.548570939472743,1,17.5,19.9,4.967,1.454,0.125,0.0,2.191,1.839,10.44186046511628,0,46053,4.392,1.094,10.653,245.625,1011.633,18.804,19.022
2018-10-15,Stearns Wharf,2018-10-15,34.408043,-119.68485,10,2018,0.0,19.1,4.214,0.277,1.108,0,19.29632603392309,1.9689795399198728,0.0123809632800874,27.56571355887822,1,19.5,17.5,2.245,4.967,0.215,0.125,1.495,2.191,15.212996389891696,0,46053,3.262,1.124,11.74,244.161,1010.675,18.341,19.151
2018-10-22,Stearns Wharf,2018-10-22,34.408043,-119.68485,10,2018,0.0,18.5,3.079,0.0,1.133,0,19.070203605963258,1.9103060632335895,-0.106190454392206,26.744284885270257,1,19.1,19.5,4.214,2.245,0.277,0.215,1.108,1.495,,0,46053,3.504,0.745,12.484,242.168,1016.023,19.04,19.144
2018-10-29,Stearns Wharf,2018-10-30,34.408043,-119.68485,10,2018,0.0,18.4,4.219,0.354,0.84,0,18.90459156036377,1.9936734109508747,0.0614285241989862,27.91142775331225,1,18.5,19.1,3.079,4.214,0.0,0.277,1.133,1.108,11.9180790960452,0,46053,3.246,1.003,11.521,256.76,1014.373,17.606,18.631
2018-11-05,Stearns Wharf,2018-11-06,34.408043,-119.68485,11,2018,0.0,18.9,3.107,0.0,1.973,0,18.88867325685462,2.250714225428445,-0.0523809705461774,31.50999915599823,1,18.4,18.5,4.219,3.079,0.354,0.0,0.84,1.133,,0,46053,2.302,1.265,11.055,256.633,1015.429,18.853,18.908
2018-11-12,Stearns Wharf,2018-11-13,34.408043,-119.68485,11,2018,0.0,18.75,2.333,0.0,1.483,0,18.674897485849808,2.3107142156484177,-0.0766666049049013,32.34999901907785,1,18.9,18.4,3.107,4.219,0.0,0.354,1.973,0.84,,0,46053,2.456,0.959,10.612,248.47,1014.627,18.076,18.933
2018-11-19,Stearns Wharf,2018-11-19,34.408043,-119.68485,11,2018,0.0,18.2,3.771,0.283,1.096,0,18.266632216317312,2.183469307665922,-0.0414286113920665,30.56857030732291,1,18.75,18.9,2.333,3.107,0.0,0.0,1.483,1.973,13.325088339222615,0,46053,2.14,0.766,12.182,243.012,1020.458,17.912,18.312
2018-11-26,Stearns Wharf,2018-11-26,34.408043,-119.68485,11,2018,0.0,16.15,3.077,0.328,1.242,0,17.843366973254145,2.059387700290096,-0.1942857106526692,28.831427804061345,1,18.2,18.75,3.771,2.333,0.283,0.0,1.096,1.483,9.38109756097561,0,46053,5.869,1.142,11.553,258.488,1017.615,17.426,18.088
2018-12-03,Stearns Wharf,2018-12-03,34.408043,-119.68485,12,2018,0.0,14.1,6.804,5.659,0.236,0,16.8379587543254,1.3631632473243742,-0.1480952217465355,19.08428546254124,1,16.15,18.2,3.077,3.771,0.328,0.283,1.242,1.096,1.2023325675914474,0,46053,6.636,1.924,12.372,258.863,1015.133,16.313,17.148
2018-12-10,Stearns Wharf,2018-12-10,34.408043,-119.68485,12,2018,0.0,15.6,3.034,0.398,1.835,0,15.912142490854068,0.7449999919009148,0.1276190167381649,10.429999886612809,1,14.1,16.15,6.804,3.077,5.659,0.328,0.236,1.242,7.623115577889446,0,46053,4.888,1.104,11.505,213.165,1017.885,15.282,15.536
2018-12-17,Stearns Wharf,2018-12-17,34.408043,-119.68485,12,2018,0.0,16.3,3.217,0.547,0.6,0,16.005305728133845,1.124897945881346,0.0204762050083705,15.748571242338844,1,15.6,14.1,3.034,6.804,0.398,5.659,1.835,0.236,5.881170018281535,0,46053,3.286,1.567,12.748,258.888,1019.541,15.907,16.197
2018-12-31,Stearns Wharf,2019-01-02,34.408043,-119.68485,1,2019,0.0,14.7,3.687,0.798,2.372,0,15.539591477841748,1.0116326194636676,-0.0714285714285713,14.162856672491346,1,16.3,15.6,3.217,3.034,0.547,0.398,0.6,1.835,4.620300751879698,0,46053,6.234,1.761,11.259,257.214,1017.606,14.919,15.708
2019-01-07,Stearns Wharf,2019-01-07,34.408043,-119.68485,1,2019,0.0,14.8,5.77,2.647,1.009,0,14.852448658067354,0.460204071536356,0.04000000726609,6.442857001508985,1,14.7,16.3,3.687,3.217,0.798,0.547,2.372,0.6,2.179826218360408,0,46053,3.582,1.442,13.274,254.327,1017.613,13.786,15.027
2019-01-14,Stearns Wharf,2019-01-14,34.408043,-119.68485,1,2019,0.0,14.9,3.56,0.245,1.772,0,14.82316290602392,0.5641836630446571,0.0595237641107468,7.898571282625198,1,14.8,14.7,5.77,3.687,2.647,0.798,1.009,2.372,14.53061224489796,0,46053,5.085,2.02,12.773,256.982,1019.171,14.267,14.99
2019-01-21,Stearns Wharf,2019-01-22,34.408043,-119.68485,1,2019,0.0,15.1,3.452,1.741,0.549,0,15.021121998222506,0.8651020241026977,-0.0795237677437918,12.111428337437768,1,14.9,14.8,3.56,5.77,0.245,2.647,1.772,1.009,1.9827685238368753,0,46053,6.606,2.229,13.63,249.548,1019.26,15.022,15.167
2019-01-28,Stearns Wharf,2019-01-28,34.408043,-119.68485,1,2019,0.0,15.5,4.019,0.871,1.074,0,15.025509775901329,0.9289795744175812,0.0171428407941546,13.005714041846138,1,15.1,14.9,3.452,3.56,1.741,0.245,0.549,1.772,4.614236509758898,0,46053,3.496,1.384,12.204,256.946,1022.062,15.077,14.92
2019-02-04,Stearns Wharf,2019-02-04,34.408043,-119.68485,2,2019,0.0,15.7,11.382,4.03,0.337,0,14.91071384780261,0.8574489650069451,-0.01761904216948,12.004285510097231,1,15.5,15.1,4.019,3.452,0.871,1.741,1.074,0.549,2.8243176178660048,0,46053,4.471,1.227,13.181,243.62,1012.861,14.674,15.009
2019-02-11,Stearns Wharf,2019-02-11,34.408043,-119.68485,2,2019,0.0,15.3,5.914,2.357,0.545,0,14.733162811824254,0.722244884286608,-0.0652381352015903,10.111428380012512,1,15.7,15.5,11.382,4.019,4.03,0.871,0.337,1.074,2.5091217649554514,0,46053,5.587,1.472,12.512,261.583,1017.07,12.385,14.94
2019-02-18,Stearns Wharf,2019-02-19,34.408043,-119.68485,2,2019,0.0,13.3,8.963,7.004,0.371,0,14.306020016572914,0.3323469307007533,-0.0890475681849888,5.254285579015102,1,15.3,15.7,5.914,11.382,2.357,4.03,0.545,0.337,1.2796973158195315,0,46053,7.769,1.48,11.346,235.813,1017.232,12.764,14.59
2019-02-25,Stearns Wharf,2019-02-25,34.408043,-119.68485,2,2019,0.0,12.7,10.097,8.428,4.225,0,13.776020108437052,-0.16724489471514,-0.060952413649786,1.0385713883276495,0,13.3,15.3,8.963,5.914,7.004,2.357,0.371,0.545,1.1980303749406738,0,46053,6.302,1.194,9.831,260.845,1017.3,11.856,13.958
2019-03-04,Stearns Wharf,2019-03-04,34.408043,-119.68485,3,2019,0.0,12.3,10.949,1.69,0.511,0,13.442652750988396,-0.4755101935291777,-0.0090475990658714,0.0,0,12.7,13.3,10.097,8.963,8.428,7.004,4.225,0.371,6.478698224852071,0,46053,3.797,0.799,11.394,253.333,1018.653,13.297,13.356
2019-03-11,Stearns Wharf,2019-03-11,34.408043,-119.68485,3,2019,0.0,11.9,12.441,7.651,0.689,0,13.253468951400446,-0.6411224340601843,0.0576190494355701,0.0257142846073423,1,12.3,12.7,10.949,10.097,1.69,8.428,0.511,4.225,1.6260619526859237,0,46053,5.905,1.009,9.974,234.78,1016.394,12.884,13.722
2019-03-18,Stearns Wharf,2019-03-18,34.408043,-119.68485,3,2019,0.18,17.0,0.0,0.0,5.649,1,13.45316287449428,-0.4159183585065968,0.000952402750651,1.2585713884660177,1,11.9,12.3,12.441,10.949,7.651,1.69,0.689,0.511,,1,46053,4.757,1.352,12.41,266.044,1016.286,13.955,13.174
2019-03-25,Stearns Wharf,2019-03-26,34.408043,-119.68485,3,2019,0.0,15.2,1.8,0.333,0.847,0,13.7586732105333,-0.0790816330331929,0.0742857342674618,1.9871427927698408,1,17.0,11.9,0.0,12.441,0.0,7.651,5.649,0.689,5.405405405405405,0,46053,4.301,1.512,14.41,259.768,1018.494,13.47,13.723
2019-04-01,Stearns Wharf,2019-04-01,34.408043,-119.68485,4,2019,0.0,15.1,4.295,2.003,1.768,0,13.923061001057528,0.121326526056747,-0.0380952471778506,2.8928570577076504,1,15.2,17.0,1.8,0.0,0.333,0.0,0.847,5.649,2.144283574638042,0,46053,4.488,1.367,11.808,259.275,1019.423,14.254,13.829
2019-04-08,Stearns Wharf,2019-04-09,34.408043,-119.68485,4,2019,0.0,16.6,3.019,0.28,0.824,0,13.70010180376014,-0.0652040865044204,-0.1314285823277064,2.5671427867242267,0,15.1,15.2,4.295,1.8,2.003,0.333,1.768,0.847,10.782142857142857,0,46053,3.961,0.954,14.298,254.732,1016.991,14.574,14.131
2019-04-15,Stearns Wharf,2019-04-16,34.408043,-119.68485,4,2019,0.0,15.1,13.067,9.975,2.551,0,13.275305835568174,-0.4613265303362692,0.0628571283249628,0.4499999888773475,1,16.6,15.1,3.019,4.295,0.28,2.003,0.824,1.768,1.3099749373433585,0,46053,7.678,1.825,10.833,263.054,1016.108,14.275,12.991
2019-04-22,Stearns Wharf,2019-04-22,34.408043,-119.68485,4,2019,0.0,15.3,5.503,0.72,1.947,0,13.438060935662715,-0.3108163234036492,0.1252381006876627,0.484285701864532,1,15.1,16.6,13.067,3.019,9.975,0.28,2.551,0.824,7.643055555555556,0,46053,4.64,1.272,11.906,257.855,1016.103,13.091,13.217
2019-04-29,Stearns Wharf,2019-04-29,34.408043,-119.68485,4,2019,0.0,15.6,0.0,0.0,0.953,0,14.130714017517713,0.3267346807204339,0.1514285859607514,5.981428341673953,1,15.3,15.1,5.503,13.067,0.72,9.975,1.947,2.551,,0,46053,3.176,0.871,9.416,254.497,1015.172,13.522,13.672
2019-05-06,Stearns Wharf,2019-05-07,34.408043,-119.68485,5,2019,0.0,16.2,1.548,0.0,1.992,0,14.930713974699682,1.061530581086266,0.048571404956636,14.919999561139516,1,15.6,15.3,0.0,5.503,0.0,0.72,0.953,1.947,,0,46053,3.646,0.668,8.996,259.47,1013.906,14.553,15.369
2019-05-13,Stearns Wharf,2019-05-13,34.408043,-119.68485,5,2019,0.0,16.6,4.078,0.44,0.653,0,15.256428202804257,1.321122418861,-0.22761903490339,18.53428529202938,1,16.2,15.6,1.548,0.0,0.0,0.0,1.992,0.953,9.26818181818182,0,46053,4.129,0.624,9.143,244.417,1013.54,15.012,15.402
2019-05-20,Stearns Wharf,2019-05-20,34.408043,-119.68485,5,2019,0.0,12.9,18.145,14.418,0.572,0,14.446326187678746,0.4062244826737715,-0.1666666666666666,10.125714065773147,0,16.6,16.2,4.078,1.548,0.44,0.0,0.653,1.992,1.2584963240393952,0,46053,5.4,0.976,10.321,258.012,1014.836,14.212,14.131
2019-05-27,Stearns Wharf,2019-05-28,34.408043,-119.68485,5,2019,0.0,14.3,16.03,10.916,7.867,0,13.346326234389323,-0.8693877308040249,0.1504761832101004,0.9928571241242544,0,12.9,16.6,18.145,4.078,14.418,0.44,0.572,0.653,1.4684866251374131,0,46053,6.717,1.544,10.786,265.042,1012.658,13.579,13.167
2019-06-03,Stearns Wharf,2019-06-03,34.408043,-119.68485,6,2019,0.0,15.7,2.22,0.238,2.081,0,13.742550713675362,-0.6798979430174341,0.3233333769298734,1.5657142315592083,1,14.3,12.9,16.03,18.145,10.916,14.418,7.867,0.572,9.327731092436975,0,46053,4.008,1.018,7.878,257.054,1013.221,13.32,12.909
2019-06-10,Stearns Wharf,2019-06-10,34.408043,-119.68485,6,2019,0.0,17.3,4.842,0.0,1.634,0,15.42479554974303,0.7963265042219844,0.0066665013631185,13.475713874612536,1,15.7,14.3,2.22,16.03,0.238,10.916,2.081,7.867,,0,46053,2.784,1.042,8.956,258.356,1013.698,14.576,14.901
2019-06-17,Stearns Wharf,2019-06-17,34.408043,-119.68485,6,2019,0.0,16.6,4.779,0.0,1.114,0,16.534591324475347,1.674591790200496,0.132857186453683,23.451427919524058,1,17.3,15.7,4.842,2.22,0.0,0.238,1.634,2.081,,0,46053,3.719,0.718,8.435,252.174,1014.35,15.775,15.691
2019-06-24,Stearns Wharf,2019-06-24,34.408043,-119.68485,6,2019,0.0,15.6,10.835,0.345,2.775,0,16.949999439473054,1.7831632263806405,0.0323810577392578,24.964285169328964,1,16.6,17.3,4.779,4.842,0.0,0.0,1.114,1.634,31.40579710144928,0,46053,3.182,0.716,10.476,258.099,1013.991,16.023,16.842
2019-07-01,Stearns Wharf,2019-07-01,34.408043,-119.68485,7,2019,0.0,18.9,6.886,0.0,1.479,0,17.3110199753119,1.7803060932427035,-0.0419047219412667,24.924285305397852,1,15.6,16.6,10.835,4.779,0.345,0.0,2.775,1.114,,0,46053,3.438,0.753,6.888,254.244,1014.832,16.61,17.536
2019-07-08,Stearns Wharf,2019-07-08,34.408043,-119.68485,7,2019,0.0,16.3,7.371,0.0,2.753,0,17.311224042152872,1.4118367095991056,0.0890474773588634,19.76571393438748,1,18.9,15.6,6.886,10.835,0.0,0.345,1.479,2.775,,0,46053,4.197,1.12,6.996,253.065,1014.307,16.016,16.284
2019-07-15,Stearns Wharf,2019-07-15,34.408043,-119.68485,7,2019,0.0,18.1,7.288,0.0,0.939,0,17.3765300633956,1.1154081438268937,-0.0257141476585751,15.615714013576508,1,16.3,18.9,7.371,6.886,0.0,0.0,2.753,1.479,,0,46053,3.851,0.994,7.738,249.144,1014.759,15.519,16.633
2019-07-22,Stearns Wharf,2019-07-22,34.408043,-119.68485,7,2019,0.0,17.0,7.286,0.0,7.587,0,17.691122093979192,1.1253061154667212,0.0599999200730096,15.754285616534096,1,18.1,16.3,7.288,7.371,0.0,0.0,0.939,2.753,,0,46053,3.647,0.861,7.592,246.982,1013.403,15.928,16.263
2019-07-29,Stearns Wharf,2019-07-29,34.408043,-119.68485,7,2019,0.0,19.2,4.132,0.0,1.676,0,17.807040545405176,1.0079591781357111,-0.091428484235491,14.11142849389996,1,17.0,18.1,7.286,7.288,0.0,0.0,7.587,0.939,,0,46053,4.909,0.855,6.871,251.102,1014.632,15.823,16.675
2019-08-05,Stearns Wharf,2019-08-05,34.408043,-119.68485,8,2019,0.0,18.4,4.611,0.0,1.509,0,17.379285520436813,0.3667346922566695,-0.027619134812128,6.582857060645308,1,19.2,17.0,4.132,7.286,0.0,0.0,1.676,7.587,,0,46053,4.249,1.004,6.928,249.85,1013.869,15.632,15.812
2019-08-12,Stearns Wharf,2019-08-12,34.408043,-119.68485,8,2019,0.0,18.6,6.129,0.0,2.327,0,17.01846928499183,-0.2075510132981806,0.0576190948486328,1.014285690018109,1,18.4,19.2,4.611,4.132,0.0,0.0,1.509,1.676,,0,46053,4.013,0.876,5.838,248.19,1013.499,15.238,15.046
2019-08-19,Stearns Wharf,2019-08-19,34.408043,-119.68485,8,2019,0.0,18.4,3.55,0.397,1.947,0,17.59255074481575,0.1890816248345131,0.3223809741792224,5.808571243924754,1,18.6,18.4,6.129,4.611,0.0,0.0,2.327,1.509,8.942065491183879,0,46053,3.116,0.685,9.232,253.732,1014.105,15.392,16.202
2019-08-26,Stearns Wharf,2019-08-26,34.408043,-119.68485,8,2019,0.0,20.3,1.148,0.0,2.327,0,19.000714049047353,1.5023468838510463,0.0328570774623325,21.722856363015516,1,18.4,18.6,3.55,6.129,0.397,0.0,1.947,2.327,,0,46053,3.462,0.929,9.379,255.375,1012.138,17.675,18.472
2019-09-02,Stearns Wharf,2019-09-03,34.408043,-119.68485,9,2019,0.0,19.1,3.972,0.661,2.014,0,19.949591558806752,2.403163175193631,-0.0604762122744605,33.644284452710835,1,20.3,18.4,1.148,3.55,0.0,0.397,2.327,1.947,6.009077155824508,0,46053,4.185,0.839,6.944,251.857,1012.76,17.858,18.772
2019-09-09,Stearns Wharf,2019-09-09,34.408043,-119.68485,9,2019,0.0,19.7,2.315,0.0,1.398,0,19.88071381315893,2.288469312142353,0.1161904107956659,32.03857036999294,1,19.1,20.3,3.972,1.148,0.661,0.0,2.014,2.327,,0,46053,5.397,1.062,7.964,251.768,1013.231,18.283,18.652
2019-09-16,Stearns Wharf,2019-09-16,34.408043,-119.68485,9,2019,0.0,19.8,2.921,0.411,2.82,0,19.827856647725007,2.2032652570276845,-0.0733331952776227,30.845713598387583,1,19.7,19.1,2.315,3.972,0.0,0.661,1.398,2.014,7.10705596107056,0,46053,3.327,0.991,7.974,255.155,1012.67,18.774,18.702
2019-09-23,Stearns Wharf,2019-09-23,34.408043,-119.68485,9,2019,0.0,18.950000000000003,3.129,0.0,1.578,0,20.04765261435995,2.447244844874557,-0.0023810068766276,34.261427828243804,1,19.8,19.7,2.921,2.315,0.411,0.0,2.82,1.398,,0,46053,3.859,1.052,7.483,258.85,1011.986,19.01,19.25
2019-09-30,Stearns Wharf,2019-09-30,34.408043,-119.68485,9,2019,0.0,18.1,3.973,0.0,0.756,0,19.707856742703186,2.184999946428805,-0.1419048309326172,30.58999925000327,1,18.950000000000003,19.8,3.129,2.921,0.0,0.411,1.578,2.82,,0,46053,5.527,1.032,9.019,254.411,1011.696,18.335,19.488
2019-10-07,Stearns Wharf,2019-10-07,34.408043,-119.68485,10,2019,0.0,18.6,4.729,0.231,1.311,0,18.878979099040126,1.44224486376482,-0.1647618611653645,20.19142809270748,1,18.1,18.950000000000003,3.973,3.129,0.0,0.0,0.756,1.578,20.47186147186147,0,46053,4.069,1.113,7.286,257.341,1013.754,17.661,18.118
2019-10-14,Stearns Wharf,2019-10-14,34.408043,-119.68485,10,2019,0.0,18.7,3.339,0.366,0.746,0,18.16806073091468,0.8229591620097658,-0.0104760669526599,11.521428268136722,1,18.6,18.1,4.729,3.973,0.231,0.0,1.311,0.756,9.12295081967213,0,46053,3.302,0.721,8.885,252.512,1012.254,17.203,17.565
2019-10-21,Stearns Wharf,2019-10-21,34.408043,-119.68485,10,2019,0.0,18.6,4.385,0.366,0.752,0,18.053979328700475,0.8632652838999519,0.1471427735828218,12.085713974599328,1,18.7,18.6,3.339,4.729,0.366,0.231,0.746,1.311,11.980874316939891,0,46053,5.758,1.18,7.646,254.625,1012.578,17.544,17.216
2019-10-28,Stearns Wharf,2019-10-28,34.408043,-119.68485,10,2019,0.0,18.1,4.126,0.298,1.049,0,18.15336715931795,1.2045918049252762,-0.1495238712855747,16.864285268953868,1,18.6,18.7,4.385,3.339,0.366,0.366,0.752,0.746,13.84563758389262,0,46053,2.478,0.95,9.119,254.012,1013.233,18.955,17.712
2019-11-04,Stearns Wharf,2019-11-04,34.408043,-119.68485,11,2019,0.0,17.3,4.356,0.325,1.388,0,17.9414282428975,1.264489765374028,0.014761970156715,17.70285671523639,1,18.1,18.6,4.126,4.385,0.298,0.366,1.049,0.752,13.403076923076922,0,46053,3.43,0.807,11.071,232.006,1016.594,17.106,17.288
2019-11-11,Stearns Wharf,2019-11-12,34.408043,-119.68485,11,2019,0.0,17.5,4.244,0.0,2.618,0,17.878673086361008,1.4742856849821246,0.0157142820812407,20.639999589749745,1,17.3,18.1,4.356,4.126,0.325,0.298,1.388,1.049,,0,46053,3.808,0.786,8.654,257.702,1016.418,16.154,17.563
2019-11-18,Stearns Wharf,2019-11-18,34.408043,-119.68485,11,2019,0.0,17.3,5.691,0.42,3.021,0,17.740816096870265,1.6170407740437256,-0.1214286259242466,22.638570836612157,1,17.5,17.3,4.244,4.356,0.0,0.325,2.618,1.388,13.55,0,46053,2.832,0.916,12.441,256.119,1017.076,16.078,17.494
2019-11-25,Stearns Wharf,2019-11-25,34.408043,-119.68485,11,2019,0.0,17.1,3.937,0.274,1.157,0,17.234795687149983,1.4083673132925618,-0.110476085117885,19.717142386095865,1,17.3,17.5,5.691,4.244,0.42,0.0,3.021,2.618,14.368613138686127,0,46053,3.857,1.304,12.692,258.714,1012.74,16.548,17.146
2019-12-02,Stearns Wharf,2019-12-02,34.408043,-119.68485,12,2019,0.0,15.6,5.296,1.125,0.82,0,16.496632284047653,0.976632641286266,-0.0695238567533946,13.672856978007726,1,17.1,17.3,3.937,5.691,0.274,0.42,1.157,3.021,4.7075555555555555,0,46053,5.811,1.585,11.166,237.97,1011.415,13.98,16.522
2019-12-09,Stearns Wharf,2019-12-09,34.408043,-119.68485,12,2019,0.0,16.2,5.633,0.928,0.858,0,15.971938405718122,0.7590816221675094,0.0366667338779994,10.627142710345131,1,15.6,17.1,5.296,3.937,1.125,0.274,0.82,1.157,6.070043103448276,0,46053,4.846,1.271,11.793,240.792,1018.163,15.509,15.682
2019-12-16,Stearns Wharf,2019-12-16,34.408043,-119.68485,12,2019,0.0,15.3,6.317,1.453,0.489,0,15.625407861203565,0.7063265169913672,-0.2319048472813197,10.178571229534487,1,16.2,15.6,5.633,5.296,0.928,1.125,0.858,0.82,4.34755677907777,0,46053,6.304,1.522,12.037,256.423,1019.632,15.714,15.874
2019-12-30,Stearns Wharf,2019-12-30,34.408043,-119.68485,12,2019,0.0,14.7,3.941,0.38,0.657,0,14.655713927989105,0.109693874509967,0.0928571337745303,3.305714171911989,1,15.3,16.2,6.317,5.633,1.453,0.928,0.489,0.858,10.371052631578946,0,46053,4.969,1.585,11.965,252.577,1013.899,13.206,14.258
2020-01-06,Stearns Wharf,2020-01-06,34.408043,-119.68485,1,2020,0.0,14.8,4.666,0.479,0.549,0,15.032142571040565,0.6217346734994528,-0.0452380861554826,9.047142559928554,1,14.7,15.3,3.941,6.317,0.38,1.453,0.657,0.489,9.741127348643008,0,46053,3.209,1.608,13.779,243.054,1019.794,15.038,14.926
2020-01-13,Stearns Wharf,2020-01-13,34.408043,-119.68485,1,2020,0.0,14.8,4.203,0.0,2.462,0,15.051734350165544,0.7747958965447485,0.0014285587129138,10.847142551626478,1,14.8,14.7,4.666,3.941,0.479,0.38,0.549,0.657,,0,46053,4.953,1.528,9.623,254.185,1020.248,14.744,15.007
2020-01-20,Stearns Wharf,2020-01-20,34.408043,-119.68485,1,2020,0.0,14.8,3.767,0.585,0.377,0,14.87448935606042,0.7060203892844064,0.0319047655378069,9.88428544998169,1,14.8,14.8,4.203,4.666,0.0,0.479,2.462,0.549,6.4393162393162395,0,46053,3.33,1.26,11.642,248.196,1019.648,13.556,14.504
2020-01-27,Stearns Wharf,2020-01-27,34.408043,-119.68485,1,2020,0.0,15.8,3.322,0.0,1.697,0,15.005203675250616,0.9015305912008093,0.0500000090826125,12.621428276811328,1,14.8,14.8,3.767,4.203,0.585,0.0,0.377,2.462,,0,46053,3.511,1.559,14.427,254.929,1019.161,14.682,14.743
2020-02-03,Stearns Wharf,2020-02-03,34.408043,-119.68485,2,2020,0.0,14.8,6.062,0.696,0.545,0,15.083468972420206,1.02275508033986,-0.1147619429088774,14.31857112475804,1,15.8,14.8,3.322,3.767,0.0,0.585,1.697,0.377,8.709770114942529,0,46053,4.788,1.854,12.883,253.753,1020.779,15.862,14.969
2020-02-10,Stearns Wharf,2020-02-10,34.408043,-119.68485,2,2020,0.0,14.7,3.527,0.0,1.522,0,14.860407712508222,0.8419387538214119,0.0223810105096726,11.787142553499766,1,14.8,15.8,6.062,3.322,0.696,0.0,0.545,1.697,,0,46053,3.899,1.374,10.698,255.381,1017.932,13.124,14.819
2020-02-17,Stearns Wharf,2020-02-17,34.408043,-119.68485,2,2020,0.0,15.3,2.52,0.0,0.722,0,14.858571033088529,0.8798979341375585,0.0280951999482654,12.31857107792582,1,14.7,14.8,3.527,6.062,0.0,0.696,1.522,0.545,,0,46053,3.536,1.016,13.527,257.588,1017.573,14.622,14.893
2020-02-24,Stearns Wharf,2020-02-24,34.408043,-119.68485,2,2020,0.0,15.6,3.272,0.0,0.96,0,15.170713891788406,1.2224489462618924,0.0885714576357886,17.114285247666494,1,15.3,14.7,2.52,3.527,0.0,0.0,0.722,1.522,,0,46053,3.33,1.106,11.851,252.131,1017.306,14.719,15.039
2020-03-02,Stearns Wharf,2020-03-03,34.408043,-119.68485,3,2020,0.0,14.2,5.655,0.623,0.525,0,15.430101608743474,1.505816290573198,-0.0423809687296549,21.08142806802477,1,15.6,15.3,3.272,2.52,0.0,0.0,0.96,0.722,9.077046548956664,0,46053,3.229,1.104,11.849,256.238,1020.767,15.801,15.371
2020-03-09,Stearns Wharf,2020-03-09,34.408043,-119.68485,3,2020,0.0,15.1,3.137,0.0,0.792,0,15.384591501586293,1.4845918052050533,-0.0442857288178943,20.784285272870743,1,14.2,15.6,5.655,3.272,0.623,0.0,0.525,0.96,,0,46053,3.81,1.106,12.147,259.434,1016.792,13.863,15.271
2020-03-16,Stearns Wharf,2020-03-16,34.408043,-119.68485,3,2020,0.0,15.8,4.873,0.558,0.508,0,15.077040506868943,1.201836711898142,-0.0447619301932198,16.82571396657399,1,15.1,14.2,3.137,5.655,0.0,0.623,0.792,0.525,8.732974910394265,0,46053,3.863,0.729,11.377,240.28,1015.903,14.535,14.964
2020-07-13,Stearns Wharf,2020-07-13,34.408043,-119.68485,7,2020,0.0,16.0,7.246,0.307,0.763,0,18.46908110015246,2.307653022055723,-0.0614286150251116,32.30714230878012,1,15.8,15.1,4.873,3.137,0.558,0.0,0.508,0.792,23.602605863192185,0,46053,4.561,1.036,7.421,266.897,1012.958,16.246,17.609
2020-07-20,Stearns Wharf,2020-07-20,34.408043,-119.68485,7,2020,0.0,13.3,8.524,0.0,1.619,0,18.32877489985252,1.8428571066077877,-0.1785714285714285,25.799999492509023,1,16.0,15.8,7.246,4.873,0.307,0.558,0.763,0.508,,0,46053,5.318,0.799,7.531,269.363,1014.552,16.014,17.686
2020-07-27,Stearns Wharf,2020-07-27,34.408043,-119.68485,7,2020,0.0,15.5,9.586,0.0,4.225,0,17.62357087038001,0.8882652918561077,-0.0090475536528087,12.711428364206638,1,13.3,16.0,8.524,7.246,0.0,0.307,1.619,0.763,,0,46053,4.858,0.858,6.33,267.179,1013.196,15.732,16.984
2020-08-03,Stearns Wharf,2020-08-03,34.408043,-119.68485,8,2020,0.0,17.7,4.422,0.0,1.386,0,17.204489377080176,0.2536734659794946,0.0114286513555617,4.237142785585353,1,15.5,13.3,9.586,8.524,0.0,0.0,4.225,1.619,,0,46053,5.603,0.953,5.962,263.667,1013.468,15.066,15.945
2020-08-10,Stearns Wharf,2020-08-10,34.408043,-119.68485,8,2020,0.0,15.3,11.955,0.227,6.933,0,17.425714103543026,0.2579591803404749,0.1685713813418433,4.065714220915522,1,17.7,15.5,4.422,9.586,0.0,0.0,1.386,4.225,52.66519823788546,0,46053,4.305,1.01,7.489,267.661,1014.335,15.644,16.321
2020-08-17,Stearns Wharf,2020-08-17,34.408043,-119.68485,8,2020,0.0,17.7,6.621,0.0,2.216,0,18.48326519557408,1.120612210575111,0.2899999164399646,15.73285666054913,1,15.3,17.7,11.955,4.422,0.227,0.0,6.933,1.386,,0,46053,4.209,0.728,8.657,264.286,1012.423,16.549,17.229
2020-08-24,Stearns Wharf,2020-08-24,34.408043,-119.68485,8,2020,0.0,20.7,7.497,0.266,2.484,0,19.60489761586092,2.125816270100827,-0.2533333188011532,29.76142778141158,1,17.7,15.3,6.621,11.955,0.0,0.227,2.216,6.933,28.184210526315788,0,46053,2.898,0.911,7.912,272.168,1010.736,19.117,19.356
2020-08-31,Stearns Wharf,2020-08-31,34.408043,-119.68485,8,2020,0.0,15.6,10.477,1.436,5.439,0,19.42663231674506,1.8930611792875796,0.1595237368629092,26.502856510026113,1,20.7,17.7,7.497,6.621,0.266,0.0,2.484,2.216,7.295961002785516,0,46053,5.283,0.972,7.603,261.665,1010.271,17.676,18.815
2020-09-07,Stearns Wharf,2020-09-07,34.408043,-119.68485,9,2020,0.0,18.8,4.888,0.0,0.714,0,19.227448580216382,1.6475509806555144,-0.1876189822242373,23.0657137291772,1,15.6,20.7,10.477,7.497,1.436,0.266,5.439,2.484,,0,46053,4.598,0.815,6.953,272.399,1012.964,17.86,19.059
2020-09-14,Stearns Wharf,2020-09-14,34.408043,-119.68485,9,2020,0.0,17.8,3.789,0.293,1.047,0,19.141632099540864,1.5215305752900183,0.0390476045154389,21.301428054060256,1,18.8,15.6,4.888,10.477,0.0,1.436,0.714,5.439,12.931740614334473,0,46053,4.133,0.697,8.543,265.22,1011.425,17.142,18.366
2020-09-21,Stearns Wharf,2020-09-21,34.408043,-119.68485,9,2020,0.0,17.7,8.136,0.503,2.126,0,18.751428175945673,1.1376530345605345,0.0919048672630673,15.92714248384748,1,17.8,18.8,3.789,4.888,0.293,0.0,1.047,0.714,16.174950298210735,0,46053,4.946,0.939,6.353,264.827,1013.455,17.249,18.053
2020-09-28,Stearns Wharf,2020-09-28,34.408043,-119.68485,9,2020,0.0,20.2,2.677,0.0,1.551,0,19.245203777235385,1.6994897732321097,0.1699999854678199,23.792856825249537,1,17.7,17.8,8.136,3.789,0.503,0.293,2.126,1.047,,0,46053,2.221,1.085,8.585,273.28,1014.135,16.883,18.314
2020-10-05,Stearns Wharf,2020-10-05,34.408043,-119.68485,10,2020,0.0,20.4,3.033,0.0,0.996,0,20.211734421399175,2.751326466397363,0.0080951509021577,38.518570529563085,1,20.2,17.7,2.677,8.136,0.0,0.503,1.551,2.126,,0,46053,3.256,1.013,11.56,273.792,1012.739,18.821,19.954
2020-10-12,Stearns Wharf,2020-10-12,34.408043,-119.68485,10,2020,0.0,20.1,2.575,0.256,0.818,0,20.679183298227738,3.3043876716068814,0.0328571682884579,46.26142740249634,1,20.4,20.2,3.033,2.677,0.0,0.0,0.996,1.551,10.05859375,0,46053,3.588,0.804,9.711,267.357,1014.487,17.515,20.309
2020-10-19,Stearns Wharf,2020-10-20,34.408043,-119.68485,10,2020,0.0,20.4,3.647,0.224,1.309,0,20.52336671401043,3.27887748698799,-0.2538095201764788,45.90428481783186,1,20.1,20.4,2.575,3.033,0.256,0.0,0.818,0.996,16.28125,0,46053,2.578,1.038,9.215,270.21,1014.012,20.243,20.519
2020-10-26,Stearns Wharf,2020-10-26,34.408043,-119.68485,10,2020,0.0,16.4,3.639,0.236,1.663,0,19.399285160765356,2.374489736800291,-0.2495238894507998,33.24285631520407,1,20.4,20.1,3.647,2.575,0.224,0.256,1.309,0.818,15.419491525423728,0,46053,3.532,0.812,8.029,269.598,1013.286,17.246,18.345
2020-11-02,Stearns Wharf,2020-11-02,34.408043,-119.68485,11,2020,0.0,16.9,4.247,0.227,1.165,0,17.994693405774175,1.2388775172282238,-0.09047608148484,17.39999952486583,1,16.4,20.4,3.639,3.647,0.236,0.224,1.663,1.309,18.709251101321584,0,46053,3.402,0.649,8.475,264.524,1016.784,17.068,17.808
2020-11-09,Stearns Wharf,2020-11-09,34.408043,-119.68485,11,2020,0.0,12.9,13.327,10.56,0.193,0,16.791734267254267,0.309081631959701,-0.253333364214216,8.147142721073967,0,16.9,16.4,4.247,3.639,0.227,0.236,1.165,1.663,1.262026515151515,0,46053,5.629,1.322,11.646,273.376,1013.018,15.588,16.61
2020-11-16,Stearns Wharf,2020-11-17,34.408043,-119.68485,11,2020,0.0,14.9,6.167,1.794,3.618,0,15.662448688429228,-0.5413265152245151,0.0023809614635649,1.911428532430104,0,12.9,16.9,13.327,4.247,10.56,0.227,0.193,1.165,3.4375696767001114,0,46053,3.924,1.142,8.393,272.892,1018.604,14.307,14.933
2020-11-23,Stearns Wharf,2020-11-23,34.408043,-119.68485,11,2020,0.0,15.1,5.366,0.429,1.021,0,15.099183403715797,-0.8127550856799496,-0.0719047728038969,0.0,0,14.9,12.9,6.167,13.327,1.794,10.56,3.618,0.193,12.508158508158507,0,46053,2.746,1.13,11.876,272.315,1017.806,15.027,15.054
2020-11-30,Stearns Wharf,2020-11-30,34.408043,-119.68485,11,2020,0.0,14.2,5.662,0.48,2.081,0,14.8685711841194,-0.7385714124051892,0.0509524118332635,0.0,0,15.1,14.9,5.366,6.167,0.429,1.794,1.021,3.618,11.795833333333334,0,46053,2.591,1.344,11.433,270.212,1018.375,14.282,14.516
2020-12-07,Stearns Wharf,2020-12-07,34.408043,-119.68485,12,2020,0.0,14.3,6.895,0.0,2.327,0,14.82989769565816,-0.4690816220732367,-0.0161904834565662,0.0171428567596844,1,14.2,15.1,5.662,5.366,0.48,0.429,2.081,1.021,,0,46053,2.826,1.282,14.668,271.994,1021.167,14.372,14.625
2020-12-14,Stearns Wharf,2020-12-14,34.408043,-119.68485,12,2020,0.0,14.6,5.852,0.401,1.506,0,14.816938468388148,-0.179387752365853,-0.0614286150251115,0.1442857126572301,1,14.3,14.2,6.895,5.662,0.0,0.48,2.327,2.081,14.59351620947631,0,46053,4.308,1.637,12.756,275.419,1018.141,15.028,14.639
2020-12-21,Stearns Wharf,2020-12-21,34.408043,-119.68485,12,2020,0.0,14.0,5.787,2.896,1.36,0,14.575713887506604,-0.1762244869593758,-0.0147618793305896,0.142857141526682,0,14.6,14.3,5.852,6.895,0.401,0.0,1.506,2.327,1.9982734806629832,0,46053,4.236,1.672,13.227,275.583,1021.308,14.272,14.337
2021-01-04,Stearns Wharf,2021-01-04,34.408043,-119.68485,1,2021,0.0,14.0,6.13,1.568,1.522,0,14.209081318913674,-0.2427550966908432,0.0147619247436523,0.0257142851395266,1,14.0,14.6,5.787,5.852,2.896,0.401,1.36,1.506,3.909438775510204,0,46053,3.966,2.06,14.016,271.778,1019.551,13.54,14.102
2021-01-11,Stearns Wharf,2021-01-11,34.408043,-119.68485,1,2021,0.0,13.7,7.234,1.483,2.417,0,14.23387723066369,-0.0816326512746056,0.0485714049566359,0.5028571236346449,1,14.0,14.0,6.13,5.787,1.568,2.896,1.522,1.36,4.877950101146324,0,46053,3.485,2.092,14.675,269.583,1020.363,14.226,13.859
2021-01-18,Stearns Wharf,2021-01-18,34.408043,-119.68485,1,2021,0.0,14.3,4.374,0.416,3.828,0,14.40714255157782,0.2119387678840026,-0.0323809215000697,3.309999884239265,1,13.7,14.0,7.234,6.13,1.483,1.568,2.417,1.522,10.514423076923077,0,46053,2.249,2.014,14.82,276.76,1020.871,14.746,14.031
2021-01-25,Stearns Wharf,2021-01-25,34.408043,-119.68485,1,2021,0.0,13.8,4.83,1.19,1.119,0,14.316326219208388,0.199183665672127,-0.1285714194888159,3.967142744788102,1,14.3,13.7,4.374,7.234,0.416,1.483,3.828,2.417,4.058823529411765,0,46053,4.799,1.553,13.689,273.595,1012.99,14.264,14.14
2021-02-01,Stearns Wharf,2021-02-01,34.408043,-119.68485,2,2021,0.0,12.8,10.337,8.308,1.15,0,13.846632324919408,-0.2237755086044875,0.0228571210588727,1.1342856990439552,0,13.8,14.3,4.83,4.374,1.19,0.416,1.119,3.828,1.2442224362060663,0,46053,6.986,1.723,11.08,266.542,1016.244,11.766,13.616
2021-02-08,Stearns Wharf,2021-02-08,34.408043,-119.68485,2,2021,0.0,14.2,5.262,0.0,3.335,0,13.652142524719238,-0.3757142811557467,-0.0280952453613281,0.0,0,12.8,13.8,10.337,4.83,8.308,1.19,1.15,1.119,,0,46053,4.326,1.015,11.854,269.15,1018.17,13.215,13.404
2021-02-15,Stearns Wharf,2021-02-15,34.408043,-119.68485,2,2021,0.0,12.8,14.826,13.632,0.335,0,13.398877202248087,-0.5885714173164903,-0.1119047346569242,0.0,0,14.2,12.8,5.262,10.337,0.0,8.308,3.335,1.15,1.0875880281690142,0,46053,5.029,1.1,11.051,267.75,1015.79,12.729,13.305
2021-02-22,Stearns Wharf,2021-02-22,34.408043,-119.68485,2,2021,0.0,12.8,10.443,5.946,3.133,0,13.023775159096232,-0.9307142573655868,0.0914285750616164,0.0,0,12.8,14.2,14.826,5.262,13.632,0.0,0.335,3.335,1.7563067608476286,0,46053,7.586,1.709,12.165,267.205,1020.783,12.963,12.128
2021-03-01,Stearns Wharf,2021-03-01,34.408043,-119.68485,3,2021,0.0,12.4,7.981,0.0,6.564,0,13.092346629317928,-0.8346938457416028,-0.0090475990658714,0.0,0,12.8,12.8,10.443,14.826,5.946,13.632,3.133,0.335,,0,46053,3.166,1.376,11.721,269.257,1018.338,13.477,12.537
2021-03-08,Stearns Wharf,2021-03-08,34.408043,-119.68485,3,2021,0.0,12.6,7.431,0.0,7.649,0,13.198162944949404,-0.7057142613493667,-0.0880953016735258,0.0,0,12.4,12.8,7.981,10.443,0.0,5.946,6.564,3.133,,0,46053,4.367,1.305,13.942,271.063,1018.004,12.785,12.718
2021-03-15,Stearns Wharf,2021-03-15,34.408043,-119.68485,3,2021,0.0,12.2,14.319,10.419,0.711,0,12.843775233443903,-1.037040788908394,-0.0390476045154389,0.0,0,12.6,12.4,7.431,7.981,0.0,0.0,7.649,6.564,1.3743161531816874,0,46053,8.117,1.731,13.13,273.317,1020.933,12.406,13.259
2021-03-22,Stearns Wharf,2021-03-22,34.408043,-119.68485,3,2021,0.0,12.2,14.075,11.104,4.778,0,12.359489557694417,-1.4917346555359512,-0.0038095201764787,0.0,0,12.2,12.6,14.319,7.431,10.419,0.0,0.711,7.649,1.2675612391930835,0,46053,6.639,1.489,10.335,273.568,1019.74,11.859,12.054
2021-03-29,Stearns Wharf,2021-03-29,34.408043,-119.68485,3,2021,0.0,13.9,11.301,4.499,4.656,0,12.459285376023272,-1.3580611899343071,0.1419047855195545,0.1371428540774753,1,12.2,12.2,14.075,14.319,11.104,10.419,4.778,0.711,2.511891531451434,0,46053,6.173,1.399,8.904,272.506,1017.189,12.133,11.639
2021-04-05,Stearns Wharf,2021-04-05,34.408043,-119.68485,4,2021,0.0,14.6,5.185,0.0,3.151,0,13.121122058557004,-0.660612228573585,0.1080952144804454,0.6614285420094218,1,13.9,12.2,11.301,14.075,4.499,11.104,4.656,4.778,,0,46053,4.236,1.002,10.063,266.783,1016.281,12.797,12.354
2021-04-12,Stearns Wharf,2021-04-12,34.408043,-119.68485,4,2021,0.0,16.0,4.398,0.411,1.873,0,13.6826527070026,-0.0647959162538148,-0.1133333387829008,2.387142780636038,1,14.6,13.9,5.185,11.301,0.0,4.499,3.151,4.656,10.700729927007298,0,46053,6.072,1.619,6.774,265.719,1014.571,13.1,12.398
2021-04-19,Stearns Wharf,2021-04-19,34.408043,-119.68485,4,2021,0.0,14.5,8.678,2.757,2.643,0,13.762754722517364,0.0246938760677466,0.0419047673543294,2.9371428045311143,1,16.0,14.6,4.398,5.185,0.411,0.0,1.873,3.151,3.1476242292346757,0,46053,4.906,1.224,9.76,264.066,1014.348,12.23,12.382
2021-04-26,Stearns Wharf,2021-04-26,34.408043,-119.68485,4,2021,0.0,13.0,12.634,7.391,1.855,0,13.658264948397266,-0.1162244878443223,0.0347618829636346,1.7214285643505198,1,14.5,16.0,8.678,4.398,2.757,0.411,2.643,1.873,1.7093762684345826,0,46053,5.45,1.285,9.022,266.554,1015.1,12.604,12.895
2021-05-03,Stearns Wharf,2021-05-03,34.408043,-119.68485,5,2021,0.07,14.9,7.391,0.0,6.459,0,13.950203700941437,0.1116326503379612,0.2366666793823242,4.1671427983258456,1,13.0,14.5,12.634,8.678,7.391,2.757,1.855,2.643,,0,46053,6.452,1.35,6.931,266.601,1015.484,13.139,12.743
2021-05-10,Stearns Wharf,2021-05-10,34.408043,-119.68485,5,2021,0.0,16.3,3.417,0.209,4.726,0,15.035713886728091,1.1313264915073404,0.1395237786429268,16.6442851669022,1,14.9,13.0,7.391,12.634,0.0,7.391,6.459,1.855,16.349282296650717,0,46053,3.581,1.307,11.802,265.606,1014.137,13.289,13.964
2021-05-17,Stearns Wharf,2021-05-17,34.408043,-119.68485,5,2021,0.0,15.6,5.376,0.521,1.96,0,16.027346513709244,2.0396938220578797,-0.2476189931233723,28.555713508810317,1,16.3,14.9,3.417,7.391,0.209,0.0,4.726,6.459,10.318618042226488,0,46053,4.236,0.886,9.606,262.351,1015.264,13.684,16.315
2021-05-24,Stearns Wharf,2021-05-24,34.408043,-119.68485,5,2021,0.0,13.9,17.203,7.795,3.343,0,15.677754664907653,1.5436734348269443,-0.0799999691191174,21.75428522830563,1,15.6,16.3,5.376,3.417,0.521,0.209,1.96,4.726,2.2069275176395124,0,46053,6.882,1.478,7.434,263.655,1015.566,13.807,14.697
2021-05-31,Stearns Wharf,2021-05-31,34.408043,-119.68485,5,2021,0.0,16.0,11.514,0.0,7.509,0,14.945816069233176,0.6129591644608549,0.2247618266514368,9.20142829231918,1,13.9,15.6,17.203,5.376,7.795,0.521,3.343,1.96,,0,46053,4.369,1.278,7.321,261.536,1015.334,13.552,13.638
2021-06-07,Stearns Wharf,2021-06-07,34.408043,-119.68485,6,2021,0.0,15.8,6.275,0.0,6.826,0,15.487958898349683,0.9478571249970368,0.1376190185546875,13.74714259909732,1,16.0,13.9,11.514,17.203,0.0,7.795,7.509,3.343,,0,46053,3.067,0.864,10.066,265.244,1014.298,13.197,15.004
2021-06-14,Stearns Wharf,2021-06-14,34.408043,-119.68485,6,2021,0.0,19.0,7.255,0.0,1.229,0,16.396938265586385,1.6439795640050148,0.0238095238095237,23.015713896070206,1,15.8,16.0,6.275,11.514,0.0,0.0,6.826,7.509,,0,46053,5.619,1.326,7.942,263.089,1015.157,15.353,15.992
2021-06-21,Stearns Wharf,2021-06-21,34.408043,-119.68485,6,2021,0.0,17.4,5.053,0.0,2.083,0,16.849489289887096,1.8255101673457088,0.1704762776692708,25.55714234283992,1,19.0,15.8,7.255,6.275,0.0,0.0,1.229,6.826,,0,46053,3.219,1.065,8.803,266.089,1010.683,15.965,16.444
2021-06-28,Stearns Wharf,2021-06-28,34.408043,-119.68485,6,2021,0.5,18.7,8.601,0.205,1.908,1,17.715918112774286,2.3445918000474273,0.1180952162969679,32.82428520066397,1,17.4,19.0,5.053,7.255,0.0,0.0,2.083,1.229,41.956097560975614,1,46053,5.166,0.983,7.908,266.964,1013.154,16.335,17.498
2021-07-05,Stearns Wharf,2021-07-05,34.408043,-119.68485,7,2021,0.0,18.3,6.377,0.0,4.131,0,18.417244697103698,2.6756121941975186,0.0423809233165922,37.45857071876526,1,18.7,17.4,8.601,5.053,0.205,0.0,1.908,2.083,,0,46053,4.534,1.085,7.593,266.107,1011.637,16.675,17.885
2021-07-12,Stearns Wharf,2021-07-12,34.408043,-119.68485,7,2021,0.0,18.3,5.197,0.0,2.03,0,18.798979214259557,2.6879591187652276,0.0052381243024553,37.631427662713186,1,18.3,18.7,6.377,8.601,0.0,0.205,4.131,1.908,,0,46053,3.963,0.902,7.146,262.101,1012.838,16.709,17.531
2021-07-19,Stearns Wharf,2021-07-19,34.408043,-119.68485,7,2021,0.0,17.4,6.041,0.301,2.188,0,19.036224053830516,2.59020402601787,-0.1157143002464657,36.26285636425018,1,18.3,18.3,5.197,6.377,0.0,0.0,2.03,4.131,20.069767441860467,0,46053,4.198,0.81,6.757,267.429,1014.206,16.75,18.718
2021-07-26,Stearns Wharf,2021-07-26,34.408043,-119.68485,7,2021,0.0,17.9,2.774,0.0,1.354,0,18.768877185120875,2.063673431776008,-0.0857143402099609,28.89142804486411,1,17.4,18.3,6.041,5.197,0.301,0.0,2.188,2.03,,0,46053,4.702,0.892,6.898,265.482,1015.274,16.445,18.194
2021-08-02,Stearns Wharf,2021-08-02,34.408043,-119.68485,8,2021,0.0,17.0,3.059,0.0,1.229,0,18.169897663350007,1.2478571248107724,-0.0642856416248139,17.469999747350812,1,17.9,17.4,2.774,6.041,0.0,0.301,1.354,2.188,,0,46053,5.573,0.764,6.237,266.47,1015.432,16.268,17.659
2021-08-09,Stearns Wharf,2021-08-09,34.408043,-119.68485,8,2021,0.0,16.7,4.279,0.0,2.503,0,17.88459145292944,0.7478571259511673,0.2176190330868675,10.46999976331634,1,17.0,17.9,3.059,2.774,0.0,0.0,1.229,1.354,,0,46053,4.698,1.063,6.732,262.494,1013.781,15.742,16.485
2021-08-23,Stearns Wharf,2021-08-23,34.408043,-119.68485,8,2021,0.0,17.5,4.141,0.0,2.888,0,19.22591791347582,1.7592856655923688,-0.1838095528738839,24.62999931829316,1,16.7,17.0,4.279,3.059,0.0,0.0,2.503,1.229,,0,46053,3.016,0.949,10.334,268.107,1011.267,17.758,18.723
2021-08-30,Stearns Wharf,2021-08-31,34.408043,-119.68485,8,2021,0.0,16.9,5.664,0.0,1.568,0,18.59091784029591,1.0648979302115589,-0.119047619047619,15.019999593496324,1,17.5,16.7,4.141,4.279,0.0,0.0,2.888,2.503,,0,46053,4.547,0.908,7.784,270.247,1011.001,16.801,18.772
2021-09-06,Stearns Wharf,2021-09-07,34.408043,-119.68485,9,2021,0.0,17.9,5.277,0.0,1.89,0,18.011326128122757,0.4387754987621185,0.0795239039829799,6.652856980583498,1,16.9,17.5,5.664,4.141,0.0,0.0,1.568,2.888,,0,46053,4.178,0.832,7.68,268.922,1011.429,16.4,17.098
2021-09-13,Stearns Wharf,2021-09-13,34.408043,-119.68485,9,2021,0.0,16.5,8.91,0.0,11.785,0,17.8458160672869,0.2288775406397727,-0.1576191130138578,4.7542855351098945,0,17.9,16.9,5.277,5.664,0.0,0.0,1.89,1.568,,0,46053,3.848,0.852,8.187,269.042,1013.263,16.229,17.006
2021-09-13,Stearns Wharf,2021-09-17,34.408043,-119.68485,9,2021,0.0,15.1,11.447,0.0,5.438,0,17.8458160672869,0.2288775406397727,-0.1576191130138578,4.7542855351098945,0,16.5,17.9,8.91,5.277,0.0,0.0,11.785,1.89,,0,46053,3.848,0.852,8.187,269.042,1013.263,16.229,17.006
2021-09-27,Stearns Wharf,2021-09-27,34.408043,-119.68485,9,2021,0.0,16.7,6.795,0.447,26.692,0,17.23581598242935,-0.3233673406422746,0.2380953289213634,1.2285714085612978,1,15.1,16.5,11.447,8.91,0.0,0.0,5.438,11.785,15.201342281879194,0,46053,3.524,1.117,11.758,269.988,1015.537,15.5,16.85
2021-10-04,Stearns Wharf,2021-10-04,34.408043,-119.68485,10,2021,0.0,17.7,4.797,0.0,0.7,0,17.856938576211736,0.3849999941125208,-0.113809585571289,7.834285584943635,1,16.7,15.1,6.795,11.447,0.447,0.0,26.692,5.438,,0,46053,3.066,1.362,11.759,271.601,1014.556,16.106,17.488
2021-10-11,Stearns Wharf,2021-10-11,34.408043,-119.68485,10,2021,0.0,17.1,5.276,0.272,3.991,0,17.745408136017467,0.3601020384503871,-0.178095227196103,8.43142842394965,0,17.7,16.7,4.797,6.795,0.0,0.447,0.7,26.692,19.39705882352941,0,46053,3.929,1.111,10.864,269.583,1015.985,16.945,17.93
2021-10-18,Stearns Wharf,2021-10-18,34.408043,-119.68485,10,2021,0.0,15.2,5.054,0.756,5.286,0,16.747448794695796,-0.5202040613001706,-0.0023810068766276,1.7314285337924955,0,17.1,17.7,5.276,4.797,0.272,0.0,3.991,0.7,6.685185185185185,0,46053,4.515,1.527,10.384,268.827,1014.242,16.002,15.821
2021-10-25,Stearns Wharf,2021-10-25,34.408043,-119.68485,10,2021,0.0,16.5,3.508,0.305,1.873,0,16.368775066064327,-0.6928571219346962,-0.0052381243024553,0.0,0,15.2,17.1,5.054,5.276,0.756,0.272,5.286,3.991,11.501639344262296,0,46053,4.26,1.714,12.387,272.442,1016.044,15.537,16.018
2021-11-01,Stearns Wharf,2021-11-01,34.408043,-119.68485,11,2021,0.0,15.7,5.305,0.0,13.069,0,16.388774930214396,-0.4047959094905123,-0.0433332352411179,0.0,0,16.5,15.2,3.508,5.054,0.305,0.756,1.873,5.286,,0,46053,4.031,1.597,13.646,272.815,1015.929,15.675,16.091
2021-11-08,Stearns Wharf,2021-11-08,34.408043,-119.68485,11,2021,0.0,15.8,5.345,0.527,5.706,0,16.309183198578502,-0.2110204029904336,0.0671428498767671,0.3828571353639875,1,15.7,16.5,5.305,3.508,0.0,0.305,13.069,1.873,10.142314990512332,0,46053,2.38,1.384,12.94,270.208,1017.826,14.485,15.952
2021-11-15,Stearns Wharf,2021-11-15,34.408043,-119.68485,11,2021,0.0,16.0,4.737,0.0,7.211,0,16.342856922928167,0.0976530583385301,-0.053333282470703,3.165714204311371,1,15.8,15.7,5.345,5.305,0.527,0.0,5.706,13.069,,0,46053,2.48,1.255,10.736,277.268,1019.134,16.075,15.826
2021-11-22,Stearns Wharf,2021-11-22,34.408043,-119.68485,11,2021,0.0,15.6,4.689,0.324,5.006,0,16.37346922621435,0.4170408064157379,-0.0366667792910621,6.004285573959351,1,16.0,15.8,4.737,5.345,0.0,0.527,7.211,5.706,14.47222222222222,0,46053,2.456,0.931,10.477,275.821,1018.364,14.906,16.364
2021-11-29,Stearns Wharf,2021-11-29,34.408043,-119.68485,11,2021,0.0,15.4,4.324,0.893,2.699,0,16.05704046755421,0.4047959100226966,-0.0728571301414852,5.667142740317753,1,15.6,16.0,4.689,4.737,0.324,0.0,5.006,7.211,4.842105263157895,0,46053,2.186,0.909,11.235,266.78,1019.332,15.791,15.968
2021-12-06,Stearns Wharf,2021-12-06,34.408043,-119.68485,12,2021,0.0,15.2,5.817,1.457,4.667,0,15.652856622423444,0.3087755025991675,-0.0666666485014415,4.3228570363883465,1,15.4,15.6,4.324,4.689,0.893,0.324,2.699,5.006,3.99245024021963,0,46053,2.434,0.94,12.409,269.268,1019.355,13.344,15.31
2021-12-06,Stearns Wharf,2021-12-12,34.408043,-119.68485,12,2021,0.0,14.0,4.953,2.198,3.532,0,15.652856622423444,0.3087755025991675,-0.0666666485014415,4.3228570363883465,1,15.2,15.4,5.817,4.324,1.457,0.893,4.667,2.699,2.2534121929026387,0,46053,2.434,0.94,12.409,269.268,1019.355,13.344,15.31
2021-12-13,Stearns Wharf,2021-12-19,34.408043,-119.68485,12,2021,0.0,14.5,4.889,1.356,2.324,0,15.119285223435382,0.0803061201218135,-0.1171428589593796,2.347142788714596,0,14.0,15.2,4.953,5.817,2.198,1.457,3.532,4.667,3.605457227138643,0,46053,3.664,0.967,9.548,271.042,1017.633,14.159,15.384
2021-12-27,Stearns Wharf,2022-01-02,34.408043,-119.68485,1,2022,0.0,13.6,6.881,3.827,4.484,0,13.96102003175385,-0.6452040663179087,-0.0542856852213541,0.0,0,14.5,14.0,4.889,4.953,1.356,2.198,2.324,3.532,1.7980141102691405,0,46053,4.342,1.145,11.08,253.571,1017.134,12.915,14.238
2022-01-10,Stearns Wharf,2022-01-10,34.408043,-119.68485,1,2022,0.0,12.9,6.857,3.344,0.565,0,13.84928540794217,-0.4854081493555283,0.0019047600882393,0.0,0,13.6,14.5,6.881,4.889,3.827,1.356,4.484,2.324,2.050538277511962,0,46053,2.837,1.223,11.778,264.557,1019.305,13.429,13.823
2022-01-17,Stearns Wharf,2022-01-17,34.408043,-119.68485,1,2022,0.0,14.1,6.049,0.482,9.621,0,14.126530238560267,-0.0828571394085884,0.1104761759440103,1.327142828277179,1,12.9,13.6,6.857,6.881,3.344,3.827,0.565,4.484,12.549792531120334,0,46053,1.934,1.46,13.983,265.584,1022.649,14.42,14.162
2022-01-24,Stearns Wharf,2022-01-24,34.408043,-119.68485,1,2022,0.0,13.8,8.02,1.583,7.253,0,14.446530225325604,0.3198979499996924,-0.0147619247436523,5.057142706854003,1,14.1,12.9,6.049,6.857,0.482,3.344,9.621,0.565,5.066329753632344,0,46053,2.234,1.141,12.93,267.317,1019.704,14.263,14.494
2022-01-31,Stearns Wharf,2022-01-31,34.408043,-119.68485,1,2022,0.0,13.8,6.289,0.0,11.746,0,14.593979202971168,0.5143877371233337,-0.0014285587129138,7.201428319726672,1,13.8,14.1,8.02,6.049,1.583,0.482,7.253,9.621,,0,46053,2.249,1.363,14.647,268.036,1019.976,14.059,14.377
2022-02-07,Stearns Wharf,2022-02-07,34.408043,-119.68485,2,2022,0.0,13.8,6.363,0.0,2.527,0,14.676938368349658,0.6403061011616064,0.0657142911638532,8.96428541626249,1,13.8,13.8,6.289,8.02,0.0,1.583,11.746,7.253,,0,46053,2.051,1.002,12.864,265.491,1020.533,13.942,14.581
2022-02-14,Stearns Wharf,2022-02-14,34.408043,-119.68485,2,2022,0.0,14.6,4.448,0.0,2.967,0,14.807958797532686,0.8132652786313271,-0.0961904525756835,11.38571390083858,1,13.8,13.8,6.363,6.289,0.0,0.0,2.527,11.746,,0,46053,2.39,0.999,14.216,272.395,1020.283,15.398,15.05
2022-02-28,Stearns Wharf,2022-02-28,34.408043,-119.68485,2,2022,0.0,13.2,7.452,4.287,4.011,0,14.01091801390356,0.079387753289573,0.0009523573375883,2.164285661918776,1,14.6,13.8,4.448,6.363,0.0,0.0,2.967,2.527,1.7382785164450665,0,46053,5.399,1.209,11.516,267.653,1020.536,12.131,13.837
2022-02-28,Stearns Wharf,2022-03-06,34.408043,-119.68485,3,2022,0.0,12.7,15.297,12.463,0.368,0,14.01091801390356,0.079387753289573,0.0009523573375883,2.164285661918776,1,13.2,14.6,7.452,4.448,4.287,0.0,4.011,2.967,1.2273930835272409,0,46053,5.399,1.209,11.516,267.653,1020.536,12.131,13.837
2022-03-14,Stearns Wharf,2022-03-15,34.408043,-119.68485,3,2022,0.0,14.2,6.315,0.0,6.374,0,13.720203740256173,-0.1623469315165159,-0.0066666376023065,0.487142846520458,1,12.7,13.2,15.297,7.452,12.463,4.287,0.368,4.011,,0,46053,3.932,1.065,10.357,268.916,1020.517,13.289,13.29
2022-03-21,Stearns Wharf,2022-03-21,34.408043,-119.68485,3,2022,0.0,12.2,15.554,9.749,0.714,0,13.876020139577438,0.0224489785768851,-0.0042857215518043,0.98857139476708,1,14.2,12.7,6.315,15.297,0.0,12.463,6.374,0.368,1.5954456867371012,0,46053,6.308,1.729,13.287,269.629,1018.339,13.656,13.159
2022-03-28,Stearns Wharf,2022-03-29,34.408043,-119.68485,3,2022,0.0,13.7,3.202,0.0,17.802,0,13.831530337430992,0.0101020395831794,-0.0204762050083705,0.9442856732223716,0,12.2,14.2,15.554,6.315,9.749,0.0,0.714,6.374,,0,46053,4.947,1.256,12.171,270.702,1016.827,12.83,13.207
2022-03-28,Stearns Wharf,2022-04-03,34.408043,-119.68485,4,2022,0.0,14.5,3.56,0.478,6.654,0,13.831530337430992,0.0101020395831794,-0.0204762050083705,0.9442856732223716,0,13.7,12.2,3.202,15.554,0.0,9.749,17.802,0.714,7.447698744769875,0,46053,4.947,1.256,12.171,270.702,1016.827,12.83,13.207
2022-04-11,Stearns Wharf,2022-04-11,34.408043,-119.68485,4,2022,0.0,15.8,3.784,0.0,2.062,0,14.52499972557535,0.7731632353471858,-0.163333393278576,11.21857099873679,1,14.5,13.7,3.56,3.202,0.478,0.0,6.654,17.802,,0,46053,4.363,1.686,11.675,272.31,1013.5,15.218,14.431
2022-04-18,Stearns Wharf,2022-04-24,34.408043,-119.68485,4,2022,0.0,12.5,22.619,15.431,1.076,0,14.416734393762082,0.6810203811571914,-0.1066666557675315,9.915713902030673,1,15.8,14.5,3.784,3.56,0.0,0.478,2.062,6.654,1.465815566068304,0,46053,7.393,1.573,7.274,265.398,1017.034,13.008,13.583
2022-04-25,Stearns Wharf,2022-05-01,34.408043,-119.68485,5,2022,0.0,15.2,7.75,0.0,6.026,0,13.830611812825106,0.0628571390193335,0.027142842610677,2.552857058388846,1,12.5,15.8,22.619,3.784,15.431,0.0,1.076,2.062,,0,46053,6.042,1.523,9.842,266.144,1016.588,13.712,13.096
2022-05-09,Stearns Wharf,2022-05-09,34.408043,-119.68485,5,2022,0.0,13.9,11.465,3.2,0.67,0,13.735509823779667,-0.1612244878648494,-0.1723809015183222,2.418571359344891,0,15.2,12.5,7.75,22.619,0.0,15.431,6.026,1.076,3.5828124999999997,0,46053,4.655,1.746,11.222,267.393,1014.029,12.793,12.916
2022-05-16,Stearns Wharf,2022-05-16,34.408043,-119.68485,5,2022,0.0,14.1,16.125,4.947,6.753,0,13.519897606908058,-0.4534693777143043,0.1190475736345563,1.451428528076836,1,13.9,15.2,11.465,7.75,3.2,0.0,0.67,6.026,3.2595512431776834,0,46053,7.025,1.73,7.944,266.337,1016.874,12.749,12.188
2022-05-30,Stearns Wharf,2022-05-30,34.408043,-119.68485,5,2022,0.0,17.7,6.736,0.722,3.737,0,15.5485709540698,1.244183643093827,0.0414286113920665,17.901428126330888,1,14.1,13.9,16.125,11.465,4.947,3.2,6.753,0.67,9.329639889196676,0,46053,3.989,0.891,8.653,252.929,1013.488,14.587,15.369
2022-06-06,Stearns Wharf,2022-06-06,34.408043,-119.68485,6,2022,0.0,19.3,6.7,0.799,6.938,0,16.580407570819467,2.067857096998059,0.1123808906191871,28.949999357972825,1,17.7,14.1,6.736,16.125,0.722,4.947,3.737,6.753,8.385481852315394,0,46053,5.007,1.401,8.703,263.97,1011.163,15.229,15.023
2022-06-13,Stearns Wharf,2022-06-14,34.408043,-119.68485,6,2022,0.0,19.2,2.077,0.234,8.605,0,17.40377492320781,2.680714249610901,0.2304761977422804,37.52999949455261,1,19.3,17.7,6.7,6.736,0.799,0.722,6.938,3.737,8.876068376068375,0,46053,3.325,1.312,8.419,266.625,1011.449,15.746,16.453
2022-06-20,Stearns Wharf,2022-06-21,34.408043,-119.68485,6,2022,0.0,19.4,3.457,0.281,1.65,0,18.26581587110247,3.284183628705083,-0.1171428135463169,45.978570801871165,1,19.2,19.3,2.077,6.7,0.234,0.799,8.605,6.938,12.302491103202843,0,46053,5.224,1.672,8.123,266.551,1011.342,16.773,17.548
2022-06-27,Stearns Wharf,2022-06-29,34.408043,-119.68485,6,2022,0.0,17.2,5.271,0.474,1.977,0,18.544285423901616,3.227448908650145,0.1476190657842726,45.18428472110203,1,19.4,19.2,3.457,2.077,0.281,0.234,1.65,8.605,11.120253164556962,0,46053,5.172,1.004,8.618,264.563,1013.024,15.465,16.686
2022-07-04,Stearns Wharf,2022-07-06,34.408043,-119.68485,7,2022,0.0,17.2,5.024,0.282,1.496,0,18.62102018083845,2.9355101062327016,-0.1742857978457496,41.09714148725782,1,17.2,19.4,5.271,3.457,0.474,0.281,1.977,1.65,17.815602836879435,0,46053,4.979,1.077,6.271,266.211,1015.378,16.28,17.975
2022-07-11,Stearns Wharf,2022-07-13,34.408043,-119.68485,7,2022,0.0,15.4,6.26,0.242,2.486,0,18.262040391260264,2.2048978835952524,-0.0895237695603143,30.868570370333536,1,17.2,17.2,5.024,5.271,0.282,0.474,1.496,1.977,25.867768595041323,0,46053,4.854,1.024,6.041,260.886,1015.533,16.399,16.865
2022-07-18,Stearns Wharf,2022-07-20,34.408043,-119.68485,7,2022,0.0,16.9,8.316,0.271,1.659,0,17.799795442697953,1.3979591496136723,0.1852381569998604,19.571428094591415,1,15.4,17.2,6.26,5.024,0.242,0.282,2.486,1.496,30.686346863468636,0,46053,4.513,0.909,7.674,268.262,1013.797,14.816,15.909
2022-07-25,Stearns Wharf,2022-07-27,34.408043,-119.68485,7,2022,0.0,15.9,6.181,0.0,1.665,0,18.25316300684092,1.58163261231111,0.0857142493838355,22.142856572355544,1,16.9,15.4,8.316,6.26,0.271,0.242,1.659,2.486,,0,46053,4.325,0.983,7.904,263.304,1014.101,15.986,17.732
2022-08-01,Stearns Wharf,2022-08-03,34.408043,-119.68485,8,2022,0.0,16.9,7.508,0.812,1.248,0,19.04928538264061,2.159285657259882,0.0161903926304408,30.229999201638357,1,15.9,16.9,6.181,8.316,0.0,0.271,1.665,1.659,9.246305418719212,0,46053,4.492,0.804,5.793,266.44,1014.122,16.009,17.627
2022-08-08,Stearns Wharf,2022-08-10,34.408043,-119.68485,8,2022,0.0,18.5,1.981,0.0,1.588,0,19.259999567148636,2.1541836148470033,-0.1880950927734375,30.15857060785805,1,16.9,15.9,7.508,6.181,0.812,0.0,1.248,1.665,,0,46053,4.964,0.863,6.76,248.772,1014.498,17.619,19.077
2022-08-22,Stearns Wharf,2022-08-24,34.408043,-119.68485,8,2022,0.0,16.7,5.423,0.0,7.162,0,17.05020376127593,-0.4026530505139,0.3533332915533156,3.638571366667747,1,18.5,16.9,1.981,7.508,0.0,0.812,1.588,1.248,,0,46053,4.709,0.976,8.114,264.22,1011.01,14.497,14.985
2022-08-29,Stearns Wharf,2022-08-29,34.408043,-119.68485,8,2022,0.0,17.0,4.151,0.436,6.489,0,17.555611863428233,0.0364285707473754,0.0057143256777808,6.385714113712311,1,16.7,18.5,5.423,1.981,0.0,0.0,7.162,1.588,9.520642201834862,0,46053,4.439,1.002,8.287,265.976,1011.964,15.329,16.959
2022-09-05,Stearns Wharf,2022-09-08,34.408043,-119.68485,9,2022,0.0,18.5,4.171,0.214,4.227,0,18.908265055442342,1.341122418642044,0.2799999600365048,18.90999957493373,1,17.0,16.7,4.151,5.423,0.436,0.0,6.489,7.162,19.490654205607477,0,46053,4.579,1.032,7.494,265.925,1009.731,17.239,16.73
2022-09-12,Stearns Wharf,2022-09-15,34.408043,-119.68485,9,2022,0.0,20.0,1.298,0.0,5.018,0,20.084795659902145,2.473673407520567,0.0690476553780691,34.63142770528793,1,18.5,17.0,4.171,4.151,0.214,0.436,4.227,6.489,,0,46053,3.204,0.929,9.654,269.994,1008.202,20.205,19.329
2022-09-26,Stearns Wharf,2022-09-28,34.408043,-119.68485,9,2022,0.0,19.5,1.04,0.0,1.078,0,20.387244477563975,2.8175509742328098,-0.2109523046584356,39.44571363925934,1,20.0,18.5,1.298,4.171,0.0,0.214,5.018,4.227,,0,46053,4.897,0.894,8.219,264.892,1012.696,19.356,20.282
2022-10-03,Stearns Wharf,2022-10-05,34.408043,-119.68485,10,2022,0.0,19.7,2.586,0.239,1.255,0,19.38734650125309,1.902142828824569,0.0557141985212053,26.62999960354396,1,19.5,20.0,1.04,1.298,0.0,0.0,1.078,5.018,10.820083682008368,0,46053,4.943,0.966,7.432,261.595,1011.814,17.742,18.688
2022-10-10,Stearns Wharf,2022-10-11,34.408043,-119.68485,10,2022,0.0,19.2,4.56,0.0,15.123,0,19.021938265586385,1.6221428136436309,-0.0323809669131324,22.70999939101083,1,19.7,19.5,2.586,1.04,0.239,0.0,1.255,1.078,,0,46053,3.768,0.963,10.969,265.345,1014.838,16.93,18.478
2022-10-17,Stearns Wharf,2022-10-21,34.408043,-119.68485,10,2022,0.0,17.8,4.194,0.239,0.151,0,19.05795852505431,1.7674489386227668,-0.0695237659272693,24.744285140718738,1,19.2,19.7,4.56,2.586,0.0,0.239,15.123,1.255,17.548117154811717,0,46053,3.611,0.628,9.001,256.815,1014.028,17.252,18.01
2022-10-24,Stearns Wharf,2022-10-25,34.408043,-119.68485,10,2022,0.0,16.4,6.392,0.0,7.975,0,18.574489204251034,1.4767346643671695,-0.1095237731933593,20.674285301140376,1,17.8,19.2,4.194,4.56,0.239,0.0,0.151,15.123,,0,46053,3.837,0.957,10.89,263.065,1012.615,17.612,18.128
2022-10-31,Stearns Wharf,2022-11-03,34.408043,-119.68485,11,2022,0.0,13.4,10.902,7.83,0.339,0,17.696326022245447,0.8618367223107084,-0.2957142875308082,13.004285531384603,1,16.4,17.8,6.392,4.194,0.0,0.239,7.975,0.151,1.3923371647509577,0,46053,3.661,1.156,8.475,267.695,1016.658,17.081,17.715
2022-11-07,Stearns Wharf,2022-11-08,34.408043,-119.68485,11,2022,0.0,15.1,6.51,3.838,3.879,0,16.365305618363983,-0.1951020296130861,-0.1247619447253998,4.812857134001596,0,13.4,16.4,10.902,6.392,7.83,0.0,0.339,7.975,1.6961959353830118,0,46053,5.46,1.33,9.164,268.762,1015.862,14.695,15.431
2022-11-14,Stearns Wharf,2022-11-17,34.408043,-119.68485,11,2022,0.0,14.2,4.667,0.0,9.887,0,15.21765257387745,-1.0669387545512647,0.0676190512520926,0.177142858505249,0,15.1,13.4,6.51,10.902,3.838,7.83,3.879,0.339,,0,46053,4.282,1.078,9.002,261.559,1015.377,13.906,14.25
2022-11-21,Stearns Wharf,2022-11-24,34.408043,-119.68485,11,2022,0.0,15.0,3.61,0.0,18.31,0,15.139387315633346,-0.8583673334547451,0.0671428952898297,0.1399999984673091,1,14.2,15.1,4.667,6.51,0.0,3.838,9.887,3.879,,0,46053,2.578,0.941,13.487,263.083,1019.237,14.469,14.747
2022-11-28,Stearns Wharf,2022-12-01,34.408043,-119.68485,12,2022,0.0,15.3,4.484,0.0,33.958,0,15.525305728523096,-0.1701020388959013,0.0361903962634858,1.3957142547837325,1,15.0,14.2,3.61,4.667,0.0,0.0,18.31,9.887,,0,46053,2.393,1.038,13.353,259.235,1019.038,15.445,15.346
2022-12-05,Stearns Wharf,2022-12-09,34.408043,-119.68485,12,2022,0.0,15.6,2.491,0.386,0.854,0,15.788775083970052,0.399693868940278,-0.1023808888026645,5.72428559032934,1,15.3,15.0,4.484,3.61,0.0,0.0,33.958,18.31,6.453367875647668,0,46053,4.369,1.058,12.023,256.455,1015.769,14.546,15.598
2022-12-12,Stearns Wharf,2022-12-15,34.408043,-119.68485,12,2022,0.0,14.4,4.651,2.244,0.774,0,15.42428529505827,0.341734686980442,-0.1023809796287899,5.544285590095179,0,15.6,15.3,2.491,4.484,0.386,0.0,0.854,33.958,2.0726381461675576,0,46053,5.302,1.06,11.366,258.56,1018.582,14.133,14.926
2022-12-19,Stearns Wharf,2022-12-20,34.408043,-119.68485,12,2022,0.0,14.0,4.161,1.01,4.435,0,14.81489760535104,0.0022448989353617,0.0438095728556314,1.4614285400935585,1,14.4,15.6,4.651,2.491,2.244,0.386,0.774,0.854,4.1198019801980195,0,46053,2.898,1.049,11.989,264.545,1016.811,13.354,14.732
2022-12-26,Stearns Wharf,2022-12-26,34.408043,-119.68485,12,2022,0.0,14.25,4.391,0.88,4.042,0,14.752040483513657,0.1246938760183295,-0.0061904816400436,2.4157142468861172,1,14.0,14.4,4.161,4.651,1.01,2.244,4.435,0.774,4.989772727272728,0,46053,2.255,0.894,11.348,263.122,1020.607,14.625,14.751
2023-01-02,Stearns Wharf,2023-01-03,34.408043,-119.68485,1,2023,0.0,12.2,8.083,5.246,1.311,0,14.72806083912752,0.2379591784497,-0.0823809305826822,3.5042856399502074,1,14.25,14.0,4.391,4.161,0.88,1.01,4.042,4.435,1.5407929851315287,0,46053,3.924,1.952,12.859,262.507,1014.697,14.369,14.678
2023-01-09,Stearns Wharf,2023-01-09,34.408043,-119.68485,1,2023,0.0,12.8,35.769,16.412,1.509,0,14.490203740645429,0.1360204041916496,0.0557142893473306,2.3042856534676894,1,12.2,14.25,8.083,4.391,5.246,0.88,1.311,4.042,2.1794418718011213,0,46053,6.286,2.431,14.221,261.627,1017.212,13.794,14.086
2023-01-16,Stearns Wharf,2023-01-17,34.408043,-119.68485,1,2023,0.0,11.5,11.407,4.767,0.351,0,14.4051018247799,0.1794897905379837,-0.0590476535615466,2.7399999206619605,1,12.8,12.2,35.769,8.083,16.412,5.246,1.509,1.311,2.392909586742186,0,46053,5.057,2.619,14.64,266.625,1017.002,14.577,14.509
2023-01-23,Stearns Wharf,2023-01-23,34.408043,-119.68485,1,2023,0.0,12.1,5.688,5.178,2.064,0,14.315509981038618,0.1794897905189771,-0.0157142820812407,2.518571352852242,1,11.5,12.8,11.407,35.769,4.767,16.412,0.351,1.509,1.0984936268829664,0,46053,5.782,1.799,13.123,266.485,1017.188,12.963,14.309
2023-01-30,Stearns Wharf,2023-01-30,34.408043,-119.68485,1,2023,0.0,13.0,5.804,2.935,1.264,0,14.075611990325305,-0.0107142855508291,-0.0428571246919177,0.7699999732098409,0,12.1,11.5,5.688,11.407,5.178,4.767,2.064,0.351,1.977512776831346,0,46053,3.413,1.263,15.608,263.649,1019.908,13.548,13.972
2023-01-30,Stearns Wharf,2023-02-02,34.408043,-119.68485,2,2023,0.0,13.16,4.532,3.802,1.275,0,14.075611990325305,-0.0107142855508291,-0.0428571246919177,0.7699999732098409,0,13.0,12.1,5.804,5.688,2.935,5.178,1.264,2.064,1.192004208311415,0,46053,3.413,1.263,15.608,263.649,1019.908,13.548,13.972
2023-02-13,Stearns Wharf,2023-02-13,34.408043,-119.68485,2,2023,0.0,14.0,6.628,7.224,0.832,0,13.574183347273848,-0.4244897872665706,-0.08000001453218,0.0,0,13.16,13.0,4.532,5.804,3.802,2.935,1.275,1.264,0.9174972314507198,0,46053,4.412,1.633,12.663,265.755,1019.807,13.397,13.585
2023-02-20,Stearns Wharf,2023-02-21,34.408043,-119.68485,2,2023,0.0,13.0,4.329,2.945,2.615,0,13.199183386199328,-0.7626530447480631,-0.0747618902297246,0.0,0,14.0,13.16,6.628,4.532,7.224,3.802,0.832,1.275,1.469949066213922,0,46053,4.233,1.492,13.258,264.533,1016.563,12.348,12.984
2023-02-27,Stearns Wharf,2023-02-27,34.408043,-119.68485,2,2023,0.0,12.0,18.117,12.905,4.06,0,12.820714074738172,-1.1144897670161966,0.0128571192423502,0.0,0,13.0,14.0,4.329,6.628,2.945,7.224,2.615,0.832,1.4038744672607515,0,46053,6.143,1.576,10.337,265.185,1012.955,10.782,12.483
2023-03-06,Stearns Wharf,2023-03-07,34.408043,-119.68485,3,2023,0.0,12.0,9.307,9.813,2.524,0,12.650509941334628,-1.26020405122212,0.0628571737380254,0.0,0,12.0,13.0,18.117,4.329,12.905,2.945,4.06,2.615,0.9484357484968918,0,46053,5.034,1.506,11.768,264.116,1015.738,11.482,12.483
2023-03-13,Stearns Wharf,2023-03-14,34.408043,-119.68485,3,2023,0.03,13.0,8.069,2.759,14.011,0,12.945918073459548,-0.9409183496419264,0.0828571319580077,0.0,0,12.0,12.0,9.307,18.117,9.813,12.905,2.524,4.06,2.924610366074665,0,46053,5.111,1.25,10.57,256.881,1018.726,12.041,12.524
2023-03-20,Stearns Wharf,2023-03-20,34.408043,-119.68485,3,2023,0.0,13.7,9.072,1.782,8.667,0,13.301632433521505,-0.5582652954118592,-0.0714285714285713,0.0,0,13.0,12.0,8.069,9.307,2.759,9.813,14.011,2.524,5.09090909090909,0,46053,4.509,0.984,10.246,248.617,1015.826,12.697,12.835
2023-03-27,Stearns Wharf,2023-03-27,34.408043,-119.68485,3,2023,0.0,12.31,16.717,13.838,0.471,0,13.251836523717763,-0.5745918185127025,0.01761904216948,0.0,0,13.7,13.0,9.072,8.069,1.782,2.759,8.667,14.011,1.2080502962855904,0,46053,7.354,1.759,9.266,248.955,1016.621,12.049,12.486
2023-04-03,Stearns Wharf,2023-04-04,34.408043,-119.68485,4,2023,0.054,14.0,6.317,0.0,8.399,0,12.913367164378265,-0.8778571139793007,-0.1557142620994931,0.0,0,12.31,13.7,16.717,9.072,13.838,1.782,0.471,8.667,,0,46053,4.473,1.125,8.675,264.747,1017.655,12.028,12.448
2023-04-10,Stearns Wharf,2023-04-10,34.408043,-119.68485,4,2023,0.0,12.1,7.58,1.856,9.137,0,12.602857025302184,-1.15316323388596,0.1038094929286411,0.0,0,14.0,12.31,6.317,16.717,0.0,13.838,8.399,0.471,4.084051724137931,0,46053,6.504,1.268,6.966,269.006,1017.573,11.579,11.804
2023-04-17,Stearns Wharf,2023-04-17,34.408043,-119.68485,4,2023,0.0,13.6,8.317,0.21,2.005,0,12.714591629651128,-1.0205101811764192,0.0909523282732282,0.0,0,12.1,14.0,7.58,6.317,1.856,0.0,9.137,8.399,39.60476190476191,0,46053,3.367,1.344,9.714,267.152,1014.56,11.82,12.532
2023-04-24,Stearns Wharf,2023-04-24,34.408043,-119.68485,4,2023,0.0,14.4,10.411,1.211,4.296,0,13.1164281903481,-0.6445918235243583,-0.0080951963152204,0.0,0,13.6,12.1,8.317,7.58,0.21,1.856,2.005,9.137,8.59702725020644,0,46053,4.707,1.56,8.285,265.033,1014.781,13.112,12.556
2023-05-01,Stearns Wharf,2023-05-01,34.408043,-119.68485,5,2023,0.025,13.3,7.082,11.469,6.429,0,13.526836346606816,-0.2954081530701749,0.1804761886596679,0.8842856979795864,1,14.4,13.6,10.411,8.317,1.211,0.21,4.296,2.005,0.6174906269073154,0,46053,3.364,0.997,10.573,262.702,1013.384,11.731,12.757
2023-05-08,Stearns Wharf,2023-05-08,34.408043,-119.68485,5,2023,0.0,14.8,7.089,0.486,5.546,0,14.21897926135939,0.3323469325253854,-0.0038095201764787,6.101428418287209,1,13.3,14.4,7.082,10.411,11.469,1.211,6.429,4.296,14.58641975308642,0,46053,4.501,1.32,11.601,264.915,1013.719,12.921,13.929
2023-05-15,Stearns Wharf,2023-05-15,34.408043,-119.68485,5,2023,0.0,15.5,6.552,2.497,4.173,0,14.652754773899002,0.6947958981998417,-0.0076190403529576,9.86857114306518,1,14.8,13.3,7.089,7.082,0.486,11.469,5.546,6.429,2.6239487384861833,0,46053,5.179,1.197,8.356,262.378,1013.9,13.542,13.683
2023-05-22,Stearns Wharf,2023-05-22,34.408043,-119.68485,5,2023,0.0,15.5,5.096,0.922,3.952,0,14.772448627316225,0.6883673310583952,0.1490475790841238,9.877142629453116,1,15.5,14.8,6.552,7.089,2.497,0.486,4.173,5.546,5.527114967462039,0,46053,3.286,0.977,10.333,265.389,1014.965,13.397,14.725
2023-05-29,Stearns Wharf,2023-05-30,34.408043,-119.68485,5,2023,0.0,15.0,6.667,2.662,2.552,0,15.431734260247678,1.15765304696195,0.1085714612688336,16.309999798025405,1,15.5,15.5,5.096,6.552,0.922,2.497,3.952,4.173,2.5045078888054095,0,46053,4.638,0.856,7.355,264.751,1012.979,14.119,15.814
2023-06-05,Stearns Wharf,2023-06-05,34.408043,-119.68485,6,2023,0.0,15.2,2.369,0.984,0.986,0,16.28408112817881,1.8041836357846552,0.0314285641624813,25.258570900985173,1,15.0,15.5,6.667,5.096,2.662,0.922,2.552,3.952,2.407520325203252,0,46053,4.49,0.888,9.342,263.108,1013.015,14.882,16.447
2023-06-12,Stearns Wharf,2023-06-13,34.408043,-119.68485,6,2023,0.097,14.1,8.618,3.105,2.177,0,16.669591436580735,1.981428521020072,0.0333333696637834,27.73999929428101,1,15.2,15.0,2.369,6.667,0.984,2.662,0.986,2.552,2.775523349436393,0,46053,3.577,0.666,9.647,255.571,1012.896,15.575,16.475
2023-06-19,Stearns Wharf,2023-06-20,34.408043,-119.68485,6,2023,0.479,15.5,4.487,1.346,1.415,1,16.85224457176364,1.9145918032344509,-0.0690476553780691,26.80428524528231,1,14.1,15.2,8.618,2.369,3.105,0.984,2.177,0.986,3.3335809806835064,1,46053,4.115,0.762,9.629,270.152,1013.917,15.2,16.713
2023-06-26,Stearns Wharf,2023-06-28,34.408043,-119.68485,6,2023,0.0,14.6,3.357,0.336,1.883,0,16.556326243342188,1.2901020226619988,-0.1242856979370117,18.197142602343643,1,15.5,14.1,4.487,8.618,1.346,3.105,1.415,2.177,9.991071428571429,0,46053,5.066,1.181,7.286,269.961,1014.313,15.084,15.991
2023-07-03,Stearns Wharf,2023-07-05,34.408043,-119.68485,7,2023,0.0,16.0,4.104,1.082,3.284,0,15.801836539287956,0.1662244885893804,-0.0352380843389601,5.048571339941451,0,14.6,15.5,3.357,4.487,0.336,1.346,1.883,1.415,3.7929759704251382,0,46053,4.181,0.995,7.523,261.268,1011.668,14.161,15.081
2023-07-10,Stearns Wharf,2023-07-10,34.408043,-119.68485,7,2023,0.0,17.0,2.391,0.362,1.317,0,15.671428417672916,-0.3340816217265567,0.2314285550798688,0.5057142749428749,1,16.0,14.6,4.104,3.357,1.082,0.336,3.284,1.883,6.604972375690608,0,46053,4.379,0.995,7.42,267.964,1011.435,14.31,15.152
2023-07-17,Stearns Wharf,2023-07-17,34.408043,-119.68485,7,2023,0.0,15.0,2.214,0.226,3.343,0,16.641734551410288,0.2844897975422898,0.1690476735432942,6.631428499306951,1,17.0,16.0,2.391,4.104,0.362,1.082,1.317,3.284,9.79646017699115,0,46053,4.33,0.884,7.161,259.664,1012.108,14.233,16.119
2023-07-24,Stearns Wharf,2023-07-25,34.408043,-119.68485,7,2023,0.0,19.0,3.372,0.0,5.492,0,17.87285683106403,1.2335714072901376,0.1938095092773437,17.32142827127661,1,15.0,17.0,2.214,2.391,0.226,0.362,3.343,1.317,,0,46053,4.18,0.821,7.623,264.744,1012.281,15.693,17.63
2023-07-31,Stearns Wharf,2023-08-01,34.408043,-119.68485,8,2023,0.0,23.0,3.015,0.0,2.271,0,18.82122413479552,1.959999956646744,-0.066190447126116,27.439999393054418,1,19.0,15.0,3.372,2.214,0.0,0.226,5.492,3.343,,0,46053,4.019,1.021,7.502,266.561,1012.329,16.975,18.006
2023-07-31,Stearns Wharf,2023-08-04,34.408043,-119.68485,8,2023,0.0,19.3,2.673,0.0,3.073,0,18.82122413479552,1.959999956646744,-0.066190447126116,27.439999393054418,1,23.0,19.0,3.015,3.372,0.0,0.0,2.271,5.492,,0,46053,4.019,1.021,7.502,266.561,1012.329,16.975,18.006
2023-08-07,Stearns Wharf,2023-08-07,34.408043,-119.68485,8,2023,0.0,19.3,2.656,0.0,1.411,0,19.355101799478337,2.280918311099617,0.1580950419108072,31.932856355394637,1,19.3,23.0,2.673,3.015,0.0,0.0,3.073,2.271,,0,46053,4.803,1.32,7.235,265.446,1012.598,17.226,18.289
2023-08-14,Stearns Wharf,2023-08-16,34.408043,-119.68485,8,2023,0.0,17.3,2.758,0.0,1.826,0,19.78132613824338,2.4982652493885587,-0.1014284406389508,34.97571349143982,1,19.3,19.3,2.656,2.673,0.0,0.0,1.411,3.073,,0,46053,3.213,0.622,10.361,254.5,1014.004,17.87,19.545
2023-08-21,Stearns Wharf,2023-08-22,34.408043,-119.68485,8,2023,0.0,18.8,4.382,1.055,1.79,0,19.805305733972663,2.366938735757555,-0.0352380843389601,33.137142300605774,1,17.3,19.3,2.758,2.656,0.0,0.0,1.826,1.411,4.153554502369668,0,46053,4.85,0.687,8.585,260.042,1010.387,17.453,19.675
2023-08-28,Stearns Wharf,2023-08-29,34.408043,-119.68485,8,2023,0.0,23.0,1.753,0.0,1.82,0,19.49714255819515,1.9830611907705968,0.0980952126639229,27.762856670788356,1,18.8,17.3,4.382,2.758,1.055,0.0,1.79,1.826,,0,46053,4.962,0.77,7.02,264.396,1011.937,18.536,19.184
2023-09-04,Stearns Wharf,2023-09-08,34.408043,-119.68485,9,2023,0.0,19.2,3.141,0.447,0.895,0,19.801428074739416,2.241428529729649,0.0895238603864397,31.37999941621508,1,23.0,18.8,1.753,4.382,0.0,1.055,1.82,1.79,7.026845637583892,0,46053,4.012,1.059,8.183,267.177,1010.413,18.835,19.738
2023-09-11,Stearns Wharf,2023-09-12,34.408043,-119.68485,9,2023,0.0,19.1,1.852,0.0,1.497,0,19.97683630184252,2.372857090769982,-0.2314286004929315,33.219999270779745,1,19.2,23.0,3.141,1.753,0.447,0.0,0.895,1.82,,0,46053,4.693,0.903,8.033,258.476,1012.758,18.953,20.25
2023-09-18,Stearns Wharf,2023-09-21,34.408043,-119.68485,9,2023,0.0,17.1,4.095,0.412,1.801,0,19.487142543403472,1.8640815925841427,0.0085714431036086,26.097142296178,1,19.1,19.2,1.852,3.141,0.0,0.447,1.497,0.895,9.939320388349516,0,46053,4.387,0.919,7.631,264.756,1012.719,17.929,19.265
2023-09-25,Stearns Wharf,2023-09-26,34.408043,-119.68485,9,2023,0.0,17.8,3.689,0.0,2.983,0,18.954183344938315,1.3735714043889726,-0.0290476481119791,19.229999661445618,1,17.1,19.1,4.095,1.852,0.412,0.0,1.801,1.497,,0,46053,4.507,0.853,9.503,262.548,1013.127,17.895,19.381
2023-10-02,Stearns Wharf,2023-10-03,34.408043,-119.68485,10,2023,0.0,16.2,5.391,0.349,0.819,0,18.658060852362183,1.1608163014966613,0.0228572118849981,16.25142822095326,1,17.8,17.1,3.689,4.095,0.0,0.412,2.983,1.801,15.446991404011465,0,46053,4.179,1.266,9.567,266.234,1011.598,17.697,18.804
2023-10-09,Stearns Wharf,2023-10-11,34.408043,-119.68485,10,2023,0.0,20.6,4.268,1.054,1.93,0,18.462550688763056,1.0510203820102069,-0.120952424548921,14.714285348142896,1,16.2,17.8,5.391,3.689,0.349,0.0,0.819,2.983,4.049335863377609,0,46053,3.36,0.824,11.895,265.066,1011.756,17.835,18.308
2023-10-16,Stearns Wharf,2023-10-18,34.408043,-119.68485,10,2023,0.0,18.75,2.431,1.431,8.629,0,18.30459143190968,0.9951020114275874,-0.0009524935767764,13.931428159986224,1,20.6,16.2,4.268,5.391,1.054,0.349,1.93,0.819,1.6988120195667364,0,46053,4.731,1.296,9.205,265.783,1009.481,17.28,17.655
2023-10-23,Stearns Wharf,2023-10-25,34.408043,-119.68485,10,2023,0.0,16.9,3.819,0.321,2.311,0,17.885101551912268,0.755306102335453,-0.1538094111851283,10.585714003869466,1,18.75,20.6,2.431,4.268,1.431,1.054,8.629,1.93,11.897196261682245,0,46053,4.571,1.468,14.083,265.232,1011.327,16.489,17.238
2023-10-30,Stearns Wharf,2023-11-01,34.408043,-119.68485,11,2023,0.0,15.3,2.711,0.321,0.693,0,17.271122095536214,0.3994897851074229,0.0633333297002883,5.799999845879419,1,16.9,18.75,3.819,2.431,0.321,1.431,2.311,8.629,8.445482866043614,0,46053,4.889,1.21,7.997,262.174,1012.187,16.327,16.393
2023-11-06,Stearns Wharf,2023-11-08,34.408043,-119.68485,11,2023,0.0,14.3,4.468,0.338,1.47,0,17.16102004537777,0.5632652880966055,0.0171427953810918,8.084285459348134,1,15.3,16.9,2.711,3.819,0.321,0.321,0.693,2.311,13.218934911242602,0,46053,2.253,0.637,10.953,269.699,1015.933,16.626,16.924
2023-11-13,Stearns Wharf,2023-11-15,34.408043,-119.68485,11,2023,0.021,15.6,2.886,0.444,3.4,0,17.324387394652074,1.0012244662383991,-0.0652380443754649,14.019999670130868,1,14.3,15.3,4.468,2.711,0.338,0.321,1.47,0.693,6.5,0,46053,3.819,1.437,11.208,264.256,1015.39,16.883,17.262
2023-11-20,Stearns Wharf,2023-11-20,34.408043,-119.68485,11,2023,0.02,16.1,2.476,0.0,1.631,0,17.17693856297707,1.1380612035186923,-0.0438095274425688,15.932856849261691,1,15.6,14.3,2.886,4.468,0.444,0.338,3.4,1.47,,0,46053,5.167,0.983,11.085,263.451,1014.18,16.75,17.024
2023-11-27,Stearns Wharf,2023-11-27,34.408043,-119.68485,11,2023,0.0,15.5,4.207,0.0,3.51,0,16.86969365878981,1.1317346637346308,-0.0595238095238094,15.844285292284829,1,16.1,15.6,2.476,2.886,0.0,0.444,1.631,3.4,,0,46053,3.253,1.153,11.784,256.741,1015.9,16.696,16.871
2023-12-04,Stearns Wharf,2023-12-06,34.408043,-119.68485,12,2023,0.0,15.2,3.569,0.229,3.174,0,16.488367002837514,1.0583673241187117,-0.0552380425589425,14.817142537661962,1,15.5,16.1,4.207,2.476,0.0,0.0,3.51,1.631,15.585152838427948,0,46053,4.557,1.425,11.884,261.196,1016.759,15.945,16.471
2023-12-11,Stearns Wharf,2023-12-11,34.408043,-119.68485,12,2023,0.0,14.8,3.259,0.318,3.992,0,16.193877181228327,1.0712244802591753,0.0638094856625511,14.997142723628452,1,15.2,15.5,3.569,4.207,0.229,0.0,3.174,3.51,10.248427672955977,0,46053,3.565,1.703,13.821,261.072,1018.322,15.796,15.844
2023-12-18,Stearns Wharf,2023-12-18,34.408043,-119.68485,12,2023,0.0,15.2,4.241,0.615,0.874,0,16.243060715344487,1.3987754911792525,0.0090475536528087,19.58285687650953,1,14.8,15.2,3.259,3.569,0.318,0.229,3.992,3.174,6.895934959349593,0,46053,2.261,0.938,12.268,275.021,1015.48,16.052,16.587
2023-12-25,Stearns Wharf,2023-12-25,34.408043,-119.68485,12,2023,0.0,14.8,4.281499999999999,0.631,1.292,0,16.464591220933563,1.8168366831176137,-0.0090476444789341,25.43571356364659,1,15.2,14.8,4.241,3.259,0.615,0.318,0.874,3.992,6.78526148969889,0,46053,4.965,1.474,10.879,269.269,1012.444,16.055,16.541
2024-01-01,Stearns Wharf,2024-01-01,34.408043,-119.68485,1,2024,0.0,14.8,4.322,0.647,1.393,0,16.34653008714014,1.8389795349568736,-0.1233332497732979,25.74571348939623,1,14.8,15.2,4.281499999999999,4.241,0.631,0.615,1.292,0.874,6.680061823802164,0,46053,3.284,2.641,15.404,263.905,1018.942,15.243,16.479
2024-01-08,Stearns Wharf,2024-01-08,34.408043,-119.68485,1,2024,0.0,13.5,6.299,2.736,0.815,0,15.67367308480399,1.3004081352632877,-0.1709523882184709,18.20571389368602,1,14.8,14.8,4.322,4.281499999999999,0.647,0.631,1.393,1.292,2.302266081871345,0,46053,5.478,1.82,13.099,266.152,1018.605,14.705,15.971
2024-01-15,Stearns Wharf,2024-01-16,34.408043,-119.68485,1,2024,0.0,12.7,5.681,1.849,2.388,0,14.785816066119136,0.5432652955000498,0.008095241728283,7.605714137000697,1,13.5,14.8,6.299,4.322,2.736,0.647,0.815,1.393,3.0724716062736617,0,46053,5.463,1.441,10.874,268.821,1018.195,13.399,14.89
2024-01-22,Stearns Wharf,2024-01-22,34.408043,-119.68485,1,2024,0.0,13.7,3.57,1.007,2.16,0,14.483060943837067,0.3368367281343256,0.0985713686261857,4.715714193880558,1,12.7,13.5,5.681,6.299,1.849,2.736,2.388,0.815,3.545183714001986,0,46053,3.314,1.118,12.721,269.451,1014.819,13.771,14.349
2024-01-29,Stearns Wharf,2024-01-30,34.408043,-119.68485,1,2024,0.0,13.8,2.713,0.61,0.568,0,14.855305739811488,0.7630612108172202,-0.0199999128069196,10.682856951441083,1,13.7,12.7,3.57,5.681,1.007,1.849,2.16,2.388,4.447540983606558,0,46053,3.987,1.581,12.769,265.051,1016.365,14.87,14.862
2024-02-05,Stearns Wharf,2024-02-05,34.408043,-119.68485,2,2024,0.0,13.1,29.096,8.592,1.529,0,14.987040587833947,0.9378571273112783,-0.0357142857142857,13.129999782357896,1,13.8,13.7,2.713,3.57,0.61,1.007,0.568,2.16,3.386405959031657,0,46053,5.659,1.843,12.186,256.045,1013.031,14.265,14.846
2024-02-12,Stearns Wharf,2024-02-12,34.408043,-119.68485,2,2024,0.0,13.1,7.668,3.575,0.742,0,14.741938600734787,0.7349999820699498,-0.0047619683401925,10.289999748979296,1,13.1,13.8,29.096,2.713,8.592,0.61,1.529,0.568,2.144895104895105,0,46053,5.571,1.499,12.088,258.452,1012.537,13.089,14.548
2024-02-19,Stearns Wharf,2024-02-19,34.408043,-119.68485,2,2024,0.0,13.5,48.048,13.574,1.936,0,14.625918018574618,0.6557142649378095,0.0176190875825427,9.179999709129332,1,13.1,13.1,7.668,29.096,3.575,8.592,0.742,1.529,3.539708265802269,0,46053,3.383,1.272,13.713,270.089,1017.942,13.585,14.254
2024-02-26,Stearns Wharf,2024-02-26,34.408043,-119.68485,2,2024,0.0,13.5,13.896,2.774,1.217,0,14.74214253133657,0.8002040586909469,0.0433333260672432,11.202856821673256,1,13.5,13.1,48.048,7.668,13.574,3.575,1.936,0.742,5.009372746935833,0,46053,3.725,1.666,13.309,266.499,1017.13,14.36,14.562
2024-03-04,Stearns Wharf,2024-03-04,34.408043,-119.68485,3,2024,0.0,12.4,10.833,5.871,1.252,0,14.827652814436933,0.9095918131726128,-0.1114285332815987,12.73428538441658,1,13.5,13.5,13.896,48.048,2.774,13.574,1.217,1.936,1.8451711803781297,0,46053,3.96,1.077,12.968,267.712,1016.184,13.951,14.908
2024-03-11,Stearns Wharf,2024-03-11,34.408043,-119.68485,3,2024,0.048,12.8,4.909,2.166,3.751,0,14.531938582050556,0.6369387592588153,0.0019047146751766,8.917142629623413,1,12.4,13.5,10.833,13.896,5.871,2.774,1.252,1.217,2.266389658356417,0,46053,5.531,1.286,11.247,269.571,1015.704,13.553,14.292
2024-03-18,Stearns Wharf,2024-03-18,34.408043,-119.68485,3,2024,0.0,12.9,2.05,1.668,3.778,0,14.390203874938342,0.5214285582912211,0.0185714449201311,7.299999816077096,1,12.8,12.4,4.909,10.833,2.166,5.871,3.751,1.252,1.229016786570743,0,46053,4.895,1.548,13.527,269.231,1014.263,13.834,13.879
2024-03-25,Stearns Wharf,2024-03-25,34.408043,-119.68485,3,2024,0.0,9.6,28.23,23.397,0.379,0,14.073367060447223,0.2367346888141972,-0.270000003633045,6.368571297398636,1,12.9,12.8,2.05,4.909,1.668,2.166,3.778,3.751,1.2065649442236186,0,46053,3.944,1.114,14.363,269.26,1014.735,13.48,14.723
2024-04-01,Stearns Wharf,2024-04-02,34.408043,-119.68485,4,2024,0.0,11.9,18.735,7.664,6.698,0,13.427040538009331,-0.3744897849629728,0.1100000199817475,2.178571393447263,1,9.6,12.9,28.23,2.05,23.397,1.668,0.379,3.778,2.444545929018789,0,46053,6.178,1.572,12.678,271.578,1012.362,12.227,12.29
2024-04-08,Stearns Wharf,2024-04-08,34.408043,-119.68485,4,2024,0.11,12.1,12.15,8.968,4.774,1,13.389489572875354,-0.3782652930679674,0.0090475990658714,0.8214285533343041,1,11.9,9.6,18.735,28.23,7.664,23.397,6.698,0.379,1.3548171275646743,1,46053,4.992,1.381,10.492,273.295,1016.869,12.608,13.713
2024-04-15,Stearns Wharf,2024-04-15,34.408043,-119.68485,4,2024,0.0,12.9,12.282,2.483,1.913,0,13.660509907469455,-0.0785714237931735,0.0852380934215727,1.5685713876570977,1,12.1,11.9,12.15,18.735,8.968,7.664,4.774,6.698,4.946435763189689,0,46053,4.707,1.276,10.177,262.635,1014.388,12.57,13.034
2024-04-22,Stearns Wharf,2024-04-22,34.408043,-119.68485,4,2024,0.0,13.6,11.875,1.252,1.98,0,13.88357111872459,0.1347959175401804,-0.0757142929803757,3.0528570881911685,1,12.9,12.1,12.282,12.15,2.483,8.968,1.913,4.774,9.48482428115016,0,46053,2.993,0.958,8.408,269.935,1015.086,12.859,13.532
2024-04-29,Stearns Wharf,2024-04-29,34.408043,-119.68485,4,2024,0.0,13.5,24.108,17.013,1.048,0,13.964693565757909,0.160714286474549,0.1357142584664481,4.039999937372548,1,13.6,12.9,11.875,12.282,1.252,2.483,1.98,1.913,1.417034032798448,0,46053,6.323,1.279,7.874,277.726,1014.218,13.4,13.363
2024-05-06,Stearns Wharf,2024-05-06,34.408043,-119.68485,5,2024,0.0,10.4,22.585,17.846,2.667,0,13.95214251109532,0.0827551026049317,-0.066190447126116,3.732857075652906,1,13.5,13.6,24.108,11.875,17.013,1.252,1.048,1.98,1.2655497030146812,0,46053,3.498,1.577,8.963,272.275,1010.839,13.157,13.415
2024-05-06,Stearns Wharf,2024-05-12,34.408043,-119.68485,5,2024,0.0,12.8,15.016,4.174,2.992,0,13.95214251109532,0.0827551026049317,-0.066190447126116,3.732857075652906,1,10.4,13.5,22.585,24.108,17.846,17.013,2.667,1.048,3.597508385241974,0,46053,3.498,1.577,8.963,272.275,1010.839,13.157,13.415
2024-05-20,Stearns Wharf,2024-05-20,34.408043,-119.68485,5,2024,0.0,10.9,22.677,15.174,2.824,0,13.870101773009008,-0.1713265250531994,0.1304761795770554,0.7285714170762471,1,12.8,10.4,15.016,22.585,4.174,17.846,2.992,2.667,1.4944642151047844,0,46053,4.313,0.793,9.737,272.319,1013.455,12.871,13.698
2024-05-27,Stearns Wharf,2024-05-28,34.408043,-119.68485,5,2024,0.0,15.8,4.767,0.489,2.659,0,14.224081428683537,0.0083673480822115,-0.0076190403529575,1.7471428247434753,1,10.9,12.8,22.677,15.016,15.174,4.174,2.824,2.992,9.748466257668712,0,46053,5.02,1.291,8.119,273.545,1013.546,13.147,14.481
2024-06-03,Stearns Wharf,2024-06-03,34.408043,-119.68485,6,2024,0.0,13.5,4.207,1.0,6.844,0,14.585509942502393,0.1632653034995404,0.1376190185546874,2.7171428091824055,1,15.8,10.9,4.767,22.677,0.489,15.174,2.659,2.824,4.207,0,46053,3.162,1.072,7.5,268.378,1013.847,13.108,13.731
2024-06-10,Stearns Wharf,2024-06-10,34.408043,-119.68485,6,2024,0.0,13.7,8.74,1.045,2.659,0,15.31969353617454,0.6913265122138724,0.1676190694173177,9.879999738718782,1,13.5,15.8,4.207,4.767,1.0,0.489,6.844,2.659,8.363636363636365,0,46053,2.657,1.21,10.368,271.826,1011.196,14.444,15.563
2024-06-17,Stearns Wharf,2024-06-18,34.408043,-119.68485,6,2024,0.0,17.4,8.02,0.709,1.628,0,16.29846920285906,1.4382652686338644,-0.0138094765799386,20.1357137608741,1,13.7,13.5,8.74,4.207,1.045,1.0,2.659,6.844,11.311706629055006,0,46053,3.515,1.226,10.043,268.482,1011.264,15.351,16.188
2024-06-24,Stearns Wharf,2024-06-25,34.408043,-119.68485,6,2024,0.0,16.5,6.717,0.233,2.626,0,16.829183617416692,1.662244851187784,-0.0195238022577194,23.271427916628973,1,17.4,13.7,8.02,8.74,0.709,1.045,1.628,2.659,28.82832618025751,0,46053,3.637,1.253,7.637,264.158,1007.717,14.352,15.109
2024-07-01,Stearns Wharf,2024-07-01,34.408043,-119.68485,7,2024,0.0,14.9,2.134,0.0,1.192,0,16.9018365509656,1.3725509847305255,0.1728570120675223,19.21571378622736,1,16.5,17.4,6.717,8.02,0.233,0.709,2.626,1.628,,0,46053,4.174,0.95,8.137,268.66,1011.014,14.796,16.018
2024-07-08,Stearns Wharf,2024-07-08,34.408043,-119.68485,7,2024,0.0,16.0,9.432,0.119,1.949,0,17.167550768171036,1.269693855728422,-0.0342856815883091,17.775713980197906,1,14.9,16.5,2.134,6.717,0.0,0.233,1.192,2.626,79.26050420168067,0,46053,3.371,1.017,8.005,269.036,1010.374,14.475,16.05
2024-07-15,Stearns Wharf,2024-07-15,34.408043,-119.68485,7,2024,0.0,15.3,9.542,0.0,11.289,0,17.670815954403,1.4109183361335675,0.0357142857142857,19.75285670586995,1,16.0,14.9,9.432,2.134,0.119,0.0,1.949,1.192,,0,46053,3.963,0.8,7.343,264.5,1011.009,14.203,16.679
2024-07-22,Stearns Wharf,2024-07-23,34.408043,-119.68485,7,2024,0.0,14.3,11.119,0.212,3.58,0,17.82101989278988,1.257346902422759,-0.1004761287144252,17.61428520509175,1,15.3,16.0,9.542,9.432,0.0,0.119,11.289,1.949,52.44811320754717,0,46053,5.343,0.994,6.786,265.218,1013.188,15.646,16.759
2024-07-29,Stearns Wharf,2024-07-29,34.408043,-119.68485,7,2024,0.039,15.2,3.109,0.0,2.233,0,17.399693411223744,0.6024489582003075,-0.0171428862072172,9.317142545910816,1,14.3,15.3,11.119,9.542,0.212,0.0,3.58,11.289,,0,46053,5.345,1.107,7.568,270.045,1012.066,15.139,16.992
2024-08-05,Stearns Wharf,2024-08-05,34.408043,-119.68485,8,2024,0.0,15.5,1.005,0.0,1.482,0,16.909693406552684,-0.1029591836909554,0.0252381279355003,1.3414285063211406,0,15.2,14.3,3.109,11.119,0.0,0.212,2.233,3.58,,0,46053,5.508,0.892,6.017,263.193,1012.932,14.562,16.089
2024-08-12,Stearns Wharf,2024-08-12,34.408043,-119.68485,8,2024,0.0,15.8,3.437,0.0,26.001,0,17.253162928989955,0.025612242177737,0.2490475972493489,2.835714188005243,1,15.5,15.2,1.005,3.109,0.0,0.0,1.482,2.233,,0,46053,4.311,0.94,7.767,264.478,1011.611,15.036,16.584
2024-08-19,Stearns Wharf,2024-08-19,34.408043,-119.68485,8,2024,0.0,18.5,3.738,0.0,3.813,0,18.397040503365652,0.9922448754766766,0.0609522319975353,14.45714253612927,1,15.8,15.5,3.437,1.005,0.0,0.0,26.001,1.482,,0,46053,4.036,1.008,6.694,269.622,1011.772,16.52,17.308
2024-08-26,Stearns Wharf,2024-08-26,34.408043,-119.68485,8,2024,0.0,18.6,5.833,0.268,1.407,0,19.181325893012847,1.6817346653159784,0.0171428862072172,23.544285314423696,1,18.5,15.8,3.738,3.437,0.0,0.0,3.813,26.001,21.76492537313433,0,46053,4.638,1.044,7.673,259.741,1012.988,17.393,17.759
2024-09-02,Stearns Wharf,2024-09-03,34.408043,-119.68485,9,2024,0.035,18.3,2.654,0.162,1.205,0,19.35591763866191,1.8085713921761024,-0.0042857215518043,25.31999949046544,1,18.6,18.5,5.833,3.738,0.268,0.0,1.407,3.813,16.382716049382715,0,46053,3.805,0.747,8.386,266.507,1013.801,16.409,18.233
2024-09-09,Stearns Wharf,2024-09-09,34.408043,-119.68485,9,2024,0.0,18.9,3.155,0.0,2.302,0,19.10836667430644,1.5151019971437598,-0.2009522574288504,21.21142796001264,1,18.3,18.6,2.654,5.833,0.162,0.268,1.205,1.407,,0,46053,5.399,1.132,7.28,265.578,1009.575,17.677,18.442
2024-09-16,Stearns Wharf,2024-09-16,34.408043,-119.68485,9,2024,0.497,16.2,2.706,0.214,1.208,1,18.342142377580917,0.7168367089969772,0.0180951981317429,10.03571392595768,1,18.9,18.3,3.155,2.654,0.0,0.162,2.302,1.205,12.644859813084112,1,46053,4.525,1.131,7.262,261.699,1008.414,15.991,16.767
2024-09-23,Stearns Wharf,2024-09-23,34.408043,-119.68485,9,2024,0.602,15.8,3.316,0.192,2.589,1,17.916938509259904,0.3165306018627419,-0.0476190476190475,4.431428426078388,1,16.2,18.9,2.706,3.155,0.214,0.0,1.208,2.302,17.270833333333332,1,46053,4.673,1.035,8.199,270.561,1011.02,16.438,17.52
2024-09-30,Stearns Wharf,2024-09-30,34.408043,-119.68485,9,2024,0.021,15.4,4.201,0.143,5.513,0,17.876530374799454,0.3534693781818662,0.0376190912155877,4.948571294546127,1,15.8,16.2,3.316,2.706,0.192,0.214,2.589,1.208,29.377622377622377,0,46053,3.322,1.032,11.536,274.683,1009.918,15.384,17.572
2024-10-07,Stearns Wharf,2024-10-07,34.408043,-119.68485,10,2024,0.0,17.3,2.93,0.299,11.049,0,17.857652742035533,0.4215306017015661,0.0076190403529575,6.291428409516811,1,15.4,15.8,4.201,3.316,0.143,0.192,5.513,2.589,9.79933110367893,0,46053,3.024,1.589,11.201,278.433,1010.621,16.447,17.855
2024-10-14,Stearns Wharf,2024-10-14,34.408043,-119.68485,10,2024,0.029,17.3,2.999,0.202,1.323,0,17.909693445478165,0.5645918259207083,0.0128571646554129,8.294285548584801,1,17.3,15.4,2.93,4.201,0.299,0.143,11.049,5.513,14.846534653465346,0,46053,3.04,,,,1013.079,16.376,18.159
2024-10-21,Stearns Wharf,2024-10-21,34.408043,-119.68485,10,2024,0.0,16.5,4.83,0.305,1.882,0,18.04244858877999,0.8517346798765416,-0.0266667320614769,11.924285518271583,1,17.3,17.3,2.999,2.93,0.202,0.299,1.323,11.049,15.836065573770492,0,46053,2.702,0.777,8.91,264.735,1014.016,17.328,18.116
2024-10-28,Stearns Wharf,2024-10-28,34.408043,-119.68485,10,2024,0.0,16.9,3.447,0.229,1.918,0,17.673775303120514,0.7247959079258904,-0.2538094293503534,11.049999818738018,1,16.5,17.3,4.83,2.999,0.305,0.202,1.882,1.323,15.052401746724891,0,46053,3.253,0.739,10.847,266.812,1014.66,16.591,17.625
2024-11-04,Stearns Wharf,2024-11-04,34.408043,-119.68485,11,2024,0.0,14.1,9.398,0.248,10.184,0,16.667244726297806,-0.0104081604667768,-0.0238095692225864,3.877142797889454,0,16.9,16.5,3.447,4.83,0.229,0.305,1.918,1.882,37.89516129032258,0,46053,6.382,1.592,10.565,276.383,1013.454,15.623,16.189
2024-11-11,Stearns Wharf,2024-11-11,34.408043,-119.68485,11,2024,0.0,14.2,2.759,0.202,2.749,0,15.890305859701972,-0.5138775411499094,-0.1938095546904064,0.0042857141899211,0,14.1,16.9,9.398,3.447,0.248,0.229,10.184,1.918,13.658415841584157,0,46053,2.466,1.106,12.194,265.952,1014.761,15.828,15.792
2024-11-18,Stearns Wharf,2024-11-18,34.408043,-119.68485,11,2024,0.0,11.8,13.939,12.133,0.814,0,15.081836359841484,-1.0421428364150378,-0.069523811340332,0.0,0,14.2,14.1,2.759,9.398,0.202,0.248,2.749,10.184,1.148850243138548,0,46053,5.708,1.741,11.73,272.375,1014.418,14.484,14.745
2024-11-25,Stearns Wharf,2024-11-25,34.408043,-119.68485,11,2024,0.0,13.1,5.606,3.415,4.515,0,14.33255064244173,-1.4946938351709014,0.040952410016741,0.0,0,11.8,14.2,13.939,2.759,12.133,0.202,0.814,2.749,1.6415812591508052,0,46053,3.542,1.403,11.901,272.411,1016.605,13.556,13.873
2024-12-02,Stearns Wharf,2024-12-02,34.408043,-119.68485,12,2024,0.0,12.8,7.37,0.655,7.492,0,14.274999637993014,-1.2447958831884425,-0.0223810105096726,0.0,0,13.1,11.8,5.606,13.939,3.415,12.133,4.515,0.814,11.251908396946565,0,46053,2.099,0.555,12.288,258.477,1016.927,13.931,14.286
2024-12-09,Stearns Wharf,2024-12-09,34.408043,-119.68485,12,2024,0.0,12.3,7.964,0.0,58.901,0,14.259183241396531,-0.95193875748284,-0.0799999691191173,0.0,0,12.8,13.1,7.37,5.606,0.655,3.415,7.492,4.515,,0,46053,2.469,1.143,12.617,273.389,1018.058,12.876,14.365
2024-12-16,Stearns Wharf,2024-12-17,34.408043,-119.68485,12,2024,0.0,12.5,7.151,3.315,7.974,0,14.031734271925322,-0.8853061010642927,0.0395238513038271,0.0,0,12.3,12.8,7.964,7.37,0.0,0.655,58.901,7.492,2.1571644042232276,0,46053,3.442,2.314,11.566,279.854,1019.112,13.535,14.16
2024-12-30,Stearns Wharf,2024-12-30,34.408043,-119.68485,12,2024,0.0,13.8,10.012,0.141,25.196,0,13.818163005673156,-0.7298979397330966,0.02285707564581,0.0,0,12.5,12.3,7.151,7.964,3.315,0.0,7.974,58.901,71.00709219858157,0,46053,4.946,,,,1017.353,13.591,13.431
2025-01-06,Stearns Wharf,2025-01-06,34.408043,-119.68485,1,2025,0.0,12.8,8.151,1.636,0.982,0,13.845203740256173,-0.5671428414631863,0.0052380788893926,0.0,0,13.8,12.5,10.012,7.151,0.141,3.315,25.196,7.974,4.982273838630807,0,46053,2.538,1.763,15.47,270.074,1017.12,12.763,13.349
2025-01-13,Stearns Wharf,2025-01-13,34.408043,-119.68485,1,2025,0.0,12.5,7.188,2.277,3.146,0,13.81612206478508,-0.4624489687231122,-0.0690475645519438,0.0,0,12.8,13.8,8.151,10.012,1.636,0.141,0.982,25.196,3.156785243741765,0,46053,3.313,1.456,14.345,274.287,1017.913,14.291,13.668
2025-01-20,Stearns Wharf,2025-01-20,34.408043,-119.68485,1,2025,0.0,13.2,7.319,1.606,1.118,0,13.627550689541565,-0.5422448876256846,0.036666643051874,0.0,0,12.5,12.8,7.188,8.151,2.277,1.636,3.146,0.982,4.557285180572851,0,46053,3.581,1.072,14.175,267.452,1021.285,13.29,13.726
2025-01-27,Stearns Wharf,2025-01-27,34.408043,-119.68485,1,2025,0.0,12.1,10.957,2.799,4.893,0,13.579081350443316,-0.5242857075467401,0.0052380788893926,0.0,0,13.2,12.5,7.319,7.188,1.606,2.277,1.118,3.146,3.9146123615576993,0,46053,2.693,0.991,14.728,272.857,1019.646,13.29,13.716
2025-02-03,Stearns Wharf,2025-02-03,34.408043,-119.68485,2,2025,0.13,13.1,4.625,1.334,1.087,1,13.644795602681686,-0.413469382390684,0.0023810068766276,0.0,0,12.1,13.2,10.957,7.319,2.799,1.606,4.893,1.118,3.467016491754123,1,46053,3.671,0.812,9.71,273.106,1019.461,12.363,13.281
2025-02-10,Stearns Wharf,2025-02-10,34.408043,-119.68485,2,2025,0.0,13.6,3.362,0.122,1.438,0,13.634897699161453,-0.380816318702941,-0.0909523736862908,0.0,0,13.1,12.1,4.625,10.957,1.334,2.799,1.087,4.893,27.557377049180328,0,46053,4.997,1.122,9.615,262.854,1015.502,12.854,13.321
2025-02-17,Stearns Wharf,2025-02-18,34.408043,-119.68485,2,2025,0.0,13.5,8.909,5.282,1.525,0,13.410918167659217,-0.5648979503585367,0.0666666030883788,0.0,0,13.6,13.1,3.362,4.625,0.122,1.334,1.438,1.087,1.6866717152593715,0,46053,6.143,1.732,10.275,271.651,1015.52,12.39,12.857
2025-02-24,Stearns Wharf,2025-02-24,34.408043,-119.68485,2,2025,0.0,13.8,7.768,1.228,1.026,0,13.4819384886294,-0.4635714212888661,0.0147619247436523,0.0171428567596843,1,13.5,13.6,8.909,3.362,5.282,0.122,1.525,1.438,6.3257328990228014,0,46053,3.292,1.617,12.486,274.029,1016.628,13.194,13.044
2025-03-03,Stearns Wharf,2025-03-03,34.408043,-119.68485,3,2025,0.0,11.6,19.199,16.689,0.328,0,13.36408129516913,-0.5565305967073964,-0.2323809124174571,0.0199999995529651,0,13.8,13.5,7.768,8.909,1.228,5.282,1.026,1.525,1.1503984660554858,0,46053,4.538,,,,1014.842,13.707,13.347
2025-03-10,Stearns Wharf,2025-03-10,34.408043,-119.68485,3,2025,1.698,11.3,16.948,14.949,2.212,1,12.580407891954694,-1.3152040466286092,0.0019047600882394,0.0028571427932807,0,11.6,13.8,19.199,7.768,16.689,1.228,0.328,1.026,1.1337213191517828,1,46053,6.282,,,,1017.428,11.449,12.161
2025-03-17,Stearns Wharf,2025-03-17,34.408043,-119.68485,3,2025,1.504,12.6,6.207,5.474,1.698,1,12.22632634883024,-1.6449999526447177,0.1652380625406901,0.0,0,11.3,11.6,16.948,19.199,14.949,16.689,2.212,0.328,1.1339057362075264,1,46053,5.196,1.755,12.039,276.21,1013.672,11.609,11.982
2025-03-24,Stearns Wharf,2025-03-24,34.408043,-119.68485,3,2025,0.261,14.5,0.35,0.171,1.198,1,12.828571202803632,-1.0123469038885466,0.0295238040742419,0.0,0,12.6,11.3,6.207,16.948,5.474,14.949,1.698,2.212,2.0467836257309937,1,46053,4.291,1.91,13.551,275.047,1018.299,12.895,12.472
2025-03-31,Stearns Wharf,2025-03-31,34.408043,-119.68485,3,2025,0.0,14.9,4.808,0.833,2.077,0,13.180815988657423,-0.624693864690406,-0.138095219930013,0.0,0,14.5,12.6,0.35,6.207,0.171,5.474,1.198,1.698,5.771908763505402,0,46053,4.866,,,,1015.117,12.547,12.889
2025-04-07,Stearns Wharf,2025-04-07,34.408043,-119.68485,4,2025,0.0,11.9,27.739,20.956,0.142,0,12.946224173721005,-0.823775498956746,0.1833333060854956,0.0557142836706978,1,14.9,14.5,4.808,0.35,0.833,0.171,2.077,1.198,1.3236781828593245,0,46053,6.051,0.772,6.407,263.426,1016.152,12.463,12.288
2025-04-14,Stearns Wharf,2025-04-14,34.408043,-119.68485,4,2025,0.484,13.9,10.763,2.351,4.116,1,13.292142537175392,-0.446224481133478,-0.007142838977632,0.3557142759008067,1,11.9,14.9,27.739,4.808,20.956,0.833,0.142,2.077,4.57805189281157,1,46053,3.323,1.408,11.641,269.09,1015.534,12.743,12.692
2025-04-21,Stearns Wharf,2025-04-21,34.408043,-119.68485,4,2025,1.521,13.4,6.339,1.12,4.63,1,13.76050987049025,0.0182653056951809,0.0380952017647879,0.7999999823846987,1,13.9,11.9,10.763,27.739,2.351,20.956,4.116,0.142,5.659821428571428,1,46053,3.375,0.924,10.918,270.598,1015.105,12.463,12.527
2025-04-28,Stearns Wharf,2025-04-28,34.408043,-119.68485,4,2025,0.684,13.5,6.087,1.775,3.691,1,13.966734341212682,0.173571426003259,0.0466666902814592,2.5671428189213787,1,13.4,13.9,6.339,10.763,1.12,2.351,4.63,4.116,3.4292957746478874,1,46053,4.578,0.906,8.803,272.173,1013.742,12.55,13.365
2025-05-05,Stearns Wharf,2025-05-05,34.408043,-119.68485,5,2025,0.234,15.6,3.138,0.521,0.27,1,14.459285376023272,0.6008163115047679,0.2323809124174572,8.41428550386003,1,13.5,13.4,6.087,6.339,1.775,1.12,3.691,4.63,6.023032629558541,1,46053,4.616,1.159,9.433,266.746,1013.616,13.078,13.747
2025-05-12,Stearns Wharf,2025-05-12,34.408043,-119.68485,5,2025,0.0,16.9,3.698,0.332,0.716,0,15.06816293755356,1.1445917946343518,-0.1833333060854957,16.024285124880926,1,15.6,13.5,3.138,6.087,0.521,1.775,0.27,3.691,11.138554216867467,0,46053,3.607,1.153,10.233,269.553,1012.559,14.229,15.015
2025-05-19,Stearns Wharf,2025-05-19,34.408043,-119.68485,5,2025,0.0,16.8,12.615,0.613,2.071,0,15.266428198133196,1.2456122022502278,0.1823809487479073,17.43857083150319,1,16.9,15.6,3.698,3.138,0.332,0.521,0.716,0.27,20.579119086460032,0,46053,6.737,1.423,6.952,264.244,1012.717,13.791,13.665
2025-05-26,Stearns Wharf,2025-05-26,34.408043,-119.68485,5,2025,0.0,17.9,7.515,0.218,0.549,0,15.629591464996338,1.441938743907578,0.1185713722592308,20.187142414706095,1,16.8,16.9,12.615,3.698,0.613,0.332,2.071,0.716,34.47247706422018,0,46053,3.902,1.479,8.639,267.592,1012.389,14.408,14.646
2025-06-02,Stearns Wharf,2025-06-02,34.408043,-119.68485,6,2025,0.0,17.2,13.999,0.457,3.623,0,16.391938277653285,1.9984693539385892,-0.0152380807059151,27.97857095514025,1,17.9,16.8,7.515,12.615,0.218,0.613,0.549,2.071,30.632385120350108,0,46053,3.617,1.262,8.567,268.246,1013.209,14.32,15.335
2025-06-09,Stearns Wharf,2025-06-09,34.408043,-119.68485,6,2025,0.0,16.0,11.672,0.6,0.344,0,16.732448441641672,2.1324489359952965,0.0366666884649367,29.854285103934153,1,17.2,17.9,13.999,7.515,0.457,0.218,3.623,0.549,19.453333333333337,0,46053,4.707,0.932,10.299,273.501,1012.664,15.029,16.948
2025-06-16,Stearns Wharf,2025-06-16,34.408043,-119.68485,6,2025,0.0,17.8,3.269,0.497,1.498,0,16.825509849859746,2.0017346411335226,-0.0133333660307384,28.02428497586931,1,16.0,17.2,11.672,13.999,0.6,0.457,0.344,3.623,6.577464788732395,0,46053,3.622,1.094,7.099,263.149,1011.073,15.603,16.32
2025-06-23,Stearns Wharf,2025-06-23,34.408043,-119.68485,6,2025,0.12,17.9,20.689,5.384,0.766,1,17.00673418628926,1.8893877097538536,0.1623810359409876,26.451427936553955,1,17.8,16.0,3.269,11.672,0.497,0.6,1.498,0.344,3.842682020802377,1,46053,5.027,1.673,7.897,267.36,1009.247,15.536,15.889
2025-06-30,Stearns Wharf,2025-06-30,34.408043,-119.68485,6,2025,0.0,16.9,24.934,6.67,0.918,0,17.41989737140889,1.9434693224576056,-0.020000003633045,27.20857051440648,1,17.9,17.8,20.689,3.269,5.384,0.497,0.766,1.498,3.7382308845577215,0,46053,4.177,1.034,7.967,264.266,1012.889,14.423,16.647
2025-07-07,Stearns Wharf,2025-07-07,34.408043,-119.68485,7,2025,0.0,17.6,19.132,4.038,0.526,0,17.786734308515275,1.939795848666405,-0.0690476553780691,27.15714188132967,1,16.9,17.9,24.934,20.689,6.67,5.384,0.918,0.766,4.737989103516592,0,46053,4.351,0.883,7.018,266.433,1012.404,15.09,17.181
2025-07-14,Stearns Wharf,2025-07-14,34.408043,-119.68485,7,2025,0.0,15.4,20.398,10.635,1.71,0,17.914081184231506,1.7014285268224014,0.0976190112885975,23.81999937551362,1,17.6,16.9,19.132,24.934,4.038,6.67,0.526,0.918,1.9180065820404328,0,46053,5.086,0.984,6.802,262.955,1013.801,14.895,16.745
2025-07-21,Stearns Wharf,2025-07-21,34.408043,-119.68485,7,2025,0.0,16.8,23.595,10.371,3.051,0,17.923366780183752,1.3969387399907016,-0.0976190112885974,19.55714235986982,1,15.4,17.6,20.398,19.132,10.635,4.038,1.71,0.526,2.275094012149262,0,46053,4.052,0.787,7.987,268.045,1013.183,15.868,17.467
2025-07-28,Stearns Wharf,2025-07-28,34.408043,-119.68485,7,2025,0.0,16.5,39.918,19.896,7.312,0,17.54132601679588,0.7752040615685436,-0.0285714467366536,10.861428290339452,1,16.8,15.4,23.595,20.398,10.371,10.635,3.051,1.71,2.0063329312424605,0,46053,4.948,0.803,5.526,256.826,1014.611,16.297,17.194
2025-08-04,Stearns Wharf,2025-08-04,34.408043,-119.68485,8,2025,0.0,16.8,28.962,11.42,6.943,0,17.050101611079004,0.0683673468931597,-0.0623809269496372,2.855714220553637,0,16.5,16.8,39.918,23.595,19.896,10.371,7.312,3.051,2.536077057793345,0,46053,3.792,0.978,6.217,265.97,1015.267,15.49,15.724
2025-08-11,Stearns Wharf,2025-08-11,34.408043,-119.68485,8,2025,0.0,17.4,11.569,3.317,1.227,0,16.998469021855566,-0.1986734627612998,0.2257142748151506,1.1985714137554169,1,16.8,16.5,28.962,39.918,11.42,19.896,6.943,7.312,3.487790171842026,0,46053,4.463,1.12,7.403,265.508,1012.523,14.439,15.369
2025-08-18,Stearns Wharf,2025-08-18,34.408043,-119.68485,8,2025,0.0,19.0,3.273,0.466,1.193,0,18.258264989269023,0.8760203937144607,0.4271429152715774,14.365714039919633,1,17.4,16.8,11.569,28.962,3.317,11.42,1.227,6.943,7.023605150214592,0,46053,3.563,0.962,6.767,264.611,1012.495,16.159,16.782
2025-08-25,Stearns Wharf,2025-08-25,34.408043,-119.68485,8,2025,0.0,19.6,6.447,0.665,1.15,0,20.10173441439259,2.6132652586592093,-0.0376190912155877,36.59714219240205,1,19.0,17.4,3.273,11.569,0.466,3.317,1.193,1.227,9.694736842105264,0,46053,4.085,1.012,7.356,267.036,1011.123,18.318,19.572
2025-09-01,Stearns Wharf,2025-09-01,34.408043,-119.68485,9,2025,0.0,20.4,2.409,0.409,0.759,0,21.02499965745576,3.4859182907610524,-0.0038096110026041,48.802856070654734,1,19.6,19.0,6.447,3.273,0.665,0.466,1.15,1.193,5.88997555012225,0,46053,4.531,0.826,7.128,273.312,1012.834,18.851,20.316
2025-09-08,Stearns Wharf,2025-09-08,34.408043,-119.68485,9,2025,0.0,20.5,1.117,0.0,0.467,0,20.92836673892274,3.3436733922179864,-0.1280951727004278,46.81142749105181,1,20.4,19.6,2.409,6.447,0.409,0.665,0.759,1.15,,0,46053,5.094,0.988,6.555,266.572,1011.534,19.476,20.905
2025-09-15,Stearns Wharf,2025-09-15,34.408043,-119.68485,9,2025,0.0,19.9,0.726,0.144,0.56,0,20.45377478307607,2.832857071136942,0.026190439860026,39.659998995917185,1,20.5,20.4,1.117,2.409,0.0,0.409,0.467,0.759,5.041666666666667,0,46053,4.654,1.041,7.152,267.066,1011.829,19.429,20.074
2025-09-22,Stearns Wharf,2025-09-22,34.408043,-119.68485,9,2025,0.0,20.1,1.726,0.15,1.071,0,20.26316261291504,2.6590815587919585,-0.0580952053978329,37.22714182308742,1,19.9,20.5,0.726,1.117,0.144,0.0,0.56,0.467,11.506666666666668,0,46053,4.252,0.931,8.756,270.737,1010.868,18.608,19.995
2025-09-29,Stearns Wharf,2025-09-29,34.408043,-119.68485,9,2025,0.0,19.1,3.255,0.156,1.302,0,20.08887699672154,2.5568366671095086,-0.0504761650448753,35.79571333953312,1,20.1,19.9,1.726,0.726,0.15,0.144,1.071,0.56,20.865384615384613,0,46053,3.822,0.808,9.033,264.06,1011.087,18.649,19.773
2025-10-06,Stearns Wharf,2025-10-06,34.408043,-119.68485,10,2025,0.0,19.5,1.773,0.0,0.959,0,19.689591329924916,2.2418366755758012,-0.067142849876767,31.38571345806122,1,19.1,20.1,3.255,1.726,0.156,0.15,1.302,1.071,,0,46053,4.872,1.087,9.992,265.976,1012.797,18.855,19.401
2025-10-13,Stearns Wharf,2025-10-13,34.408043,-119.68485,10,2025,0.0,18.5,1.367,0.0,1.302,0,19.080815762889625,1.7204081203256334,-0.0100000472295851,24.08571368455887,1,19.5,19.1,1.773,3.255,0.0,0.156,0.959,1.302,,0,46053,4.316,0.95,9.567,265.024,1009.216,18.203,19.017
2025-10-20,Stearns Wharf,2025-10-20,34.408043,-119.68485,10,2025,0.0,18.1,1.744,0.14,0.831,0,18.712346407831937,1.4926530274809624,-0.1285712832496279,20.89714238473347,1,18.5,19.5,1.367,1.773,0.0,0.0,1.302,0.959,12.457142857142856,0,46053,3.405,1.109,10.895,270.271,1011.064,17.552,18.456
2025-10-27,Stearns Wharf,2025-10-27,34.408043,-119.68485,10,2025,0.0,17.6,2.896,0.35,0.332,0,18.440101720848865,1.4523469094110997,-0.0414287022181919,20.332856731755392,1,18.1,18.5,1.744,1.367,0.14,0.0,0.831,1.302,8.274285714285714,0,46053,3.874,1.258,12.894,271.491,1014.947,16.848,17.977
2025-11-03,Stearns Wharf,2025-11-03,34.408043,-119.68485,11,2025,0.0,17.2,2.926,0.499,1.235,0,18.029693564590143,1.314489767259481,0.0342857724144344,18.402856741632736,1,17.6,18.1,2.896,1.744,0.35,0.14,0.332,0.831,5.86372745490982,0,46053,3.182,1.272,10.697,268.75,1013.869,16.455,17.372
2025-11-10,Stearns Wharf,2025-11-10,34.408043,-119.68485,11,2025,0.0,17.8,2.427,0.104,0.51,0,17.839183223490814,1.3969387405989122,-0.08000001453218,19.55714236838477,1,17.2,17.6,2.926,2.896,0.499,0.35,1.235,0.332,23.336538461538463,0,46053,2.651,1.439,12.984,275.824,1015.905,16.854,17.767
2025-11-17,Stearns Wharf,2025-11-17,34.408043,-119.68485,11,2025,0.0,17.1,3.853,1.859,6.065,0,17.53816271801384,1.3744897574794537,-0.0519047691708519,19.24285660471235,1,17.8,17.2,2.427,2.926,0.104,0.499,0.51,1.235,2.0726196880043033,0,46053,4.057,1.11,11.197,263.842,1014.364,15.745,17.25
2025-11-24,Stearns Wharf,2025-11-24,34.408043,-119.68485,11,2025,0.0,16.8,2.824,0.12,6.065,0,17.266530095314494,1.3965305783310715,0.060952413649786,19.551428096635,1,17.1,17.8,3.853,2.427,1.859,0.104,6.065,0.51,23.53333333333333,0,46053,4.147,1.393,10.648,262.868,1013.073,15.454,17.111
2025-12-01,Stearns Wharf,2025-12-01,34.408043,-119.68485,12,2025,0.0,16.2,3.079,0.188,6.065,0,17.41887715398049,1.855612201350076,0.0176189967564174,25.978570818901066,1,16.8,17.1,2.824,3.853,0.12,1.859,6.065,6.065,16.377659574468087,0,46053,1.774,1.175,14.065,272.759,1016.145,16.674,17.59
2025-12-08,Stearns Wharf,2025-12-08,34.408043,-119.68485,12,2025,0.0,16.9,1.979,0.0,6.065,0,17.590407682924855,2.335918310953646,-0.0323809669131324,32.702856353351045,1,16.2,16.8,3.079,2.824,0.188,0.12,6.065,6.065,,0,46053,2.442,1.291,12.947,272.926,1016.411,16.533,17.529
2025-12-15,Stearns Wharf,2025-12-15,34.408043,-119.68485,12,2025,0.0,17.0,1.54,0.0,6.065,0,17.553570922540157,2.598163203317292,0.0095238458542596,36.37428484644209,1,16.9,16.2,1.979,3.079,0.0,0.188,6.065,6.065,,0,46053,2.042,0.964,12.291,277.075,1016.021,16.334,17.587
2025-12-22,Stearns Wharf,2025-12-22,34.408043,-119.68485,12,2025,0.0,17.0,1.989,0.0,6.065,0,17.32428519579829,2.602755035672869,-0.119047619047619,36.438570499420166,1,17.0,16.9,1.54,1.979,0.0,0.0,6.065,6.065,,0,46053,3.491,1.246,9.927,269.925,1015.715,16.864,17.088
2026-01-05,Stearns Wharf,2026-01-05,34.408043,-119.68485,1,2026,0.0,15.8,14.933,2.283,6.065,0,16.281020213146597,1.8519387451969849,-0.0357142857142856,25.927142432757787,1,17.0,17.0,1.989,1.54,0.0,0.0,6.065,6.065,6.540954883924661,0,46053,3.388,0.979,6.98,193.111,1017.19,16.188,15.147
2026-01-12,Stearns Wharf,2026-01-12,34.408043,-119.68485,1,2026,0.0,15.5,14.933,2.283,6.065,0,16.017142480733444,1.7222448721223949,0.0214285169328961,24.111428209713527,1,15.8,17.0,14.933,1.989,2.283,0.0,6.065,6.065,6.540954883924661,0,46053,,,,,,,
2026-01-19,Stearns Wharf,2026-01-19,34.408043,-119.68485,1,2026,0.0,15.9,14.933,2.283,6.065,0,16.008979116167342,1.8273469002879392,-0.0090475990658714,25.582856604031154,1,15.5,15.8,14.933,14.933,2.283,2.283,6.065,6.065,6.540954883924661,0,46053,,,,,,,
2026-01-26,Stearns Wharf,2026-01-26,34.408043,-119.68485,1,2026,0.0,15.3,14.933,2.283,6.065,0,16.006428163878773,1.8956122009121643,0.031428609575544,26.5385708127703,1,15.9,15.5,14.933,14.933,2.283,2.283,6.065,6.065,6.540954883924661,0,46053,,,,,,,
2026-02-02,Stearns Wharf,2026-02-02,34.408043,-119.68485,2,2026,0.0,15.6,14.933,2.283,6.065,0,16.092550715621638,2.0284693399254157,0.04000000726609,28.39857075895582,1,15.3,15.9,14.933,14.933,2.283,2.283,6.065,6.065,6.540954883924661,0,46053,,,,,,,
2026-02-09,Stearns Wharf,2026-02-09,34.408043,-119.68485,2,2026,0.0,16.3,14.933,2.283,6.065,0,16.289489454152633,2.2689795348109034,-0.060952413649786,31.765713487352645,1,15.6,15.3,14.933,14.933,2.283,2.283,6.065,6.065,6.540954883924661,0,46053,,,,,,,
2026-02-16,Stearns Wharf,2026-02-16,34.408043,-119.68485,2,2026,0.0,16.6,14.933,2.283,6.065,0,16.031019989325078,2.0505101480046095,-0.1609523409888857,28.707142072064535,1,16.3,15.6,14.933,14.933,2.283,2.283,6.065,6.065,6.540954883924661,0,46053,,,,,,,
2026-02-23,Stearns Wharf,2026-02-23,34.408043,-119.68485,2,2026,0.0,14.1,14.933,2.283,6.065,0,15.393469070901675,1.4432652732547449,0.0771428062802269,20.205713825566427,1,16.6,16.3,14.933,14.933,2.283,2.283,6.065,6.065,6.540954883924661,0,46053,,,,,,,
2026-03-02,Stearns Wharf,2026-03-02,34.408043,-119.68485,3,2026,0.0,16.1,14.933,2.283,6.065,0,15.133877248180156,1.208367326429912,-0.0623808815365745,16.91714257001877,1,14.1,16.6,14.933,14.933,2.283,2.283,6.065,6.065,6.540954883924661,0,46053,,,,,,,
2017-08-28,Trinidad Pier,2017-08-31,41.05495,-124.14696,8,2017,0.0926588,18.6,4.381,0.27,2.69,0,13.736326256576849,-0.1173469310208242,0.0490476063319614,2.6271428849015916,1,18.6,18.6,4.381,4.381,0.27,0.27,2.69,2.69,16.225925925925925,0,46022,3.446,1.719,8.504,319.725,1015.071,12.189,11.866
2017-08-28,Trinidad Pier,2017-08-31,41.05495,-124.14696,8,2017,0.01301433,18.6,4.381,0.27,2.69,0,13.736326256576849,-0.1173469310208242,0.0490476063319614,2.6271428849015916,1,18.6,18.6,4.381,4.381,0.27,0.27,2.69,2.69,16.225925925925925,0,46022,3.446,1.719,8.504,319.725,1015.071,12.189,11.866
2019-03-25,Trinidad Pier,2019-03-26,41.05495,-124.14696,3,2019,0.0,14.2,7.787878,2.13,2.75,0,11.169999725964605,0.1585714226322514,0.0638094856625511,2.7442856085087572,1,18.6,18.6,4.381,4.381,0.27,0.27,2.69,2.69,3.656280751173709,0,46022,4.489,,,,1017.353,,11.383
2019-03-25,Trinidad Pier,2019-03-28,41.05495,-124.14696,3,2019,0.0,14.2,7.787878,2.13,2.75,0,11.169999725964605,0.1585714226322514,0.0638094856625511,2.7442856085087572,1,14.2,18.6,7.787878,4.381,2.13,0.27,2.75,2.69,3.656280751173709,0,46022,4.489,,,,1017.353,,11.383
2019-04-01,Trinidad Pier,2019-04-04,41.05495,-124.14696,4,2019,0.003550342,14.5,8.2213575,1.2315,4.15,0,11.4677548505822,0.4373469258829647,0.0557143347603934,6.292856952973774,1,14.2,14.2,7.787878,7.787878,2.13,2.13,2.75,2.75,6.67588915956151,0,46022,6.677,,,,1019.822,,11.439
2019-04-15,Trinidad Pier,2019-04-18,41.05495,-124.14696,4,2019,0.0,14.5,8.2213575,1.2315,4.15,0,12.01530579158238,0.9362244657715972,0.0585714067731584,13.10714252080236,1,14.5,14.2,8.2213575,7.787878,1.2315,2.13,4.15,2.75,6.67588915956151,0,46022,7.351,,,,1024.279,,12.026
2019-04-22,Trinidad Pier,2019-04-25,41.05495,-124.14696,4,2019,0.0,14.5,8.2213575,1.2315,4.15,0,11.936224227048912,0.7815305936549392,-0.2228571573893229,11.308571155582156,1,14.5,14.5,8.2213575,8.2213575,1.2315,1.2315,4.15,4.15,6.67588915956151,0,46022,6.878,,,,1019.38,,12.23
2019-05-06,Trinidad Pier,2019-05-09,41.05495,-124.14696,5,2019,0.0,15.8,7.71,0.74,4.66,0,10.357346583385857,-1.0690815992349263,-0.0247618811471121,0.2414285636373928,0,14.5,14.5,8.2213575,8.2213575,1.2315,1.2315,4.15,4.15,10.41891891891892,0,46022,5.52,,,,1015.423,,9.97
2019-05-13,Trinidad Pier,2019-05-16,41.05495,-124.14696,5,2019,0.0,15.8,7.71,0.74,4.66,0,10.368673178614404,-1.2014285398989308,0.144285656156994,0.0,0,15.8,14.5,7.71,8.2213575,0.74,1.2315,4.66,4.15,10.41891891891892,0,46022,3.97,,,,1014.698,,10.244
2019-07-08,Trinidad Pier,2019-07-08,41.05495,-124.14696,7,2019,0.0,18.4,5.57,0.27,2.825,0,13.669795727243228,0.7822448801325292,0.0380952925909133,12.779999724456244,1,15.8,15.8,7.71,7.71,0.74,0.74,4.66,4.66,20.62962962962963,0,46022,,,,,,,
2019-07-29,Trinidad Pier,2019-07-30,41.05495,-124.14696,7,2019,0.009044085,18.4,5.57,0.27,2.825,0,13.221020153590612,-0.137142854001449,-0.0133333206176757,2.519999954317297,1,18.4,15.8,5.57,7.71,0.27,0.74,2.825,4.66,20.62962962962963,0,46022,,,,,,,
2019-08-19,Trinidad Pier,2019-08-22,41.05495,-124.14696,8,2019,0.21084023,18.6,4.381,0.27,2.69,1,13.86285690385468,0.0720408293513619,0.2347618738810221,7.4714285380073955,1,18.4,18.4,5.57,5.57,0.27,0.27,2.825,2.825,16.225925925925925,1,46022,,,,,,,
2019-08-26,Trinidad Pier,2019-08-30,41.05495,-124.14696,8,2019,0.06992477,18.6,4.381,0.27,2.69,0,13.59683643068586,-0.2503061150865895,0.1980952308291481,3.4385713221771375,1,18.6,18.4,4.381,5.57,0.27,0.27,2.69,2.825,16.225925925925925,0,46022,,,,,,,
2019-09-09,Trinidad Pier,2019-09-10,41.05495,-124.14696,9,2019,0.008920267,18.8,3.789,0.24,2.345,0,15.526020157093903,1.6477550681756468,0.1976190748668852,23.46428522893361,1,18.6,18.6,4.381,4.381,0.27,0.27,2.69,2.69,15.7875,0,46022,,,,,,,
2019-09-23,Trinidad Pier,2019-09-25,41.05495,-124.14696,9,2019,0.019197147,18.8,3.789,0.24,2.345,0,15.358265059334892,1.5718367197075669,-0.379523822239467,23.659999753747663,1,18.8,18.6,3.789,4.381,0.24,0.27,2.345,2.69,15.7875,0,46022,,,,,,,
2020-01-20,Trinidad Pier,2020-01-22,41.05495,-124.14696,1,2020,0.0,14.3,6.289,1.83,1.781,0,11.478775228772845,0.2874489668946789,-0.0090476898919968,4.377142667770386,1,18.8,18.8,3.789,3.789,0.24,0.24,2.345,2.345,3.4366120218579232,0,46022,7.446,3.444,11.62,285.452,1017.98,9.693,11.176
2020-02-03,Trinidad Pier,2020-02-06,41.05495,-124.14696,2,2020,0.004048305,14.1,7.9710026,2.283,2.05,0,10.9661222963917,-0.145306119182128,-0.0028572082519531,0.1171428529279572,0,14.3,18.8,6.289,3.789,1.83,0.24,1.781,2.345,3.4914597459483137,0,46022,5.028,3.314,13.222,279.566,1026.148,10.955,11.266
2020-02-24,Trinidad Pier,2020-02-24,41.05495,-124.14696,2,2020,0.030225009,14.1,7.9710026,2.283,2.05,0,9.39806111978025,-1.639285676333369,-0.0400000526791527,0.0,0,14.1,14.3,7.9710026,6.289,2.283,1.83,2.05,1.781,3.4914597459483137,0,46022,4.901,2.179,12.462,303.689,1021.854,9.201,9.433
2020-03-02,Trinidad Pier,2020-03-06,41.05495,-124.14696,3,2020,0.055653423,14.2,7.787878,2.13,2.75,0,9.141122234110927,-1.8831632027820664,0.0576190494355701,0.0,0,14.1,14.1,7.9710026,7.9710026,2.283,2.283,2.05,2.05,3.656280751173709,0,46022,6.597,2.691,12.057,305.19,1026.921,9.215,9.51
2020-06-01,Trinidad Pier,2020-06-02,41.05495,-124.14696,6,2020,0.009703549,17.35,5.96592915,0.435,3.12,0,12.343877344715352,0.3294897838210572,-0.0676190512520926,7.901428337608065,0,14.2,14.1,7.787878,7.9710026,2.13,2.283,2.75,2.05,13.714779655172414,0,46022,5.248,2.06,11.487,306.149,1016.41,12.584,12.416
2020-06-29,Trinidad Pier,2020-06-29,41.05495,-124.14696,6,2020,0.009795067,17.35,5.96592915,0.435,3.12,0,11.864081343825983,-0.8190816099546393,-0.0490476517450241,1.4971427917480469,0,17.35,14.2,5.96592915,7.787878,0.435,2.13,3.12,2.75,13.714779655172414,0,46022,6.877,2.618,8.157,329.583,1014.169,12.487,11.841
2020-07-06,Trinidad Pier,2020-07-07,41.05495,-124.14696,7,2020,0.0,18.4,5.57,0.27,2.825,0,11.588877201080322,-1.2529591446628374,0.2452380770728701,0.3157142783914293,1,17.35,17.35,5.96592915,5.96592915,0.435,0.435,3.12,3.12,20.62962962962963,0,46022,5.243,2.196,10.572,303.353,1018.478,11.936,11.354
2020-07-20,Trinidad Pier,2020-07-21,41.05495,-124.14696,7,2020,0.003442092,18.4,5.57,0.27,2.825,0,11.967856854808574,-1.186632625150437,0.1623809451148623,1.5314285371984755,0,18.4,17.35,5.57,5.96592915,0.27,0.435,2.825,3.12,20.62962962962963,0,46022,5.758,2.627,8.629,333.726,1015.323,12.176,11.904
2020-08-10,Trinidad Pier,2020-08-13,41.05495,-124.14696,8,2020,1.2609,18.6,4.381,0.27,2.69,1,12.68326510215292,-0.9402040532809132,0.2523809160505022,0.0342857135193688,1,18.4,18.4,5.57,5.57,0.27,0.27,2.825,2.825,16.225925925925925,1,46022,4.856,1.782,8.097,305.22,1017.765,13.872,13.304
2020-08-24,Trinidad Pier,2020-08-28,41.05495,-124.14696,8,2020,0.9841,18.6,4.381,0.27,2.69,1,13.963877269199916,0.125510210893592,-0.3119047709873744,5.4828570910862515,1,18.6,18.4,4.381,5.57,0.27,0.27,2.69,2.825,16.225925925925925,1,46022,3.753,1.228,10.684,281.473,1016.533,14.102,14.126
2020-09-14,Trinidad Pier,2020-09-15,41.05495,-124.14696,9,2020,0.015230474,18.8,3.789,0.24,2.345,0,13.554999721293546,-0.3274489735462227,0.3176190058390299,4.541428568107741,1,18.6,18.6,4.381,4.381,0.27,0.27,2.69,2.69,15.7875,0,46022,3.67,1.282,10.738,285.125,1013.113,,13.038
2020-09-28,Trinidad Pier,2020-09-29,41.05495,-124.14696,9,2020,0.013911154,18.8,3.789,0.24,2.345,0,15.972346588056917,2.301632597738383,-0.2147619610741024,32.22285636833736,1,18.8,18.6,3.789,4.381,0.24,0.27,2.345,2.69,15.7875,0,46022,4.152,2.443,11.486,304.119,1018.867,,16.38
2020-10-12,Trinidad Pier,2020-10-14,41.05495,-124.14696,10,2020,0.5249288,18.0,4.197,0.29,2.36,1,14.793673038482666,1.4773469218338022,-0.4119046983264742,21.8314282979284,1,18.8,18.8,3.789,3.789,0.24,0.24,2.345,2.345,14.472413793103447,1,46022,2.712,1.579,10.855,285.857,1016.377,,13.064
2020-11-30,Trinidad Pier,2020-12-02,41.05495,-124.14696,12,2020,0.0,15.15,4.542,0.875,2.32,0,11.25948968225596,-0.8835714009343362,-0.0257142838977632,0.0,0,18.0,18.8,4.197,3.789,0.29,0.24,2.36,2.345,5.190857142857142,0,46022,,,,,,,
2020-12-14,Trinidad Pier,2020-12-15,41.05495,-124.14696,12,2020,0.0,15.15,4.542,0.875,2.32,0,10.70571403114163,-1.0836734467623186,0.0142856779552641,0.0,0,15.15,18.0,4.542,4.197,0.875,0.29,2.32,2.36,5.190857142857142,0,46022,5.465,3.42,13.889,286.665,1021.221,10.484,10.792
2020-12-28,Trinidad Pier,2020-12-28,41.05495,-124.14696,12,2020,0.0,15.15,4.542,0.875,2.32,0,10.721938503031827,-0.7973469197750092,4.541306268634233e-08,0.0,0,15.15,15.15,4.542,4.542,0.875,0.875,2.32,2.32,5.190857142857142,0,46022,6.375,2.762,11.651,278.69,1019.664,10.644,10.664
2021-01-11,Trinidad Pier,2021-01-12,41.05495,-124.14696,1,2021,0.0,14.3,6.289,1.83,1.781,0,10.794999745427344,-0.5110203968931217,0.0885714576357886,0.1928571420056479,1,15.15,15.15,4.542,4.542,0.875,0.875,2.32,2.32,3.4366120218579232,0,46022,7.139,4.271,15.413,282.911,1021.317,11.087,11.379
2021-02-01,Trinidad Pier,2021-02-03,41.05495,-124.14696,2,2021,0.0,14.1,7.9710026,2.283,2.05,0,10.38050989228852,-0.7396938682970953,0.0642857324509393,0.0514285702790532,0,14.3,15.15,6.289,4.542,1.83,0.875,1.781,2.32,3.4914597459483137,0,46022,8.881,3.658,11.771,270.798,1009.326,8.623,10.078
2021-02-15,Trinidad Pier,2021-02-16,41.05495,-124.14696,2,2021,0.0,14.1,7.9710026,2.283,2.05,0,10.306224346160889,-0.753979574052655,-0.0157142820812406,0.0,0,14.1,14.3,7.9710026,6.289,2.283,1.83,2.05,1.781,3.4914597459483137,0,46022,4.96,2.164,11.356,300.798,1017.291,9.816,10.664
2021-03-01,Trinidad Pier,2021-03-05,41.05495,-124.14696,3,2021,0.0,14.2,7.787878,2.13,2.75,0,10.003571082134638,-1.0245918065917736,0.0795238585699171,0.0,0,14.1,14.1,7.9710026,7.9710026,2.283,2.283,2.05,2.05,3.656280751173709,0,46022,9.425,3.378,12.158,326.024,1029.217,9.561,10.033
2021-03-22,Trinidad Pier,2021-03-23,41.05495,-124.14696,3,2021,0.0,14.2,7.787878,2.13,2.75,0,10.11867332458496,-0.8845918169435188,-0.0780952544439406,0.0,0,14.2,14.1,7.787878,7.9710026,2.13,2.283,2.75,2.05,3.656280751173709,0,46022,8.107,3.034,10.579,291.158,1021.107,9.08,10.132
2021-04-05,Trinidad Pier,2021-04-06,41.05495,-124.14696,4,2021,0.0,14.5,8.2213575,1.2315,4.15,0,9.57510197892481,-1.4663264994718592,-0.0447618847801571,0.0,0,14.2,14.2,7.787878,7.787878,2.13,2.13,2.75,2.75,6.67588915956151,0,46022,6.22,2.362,11.83,313.506,1020.308,9.556,9.867
2021-04-19,Trinidad Pier,2021-04-19,41.05495,-124.14696,4,2021,0.0,14.5,8.2213575,1.2315,4.15,0,9.402958967247788,-1.7122448694949246,-0.0580952508108956,0.0,0,14.5,14.2,8.2213575,7.787878,1.2315,2.13,4.15,2.75,6.67588915956151,0,46022,4.95,2.174,11.689,306.006,1016.899,9.215,9.728
2021-05-03,Trinidad Pier,2021-05-04,41.05495,-124.14696,5,2021,0.0,15.8,7.71,0.74,4.66,0,10.278673298504888,-1.0854081377691152,-0.1161905016217913,0.0,0,14.5,14.5,8.2213575,8.2213575,1.2315,1.2315,4.15,4.15,10.41891891891892,0,46022,4.281,1.414,11.741,278.69,1021.315,10.339,10.642
2021-06-28,Trinidad Pier,2021-06-29,41.05495,-124.14696,6,2021,0.0,17.35,5.96592915,0.435,3.12,0,12.820305736697447,0.155612238473734,0.2071428753080822,5.369999806795802,1,15.8,14.5,7.71,8.2213575,0.74,1.2315,4.66,4.15,13.714779655172414,0,46022,4.008,1.522,10.897,278.292,1014.418,12.422,13.137
2021-07-12,Trinidad Pier,2021-07-13,41.05495,-124.14696,7,2021,0.00817991,18.4,5.57,0.27,2.825,0,12.38591805282904,-0.5914285608700344,-0.0338095256260463,5.301428373370852,0,17.35,15.8,5.96592915,7.71,0.435,0.74,3.12,4.66,20.62962962962963,0,46022,7.026,2.107,8.805,322.226,1016.829,12.477,11.99
2021-07-26,Trinidad Pier,2021-07-27,41.05495,-124.14696,7,2021,0.001681774,18.4,5.57,0.27,2.825,0,11.209183459379236,-2.081224440311899,-0.010476203191848,0.0,0,18.4,17.35,5.57,5.96592915,0.27,0.435,2.825,3.12,20.62962962962963,0,46022,5.969,1.888,7.332,331.863,1018.365,12.173,11.768
2022-01-10,Trinidad Pier,2022-01-13,41.05495,-124.14696,1,2022,0.0,14.3,6.289,1.83,1.781,0,10.265305898627457,-1.056020384236258,0.0509523664202008,0.0,0,18.4,18.4,5.57,5.57,0.27,0.27,2.825,2.825,3.4366120218579232,0,46022,7.222,,,,1018.648,10.471,10.889
2022-01-24,Trinidad Pier,2022-01-26,41.05495,-124.14696,1,2022,0.0,14.3,6.289,1.83,1.781,0,10.671734430352036,-0.4881632561814419,-0.04000000726609,0.1299999952316284,0,14.3,18.4,6.289,5.57,1.83,0.27,1.781,2.825,3.4366120218579232,0,46022,4.382,,,,1023.712,10.271,10.854
2022-02-07,Trinidad Pier,2022-02-12,41.05495,-124.14696,2,2022,0.0,14.1,7.9710026,2.283,2.05,0,10.468775301563497,-0.6252040683614964,0.0647618884132022,0.0,0,14.3,14.3,6.289,6.289,1.83,1.83,1.781,1.781,3.4914597459483137,0,46022,8.336,,,,1027.551,9.448,10.41
2022-02-28,Trinidad Pier,2022-02-28,41.05495,-124.14696,2,2022,0.0,14.1,7.9710026,2.283,2.05,0,9.601326309904762,-1.424795891557421,-0.0352381297520228,0.0,0,14.1,14.3,7.9710026,6.289,2.283,1.83,2.05,1.781,3.4914597459483137,0,46022,7.358,,,,1022.337,8.266,9.865
2022-03-14,Trinidad Pier,2022-03-14,41.05495,-124.14696,3,2022,0.0,14.2,7.787878,2.13,2.75,0,9.631734449036268,-1.3741836420127325,0.0314285187494186,0.0,0,14.1,14.1,7.9710026,7.9710026,2.283,2.283,2.05,2.05,3.656280751173709,0,46022,6.006,,,,1024.177,9.287,9.455
2022-03-28,Trinidad Pier,2022-03-28,41.05495,-124.14696,3,2022,0.0,14.2,7.787878,2.13,2.75,0,10.177652777457723,-0.8402040685926165,-0.1190476644606817,0.0,0,14.2,14.1,7.787878,7.9710026,2.13,2.283,2.75,2.05,3.656280751173709,0,46022,4.237,,,,1020.597,9.727,10.203
2022-04-11,Trinidad Pier,2022-04-13,41.05495,-124.14696,4,2022,0.0,14.5,8.2213575,1.2315,4.15,0,9.352958961408964,-1.7067346560711765,-0.0204762050083705,0.0,0,14.2,14.2,7.787878,7.787878,2.13,2.13,2.75,2.75,6.67588915956151,0,46022,7.106,,,,1023.751,9.855,9.72
2022-04-25,Trinidad Pier,2022-04-27,41.05495,-124.14696,4,2022,0.0,14.5,8.2213575,1.2315,4.15,0,10.032040644665154,-1.1749999798378166,0.1052380970546177,0.0,0,14.5,14.2,8.2213575,7.787878,1.2315,2.13,4.15,2.75,6.67588915956151,0,46022,6.699,,,,1016.1,10.128,9.994
2022-05-09,Trinidad Pier,2022-05-11,41.05495,-124.14696,5,2022,0.0,15.8,7.71,0.74,4.66,0,11.051020194073113,-0.4380612132728708,0.0757142929803757,0.0,0,14.5,14.5,8.2213575,8.2213575,1.2315,1.2315,4.15,4.15,10.41891891891892,0,46022,7.553,,,,1017.74,10.641,10.849
2022-05-23,Trinidad Pier,2022-05-25,41.05495,-124.14696,5,2022,0.0,15.8,7.71,0.74,4.66,0,10.660203826670744,-1.133979572819508,0.0447619301932198,0.0,0,15.8,14.5,7.71,8.2213575,0.74,1.2315,4.66,4.15,10.41891891891892,0,46022,8.562,,,,1021.792,11.231,11.326
2022-06-20,Trinidad Pier,2022-06-20,41.05495,-124.14696,6,2022,0.0,17.35,5.96592915,0.435,3.12,0,12.558775249792603,0.0775510215637634,0.038095338003976,2.94999997929803,1,15.8,15.8,7.71,7.71,0.74,0.74,4.66,4.66,13.714779655172414,0,46022,5.489,1.743,8.626,303.075,1018.115,13.083,13.284
2022-07-11,Trinidad Pier,2022-07-14,41.05495,-124.14696,7,2022,0.0,18.4,5.57,0.27,2.825,0,13.787856870768024,0.8329591737413893,-0.079047611781529,11.712857002658504,1,17.35,15.8,5.96592915,7.71,0.435,0.74,3.12,4.66,20.62962962962963,0,46022,3.144,0.907,8.724,280.795,1017.559,13.654,13.086
2022-07-25,Trinidad Pier,2022-07-28,41.05495,-124.14696,7,2022,0.0,18.4,5.57,0.27,2.825,0,13.240101697493571,-0.0281632604381563,0.1333332970028831,2.1142856667616536,1,18.4,17.35,5.57,5.96592915,0.27,0.435,2.825,3.12,20.62962962962963,0,46022,5.722,1.889,11.702,283.512,1016.575,12.458,12.052
2022-08-08,Trinidad Pier,2022-08-12,41.05495,-124.14696,8,2022,0.0,18.6,4.381,0.27,2.69,0,14.334183284214564,0.7548979396114543,0.3157142911638532,11.269999708448138,1,18.4,18.4,5.57,5.57,0.27,0.27,2.825,2.825,16.225925925925925,0,46022,3.962,1.445,9.728,293.18,1015.266,14.749,15.204
2022-08-22,Trinidad Pier,2022-08-27,41.05495,-124.14696,8,2022,0.0,18.6,4.381,0.27,2.69,0,15.054897493245653,1.2332652731969649,-0.1142856507074264,17.282856681517192,1,18.6,18.4,4.381,5.57,0.27,0.27,2.69,2.825,16.225925925925925,0,46022,5.568,1.519,7.493,314.563,1014.346,14.456,14.576
2022-09-12,Trinidad Pier,2022-09-13,41.05495,-124.14696,9,2022,0.0052,18.8,3.789,0.24,2.345,0,12.898162978036064,-0.984693858240332,-0.0238094783964611,0.0,0,18.6,18.6,4.381,4.381,0.27,0.27,2.69,2.69,15.7875,0,46022,5.041,2.324,9.159,314.245,1010.904,13.467,12.818
2022-09-26,Trinidad Pier,2022-09-28,41.05495,-124.14696,9,2022,0.1039,18.8,3.789,0.24,2.345,1,14.118367097815687,0.398163252890262,0.0638094856625511,11.18285688332149,1,18.8,18.6,3.789,4.381,0.24,0.27,2.345,2.69,15.7875,1,46022,3.398,1.537,10.699,305.077,1014.917,15.16,16.64
2022-10-17,Trinidad Pier,2022-10-20,41.05495,-124.14696,10,2022,0.1686,18.0,4.197,0.29,2.36,1,12.8631629165338,-0.3264285736546224,0.0123809632800874,3.758571339505059,0,18.8,18.8,3.789,3.789,0.24,0.24,2.345,2.345,14.472413793103447,1,46022,4.139,1.616,9.938,304.036,1015.002,11.754,12.457
2022-10-24,Trinidad Pier,2022-10-26,41.05495,-124.14696,10,2022,2.0182,18.0,4.197,0.29,2.36,1,11.955815986711151,-1.0669387533348431,-0.0828570865449451,0.0671428569725581,0,18.0,18.8,4.197,3.789,0.29,0.24,2.36,2.345,14.472413793103447,1,46022,3.954,2.307,12.481,293.699,1016.905,12.407,12.179
2022-11-14,Trinidad Pier,2022-11-14,41.05495,-124.14696,11,2022,0.0,16.0,4.7585,0.455,2.724,0,10.626020051995102,-1.9119387281184292,0.0028571628388904,0.0,0,18.0,18.0,4.197,4.197,0.29,0.29,2.36,2.36,10.458241758241757,0,46022,4.789,2.699,11.657,304.25,1015.713,9.859,11.353
2022-11-28,Trinidad Pier,2022-11-29,41.05495,-124.14696,11,2022,0.0,16.0,4.7585,0.455,2.724,0,10.41775488366886,-1.779183645637668,-0.1061905452183314,0.0,0,16.0,18.0,4.7585,4.197,0.455,0.29,2.724,2.36,10.458241758241757,0,46022,3.995,2.326,13.768,288.937,1023.433,11.099,11.711
2022-12-12,Trinidad Pier,2022-12-15,41.05495,-124.14696,12,2022,0.0,15.15,4.542,0.875,2.32,0,10.269693676306275,-1.569489764923952,-0.0738095328921363,0.0,0,16.0,16.0,4.7585,4.7585,0.455,0.455,2.724,2.724,5.190857142857142,0,46022,6.667,2.639,10.784,282.512,1013.914,9.47,11.18
2023-01-16,Trinidad Pier,2023-01-17,41.05495,-124.14696,1,2023,0.0,14.3,6.289,1.83,1.781,0,11.090203908025002,-0.1446938743168601,-0.0647619338262648,0.3499999865889549,0,15.15,16.0,4.542,4.7585,0.875,0.455,2.32,2.724,3.4366120218579232,0,46022,10.369,4.531,13.922,257.749,1004.652,12.448,12.05
2023-02-06,Trinidad Pier,2023-02-07,41.05495,-124.14696,2,2023,0.0,14.1,7.9710026,2.283,2.05,0,10.429693621032092,-0.670510185521324,0.0128571646554129,0.0471428560891321,0,14.3,15.15,6.289,4.542,1.83,0.875,1.781,2.32,3.4914597459483137,0,46022,6.675,,,,1019.396,9.947,10.361
2023-02-20,Trinidad Pier,2023-02-22,41.05495,-124.14696,2,2023,0.0,14.1,7.9710026,2.283,2.05,0,9.780101737197564,-1.262448950689666,-0.0599999654860723,0.0,0,14.1,14.3,7.9710026,6.289,2.283,1.83,2.05,1.781,3.4914597459483137,0,46022,,,,,,,
2023-03-13,Trinidad Pier,2023-03-14,41.05495,-124.14696,3,2023,0.0058,14.2,7.787878,2.13,2.75,0,8.969591559196004,-2.035714233408169,0.1028571810041154,0.0,0,14.1,14.1,7.9710026,7.9710026,2.283,2.283,2.05,2.05,3.656280751173709,0,46022,,,,,,,
2023-04-10,Trinidad Pier,2023-04-12,41.05495,-124.14696,4,2023,0.0,14.5,8.2213575,1.2315,4.15,0,10.072448701274638,-0.9812244736418432,0.0504761650448753,0.0,0,14.2,14.1,7.787878,7.9710026,2.13,2.283,2.75,2.05,6.67588915956151,0,46022,,,,,,,
2023-05-08,Trinidad Pier,2023-05-09,41.05495,-124.14696,5,2023,0.0,15.8,7.71,0.74,4.66,0,11.490612059223407,0.0226530627138456,0.1033333369663783,1.9328571055084467,1,14.5,14.2,8.2213575,7.787878,1.2315,2.13,4.15,2.75,10.41891891891892,0,46022,,,,,,,
2023-05-22,Trinidad Pier,2023-05-25,41.05495,-124.14696,5,2023,0.0,15.8,7.71,0.74,4.66,0,11.772856838849126,0.001938765982584,-0.279523804074242,4.502856970897743,1,15.8,14.5,7.71,8.2213575,0.74,1.2315,4.66,4.15,10.41891891891892,0,46022,,,,,,,
2023-06-05,Trinidad Pier,2023-06-07,41.05495,-124.14696,6,2023,0.0041,17.35,5.96592915,0.435,3.12,0,10.901428417283665,-1.212550992260174,0.0295237586611793,0.0,0,15.8,15.8,7.71,7.71,0.74,0.74,4.66,4.66,13.714779655172414,0,46022,,,,,,,
2023-06-19,Trinidad Pier,2023-06-21,41.05495,-124.14696,6,2023,0.0,17.35,5.96592915,0.435,3.12,0,11.415305799367475,-1.041632632211763,0.1599999836512974,0.0,0,17.35,15.8,5.96592915,7.71,0.435,0.74,3.12,4.66,13.714779655172414,0,46022,,,,,,,
2023-07-17,Trinidad Pier,2023-07-22,41.05495,-124.14696,7,2023,0.0,18.4,5.57,0.27,2.825,0,12.172958996831154,-0.9156122231970028,-0.0666666485014415,0.0,0,17.35,17.35,5.96592915,5.96592915,0.435,0.435,3.12,3.12,20.62962962962963,0,46022,,,,,,,
2023-08-07,Trinidad Pier,2023-08-08,41.05495,-124.14696,8,2023,0.0014,18.6,4.381,0.27,2.69,0,13.178264968249264,-0.378469379884856,0.1961904707409086,0.6185714134148189,1,18.4,17.35,5.57,5.96592915,0.27,0.435,2.825,3.12,16.225925925925925,0,46022,,,,,,,
2023-08-28,Trinidad Pier,2023-08-29,41.05495,-124.14696,8,2023,0.0017,18.6,4.381,0.27,2.69,0,13.79142817672418,-0.0614285719752007,0.0252381279355003,0.6814285402319261,1,18.6,18.4,4.381,5.57,0.27,0.27,2.69,2.825,16.225925925925925,0,46022,,,,,,,
2023-09-11,Trinidad Pier,2023-09-11,41.05495,-124.14696,9,2023,0.0024,18.8,3.789,0.24,2.345,0,13.917040484292167,0.035408161694602,0.0747618902297247,1.5071428112153495,1,18.6,18.6,4.381,4.381,0.27,0.27,2.69,2.69,15.7875,0,46022,,,,,,,
2023-10-02,Trinidad Pier,2023-10-04,41.05495,-124.14696,10,2023,0.0,18.0,4.197,0.29,2.36,0,12.258673268921523,-1.3108162952929128,0.0961904979887462,0.0,0,18.8,18.6,3.789,4.381,0.24,0.27,2.345,2.69,14.472413793103447,0,46022,,,,,,,
2023-10-23,Trinidad Pier,2023-10-23,41.05495,-124.14696,10,2023,0.0,18.0,4.197,0.29,2.36,0,13.155816048991923,0.1089795950267995,-0.1671428680419921,4.305714215551104,1,18.0,18.8,4.197,3.789,0.29,0.24,2.36,2.345,14.472413793103447,0,46022,,,,,,,
2023-11-06,Trinidad Pier,2023-11-07,41.05495,-124.14696,11,2023,0.0,16.0,4.7585,0.455,2.724,0,12.651836443920525,-0.0698979496955871,0.2299999963669549,3.4085713901690076,1,18.0,18.0,4.197,4.197,0.29,0.29,2.36,2.36,10.458241758241757,0,46022,8.141,2.199,10.992,268.095,1015.613,15.042,14.541
2023-11-20,Trinidad Pier,2023-11-22,41.05495,-124.14696,11,2023,0.0,16.0,4.7585,0.455,2.724,0,13.752448695046562,1.358469341026277,-0.2271428789411272,19.029999345541,1,16.0,18.0,4.7585,4.197,0.455,0.29,2.724,2.36,10.458241758241757,0,46022,4.523,2.421,11.382,286.952,1013.604,13.814,13.806
2023-12-11,Trinidad Pier,2023-12-12,41.05495,-124.14696,12,2023,0.0,15.15,4.542,0.875,2.32,0,12.198469142524564,0.3340816248626428,0.010476203191848,4.719999890242304,1,16.0,16.0,4.7585,4.7585,0.455,0.455,2.724,2.724,5.190857142857142,0,46022,6.142,3.426,14.153,294.107,1023.009,12.254,12.834
2024-01-22,Trinidad Pier,2024-01-25,41.05495,-124.14696,1,2024,0.0,14.3,6.289,1.83,1.781,0,11.9561221550922,0.7810203877030587,0.0285714467366536,10.934285427842822,1,15.15,16.0,4.542,4.7585,0.875,0.455,2.32,2.724,3.4366120218579232,0,46022,7.871,,,,1011.796,12.446,12.826
2024-02-12,Trinidad Pier,2024-02-13,41.05495,-124.14696,2,2024,0.0,14.1,7.9710026,2.283,2.05,0,12.053673179782168,0.9807142554497232,0.0071428843906947,13.729999576296125,1,14.3,15.15,6.289,4.542,1.83,0.875,1.781,2.32,3.4914597459483137,0,46022,6.068,3.354,14.491,295.158,1013.748,10.391,12.592
2024-04-01,Trinidad Pier,2024-04-02,41.05495,-124.14696,4,2024,0.0,14.5,8.2213575,1.2315,4.15,0,11.924795569205772,0.894081605940449,-0.138095219930013,12.555713911141668,1,14.1,14.3,7.9710026,6.289,2.283,1.83,2.05,1.781,6.67588915956151,0,46022,6.808,3.054,13.181,298.598,1012.986,11.052,11.893
2024-04-15,Trinidad Pier,2024-04-17,41.05495,-124.14696,4,2024,0.0,14.5,8.2213575,1.2315,4.15,0,11.014693629984952,-0.0652040781035106,-0.0014285587129138,0.6999999971262046,0,14.5,14.1,8.2213575,7.9710026,1.2315,2.283,4.15,2.05,6.67588915956151,0,46022,6.214,2.279,11.957,311.877,1018.769,10.552,11.466
2024-04-29,Trinidad Pier,2024-05-01,41.05495,-124.14696,5,2024,0.0,15.8,7.71,0.74,4.66,0,11.06459161213466,-0.2209183595010212,0.0552380879720052,0.2299999945930071,1,14.5,14.5,8.2213575,8.2213575,1.2315,1.2315,4.15,4.15,10.41891891891892,0,46022,4.487,1.909,9.62,302.348,1018.457,10.801,10.949
2024-05-13,Trinidad Pier,2024-05-14,41.05495,-124.14696,5,2024,0.0114,15.8,7.71,0.74,4.66,0,11.0934691818393,-0.4784693716816148,-0.075714247567313,0.0299999995955398,0,15.8,14.5,7.71,8.2213575,0.74,1.2315,4.66,4.15,10.41891891891892,0,46022,5.887,2.26,10.05,308.526,1018.298,11.308,11.028
2024-05-27,Trinidad Pier,2024-05-28,41.05495,-124.14696,5,2024,0.0062,15.8,7.71,0.74,4.66,0,10.247244679197976,-1.6430611963174784,0.0604761214483352,0.0,0,15.8,15.8,7.71,7.71,0.74,0.74,4.66,4.66,10.41891891891892,0,46022,6.511,2.079,9.09,320.404,1019.469,10.295,9.888
2024-06-10,Trinidad Pier,2024-06-12,41.05495,-124.14696,6,2024,0.124,17.35,5.96592915,0.435,3.12,1,11.164489493078111,-1.0725509864943368,-0.0719048182169596,0.0,0,15.8,15.8,7.71,7.71,0.74,0.74,4.66,4.66,13.714779655172414,1,46022,4.632,2.571,11.82,297.589,1016.32,12.011,11.498
2024-06-17,Trinidad Pier,2024-06-20,41.05495,-124.14696,6,2024,0.1681,17.35,5.96592915,0.435,3.12,1,10.999081309960811,-1.4103060845209627,-0.025238037109375,0.0,0,17.35,15.8,5.96592915,7.71,0.435,0.74,3.12,4.66,13.714779655172414,1,46022,6.035,2.303,10.188,303.018,1019.813,11.143,10.708
2024-06-24,Trinidad Pier,2024-06-27,41.05495,-124.14696,6,2024,1.2425,17.35,5.96592915,0.435,3.12,1,10.717652758773491,-1.855612215338921,0.1857142675490606,0.0,0,17.35,17.35,5.96592915,5.96592915,0.435,0.435,3.12,3.12,13.714779655172414,1,46022,6.093,1.532,7.205,325.348,1015.344,11.171,10.914
2024-07-08,Trinidad Pier,2024-07-10,41.05495,-124.14696,7,2024,0.6954,18.4,5.57,0.27,2.825,1,12.33020372780002,-0.5537754893302917,-0.0514286132085891,0.6657142724309649,1,17.35,17.35,5.96592915,5.96592915,0.435,0.435,3.12,3.12,20.62962962962963,1,46022,4.783,2.292,11.231,299.084,1015.716,13.99,13.785
2024-07-29,Trinidad Pier,2024-07-30,41.05495,-124.14696,7,2024,2.4582,18.4,5.57,0.27,2.825,1,12.773163153200732,-0.5823469290851938,-0.0357142857142857,0.0957142817122594,0,18.4,17.35,5.57,5.96592915,0.27,0.435,2.825,3.12,20.62962962962963,1,46022,6.339,2.414,8.267,323.045,1016.639,12.844,11.888
2024-08-26,Trinidad Pier,2024-08-27,41.05495,-124.14696,8,2024,1.5497,18.6,4.381,0.27,2.69,1,14.01724454334804,0.1690816266880351,-0.1419047401064917,3.3614284539861337,1,18.4,18.4,5.57,5.57,0.27,0.27,2.825,2.825,16.225925925925925,1,46022,2.89,1.19,10.622,297.18,1017.984,13.622,12.715
2025-07-14,Trinidad Pier,2025-07-14,41.05495,-124.14696,7,2025,0.0,18.4,5.57,0.27,2.825,0,12.738571205917667,-0.2840816281279739,-0.1461904162452334,2.2628571561404636,1,18.6,18.4,4.381,5.57,0.27,0.27,2.69,2.825,20.62962962962963,0,46022,4.876,2.027,8.654,320.757,1017.652,12.408,12.535
2025-08-18,Trinidad Pier,2025-08-19,41.05495,-124.14696,8,2025,1.2388974,18.6,4.381,0.27,2.69,1,13.971530418006742,0.1917346900671112,0.060000010899135,3.9242856332233975,1,18.4,18.6,5.57,4.381,0.27,0.27,2.825,2.69,16.225925925925925,1,46022,2.219,1.672,10.421,294.935,1017.096,13.528,12.978
2025-09-01,Trinidad Pier,2025-09-04,41.05495,-124.14696,9,2025,0.6381491,18.8,3.789,0.24,2.345,1,13.94775475287924,0.0854081592465541,0.1400000254313151,3.399999900055783,1,18.6,18.4,4.381,5.57,0.27,0.27,2.69,2.825,15.7875,1,46022,3.01,1.101,11.928,266.381,1017.015,13.788,13.195
2025-09-15,Trinidad Pier,2025-09-18,41.05495,-124.14696,9,2025,0.0,18.8,3.789,0.24,2.345,0,14.834183255020452,0.9594897719822368,-0.047142846243722,14.048571085291249,1,18.8,18.6,3.789,4.381,0.24,0.27,2.345,2.69,15.7875,0,46022,4.287,1.464,12.035,275.021,1015.56,15.547,15.001
2025-10-06,Trinidad Pier,2025-10-07,41.05495,-124.14696,10,2025,0.0,18.0,4.197,0.29,2.36,0,13.54020374648425,0.0712244888691573,-0.0385714031401134,2.509999967845423,1,18.8,18.8,3.789,3.789,0.24,0.24,2.345,2.345,14.472413793103447,0,46022,5.765,2.524,10.965,298.141,1015.491,14.154,13.434
2025-10-27,Trinidad Pier,2025-10-28,41.05495,-124.14696,10,2025,0.002312703,18.0,4.197,0.29,2.36,0,13.034693542791873,0.0831632626299955,-0.0152380807059151,1.3657142472054278,1,18.0,18.8,4.197,3.789,0.29,0.24,2.36,2.345,14.472413793103447,0,46022,5.182,3.716,14.44,294.679,1018.068,13.255,13.228
2025-11-10,Trinidad Pier,2025-11-13,41.05495,-124.14696,11,2025,0.0,16.0,4.7585,0.455,2.724,0,13.390815978147543,0.7593877333387429,0.0080952417282831,10.665713980261769,1,18.0,18.0,4.197,4.197,0.29,0.29,2.36,2.36,10.458241758241757,0,46022,7.084,3.227,12.69,276.034,1016.381,13.91,14.028
2026-01-12,Trinidad Pier,2026-01-13,41.05495,-124.14696,1,2026,0.0,14.3,6.289,1.83,1.781,0,11.754999715454725,0.4645918268634348,0.0280951999482654,6.504285576088088,1,16.0,18.0,4.7585,4.197,0.455,0.29,2.724,2.36,3.4366120218579232,0,46022,,,,,,,
2026-02-02,Trinidad Pier,2026-02-02,41.05495,-124.14696,2,2026,0.0,14.1,7.9710026,2.283,2.05,0,11.89418331457644,0.778673451926027,0.0614286150251115,10.917142612593514,1,14.3,16.0,6.289,4.7585,1.83,0.455,1.781,2.724,3.4914597459483137,0,46022,,,,,,,
