time,latitude,longitude,abundance,air_temp,datetime,salinity,sample_site,spec_name,water_temp,weather,winddirect,tide,count,ph,dissoxygen,secchidisk,comments,windspeed,QA_air_temp,QA_latitude,QA_longitude,QA_salinity,QA_sample_site,QA_water_temp,QA_count,QA_ph,QA_dissoxygen,QA_windspeed
2017-08-29T20:01:04Z,33.4623,-117.7059,Present,26.5,2017-08-29T20:01:04Z,43.0,CA - Dana Point Pier,Akashiwo spp.,20.5,Sunny,SW,High,,,,,"Sorry for the delay, I can assure you the rest will be the same day as collection or close to it",,1.0,1,1,1.0,1,1,,,,
2017-08-29T20:01:04Z,33.4623,-117.7059,Present,26.5,2017-08-29T20:01:04Z,43.0,CA - Dana Point Pier,Asterionellopsis spp.,20.5,Sunny,SW,High,,,,,"Sorry for the delay, I can assure you the rest will be the same day as collection or close to it",,1.0,1,1,1.0,1,1,,,,
2017-08-29T20:01:04Z,33.4623,-117.7059,Present,26.5,2017-08-29T20:01:04Z,43.0,CA - Dana Point Pier,Centric Diatom,20.5,Sunny,SW,High,,,,,"Sorry for the delay, I can assure you the rest will be the same day as collection or close to it",,1.0,1,1,1.0,1,1,,,,
2017-08-29T20:01:04Z,33.4623,-117.7059,Elevated,26.5,2017-08-29T20:01:04Z,43.0,CA - Dana Point Pier,Chaetoceros spp.,20.5,Sunny,SW,High,,,,,"Sorry for the delay, I can assure you the rest will be the same day as collection or close to it",,1.0,1,1,1.0,1,1,,,,
2017-08-29T20:01:04Z,33.4623,-117.7059,Present,26.5,2017-08-29T20:01:04Z,43.0,CA - Dana Point Pier,Entomoneis spp.,20.5,Sunny,SW,High,,,,,"Sorry for the delay, I can assure you the rest will be the same day as collection or close to it",,1.0,1,1,1.0,1,1,,,,
2017-08-29T20:01:04Z,33.4623,-117.7059,Present,26.5,2017-08-29T20:01:04Z,43.0,CA - Dana Point Pier,Noctiluca spp.,20.5,Sunny,SW,High,,,,,"Sorry for the delay, I can assure you the rest will be the same day as collection or close to it",,1.0,1,1,1.0,1,1,,,,
2017-08-29T20:01:04Z,33.4623,-117.7059,Present,26.5,2017-08-29T20:01:04Z,43.0,CA - Dana Point Pier,Odontella spp.,20.5,Sunny,SW,High,,,,,"Sorry for the delay, I can assure you the rest will be the same day as collection or close to it",,1.0,1,1,1.0,1,1,,,,
2017-08-29T20:01:04Z,33.4623,-117.7059,Present,26.5,2017-08-29T20:01:04Z,43.0,CA - Dana Point Pier,Pennate Diatom,20.5,Sunny,SW,High,,,,,"Sorry for the delay, I can assure you the rest will be the same day as collection or close to it",,1.0,1,1,1.0,1,1,,,,
2017-08-29T20:01:04Z,33.4623,-117.7059,Present,26.5,2017-08-29T20:01:04Z,43.0,CA - Dana Point Pier,Prorocentrum spp.,20.5,Sunny,SW,High,,,,,"Sorry for the delay, I can assure you the rest will be the same day as collection or close to it",,1.0,1,1,1.0,1,1,,,,
2017-09-03T19:58:56Z,33.4623,-117.7059,Present,28.0,2017-09-03T19:58:56Z,39.0,CA - Dana Point Pier,Asterionellopsis spp.,22.0,Partly Cloudy,W,Incoming,,,,,,,1.0,1,1,1.0,1,1,,,,
2017-09-03T19:58:56Z,33.4623,-117.7059,Elevated,28.0,2017-09-03T19:58:56Z,39.0,CA - Dana Point Pier,Chaetoceros spp.,22.0,Partly Cloudy,W,Incoming,,,,,,,1.0,1,1,1.0,1,1,,,,
2017-09-03T19:58:56Z,33.4623,-117.7059,Present,28.0,2017-09-03T19:58:56Z,39.0,CA - Dana Point Pier,Pennate Diatom,22.0,Partly Cloudy,W,Incoming,,,,,,,1.0,1,1,1.0,1,1,,,,
2017-09-12T20:01:04Z,33.4623,-117.7059,Present,28.0,2017-09-12T20:01:04Z,41.0,CA - Dana Point Pier,Asterionellopsis spp.,18.0,Sunny,S,Outgoing,,,,,a lot of fecal material...sample actually smelled the next day,,1.0,1,1,1.0,1,1,,,,
2017-09-12T20:01:04Z,33.4623,-117.7059,Elevated,28.0,2017-09-12T20:01:04Z,41.0,CA - Dana Point Pier,Chaetoceros spp.,18.0,Sunny,S,Outgoing,,,,,a lot of fecal material...sample actually smelled the next day,,1.0,1,1,1.0,1,1,,,,
2017-09-12T20:01:04Z,33.4623,-117.7059,Present,28.0,2017-09-12T20:01:04Z,41.0,CA - Dana Point Pier,Dinoflagellates,18.0,Sunny,S,Outgoing,,,,,a lot of fecal material...sample actually smelled the next day,,1.0,1,1,1.0,1,1,,,,
2017-09-12T20:01:04Z,33.4623,-117.7059,Present,28.0,2017-09-12T20:01:04Z,41.0,CA - Dana Point Pier,Entomoneis spp.,18.0,Sunny,S,Outgoing,,,,,a lot of fecal material...sample actually smelled the next day,,1.0,1,1,1.0,1,1,,,,
2017-09-12T20:01:04Z,33.4623,-117.7059,Present,28.0,2017-09-12T20:01:04Z,41.0,CA - Dana Point Pier,Navicula spp.,18.0,Sunny,S,Outgoing,,,,,a lot of fecal material...sample actually smelled the next day,,1.0,1,1,1.0,1,1,,,,
2017-09-12T20:01:04Z,33.4623,-117.7059,Present,28.0,2017-09-12T20:01:04Z,41.0,CA - Dana Point Pier,Oblea spp.,18.0,Sunny,S,Outgoing,,,,,a lot of fecal material...sample actually smelled the next day,,1.0,1,1,1.0,1,1,,,,
2017-09-12T20:01:04Z,33.4623,-117.7059,Present,28.0,2017-09-12T20:01:04Z,41.0,CA - Dana Point Pier,Pennate Diatom,18.0,Sunny,S,Outgoing,,,,,a lot of fecal material...sample actually smelled the next day,,1.0,1,1,1.0,1,1,,,,
2017-09-19T19:58:56Z,33.4623,-117.7059,Present,25.0,2017-09-19T19:58:56Z,43.0,CA - Dana Point Pier,Actinoptychus spp.,21.0,Partly Cloudy,SW,Incoming,,,,,Please use this version of 9/20/2017 and not the previously sent report. Thank you!,,1.0,1,1,1.0,1,1,,,,
2017-09-19T19:58:56Z,33.4623,-117.7059,Present,25.0,2017-09-19T19:58:56Z,43.0,CA - Dana Point Pier,Akashiwo spp.,21.0,Partly Cloudy,SW,Incoming,,,,,Please use this version of 9/20/2017 and not the previously sent report. Thank you!,,1.0,1,1,1.0,1,1,,,,
2017-09-19T19:58:56Z,33.4623,-117.7059,Present,25.0,2017-09-19T19:58:56Z,43.0,CA - Dana Point Pier,Asterionellopsis spp.,21.0,Partly Cloudy,SW,Incoming,,,,,Please use this version of 9/20/2017 and not the previously sent report. Thank you!,,1.0,1,1,1.0,1,1,,,,
2017-09-19T19:58:56Z,33.4623,-117.7059,Present,25.0,2017-09-19T19:58:56Z,43.0,CA - Dana Point Pier,Centric Diatom,21.0,Partly Cloudy,SW,Incoming,,,,,Please use this version of 9/20/2017 and not the previously sent report. Thank you!,,1.0,1,1,1.0,1,1,,,,
2017-09-19T19:58:56Z,33.4623,-117.7059,Elevated,25.0,2017-09-19T19:58:56Z,43.0,CA - Dana Point Pier,Chaetoceros spp.,21.0,Partly Cloudy,SW,Incoming,,,,,Please use this version of 9/20/2017 and not the previously sent report. Thank you!,,1.0,1,1,1.0,1,1,,,,
2017-09-19T19:58:56Z,33.4623,-117.7059,Present,25.0,2017-09-19T19:58:56Z,43.0,CA - Dana Point Pier,Dinoflagellates,21.0,Partly Cloudy,SW,Incoming,,,,,Please use this version of 9/20/2017 and not the previously sent report. Thank you!,,1.0,1,1,1.0,1,1,,,,
2017-09-19T19:58:56Z,33.4623,-117.7059,Present,25.0,2017-09-19T19:58:56Z,43.0,CA - Dana Point Pier,Entomoneis spp.,21.0,Partly Cloudy,SW,Incoming,,,,,Please use this version of 9/20/2017 and not the previously sent report. Thank you!,,1.0,1,1,1.0,1,1,,,,
2017-09-19T19:58:56Z,33.4623,-117.7059,Present,25.0,2017-09-19T19:58:56Z,43.0,CA - Dana Point Pier,Gonyaulax spp.,21.0,Partly Cloudy,SW,Incoming,,,,,Please use this version of 9/20/2017 and not the previously sent report. Thank you!,,1.0,1,1,1.0,1,1,,,,
2017-09-19T19:58:56Z,33.4623,-117.7059,Present,25.0,2017-09-19T19:58:56Z,43.0,CA - Dana Point Pier,Heterocapsa spp.,21.0,Partly Cloudy,SW,Incoming,,,,,Please use this version of 9/20/2017 and not the previously sent report. Thank you!,,1.0,1,1,1.0,1,1,,,,
2017-09-19T19:58:56Z,33.4623,-117.7059,Present,25.0,2017-09-19T19:58:56Z,43.0,CA - Dana Point Pier,Licmophora spp.,21.0,Partly Cloudy,SW,Incoming,,,,,Please use this version of 9/20/2017 and not the previously sent report. Thank you!,,1.0,1,1,1.0,1,1,,,,
2017-09-19T19:58:56Z,33.4623,-117.7059,Present,25.0,2017-09-19T19:58:56Z,43.0,CA - Dana Point Pier,Lingulodinium spp.,21.0,Partly Cloudy,SW,Incoming,,,,,Please use this version of 9/20/2017 and not the previously sent report. Thank you!,,1.0,1,1,1.0,1,1,,,,
2017-09-19T19:58:56Z,33.4623,-117.7059,Present,25.0,2017-09-19T19:58:56Z,43.0,CA - Dana Point Pier,Melosira spp.,21.0,Partly Cloudy,SW,Incoming,,,,,Please use this version of 9/20/2017 and not the previously sent report. Thank you!,,1.0,1,1,1.0,1,1,,,,
2017-09-19T19:58:56Z,33.4623,-117.7059,Present,25.0,2017-09-19T19:58:56Z,43.0,CA - Dana Point Pier,Navicula spp.,21.0,Partly Cloudy,SW,Incoming,,,,,Please use this version of 9/20/2017 and not the previously sent report. Thank you!,,1.0,1,1,1.0,1,1,,,,
2017-09-19T19:58:56Z,33.4623,-117.7059,Present,25.0,2017-09-19T19:58:56Z,43.0,CA - Dana Point Pier,Pennate Diatom,21.0,Partly Cloudy,SW,Incoming,,,,,Please use this version of 9/20/2017 and not the previously sent report. Thank you!,,1.0,1,1,1.0,1,1,,,,
2017-09-19T19:58:56Z,33.4623,-117.7059,Present,25.0,2017-09-19T19:58:56Z,43.0,CA - Dana Point Pier,Protoperidinium spp.,21.0,Partly Cloudy,SW,Incoming,,,,,Please use this version of 9/20/2017 and not the previously sent report. Thank you!,,1.0,1,1,1.0,1,1,,,,
2017-09-26T20:01:04Z,33.4623,-117.7059,Elevated,20.0,2017-09-26T20:01:04Z,42.0,CA - Dana Point Pier,Chaetoceros spp.,19.5,Sunny,SW,Outgoing,,,,,"The sample was bioluminescing and there was a large crustacean like zooplankton that was swimming around, but neither appeared in the random drops I looked at under the slide.",,1.0,1,1,1.0,1,1,,,,
2017-09-26T20:01:04Z,33.4623,-117.7059,Present,20.0,2017-09-26T20:01:04Z,42.0,CA - Dana Point Pier,Dinoflagellates,19.5,Sunny,SW,Outgoing,,,,,"The sample was bioluminescing and there was a large crustacean like zooplankton that was swimming around, but neither appeared in the random drops I looked at under the slide.",,1.0,1,1,1.0,1,1,,,,
2017-10-03T19:58:56Z,33.4623,-117.7059,Present,21.0,2017-10-03T19:58:56Z,42.0,CA - Dana Point Pier,Asterionellopsis spp.,21.0,Sunny,W,Incoming,,,,,,,1.0,1,1,1.0,1,1,,,,
2017-10-03T19:58:56Z,33.4623,-117.7059,Elevated,21.0,2017-10-03T19:58:56Z,42.0,CA - Dana Point Pier,Chaetoceros spp.,21.0,Sunny,W,Incoming,,,,,,,1.0,1,1,1.0,1,1,,,,
2017-10-03T19:58:56Z,33.4623,-117.7059,Present,21.0,2017-10-03T19:58:56Z,42.0,CA - Dana Point Pier,Dinoflagellates,21.0,Sunny,W,Incoming,,,,,,,1.0,1,1,1.0,1,1,,,,
2017-10-03T19:58:56Z,33.4623,-117.7059,Present,21.0,2017-10-03T19:58:56Z,42.0,CA - Dana Point Pier,Entomoneis spp.,21.0,Sunny,W,Incoming,,,,,,,1.0,1,1,1.0,1,1,,,,
2017-10-03T19:58:56Z,33.4623,-117.7059,Present,21.0,2017-10-03T19:58:56Z,42.0,CA - Dana Point Pier,Gonyaulax spp.,21.0,Sunny,W,Incoming,,,,,,,1.0,1,1,1.0,1,1,,,,
2017-10-03T19:58:56Z,33.4623,-117.7059,Present,21.0,2017-10-03T19:58:56Z,42.0,CA - Dana Point Pier,Heterocapsa spp.,21.0,Sunny,W,Incoming,,,,,,,1.0,1,1,1.0,1,1,,,,
2017-10-03T19:58:56Z,33.4623,-117.7059,Present,21.0,2017-10-03T19:58:56Z,42.0,CA - Dana Point Pier,Lingulodinium spp.,21.0,Sunny,W,Incoming,,,,,,,1.0,1,1,1.0,1,1,,,,
2017-10-03T19:58:56Z,33.4623,-117.7059,Present,21.0,2017-10-03T19:58:56Z,42.0,CA - Dana Point Pier,Pennate Diatom,21.0,Sunny,W,Incoming,,,,,,,1.0,1,1,1.0,1,1,,,,
2017-10-03T19:58:56Z,33.4623,-117.7059,Present,21.0,2017-10-03T19:58:56Z,42.0,CA - Dana Point Pier,Protoperidinium spp.,21.0,Sunny,W,Incoming,,,,,,,1.0,1,1,1.0,1,1,,,,
2017-10-10T20:01:04Z,33.4623,-117.7059,Present,25.0,2017-10-10T20:01:04Z,43.0,CA - Dana Point Pier,Asterionellopsis spp.,20.0,Sunny,SW,Outgoing,,,,,,,1.0,1,1,1.0,1,1,,,,
2017-10-10T20:01:04Z,33.4623,-117.7059,Present,25.0,2017-10-10T20:01:04Z,43.0,CA - Dana Point Pier,Chaetoceros spp.,20.0,Sunny,SW,Outgoing,,,,,,,1.0,1,1,1.0,1,1,,,,
2017-10-10T20:01:04Z,33.4623,-117.7059,Present,25.0,2017-10-10T20:01:04Z,43.0,CA - Dana Point Pier,Dinoflagellates,20.0,Sunny,SW,Outgoing,,,,,,,1.0,1,1,1.0,1,1,,,,
2017-10-10T20:01:04Z,33.4623,-117.7059,Present,25.0,2017-10-10T20:01:04Z,43.0,CA - Dana Point Pier,Gonyaulax spp.,20.0,Sunny,SW,Outgoing,,,,,,,1.0,1,1,1.0,1,1,,,,
2017-10-10T20:01:04Z,33.4623,-117.7059,Present,25.0,2017-10-10T20:01:04Z,43.0,CA - Dana Point Pier,Pennate Diatom,20.0,Sunny,SW,Outgoing,,,,,,,1.0,1,1,1.0,1,1,,,,
2017-10-17T19:58:56Z,33.4623,-117.7059,Present,23.0,2017-10-17T19:58:56Z,43.0,CA - Dana Point Pier,Asterionellopsis spp.,20.0,Sunny,S,High,,,,,clear at night,,1.0,1,1,1.0,1,1,,,,
2017-10-17T19:58:56Z,33.4623,-117.7059,Present,23.0,2017-10-17T19:58:56Z,43.0,CA - Dana Point Pier,Ceratium spp.,20.0,Sunny,S,High,,,,,clear at night,,1.0,1,1,1.0,1,1,,,,
2017-10-17T19:58:56Z,33.4623,-117.7059,Present,23.0,2017-10-17T19:58:56Z,43.0,CA - Dana Point Pier,Chaetoceros spp.,20.0,Sunny,S,High,,,,,clear at night,,1.0,1,1,1.0,1,1,,,,
2017-10-17T19:58:56Z,33.4623,-117.7059,Present,23.0,2017-10-17T19:58:56Z,43.0,CA - Dana Point Pier,Dinoflagellates,20.0,Sunny,S,High,,,,,clear at night,,1.0,1,1,1.0,1,1,,,,
2017-10-17T19:58:56Z,33.4623,-117.7059,Present,23.0,2017-10-17T19:58:56Z,43.0,CA - Dana Point Pier,Gonyaulax spp.,20.0,Sunny,S,High,,,,,clear at night,,1.0,1,1,1.0,1,1,,,,
2017-10-17T19:58:56Z,33.4623,-117.7059,Present,23.0,2017-10-17T19:58:56Z,43.0,CA - Dana Point Pier,Oblea spp.,20.0,Sunny,S,High,,,,,clear at night,,1.0,1,1,1.0,1,1,,,,
2017-10-17T19:58:56Z,33.4623,-117.7059,Present,23.0,2017-10-17T19:58:56Z,43.0,CA - Dana Point Pier,Pennate Diatom,20.0,Sunny,S,High,,,,,clear at night,,1.0,1,1,1.0,1,1,,,,
2017-09-28T20:01:04Z,33.64986,-117.58403,Present,19.0,2017-09-28T20:01:04Z,,CA - RSM lake,Microcystis spp.,23.0,,,,,,,,,,1.0,1,1,,1,1,,,,
2018-11-18T21:45:00Z,33.962698,-118.461934,Present,20.0,2018-11-18T21:45:00Z,34.0,CA - Marina Del Ray Jetty,Asterionellopsis spp.,18.0,Mostly cloudy,NE,Outgoing,,,,,First observation.,2.5,1.0,1,1,1.0,1,1,,,,1.0
2018-11-18T21:45:00Z,33.962698,-118.461934,Present,20.0,2018-11-18T21:45:00Z,34.0,CA - Marina Del Ray Jetty,Centric Diatom,18.0,Mostly cloudy,NE,Outgoing,,,,,First observation.,2.5,1.0,1,1,1.0,1,1,,,,1.0
2018-11-18T21:45:00Z,33.962698,-118.461934,Present,20.0,2018-11-18T21:45:00Z,34.0,CA - Marina Del Ray Jetty,Ceratium furca,18.0,Mostly cloudy,NE,Outgoing,,,,,First observation.,2.5,1.0,1,1,1.0,1,1,,,,1.0
2018-11-18T21:45:00Z,33.962698,-118.461934,Present,20.0,2018-11-18T21:45:00Z,34.0,CA - Marina Del Ray Jetty,Chaetoceros spp.,18.0,Mostly cloudy,NE,Outgoing,,,,,First observation.,2.5,1.0,1,1,1.0,1,1,,,,1.0
2018-11-18T21:45:00Z,33.962698,-118.461934,Present,20.0,2018-11-18T21:45:00Z,34.0,CA - Marina Del Ray Jetty,Ciliate,18.0,Mostly cloudy,NE,Outgoing,,,,,First observation.,2.5,1.0,1,1,1.0,1,1,,,,1.0
2018-11-18T21:45:00Z,33.962698,-118.461934,Present,20.0,2018-11-18T21:45:00Z,34.0,CA - Marina Del Ray Jetty,Dinoflagellates,18.0,Mostly cloudy,NE,Outgoing,,,,,First observation.,2.5,1.0,1,1,1.0,1,1,,,,1.0
2018-11-18T21:45:00Z,33.962698,-118.461934,Present,20.0,2018-11-18T21:45:00Z,34.0,CA - Marina Del Ray Jetty,Pennate Diatom,18.0,Mostly cloudy,NE,Outgoing,,,,,First observation.,2.5,1.0,1,1,1.0,1,1,,,,1.0
2018-11-18T21:45:00Z,33.962698,-118.461934,Present,20.0,2018-11-18T21:45:00Z,34.0,CA - Marina Del Ray Jetty,Pleurosigma spp.,18.0,Mostly cloudy,NE,Outgoing,,,,,First observation.,2.5,1.0,1,1,1.0,1,1,,,,1.0
2018-11-18T21:45:00Z,33.962698,-118.461934,Present,20.0,2018-11-18T21:45:00Z,34.0,CA - Marina Del Ray Jetty,Tintinnid,18.0,Mostly cloudy,NE,Outgoing,,,,,First observation.,2.5,1.0,1,1,1.0,1,1,,,,1.0
2018-11-18T21:45:00Z,33.962698,-118.461934,Present,20.0,2018-11-18T21:45:00Z,34.0,CA - Marina Del Ray Jetty,Zooplankton,18.0,Mostly cloudy,NE,Outgoing,,,,,First observation.,2.5,1.0,1,1,1.0,1,1,,,,1.0
2018-11-25T10:45:00Z,33.962698,-118.461934,Present,22.0,2018-11-25T10:45:00Z,32.0,CA - Marina Del Ray Jetty,Actinoptychus spp.,18.0,Partly cloudy,N,Outgoing,,,,,"Water was full of debris, possibly due to rain debris coming out of Ballona Creek.",7.5,1.0,1,1,1.0,1,1,,,,1.0
2018-11-25T10:45:00Z,33.962698,-118.461934,Present,22.0,2018-11-25T10:45:00Z,32.0,CA - Marina Del Ray Jetty,Asterionellopsis spp.,18.0,Partly cloudy,N,Outgoing,,,,,"Water was full of debris, possibly due to rain debris coming out of Ballona Creek.",7.5,1.0,1,1,1.0,1,1,,,,1.0
2018-11-25T10:45:00Z,33.962698,-118.461934,Present,22.0,2018-11-25T10:45:00Z,32.0,CA - Marina Del Ray Jetty,Centric Diatom,18.0,Partly cloudy,N,Outgoing,,,,,"Water was full of debris, possibly due to rain debris coming out of Ballona Creek.",7.5,1.0,1,1,1.0,1,1,,,,1.0
2018-11-25T10:45:00Z,33.962698,-118.461934,Present,22.0,2018-11-25T10:45:00Z,32.0,CA - Marina Del Ray Jetty,Ceratium fusus,18.0,Partly cloudy,N,Outgoing,,,,,"Water was full of debris, possibly due to rain debris coming out of Ballona Creek.",7.5,1.0,1,1,1.0,1,1,,,,1.0
2018-11-25T10:45:00Z,33.962698,-118.461934,Present,22.0,2018-11-25T10:45:00Z,32.0,CA - Marina Del Ray Jetty,Chaetoceros spp.,18.0,Partly cloudy,N,Outgoing,,,,,"Water was full of debris, possibly due to rain debris coming out of Ballona Creek.",7.5,1.0,1,1,1.0,1,1,,,,1.0
2018-11-25T10:45:00Z,33.962698,-118.461934,Present,22.0,2018-11-25T10:45:00Z,32.0,CA - Marina Del Ray Jetty,Copepod,18.0,Partly cloudy,N,Outgoing,,,,,"Water was full of debris, possibly due to rain debris coming out of Ballona Creek.",7.5,1.0,1,1,1.0,1,1,,,,1.0
2018-11-25T10:45:00Z,33.962698,-118.461934,Present,22.0,2018-11-25T10:45:00Z,32.0,CA - Marina Del Ray Jetty,Dinoflagellates,18.0,Partly cloudy,N,Outgoing,,,,,"Water was full of debris, possibly due to rain debris coming out of Ballona Creek.",7.5,1.0,1,1,1.0,1,1,,,,1.0
2018-11-25T10:45:00Z,33.962698,-118.461934,Present,22.0,2018-11-25T10:45:00Z,32.0,CA - Marina Del Ray Jetty,Dinophysis spp.,18.0,Partly cloudy,N,Outgoing,,,,,"Water was full of debris, possibly due to rain debris coming out of Ballona Creek.",7.5,1.0,1,1,1.0,1,1,,,,1.0
2018-11-25T10:45:00Z,33.962698,-118.461934,Present,22.0,2018-11-25T10:45:00Z,32.0,CA - Marina Del Ray Jetty,Guinardia spp.,18.0,Partly cloudy,N,Outgoing,,,,,"Water was full of debris, possibly due to rain debris coming out of Ballona Creek.",7.5,1.0,1,1,1.0,1,1,,,,1.0
2018-11-25T10:45:00Z,33.962698,-118.461934,Present,22.0,2018-11-25T10:45:00Z,32.0,CA - Marina Del Ray Jetty,Lingulodinium spp.,18.0,Partly cloudy,N,Outgoing,,,,,"Water was full of debris, possibly due to rain debris coming out of Ballona Creek.",7.5,1.0,1,1,1.0,1,1,,,,1.0
2018-11-25T10:45:00Z,33.962698,-118.461934,Present,22.0,2018-11-25T10:45:00Z,32.0,CA - Marina Del Ray Jetty,Nitzschia spp.,18.0,Partly cloudy,N,Outgoing,,,,,"Water was full of debris, possibly due to rain debris coming out of Ballona Creek.",7.5,1.0,1,1,1.0,1,1,,,,1.0
2018-11-25T10:45:00Z,33.962698,-118.461934,Present,22.0,2018-11-25T10:45:00Z,32.0,CA - Marina Del Ray Jetty,Pennate Diatom,18.0,Partly cloudy,N,Outgoing,,,,,"Water was full of debris, possibly due to rain debris coming out of Ballona Creek.",7.5,1.0,1,1,1.0,1,1,,,,1.0
2018-11-25T10:45:00Z,33.962698,-118.461934,Present,22.0,2018-11-25T10:45:00Z,32.0,CA - Marina Del Ray Jetty,Pleurosigma spp.,18.0,Partly cloudy,N,Outgoing,,,,,"Water was full of debris, possibly due to rain debris coming out of Ballona Creek.",7.5,1.0,1,1,1.0,1,1,,,,1.0
2018-11-25T10:45:00Z,33.962698,-118.461934,Present,22.0,2018-11-25T10:45:00Z,32.0,CA - Marina Del Ray Jetty,Protoperidinium spp.,18.0,Partly cloudy,N,Outgoing,,,,,"Water was full of debris, possibly due to rain debris coming out of Ballona Creek.",7.5,1.0,1,1,1.0,1,1,,,,1.0
2018-11-25T10:45:00Z,33.962698,-118.461934,Present,22.0,2018-11-25T10:45:00Z,32.0,CA - Marina Del Ray Jetty,Stephanopyxis spp.,18.0,Partly cloudy,N,Outgoing,,,,,"Water was full of debris, possibly due to rain debris coming out of Ballona Creek.",7.5,1.0,1,1,1.0,1,1,,,,1.0
2018-11-25T10:45:00Z,33.962698,-118.461934,Present,22.0,2018-11-25T10:45:00Z,32.0,CA - Marina Del Ray Jetty,Thalassiosira spp.,18.0,Partly cloudy,N,Outgoing,,,,,"Water was full of debris, possibly due to rain debris coming out of Ballona Creek.",7.5,1.0,1,1,1.0,1,1,,,,1.0
2018-11-25T10:45:00Z,33.962698,-118.461934,Present,22.0,2018-11-25T10:45:00Z,32.0,CA - Marina Del Ray Jetty,Tintinnid,18.0,Partly cloudy,N,Outgoing,,,,,"Water was full of debris, possibly due to rain debris coming out of Ballona Creek.",7.5,1.0,1,1,1.0,1,1,,,,1.0
2018-11-25T10:45:00Z,33.962698,-118.461934,Present,22.0,2018-11-25T10:45:00Z,32.0,CA - Marina Del Ray Jetty,Zooplankton,18.0,Partly cloudy,N,Outgoing,,,,,"Water was full of debris, possibly due to rain debris coming out of Ballona Creek.",7.5,1.0,1,1,1.0,1,1,,,,1.0
2018-12-02T10:45:00Z,33.962698,-118.461934,Present,18.0,2018-12-02T10:45:00Z,31.0,CA - Marina Del Ray Jetty,actinocyclus,16.0,Partly cloudy,NW,Outgoing,,,,,NO,17.5,1.0,1,1,1.0,1,1,,,,1.0
2018-12-02T10:45:00Z,33.962698,-118.461934,Present,18.0,2018-12-02T10:45:00Z,31.0,CA - Marina Del Ray Jetty,Actinopoda,16.0,Partly cloudy,NW,Outgoing,,,,,NO,17.5,1.0,1,1,1.0,1,1,,,,1.0
2018-12-02T10:45:00Z,33.962698,-118.461934,Present,18.0,2018-12-02T10:45:00Z,31.0,CA - Marina Del Ray Jetty,actinopthchus,16.0,Partly cloudy,NW,Outgoing,,,,,NO,17.5,1.0,1,1,1.0,1,1,,,,1.0
2018-12-02T10:45:00Z,33.962698,-118.461934,Present,18.0,2018-12-02T10:45:00Z,31.0,CA - Marina Del Ray Jetty,Asterionellopsis spp.,16.0,Partly cloudy,NW,Outgoing,,,,,NO,17.5,1.0,1,1,1.0,1,1,,,,1.0
2018-12-02T10:45:00Z,33.962698,-118.461934,Present,18.0,2018-12-02T10:45:00Z,31.0,CA - Marina Del Ray Jetty,Centric Diatom,16.0,Partly cloudy,NW,Outgoing,,,,,NO,17.5,1.0,1,1,1.0,1,1,,,,1.0
2018-12-02T10:45:00Z,33.962698,-118.461934,Present,18.0,2018-12-02T10:45:00Z,31.0,CA - Marina Del Ray Jetty,Ceratium furca,16.0,Partly cloudy,NW,Outgoing,,,,,NO,17.5,1.0,1,1,1.0,1,1,,,,1.0
2018-12-02T10:45:00Z,33.962698,-118.461934,Present,18.0,2018-12-02T10:45:00Z,31.0,CA - Marina Del Ray Jetty,Chaetoceros spp.,16.0,Partly cloudy,NW,Outgoing,,,,,NO,17.5,1.0,1,1,1.0,1,1,,,,1.0
2018-12-02T10:45:00Z,33.962698,-118.461934,Present,18.0,2018-12-02T10:45:00Z,31.0,CA - Marina Del Ray Jetty,Copepod,16.0,Partly cloudy,NW,Outgoing,,,,,NO,17.5,1.0,1,1,1.0,1,1,,,,1.0
2018-12-02T10:45:00Z,33.962698,-118.461934,Present,18.0,2018-12-02T10:45:00Z,31.0,CA - Marina Del Ray Jetty,Coscinodiscus spp.,16.0,Partly cloudy,NW,Outgoing,,,,,NO,17.5,1.0,1,1,1.0,1,1,,,,1.0
2018-12-02T10:45:00Z,33.962698,-118.461934,Present,18.0,2018-12-02T10:45:00Z,31.0,CA - Marina Del Ray Jetty,cymbella,16.0,Partly cloudy,NW,Outgoing,,,,,NO,17.5,1.0,1,1,1.0,1,1,,,,1.0
2018-12-02T10:45:00Z,33.962698,-118.461934,Present,18.0,2018-12-02T10:45:00Z,31.0,CA - Marina Del Ray Jetty,Dinoflagellates,16.0,Partly cloudy,NW,Outgoing,,,,,NO,17.5,1.0,1,1,1.0,1,1,,,,1.0
2018-12-02T10:45:00Z,33.962698,-118.461934,Present,18.0,2018-12-02T10:45:00Z,31.0,CA - Marina Del Ray Jetty,diploneis,16.0,Partly cloudy,NW,Outgoing,,,,,NO,17.5,1.0,1,1,1.0,1,1,,,,1.0
2018-12-02T10:45:00Z,33.962698,-118.461934,Present,18.0,2018-12-02T10:45:00Z,31.0,CA - Marina Del Ray Jetty,foriminiferia,16.0,Partly cloudy,NW,Outgoing,,,,,NO,17.5,1.0,1,1,1.0,1,1,,,,1.0
2018-12-02T10:45:00Z,33.962698,-118.461934,Present,18.0,2018-12-02T10:45:00Z,31.0,CA - Marina Del Ray Jetty,fragilaria,16.0,Partly cloudy,NW,Outgoing,,,,,NO,17.5,1.0,1,1,1.0,1,1,,,,1.0
2018-12-02T10:45:00Z,33.962698,-118.461934,Present,18.0,2018-12-02T10:45:00Z,31.0,CA - Marina Del Ray Jetty,leptocylindrus,16.0,Partly cloudy,NW,Outgoing,,,,,NO,17.5,1.0,1,1,1.0,1,1,,,,1.0
2018-12-02T10:45:00Z,33.962698,-118.461934,Present,18.0,2018-12-02T10:45:00Z,31.0,CA - Marina Del Ray Jetty,Lingulodinium spp.,16.0,Partly cloudy,NW,Outgoing,,,,,NO,17.5,1.0,1,1,1.0,1,1,,,,1.0
2018-12-02T10:45:00Z,33.962698,-118.461934,Present,18.0,2018-12-02T10:45:00Z,31.0,CA - Marina Del Ray Jetty,Pennate Diatom,16.0,Partly cloudy,NW,Outgoing,,,,,NO,17.5,1.0,1,1,1.0,1,1,,,,1.0
2018-12-02T10:45:00Z,33.962698,-118.461934,Present,18.0,2018-12-02T10:45:00Z,31.0,CA - Marina Del Ray Jetty,Pleurosigma spp.,16.0,Partly cloudy,NW,Outgoing,,,,,NO,17.5,1.0,1,1,1.0,1,1,,,,1.0
2018-12-02T10:45:00Z,33.962698,-118.461934,Present,18.0,2018-12-02T10:45:00Z,31.0,CA - Marina Del Ray Jetty,Tintinnid,16.0,Partly cloudy,NW,Outgoing,,,,,NO,17.5,1.0,1,1,1.0,1,1,,,,1.0
2018-12-02T10:45:00Z,33.962698,-118.461934,Present,18.0,2018-12-02T10:45:00Z,31.0,CA - Marina Del Ray Jetty,Zooplankton,16.0,Partly cloudy,NW,Outgoing,,,,,NO,17.5,1.0,1,1,1.0,1,1,,,,1.0
2018-12-09T10:45:00Z,33.962698,-118.461934,Present,18.0,2018-12-09T10:45:00Z,33.0,CA - Marina Del Ray Jetty,Actinopoda,16.0,Mostly cloudy,NE,Outgoing,,,,,NO,2.5,1.0,1,1,1.0,1,1,,,,1.0
2018-12-09T10:45:00Z,33.962698,-118.461934,Present,18.0,2018-12-09T10:45:00Z,33.0,CA - Marina Del Ray Jetty,Alexandrium spp.,16.0,Mostly cloudy,NE,Outgoing,,,,,NO,2.5,1.0,1,1,1.0,1,1,,,,1.0
2018-12-09T10:45:00Z,33.962698,-118.461934,Present,18.0,2018-12-09T10:45:00Z,33.0,CA - Marina Del Ray Jetty,Centric Diatom,16.0,Mostly cloudy,NE,Outgoing,,,,,NO,2.5,1.0,1,1,1.0,1,1,,,,1.0
2018-12-09T10:45:00Z,33.962698,-118.461934,Present,18.0,2018-12-09T10:45:00Z,33.0,CA - Marina Del Ray Jetty,Ceratium furca,16.0,Mostly cloudy,NE,Outgoing,,,,,NO,2.5,1.0,1,1,1.0,1,1,,,,1.0
2018-12-09T10:45:00Z,33.962698,-118.461934,Present,18.0,2018-12-09T10:45:00Z,33.0,CA - Marina Del Ray Jetty,Chaetoceros spp.,16.0,Mostly cloudy,NE,Outgoing,,,,,NO,2.5,1.0,1,1,1.0,1,1,,,,1.0
2018-12-09T10:45:00Z,33.962698,-118.461934,Present,18.0,2018-12-09T10:45:00Z,33.0,CA - Marina Del Ray Jetty,Copepod,16.0,Mostly cloudy,NE,Outgoing,,,,,NO,2.5,1.0,1,1,1.0,1,1,,,,1.0
2018-12-09T10:45:00Z,33.962698,-118.461934,Present,18.0,2018-12-09T10:45:00Z,33.0,CA - Marina Del Ray Jetty,Coscinodiscus spp.,16.0,Mostly cloudy,NE,Outgoing,,,,,NO,2.5,1.0,1,1,1.0,1,1,,,,1.0
2018-12-09T10:45:00Z,33.962698,-118.461934,Present,18.0,2018-12-09T10:45:00Z,33.0,CA - Marina Del Ray Jetty,Dictocha,16.0,Mostly cloudy,NE,Outgoing,,,,,NO,2.5,1.0,1,1,1.0,1,1,,,,1.0
2018-12-09T10:45:00Z,33.962698,-118.461934,Present,18.0,2018-12-09T10:45:00Z,33.0,CA - Marina Del Ray Jetty,Dinoflagellates,16.0,Mostly cloudy,NE,Outgoing,,,,,NO,2.5,1.0,1,1,1.0,1,1,,,,1.0
2018-12-09T10:45:00Z,33.962698,-118.461934,Present,18.0,2018-12-09T10:45:00Z,33.0,CA - Marina Del Ray Jetty,Dinophysis spp.,16.0,Mostly cloudy,NE,Outgoing,,,,,NO,2.5,1.0,1,1,1.0,1,1,,,,1.0
2018-12-09T10:45:00Z,33.962698,-118.461934,Present,18.0,2018-12-09T10:45:00Z,33.0,CA - Marina Del Ray Jetty,Hemiaulus spp.,16.0,Mostly cloudy,NE,Outgoing,,,,,NO,2.5,1.0,1,1,1.0,1,1,,,,1.0
2018-12-09T10:45:00Z,33.962698,-118.461934,Present,18.0,2018-12-09T10:45:00Z,33.0,CA - Marina Del Ray Jetty,Lingulodinium spp.,16.0,Mostly cloudy,NE,Outgoing,,,,,NO,2.5,1.0,1,1,1.0,1,1,,,,1.0
2018-12-09T10:45:00Z,33.962698,-118.461934,Present,18.0,2018-12-09T10:45:00Z,33.0,CA - Marina Del Ray Jetty,Pennate Diatom,16.0,Mostly cloudy,NE,Outgoing,,,,,NO,2.5,1.0,1,1,1.0,1,1,,,,1.0
2018-12-09T10:45:00Z,33.962698,-118.461934,Present,18.0,2018-12-09T10:45:00Z,33.0,CA - Marina Del Ray Jetty,Pleurosigma spp.,16.0,Mostly cloudy,NE,Outgoing,,,,,NO,2.5,1.0,1,1,1.0,1,1,,,,1.0
2018-12-09T10:45:00Z,33.962698,-118.461934,Present,18.0,2018-12-09T10:45:00Z,33.0,CA - Marina Del Ray Jetty,Protoperidinium spp.,16.0,Mostly cloudy,NE,Outgoing,,,,,NO,2.5,1.0,1,1,1.0,1,1,,,,1.0
2018-12-09T10:45:00Z,33.962698,-118.461934,Present,18.0,2018-12-09T10:45:00Z,33.0,CA - Marina Del Ray Jetty,Pseudo-nitzschia spp.,16.0,Mostly cloudy,NE,Outgoing,,,,,NO,2.5,1.0,1,1,1.0,1,1,,,,1.0
2018-12-09T10:45:00Z,33.962698,-118.461934,Present,18.0,2018-12-09T10:45:00Z,33.0,CA - Marina Del Ray Jetty,Zooplankton,16.0,Mostly cloudy,NE,Outgoing,,,,,NO,2.5,1.0,1,1,1.0,1,1,,,,1.0
2018-12-16T11:20:00Z,33.962698,-118.461934,Present,20.0,2018-12-16T11:20:00Z,33.0,CA - Marina Del Ray Jetty,Actinoptychus spp.,16.0,Partly cloudy,W,Outgoing,,,,,"Considerable floating plastic debris in channel, net tow sample twice as dark as previous samples.",2.5,1.0,1,1,1.0,1,1,,,,1.0
2018-12-16T11:20:00Z,33.962698,-118.461934,Present,20.0,2018-12-16T11:20:00Z,33.0,CA - Marina Del Ray Jetty,Asterionellopsis spp.,16.0,Partly cloudy,W,Outgoing,,,,,"Considerable floating plastic debris in channel, net tow sample twice as dark as previous samples.",2.5,1.0,1,1,1.0,1,1,,,,1.0
2018-12-16T11:20:00Z,33.962698,-118.461934,Present,20.0,2018-12-16T11:20:00Z,33.0,CA - Marina Del Ray Jetty,Centric Diatom,16.0,Partly cloudy,W,Outgoing,,,,,"Considerable floating plastic debris in channel, net tow sample twice as dark as previous samples.",2.5,1.0,1,1,1.0,1,1,,,,1.0
2018-12-16T11:20:00Z,33.962698,-118.461934,Present,20.0,2018-12-16T11:20:00Z,33.0,CA - Marina Del Ray Jetty,Ceratium furca,16.0,Partly cloudy,W,Outgoing,,,,,"Considerable floating plastic debris in channel, net tow sample twice as dark as previous samples.",2.5,1.0,1,1,1.0,1,1,,,,1.0
2018-12-16T11:20:00Z,33.962698,-118.461934,Present,20.0,2018-12-16T11:20:00Z,33.0,CA - Marina Del Ray Jetty,ceratium fuses,16.0,Partly cloudy,W,Outgoing,,,,,"Considerable floating plastic debris in channel, net tow sample twice as dark as previous samples.",2.5,1.0,1,1,1.0,1,1,,,,1.0
2018-12-16T11:20:00Z,33.962698,-118.461934,Present,20.0,2018-12-16T11:20:00Z,33.0,CA - Marina Del Ray Jetty,ceratium longipipes,16.0,Partly cloudy,W,Outgoing,,,,,"Considerable floating plastic debris in channel, net tow sample twice as dark as previous samples.",2.5,1.0,1,1,1.0,1,1,,,,1.0
2018-12-16T11:20:00Z,33.962698,-118.461934,Present,20.0,2018-12-16T11:20:00Z,33.0,CA - Marina Del Ray Jetty,Chaetoceros spp.,16.0,Partly cloudy,W,Outgoing,,,,,"Considerable floating plastic debris in channel, net tow sample twice as dark as previous samples.",2.5,1.0,1,1,1.0,1,1,,,,1.0
2018-12-16T11:20:00Z,33.962698,-118.461934,Present,20.0,2018-12-16T11:20:00Z,33.0,CA - Marina Del Ray Jetty,Ciliate,16.0,Partly cloudy,W,Outgoing,,,,,"Considerable floating plastic debris in channel, net tow sample twice as dark as previous samples.",2.5,1.0,1,1,1.0,1,1,,,,1.0
2018-12-16T11:20:00Z,33.962698,-118.461934,Present,20.0,2018-12-16T11:20:00Z,33.0,CA - Marina Del Ray Jetty,Cochlodinium spp.,16.0,Partly cloudy,W,Outgoing,,,,,"Considerable floating plastic debris in channel, net tow sample twice as dark as previous samples.",2.5,1.0,1,1,1.0,1,1,,,,1.0
2018-12-16T11:20:00Z,33.962698,-118.461934,Present,20.0,2018-12-16T11:20:00Z,33.0,CA - Marina Del Ray Jetty,Copepod,16.0,Partly cloudy,W,Outgoing,,,,,"Considerable floating plastic debris in channel, net tow sample twice as dark as previous samples.",2.5,1.0,1,1,1.0,1,1,,,,1.0
2018-12-16T11:20:00Z,33.962698,-118.461934,Present,20.0,2018-12-16T11:20:00Z,33.0,CA - Marina Del Ray Jetty,Coscinodiscus spp.,16.0,Partly cloudy,W,Outgoing,,,,,"Considerable floating plastic debris in channel, net tow sample twice as dark as previous samples.",2.5,1.0,1,1,1.0,1,1,,,,1.0
2018-12-16T11:20:00Z,33.962698,-118.461934,Present,20.0,2018-12-16T11:20:00Z,33.0,CA - Marina Del Ray Jetty,dictochya,16.0,Partly cloudy,W,Outgoing,,,,,"Considerable floating plastic debris in channel, net tow sample twice as dark as previous samples.",2.5,1.0,1,1,1.0,1,1,,,,1.0
2018-12-16T11:20:00Z,33.962698,-118.461934,Present,20.0,2018-12-16T11:20:00Z,33.0,CA - Marina Del Ray Jetty,Dinoflagellates,16.0,Partly cloudy,W,Outgoing,,,,,"Considerable floating plastic debris in channel, net tow sample twice as dark as previous samples.",2.5,1.0,1,1,1.0,1,1,,,,1.0
2018-12-16T11:20:00Z,33.962698,-118.461934,Present,20.0,2018-12-16T11:20:00Z,33.0,CA - Marina Del Ray Jetty,Dinophysis spp.,16.0,Partly cloudy,W,Outgoing,,,,,"Considerable floating plastic debris in channel, net tow sample twice as dark as previous samples.",2.5,1.0,1,1,1.0,1,1,,,,1.0
2018-12-16T11:20:00Z,33.962698,-118.461934,Present,20.0,2018-12-16T11:20:00Z,33.0,CA - Marina Del Ray Jetty,Hemiaulus spp.,16.0,Partly cloudy,W,Outgoing,,,,,"Considerable floating plastic debris in channel, net tow sample twice as dark as previous samples.",2.5,1.0,1,1,1.0,1,1,,,,1.0
2018-12-16T11:20:00Z,33.962698,-118.461934,Present,20.0,2018-12-16T11:20:00Z,33.0,CA - Marina Del Ray Jetty,Lingulodinium spp.,16.0,Partly cloudy,W,Outgoing,,,,,"Considerable floating plastic debris in channel, net tow sample twice as dark as previous samples.",2.5,1.0,1,1,1.0,1,1,,,,1.0
2018-12-16T11:20:00Z,33.962698,-118.461934,Present,20.0,2018-12-16T11:20:00Z,33.0,CA - Marina Del Ray Jetty,Pennate Diatom,16.0,Partly cloudy,W,Outgoing,,,,,"Considerable floating plastic debris in channel, net tow sample twice as dark as previous samples.",2.5,1.0,1,1,1.0,1,1,,,,1.0
2018-12-16T11:20:00Z,33.962698,-118.461934,Present,20.0,2018-12-16T11:20:00Z,33.0,CA - Marina Del Ray Jetty,Pleurosigma spp.,16.0,Partly cloudy,W,Outgoing,,,,,"Considerable floating plastic debris in channel, net tow sample twice as dark as previous samples.",2.5,1.0,1,1,1.0,1,1,,,,1.0
2018-12-16T11:20:00Z,33.962698,-118.461934,Present,20.0,2018-12-16T11:20:00Z,33.0,CA - Marina Del Ray Jetty,Proboscia spp.,16.0,Partly cloudy,W,Outgoing,,,,,"Considerable floating plastic debris in channel, net tow sample twice as dark as previous samples.",2.5,1.0,1,1,1.0,1,1,,,,1.0
2018-12-16T11:20:00Z,33.962698,-118.461934,Present,20.0,2018-12-16T11:20:00Z,33.0,CA - Marina Del Ray Jetty,Protoperidinium spp.,16.0,Partly cloudy,W,Outgoing,,,,,"Considerable floating plastic debris in channel, net tow sample twice as dark as previous samples.",2.5,1.0,1,1,1.0,1,1,,,,1.0
2018-12-16T11:20:00Z,33.962698,-118.461934,Present,20.0,2018-12-16T11:20:00Z,33.0,CA - Marina Del Ray Jetty,Rhizosolenia spp.,16.0,Partly cloudy,W,Outgoing,,,,,"Considerable floating plastic debris in channel, net tow sample twice as dark as previous samples.",2.5,1.0,1,1,1.0,1,1,,,,1.0
2018-12-16T11:20:00Z,33.962698,-118.461934,Present,20.0,2018-12-16T11:20:00Z,33.0,CA - Marina Del Ray Jetty,Stephanopyxis spp.,16.0,Partly cloudy,W,Outgoing,,,,,"Considerable floating plastic debris in channel, net tow sample twice as dark as previous samples.",2.5,1.0,1,1,1.0,1,1,,,,1.0
2018-12-16T11:20:00Z,33.962698,-118.461934,Present,20.0,2018-12-16T11:20:00Z,33.0,CA - Marina Del Ray Jetty,Thalassionema spp.,16.0,Partly cloudy,W,Outgoing,,,,,"Considerable floating plastic debris in channel, net tow sample twice as dark as previous samples.",2.5,1.0,1,1,1.0,1,1,,,,1.0
2018-12-16T11:20:00Z,33.962698,-118.461934,Present,20.0,2018-12-16T11:20:00Z,33.0,CA - Marina Del Ray Jetty,Tintinnid,16.0,Partly cloudy,W,Outgoing,,,,,"Considerable floating plastic debris in channel, net tow sample twice as dark as previous samples.",2.5,1.0,1,1,1.0,1,1,,,,1.0
2018-12-16T11:20:00Z,33.962698,-118.461934,Present,20.0,2018-12-16T11:20:00Z,33.0,CA - Marina Del Ray Jetty,Zooplankton,16.0,Partly cloudy,W,Outgoing,,,,,"Considerable floating plastic debris in channel, net tow sample twice as dark as previous samples.",2.5,1.0,1,1,1.0,1,1,,,,1.0
2018-12-23T10:20:00Z,33.962698,-118.461934,Present,17.0,2018-12-23T10:20:00Z,33.0,CA - Marina Del Ray Jetty,Centric Diatom,16.0,Mostly cloudy,S,Outgoing,,,,,NO,2.5,1.0,1,1,1.0,1,1,,,,1.0
2018-12-23T10:20:00Z,33.962698,-118.461934,Present,17.0,2018-12-23T10:20:00Z,33.0,CA - Marina Del Ray Jetty,Ceratium furca,16.0,Mostly cloudy,S,Outgoing,,,,,NO,2.5,1.0,1,1,1.0,1,1,,,,1.0
2018-12-23T10:20:00Z,33.962698,-118.461934,Present,17.0,2018-12-23T10:20:00Z,33.0,CA - Marina Del Ray Jetty,Ceratium fusus,16.0,Mostly cloudy,S,Outgoing,,,,,NO,2.5,1.0,1,1,1.0,1,1,,,,1.0
2018-12-23T10:20:00Z,33.962698,-118.461934,Present,17.0,2018-12-23T10:20:00Z,33.0,CA - Marina Del Ray Jetty,Chaetoceros spp.,16.0,Mostly cloudy,S,Outgoing,,,,,NO,2.5,1.0,1,1,1.0,1,1,,,,1.0
2018-12-23T10:20:00Z,33.962698,-118.461934,Present,17.0,2018-12-23T10:20:00Z,33.0,CA - Marina Del Ray Jetty,Ciliate,16.0,Mostly cloudy,S,Outgoing,,,,,NO,2.5,1.0,1,1,1.0,1,1,,,,1.0
2018-12-23T10:20:00Z,33.962698,-118.461934,Present,17.0,2018-12-23T10:20:00Z,33.0,CA - Marina Del Ray Jetty,Coscinodiscus spp.,16.0,Mostly cloudy,S,Outgoing,,,,,NO,2.5,1.0,1,1,1.0,1,1,,,,1.0
2018-12-23T10:20:00Z,33.962698,-118.461934,Present,17.0,2018-12-23T10:20:00Z,33.0,CA - Marina Del Ray Jetty,Dinoflagellates,16.0,Mostly cloudy,S,Outgoing,,,,,NO,2.5,1.0,1,1,1.0,1,1,,,,1.0
2018-12-23T10:20:00Z,33.962698,-118.461934,Present,17.0,2018-12-23T10:20:00Z,33.0,CA - Marina Del Ray Jetty,Dinophysis spp.,16.0,Mostly cloudy,S,Outgoing,,,,,NO,2.5,1.0,1,1,1.0,1,1,,,,1.0
2018-12-23T10:20:00Z,33.962698,-118.461934,Present,17.0,2018-12-23T10:20:00Z,33.0,CA - Marina Del Ray Jetty,Lingulodinium spp.,16.0,Mostly cloudy,S,Outgoing,,,,,NO,2.5,1.0,1,1,1.0,1,1,,,,1.0
2018-12-23T10:20:00Z,33.962698,-118.461934,Present,17.0,2018-12-23T10:20:00Z,33.0,CA - Marina Del Ray Jetty,Pennate Diatom,16.0,Mostly cloudy,S,Outgoing,,,,,NO,2.5,1.0,1,1,1.0,1,1,,,,1.0
2018-12-23T10:20:00Z,33.962698,-118.461934,Present,17.0,2018-12-23T10:20:00Z,33.0,CA - Marina Del Ray Jetty,Pleurosigma spp.,16.0,Mostly cloudy,S,Outgoing,,,,,NO,2.5,1.0,1,1,1.0,1,1,,,,1.0
2018-12-23T10:20:00Z,33.962698,-118.461934,Present,17.0,2018-12-23T10:20:00Z,33.0,CA - Marina Del Ray Jetty,Thalassiosira spp.,16.0,Mostly cloudy,S,Outgoing,,,,,NO,2.5,1.0,1,1,1.0,1,1,,,,1.0
2018-12-23T10:20:00Z,33.962698,-118.461934,Present,17.0,2018-12-23T10:20:00Z,33.0,CA - Marina Del Ray Jetty,Tintinnid,16.0,Mostly cloudy,S,Outgoing,,,,,NO,2.5,1.0,1,1,1.0,1,1,,,,1.0
2018-12-23T10:20:00Z,33.962698,-118.461934,Present,17.0,2018-12-23T10:20:00Z,33.0,CA - Marina Del Ray Jetty,Zooplankton,16.0,Mostly cloudy,S,Outgoing,,,,,NO,2.5,1.0,1,1,1.0,1,1,,,,1.0
2018-06-03T16:20:00Z,37.808603,-122.440069,Present,18.5,2018-06-03T16:20:00Z,,CA - Wave Organ,Asterionellopsis spp.,16.0,Partly cloudy,W,Full high tide,,,,,NO,17.5,1.0,1,1,,1,1,,,,1.0
2018-06-03T16:20:00Z,37.808603,-122.440069,Present,18.5,2018-06-03T16:20:00Z,30.0,CA - Wave Organ,bellerocera malleus,16.0,Partly cloudy,W,Full high tide,,,,,NO,17.5,1.0,1,1,1.0,1,1,,,,1.0
2018-06-03T16:20:00Z,37.808603,-122.440069,Present,18.5,2018-06-03T16:20:00Z,,CA - Wave Organ,Bellerocera malleus,16.0,Partly cloudy,W,Full high tide,,,,,NO,17.5,1.0,1,1,,1,1,,,,1.0
2018-06-03T16:20:00Z,37.808603,-122.440069,Present,18.5,2018-06-03T16:20:00Z,,CA - Wave Organ,Centric Diatom,16.0,Partly cloudy,W,Full high tide,,,,,NO,17.5,1.0,1,1,,1,1,,,,1.0
2018-06-03T16:20:00Z,37.808603,-122.440069,Present,18.5,2018-06-03T16:20:00Z,,CA - Wave Organ,Ceratium furca,16.0,Partly cloudy,W,Full high tide,,,,,NO,17.5,1.0,1,1,,1,1,,,,1.0
2018-06-03T16:20:00Z,37.808603,-122.440069,Present,18.5,2018-06-03T16:20:00Z,,CA - Wave Organ,Chaetoceros spp.,16.0,Partly cloudy,W,Full high tide,,,,,NO,17.5,1.0,1,1,,1,1,,,,1.0
2018-06-03T16:20:00Z,37.808603,-122.440069,Present,18.5,2018-06-03T16:20:00Z,,CA - Wave Organ,Coscinodiscus spp.,16.0,Partly cloudy,W,Full high tide,,,,,NO,17.5,1.0,1,1,,1,1,,,,1.0
2018-06-03T16:20:00Z,37.808603,-122.440069,Present,18.5,2018-06-03T16:20:00Z,,CA - Wave Organ,Dinoflagellates,16.0,Partly cloudy,W,Full high tide,,,,,NO,17.5,1.0,1,1,,1,1,,,,1.0
2018-06-03T16:20:00Z,37.808603,-122.440069,Present,18.5,2018-06-03T16:20:00Z,,CA - Wave Organ,Ditylum spp.,16.0,Partly cloudy,W,Full high tide,,,,,NO,17.5,1.0,1,1,,1,1,,,,1.0
2018-06-03T16:20:00Z,37.808603,-122.440069,Present,18.5,2018-06-03T16:20:00Z,,CA - Wave Organ,Licomorpha spp.,16.0,Partly cloudy,W,Full high tide,,,,,NO,17.5,1.0,1,1,,1,1,,,,1.0
2018-06-03T16:20:00Z,37.808603,-122.440069,Present,18.5,2018-06-03T16:20:00Z,,CA - Wave Organ,Melosira spp.,16.0,Partly cloudy,W,Full high tide,,,,,NO,17.5,1.0,1,1,,1,1,,,,1.0
2018-06-03T16:20:00Z,37.808603,-122.440069,Present,18.5,2018-06-03T16:20:00Z,,CA - Wave Organ,Nauplius,16.0,Partly cloudy,W,Full high tide,,,,,NO,17.5,1.0,1,1,,1,1,,,,1.0
2018-06-03T16:20:00Z,37.808603,-122.440069,Present,18.5,2018-06-03T16:20:00Z,,CA - Wave Organ,Pennate Diatom,16.0,Partly cloudy,W,Full high tide,,,,,NO,17.5,1.0,1,1,,1,1,,,,1.0
2018-06-03T16:20:00Z,37.808603,-122.440069,Present,18.5,2018-06-03T16:20:00Z,,CA - Wave Organ,Pleurosigma spp.,16.0,Partly cloudy,W,Full high tide,,,,,NO,17.5,1.0,1,1,,1,1,,,,1.0
2018-06-03T16:20:00Z,37.808603,-122.440069,Present,18.5,2018-06-03T16:20:00Z,,CA - Wave Organ,,16.0,Partly cloudy,W,Full high tide,,,,,NO,17.5,1.0,1,1,,1,1,,,,1.0
2018-06-03T16:20:00Z,37.808603,-122.440069,Present,18.5,2018-06-03T16:20:00Z,,CA - Wave Organ,Protoperidinium spp.,16.0,Partly cloudy,W,Full high tide,,,,,NO,17.5,1.0,1,1,,1,1,,,,1.0
2018-06-03T16:20:00Z,37.808603,-122.440069,Present,18.5,2018-06-03T16:20:00Z,,CA - Wave Organ,Pseudo-nitzschia spp.,16.0,Partly cloudy,W,Full high tide,,,,,NO,17.5,1.0,1,1,,1,1,,,,1.0
2018-06-03T16:20:00Z,37.808603,-122.440069,Present,18.5,2018-06-03T16:20:00Z,,CA - Wave Organ,Rhizosolenia spp.,16.0,Partly cloudy,W,Full high tide,,,,,NO,17.5,1.0,1,1,,1,1,,,,1.0
2018-06-03T16:20:00Z,37.808603,-122.440069,Present,18.5,2018-06-03T16:20:00Z,,CA - Wave Organ,Thalassiosira spp.,16.0,Partly cloudy,W,Full high tide,,,,,NO,17.5,1.0,1,1,,1,1,,,,1.0
2018-06-03T16:20:00Z,37.808603,-122.440069,Present,18.5,2018-06-03T16:20:00Z,,CA - Wave Organ,veliger larvae,16.0,Partly cloudy,W,Full high tide,,,,,NO,17.5,1.0,1,1,,1,1,,,,1.0
2018-06-03T16:20:00Z,37.808603,-122.440069,Present,18.5,2018-06-03T16:20:00Z,,CA - Wave Organ,Zooplankton,16.0,Partly cloudy,W,Full high tide,,,,,NO,17.5,1.0,1,1,,1,1,,,,1.0
2018-06-18T15:00:00Z,37.808603,-122.440069,Present,15.5,2018-06-18T15:00:00Z,30.0,CA - Wave Organ,actinopoda,16.5,Partly cloudy,W,Incoming,,,,,lots of particulates in the water.  Like sediment.,17.5,1.0,1,1,1.0,1,1,,,,1.0
2018-06-18T15:00:00Z,37.808603,-122.440069,Present,15.5,2018-06-18T15:00:00Z,30.0,CA - Wave Organ,Asterionellopsis spp.,16.5,Partly cloudy,W,Incoming,,,,,lots of particulates in the water.  Like sediment.,17.5,1.0,1,1,1.0,1,1,,,,1.0
2018-06-18T15:00:00Z,37.808603,-122.440069,Present,15.5,2018-06-18T15:00:00Z,30.0,CA - Wave Organ,Centric Diatom,16.5,Partly cloudy,W,Incoming,,,,,lots of particulates in the water.  Like sediment.,17.5,1.0,1,1,1.0,1,1,,,,1.0
2018-06-18T15:00:00Z,37.808603,-122.440069,Present,15.5,2018-06-18T15:00:00Z,30.0,CA - Wave Organ,Ceratium furca,16.5,Partly cloudy,W,Incoming,,,,,lots of particulates in the water.  Like sediment.,17.5,1.0,1,1,1.0,1,1,,,,1.0
2018-06-18T15:00:00Z,37.808603,-122.440069,Present,15.5,2018-06-18T15:00:00Z,30.0,CA - Wave Organ,Chaetoceros spp.,16.5,Partly cloudy,W,Incoming,,,,,lots of particulates in the water.  Like sediment.,17.5,1.0,1,1,1.0,1,1,,,,1.0
2018-06-18T15:00:00Z,37.808603,-122.440069,Present,15.5,2018-06-18T15:00:00Z,30.0,CA - Wave Organ,Coscinodiscus spp.,16.5,Partly cloudy,W,Incoming,,,,,lots of particulates in the water.  Like sediment.,17.5,1.0,1,1,1.0,1,1,,,,1.0
2018-06-18T15:00:00Z,37.808603,-122.440069,Present,15.5,2018-06-18T15:00:00Z,30.0,CA - Wave Organ,Dinoflagellates,16.5,Partly cloudy,W,Incoming,,,,,lots of particulates in the water.  Like sediment.,17.5,1.0,1,1,1.0,1,1,,,,1.0
2018-06-18T15:00:00Z,37.808603,-122.440069,Present,15.5,2018-06-18T15:00:00Z,30.0,CA - Wave Organ,Ditylum spp.,16.5,Partly cloudy,W,Incoming,,,,,lots of particulates in the water.  Like sediment.,17.5,1.0,1,1,1.0,1,1,,,,1.0
2018-06-18T15:00:00Z,37.808603,-122.440069,Present,15.5,2018-06-18T15:00:00Z,30.0,CA - Wave Organ,Melosira spp.,16.5,Partly cloudy,W,Incoming,,,,,water was fairly turbid.  More chaetoceros than normal,17.5,1.0,1,1,1.0,1,1,,,,1.0
2018-06-18T15:00:00Z,37.808603,-122.440069,Present,15.5,2018-06-18T15:00:00Z,30.0,CA - Wave Organ,Nauplius,16.5,Partly cloudy,W,Incoming,,,,,lots of particulates in the water.  Like sediment.,17.5,1.0,1,1,1.0,1,1,,,,1.0
2018-06-18T15:00:00Z,37.808603,-122.440069,Present,15.5,2018-06-18T15:00:00Z,30.0,CA - Wave Organ,noctiluca,16.5,Partly cloudy,W,Incoming,,,,,lots of particulates in the water.  Like sediment.,17.5,1.0,1,1,1.0,1,1,,,,1.0
2018-06-18T15:00:00Z,37.808603,-122.440069,Present,15.5,2018-06-18T15:00:00Z,30.0,CA - Wave Organ,Noctiluca spp.,16.5,Partly cloudy,W,Incoming,,,,,water was fairly turbid.  More chaetoceros than normal,17.5,1.0,1,1,1.0,1,1,,,,1.0
2018-06-18T15:00:00Z,37.808603,-122.440069,Present,15.5,2018-06-18T15:00:00Z,30.0,CA - Wave Organ,Odontella spp.,16.5,Partly cloudy,W,Incoming,,,,,lots of particulates in the water.  Like sediment.,17.5,1.0,1,1,1.0,1,1,,,,1.0
2018-06-18T15:00:00Z,37.808603,-122.440069,Present,15.5,2018-06-18T15:00:00Z,30.0,CA - Wave Organ,Pennate Diatom,16.5,Partly cloudy,W,Incoming,,,,,lots of particulates in the water.  Like sediment.,17.5,1.0,1,1,1.0,1,1,,,,1.0
2018-06-18T15:00:00Z,37.808603,-122.440069,Present,15.5,2018-06-18T15:00:00Z,30.0,CA - Wave Organ,Pleurosigma spp.,16.5,Partly cloudy,W,Incoming,,,,,lots of particulates in the water.  Like sediment.,17.5,1.0,1,1,1.0,1,1,,,,1.0
2018-06-18T15:00:00Z,37.808603,-122.440069,Present,15.5,2018-06-18T15:00:00Z,30.0,CA - Wave Organ,Protoperidinium spp.,16.5,Partly cloudy,W,Incoming,,,,,lots of particulates in the water.  Like sediment.,17.5,1.0,1,1,1.0,1,1,,,,1.0
2018-06-18T15:00:00Z,37.808603,-122.440069,Present,15.5,2018-06-18T15:00:00Z,30.0,CA - Wave Organ,Rhizosolenia spp.,16.5,Partly cloudy,W,Incoming,,,,,lots of particulates in the water.  Like sediment.,17.5,1.0,1,1,1.0,1,1,,,,1.0
2018-06-18T15:00:00Z,37.808603,-122.440069,Present,15.5,2018-06-18T15:00:00Z,30.0,CA - Wave Organ,Skeletonema spp.,16.5,Partly cloudy,W,Incoming,,,,,lots of particulates in the water.  Like sediment.,17.5,1.0,1,1,1.0,1,1,,,,1.0
2018-06-18T15:00:00Z,37.808603,-122.440069,Present,15.5,2018-06-18T15:00:00Z,30.0,CA - Wave Organ,verlinger,16.5,Partly cloudy,W,Incoming,,,,,water was fairly turbid.  More chaetoceros than normal,17.5,1.0,1,1,1.0,1,1,,,,1.0
2018-06-18T15:00:00Z,37.808603,-122.440069,Present,15.5,2018-06-18T15:00:00Z,30.0,CA - Wave Organ,Zooplankton,16.5,Partly cloudy,W,Incoming,,,,,lots of particulates in the water.  Like sediment.,17.5,1.0,1,1,1.0,1,1,,,,1.0
2018-07-01T14:00:00Z,37.808603,-122.440069,Present,17.0,2018-07-01T14:00:00Z,30.0,CA - Wave Organ,Centric Diatom,16.5,Cloudy,W,Full high tide,,,,,Lots of nauplius this time.  They were too fast to photograph.,25.0,1.0,1,1,1.0,1,1,,,,1.0
2018-07-01T14:00:00Z,37.808603,-122.440069,Present,17.0,2018-07-01T14:00:00Z,30.0,CA - Wave Organ,Ceratium furca,16.5,Cloudy,W,Full high tide,,,,,Lots of nauplius this time.  They were too fast to photograph.,25.0,1.0,1,1,1.0,1,1,,,,1.0
2018-07-01T14:00:00Z,37.808603,-122.440069,Present,17.0,2018-07-01T14:00:00Z,30.0,CA - Wave Organ,Chaetoceros spp.,16.5,Cloudy,W,Full high tide,,,,,Lots of nauplius this time.  They were too fast to photograph.,25.0,1.0,1,1,1.0,1,1,,,,1.0
2018-07-01T14:00:00Z,37.808603,-122.440069,Present,17.0,2018-07-01T14:00:00Z,30.0,CA - Wave Organ,Copepod,16.5,Cloudy,W,Full high tide,,,,,Lots of nauplius this time.  They were too fast to photograph.,25.0,1.0,1,1,1.0,1,1,,,,1.0
2018-07-01T14:00:00Z,37.808603,-122.440069,Present,17.0,2018-07-01T14:00:00Z,30.0,CA - Wave Organ,Coscinodiscus spp.,16.5,Cloudy,W,Full high tide,,,,,Lots of nauplius this time.  They were too fast to photograph.,25.0,1.0,1,1,1.0,1,1,,,,1.0
2018-07-01T14:00:00Z,37.808603,-122.440069,Present,17.0,2018-07-01T14:00:00Z,30.0,CA - Wave Organ,Ditylum spp.,16.5,Cloudy,W,Full high tide,,,,,Lots of nauplius this time.  They were too fast to photograph.,25.0,1.0,1,1,1.0,1,1,,,,1.0
2018-07-01T14:00:00Z,37.808603,-122.440069,Present,17.0,2018-07-01T14:00:00Z,30.0,CA - Wave Organ,Lingulodinium spp.,16.5,Cloudy,W,Full high tide,,,,,Lots of nauplius this time.  They were too fast to photograph.,25.0,1.0,1,1,1.0,1,1,,,,1.0
2018-07-01T14:00:00Z,37.808603,-122.440069,Present,17.0,2018-07-01T14:00:00Z,30.0,CA - Wave Organ,Melosira spp.,16.5,Cloudy,W,Full high tide,,,,,Lots of nauplius this time.  They were too fast to photograph.,25.0,1.0,1,1,1.0,1,1,,,,1.0
2018-07-01T14:00:00Z,37.808603,-122.440069,Present,17.0,2018-07-01T14:00:00Z,30.0,CA - Wave Organ,Nauplius,16.5,Cloudy,W,Full high tide,,,,,Lots of nauplius this time.  They were too fast to photograph.,25.0,1.0,1,1,1.0,1,1,,,,1.0
2018-07-01T14:00:00Z,37.808603,-122.440069,Present,17.0,2018-07-01T14:00:00Z,30.0,CA - Wave Organ,Navicula spp.,16.5,Cloudy,W,Full high tide,,,,,Lots of nauplius this time.  They were too fast to photograph.,25.0,1.0,1,1,1.0,1,1,,,,1.0
2018-07-01T14:00:00Z,37.808603,-122.440069,Present,17.0,2018-07-01T14:00:00Z,30.0,CA - Wave Organ,Nitzschia spp.,16.5,Cloudy,W,Full high tide,,,,,Lots of nauplius this time.  They were too fast to photograph.,25.0,1.0,1,1,1.0,1,1,,,,1.0
2018-07-01T14:00:00Z,37.808603,-122.440069,Present,17.0,2018-07-01T14:00:00Z,30.0,CA - Wave Organ,Pennate Diatom,16.5,Cloudy,W,Full high tide,,,,,Lots of nauplius this time.  They were too fast to photograph.,25.0,1.0,1,1,1.0,1,1,,,,1.0
2018-07-01T14:00:00Z,37.808603,-122.440069,Present,17.0,2018-07-01T14:00:00Z,30.0,CA - Wave Organ,,16.5,Cloudy,W,Full high tide,,,,,Lots of nauplius this time.  They were too fast to photograph.,25.0,1.0,1,1,1.0,1,1,,,,1.0
2018-07-01T14:00:00Z,37.808603,-122.440069,Present,17.0,2018-07-01T14:00:00Z,30.0,CA - Wave Organ,Protoperidinium spp.,16.5,Cloudy,W,Full high tide,,,,,Lots of nauplius this time.  They were too fast to photograph.,25.0,1.0,1,1,1.0,1,1,,,,1.0
2018-07-01T14:00:00Z,37.808603,-122.440069,Present,17.0,2018-07-01T14:00:00Z,30.0,CA - Wave Organ,Pseudo-nitzschia spp.,16.5,Cloudy,W,Full high tide,,,,,Lots of nauplius this time.  They were too fast to photograph.,25.0,1.0,1,1,1.0,1,1,,,,1.0
2018-07-01T14:00:00Z,37.808603,-122.440069,Present,17.0,2018-07-01T14:00:00Z,30.0,CA - Wave Organ,Rhizosolenia spp.,16.5,Cloudy,W,Full high tide,,,,,Lots of nauplius this time.  They were too fast to photograph.,25.0,1.0,1,1,1.0,1,1,,,,1.0
2018-07-01T14:00:00Z,37.808603,-122.440069,Present,17.0,2018-07-01T14:00:00Z,30.0,CA - Wave Organ,Skeletonema spp.,16.5,Cloudy,W,Full high tide,,,,,Lots of nauplius this time.  They were too fast to photograph.,25.0,1.0,1,1,1.0,1,1,,,,1.0
2018-07-01T14:00:00Z,37.808603,-122.440069,Present,17.0,2018-07-01T14:00:00Z,30.0,CA - Wave Organ,Thalassiosira spp.,16.5,Cloudy,W,Full high tide,,,,,Lots of nauplius this time.  They were too fast to photograph.,25.0,1.0,1,1,1.0,1,1,,,,1.0
2018-07-01T14:00:00Z,37.808603,-122.440069,Present,17.0,2018-07-01T14:00:00Z,30.0,CA - Wave Organ,Tintinnid,16.5,Cloudy,W,Full high tide,,,,,Lots of nauplius this time.  They were too fast to photograph.,25.0,1.0,1,1,1.0,1,1,,,,1.0
2018-07-01T14:00:00Z,37.808603,-122.440069,Present,17.0,2018-07-01T14:00:00Z,30.0,CA - Wave Organ,Zooplankton,16.5,Cloudy,W,Full high tide,,,,,Lots of nauplius this time.  They were too fast to photograph.,25.0,1.0,1,1,1.0,1,1,,,,1.0
2018-07-25T13:30:00Z,37.808603,-122.440069,Present,21.5,2018-07-25T13:30:00Z,31.0,CA - Wave Organ,Actinopoda,18.5,Partly cloudy,W,Full high tide,,,,,"Lots of Prorocentrum and Ceratium Furca, more than I have seen before",12.5,1.0,1,1,1.0,1,1,,,,1.0
2018-07-25T13:30:00Z,37.808603,-122.440069,Present,21.5,2018-07-25T13:30:00Z,31.0,CA - Wave Organ,Akashiwo sanguinea,18.5,Partly cloudy,W,Full high tide,,,,,"Lots of Prorocentrum and Ceratium Furca, more than I have seen before",12.5,1.0,1,1,1.0,1,1,,,,1.0
2018-07-25T13:30:00Z,37.808603,-122.440069,Present,21.5,2018-07-25T13:30:00Z,31.0,CA - Wave Organ,Centric Diatom,18.5,Partly cloudy,W,Full high tide,,,,,"Lots of Prorocentrum and Ceratium Furca, more than I have seen before",12.5,1.0,1,1,1.0,1,1,,,,1.0
2018-07-25T13:30:00Z,37.808603,-122.440069,Present,21.5,2018-07-25T13:30:00Z,31.0,CA - Wave Organ,Ceratium furca,18.5,Partly cloudy,W,Full high tide,,,,,"Lots of Prorocentrum and Ceratium Furca, more than I have seen before",12.5,1.0,1,1,1.0,1,1,,,,1.0
2018-07-25T13:30:00Z,37.808603,-122.440069,Present,21.5,2018-07-25T13:30:00Z,31.0,CA - Wave Organ,Coscinodiscus spp.,18.5,Partly cloudy,W,Full high tide,,,,,"Lots of Prorocentrum and Ceratium Furca, more than I have seen before",12.5,1.0,1,1,1.0,1,1,,,,1.0
2018-07-25T13:30:00Z,37.808603,-122.440069,Present,21.5,2018-07-25T13:30:00Z,31.0,CA - Wave Organ,Dinoflagellates,18.5,Partly cloudy,W,Full high tide,,,,,"Lots of Prorocentrum and Ceratium Furca, more than I have seen before",12.5,1.0,1,1,1.0,1,1,,,,1.0
2018-07-25T13:30:00Z,37.808603,-122.440069,Present,21.5,2018-07-25T13:30:00Z,31.0,CA - Wave Organ,Dinophysis spp.,18.5,Partly cloudy,W,Full high tide,,,,,"Lots of Prorocentrum and Ceratium Furca, more than I have seen before",12.5,1.0,1,1,1.0,1,1,,,,1.0
2018-07-25T13:30:00Z,37.808603,-122.440069,Present,21.5,2018-07-25T13:30:00Z,31.0,CA - Wave Organ,Ditylum spp.,18.5,Partly cloudy,W,Full high tide,,,,,"Lots of Prorocentrum and Ceratium Furca, more than I have seen before",12.5,1.0,1,1,1.0,1,1,,,,1.0
2018-07-25T13:30:00Z,37.808603,-122.440069,Present,21.5,2018-07-25T13:30:00Z,31.0,CA - Wave Organ,Melosira spp.,18.5,Partly cloudy,W,Full high tide,,,,,"Lots of Prorocentrum and Ceratium Furca, more than I have seen before",12.5,1.0,1,1,1.0,1,1,,,,1.0
2018-07-25T13:30:00Z,37.808603,-122.440069,Present,21.5,2018-07-25T13:30:00Z,31.0,CA - Wave Organ,Nauplius,18.5,Partly cloudy,W,Full high tide,,,,,"Lots of Prorocentrum and Ceratium Furca, more than I have seen before",12.5,1.0,1,1,1.0,1,1,,,,1.0
2018-07-25T13:30:00Z,37.808603,-122.440069,Present,21.5,2018-07-25T13:30:00Z,31.0,CA - Wave Organ,Navicula spp.,18.5,Partly cloudy,W,Full high tide,,,,,"Lots of Prorocentrum and Ceratium Furca, more than I have seen before",12.5,1.0,1,1,1.0,1,1,,,,1.0
2018-07-25T13:30:00Z,37.808603,-122.440069,Present,21.5,2018-07-25T13:30:00Z,31.0,CA - Wave Organ,Pennate Diatom,18.5,Partly cloudy,W,Full high tide,,,,,"Lots of Prorocentrum and Ceratium Furca, more than I have seen before",12.5,1.0,1,1,1.0,1,1,,,,1.0
2018-07-25T13:30:00Z,37.808603,-122.440069,Present,21.5,2018-07-25T13:30:00Z,31.0,CA - Wave Organ,Pleurosigma spp.,18.5,Partly cloudy,W,Full high tide,,,,,"Lots of Prorocentrum and Ceratium Furca, more than I have seen before",12.5,1.0,1,1,1.0,1,1,,,,1.0
2018-07-25T13:30:00Z,37.808603,-122.440069,Present,21.5,2018-07-25T13:30:00Z,31.0,CA - Wave Organ,Prorocentrum spp.,18.5,Partly cloudy,W,Full high tide,,,,,"Lots of Prorocentrum and Ceratium Furca, more than I have seen before",12.5,1.0,1,1,1.0,1,1,,,,1.0
2018-07-25T13:30:00Z,37.808603,-122.440069,Present,21.5,2018-07-25T13:30:00Z,31.0,CA - Wave Organ,Protoperidinium spp.,18.5,Partly cloudy,W,Full high tide,,,,,"Lots of Prorocentrum and Ceratium Furca, more than I have seen before",12.5,1.0,1,1,1.0,1,1,,,,1.0
2018-07-25T13:30:00Z,37.808603,-122.440069,Present,21.5,2018-07-25T13:30:00Z,31.0,CA - Wave Organ,Tintinnid,18.5,Partly cloudy,W,Full high tide,,,,,"Lots of Prorocentrum and Ceratium Furca, more than I have seen before",12.5,1.0,1,1,1.0,1,1,,,,1.0
2018-07-25T13:30:00Z,37.808603,-122.440069,Present,21.5,2018-07-25T13:30:00Z,31.0,CA - Wave Organ,Zooplankton,18.5,Partly cloudy,W,Full high tide,,,,,"Lots of Prorocentrum and Ceratium Furca, more than I have seen before",12.5,1.0,1,1,1.0,1,1,,,,1.0
2018-08-19T12:10:00Z,37.808603,-122.440069,Present,17.0,2018-08-19T12:10:00Z,31.0,CA - Wave Organ,Akashiwo sanguinea,16.0,Partly cloudy,W,Dead low tide,,,,,NO,7.5,1.0,1,1,1.0,1,1,,,,1.0
2018-08-19T12:10:00Z,37.808603,-122.440069,Present,17.0,2018-08-19T12:10:00Z,31.0,CA - Wave Organ,Centric Diatom,16.0,Partly cloudy,W,Dead low tide,,,,,NO,7.5,1.0,1,1,1.0,1,1,,,,1.0
2018-08-19T12:10:00Z,37.808603,-122.440069,Present,17.0,2018-08-19T12:10:00Z,31.0,CA - Wave Organ,Ceratium furca,16.0,Partly cloudy,W,Dead low tide,,,,,NO,7.5,1.0,1,1,1.0,1,1,,,,1.0
2018-08-19T12:10:00Z,37.808603,-122.440069,Present,17.0,2018-08-19T12:10:00Z,31.0,CA - Wave Organ,Coscinodiscus spp.,16.0,Partly cloudy,W,Dead low tide,,,,,NO,7.5,1.0,1,1,1.0,1,1,,,,1.0
2018-08-19T12:10:00Z,37.808603,-122.440069,Present,17.0,2018-08-19T12:10:00Z,31.0,CA - Wave Organ,Dinoflagellates,16.0,Partly cloudy,W,Dead low tide,,,,,NO,7.5,1.0,1,1,1.0,1,1,,,,1.0
2018-08-19T12:10:00Z,37.808603,-122.440069,Present,17.0,2018-08-19T12:10:00Z,31.0,CA - Wave Organ,Melosira spp.,16.0,Partly cloudy,W,Dead low tide,,,,,NO,7.5,1.0,1,1,1.0,1,1,,,,1.0
2018-08-19T12:10:00Z,37.808603,-122.440069,Present,17.0,2018-08-19T12:10:00Z,31.0,CA - Wave Organ,Nauplius,16.0,Partly cloudy,W,Dead low tide,,,,,NO,7.5,1.0,1,1,1.0,1,1,,,,1.0
2018-08-19T12:10:00Z,37.808603,-122.440069,Present,17.0,2018-08-19T12:10:00Z,31.0,CA - Wave Organ,Navicula spp.,16.0,Partly cloudy,W,Dead low tide,,,,,NO,7.5,1.0,1,1,1.0,1,1,,,,1.0
2018-08-19T12:10:00Z,37.808603,-122.440069,Present,17.0,2018-08-19T12:10:00Z,31.0,CA - Wave Organ,Pennate Diatom,16.0,Partly cloudy,W,Dead low tide,,,,,NO,7.5,1.0,1,1,1.0,1,1,,,,1.0
2018-08-19T12:10:00Z,37.808603,-122.440069,Present,17.0,2018-08-19T12:10:00Z,31.0,CA - Wave Organ,Pleurosigma spp.,16.0,Partly cloudy,W,Dead low tide,,,,,NO,7.5,1.0,1,1,1.0,1,1,,,,1.0
2018-08-19T12:10:00Z,37.808603,-122.440069,Present,17.0,2018-08-19T12:10:00Z,31.0,CA - Wave Organ,,16.0,Partly cloudy,W,Dead low tide,,,,,NO,7.5,1.0,1,1,1.0,1,1,,,,1.0
2018-08-19T12:10:00Z,37.808603,-122.440069,Present,17.0,2018-08-19T12:10:00Z,31.0,CA - Wave Organ,Prorocentrum spp.,16.0,Partly cloudy,W,Dead low tide,,,,,NO,7.5,1.0,1,1,1.0,1,1,,,,1.0
2018-08-19T12:10:00Z,37.808603,-122.440069,Present,17.0,2018-08-19T12:10:00Z,31.0,CA - Wave Organ,Rhizosolenia spp.,16.0,Partly cloudy,W,Dead low tide,,,,,NO,7.5,1.0,1,1,1.0,1,1,,,,1.0
2018-08-19T12:10:00Z,37.808603,-122.440069,Present,17.0,2018-08-19T12:10:00Z,31.0,CA - Wave Organ,velinger larvae,16.0,Partly cloudy,W,Dead low tide,,,,,NO,7.5,1.0,1,1,1.0,1,1,,,,1.0
2018-08-19T12:10:00Z,37.808603,-122.440069,Present,17.0,2018-08-19T12:10:00Z,31.0,CA - Wave Organ,Zooplankton,16.0,Partly cloudy,W,Dead low tide,,,,,NO,7.5,1.0,1,1,1.0,1,1,,,,1.0
2018-09-09T12:15:00Z,37.808603,-122.440069,Present,18.5,2018-09-09T12:15:00Z,30.0,CA - Wave Organ,Akashiwo sanguinea,18.0,Sunny,W,Full high tide,,,,,NO,12.5,1.0,1,1,1.0,1,1,,,,1.0
2018-09-09T12:15:00Z,37.808603,-122.440069,Present,18.5,2018-09-09T12:15:00Z,30.0,CA - Wave Organ,Centric Diatom,18.0,Sunny,W,Full high tide,,,,,NO,12.5,1.0,1,1,1.0,1,1,,,,1.0
2018-09-09T12:15:00Z,37.808603,-122.440069,Present,18.5,2018-09-09T12:15:00Z,30.0,CA - Wave Organ,Ceratium furca,18.0,Sunny,W,Full high tide,,,,,NO,12.5,1.0,1,1,1.0,1,1,,,,1.0
2018-09-09T12:15:00Z,37.808603,-122.440069,Present,18.5,2018-09-09T12:15:00Z,30.0,CA - Wave Organ,Coscinodiscus spp.,18.0,Sunny,W,Full high tide,,,,,NO,12.5,1.0,1,1,1.0,1,1,,,,1.0
2018-09-09T12:15:00Z,37.808603,-122.440069,Present,18.5,2018-09-09T12:15:00Z,30.0,CA - Wave Organ,Dinoflagellates,18.0,Sunny,W,Full high tide,,,,,NO,12.5,1.0,1,1,1.0,1,1,,,,1.0
2018-09-09T12:15:00Z,37.808603,-122.440069,Present,18.5,2018-09-09T12:15:00Z,30.0,CA - Wave Organ,Dinophysis spp.,18.0,Sunny,W,Full high tide,,,,,NO,12.5,1.0,1,1,1.0,1,1,,,,1.0
2018-09-09T12:15:00Z,37.808603,-122.440069,Present,18.5,2018-09-09T12:15:00Z,30.0,CA - Wave Organ,Ditylum spp.,18.0,Sunny,W,Full high tide,,,,,NO,12.5,1.0,1,1,1.0,1,1,,,,1.0
2018-09-09T12:15:00Z,37.808603,-122.440069,Present,18.5,2018-09-09T12:15:00Z,30.0,CA - Wave Organ,Melosira spp.,18.0,Sunny,W,Full high tide,,,,,NO,12.5,1.0,1,1,1.0,1,1,,,,1.0
2018-09-09T12:15:00Z,37.808603,-122.440069,Present,18.5,2018-09-09T12:15:00Z,30.0,CA - Wave Organ,Nauplius,18.0,Sunny,W,Full high tide,,,,,NO,12.5,1.0,1,1,1.0,1,1,,,,1.0
2018-09-09T12:15:00Z,37.808603,-122.440069,Present,18.5,2018-09-09T12:15:00Z,30.0,CA - Wave Organ,Pennate Diatom,18.0,Sunny,W,Full high tide,,,,,NO,12.5,1.0,1,1,1.0,1,1,,,,1.0
2018-09-09T12:15:00Z,37.808603,-122.440069,Present,18.5,2018-09-09T12:15:00Z,30.0,CA - Wave Organ,,18.0,Sunny,W,Full high tide,,,,,NO,12.5,1.0,1,1,1.0,1,1,,,,1.0
2018-09-09T12:15:00Z,37.808603,-122.440069,Present,18.5,2018-09-09T12:15:00Z,30.0,CA - Wave Organ,Prorocentrum spp.,18.0,Sunny,W,Full high tide,,,,,NO,12.5,1.0,1,1,1.0,1,1,,,,1.0
2018-09-09T12:15:00Z,37.808603,-122.440069,Present,18.5,2018-09-09T12:15:00Z,30.0,CA - Wave Organ,Protoperidinium spp.,18.0,Sunny,W,Full high tide,,,,,NO,12.5,1.0,1,1,1.0,1,1,,,,1.0
2018-09-09T12:15:00Z,37.808603,-122.440069,Present,18.5,2018-09-09T12:15:00Z,30.0,CA - Wave Organ,Rhizosolenia spp.,18.0,Sunny,W,Full high tide,,,,,NO,12.5,1.0,1,1,1.0,1,1,,,,1.0
2018-09-09T12:15:00Z,37.808603,-122.440069,Present,18.5,2018-09-09T12:15:00Z,30.0,CA - Wave Organ,Zooplankton,18.0,Sunny,W,Full high tide,,,,,NO,12.5,1.0,1,1,1.0,1,1,,,,1.0
2018-09-23T14:30:00Z,37.808603,-122.440069,Present,19.5,2018-09-23T14:30:00Z,31.0,CA - Wave Organ,Centric Diatom,16.5,Sunny,W,Outgoing,,,,,many more Naupilus than previous,12.5,1.0,1,1,1.0,1,1,,,,1.0
2018-09-23T14:30:00Z,37.808603,-122.440069,Present,19.5,2018-09-23T14:30:00Z,31.0,CA - Wave Organ,Ceratium furca,16.5,Sunny,W,Outgoing,,,,,many more Naupilus than previous,12.5,1.0,1,1,1.0,1,1,,,,1.0
2018-09-23T14:30:00Z,37.808603,-122.440069,Present,19.5,2018-09-23T14:30:00Z,31.0,CA - Wave Organ,Coscinodiscus spp.,16.5,Sunny,W,Outgoing,,,,,many more Naupilus than previous,12.5,1.0,1,1,1.0,1,1,,,,1.0
2018-09-23T14:30:00Z,37.808603,-122.440069,Present,19.5,2018-09-23T14:30:00Z,31.0,CA - Wave Organ,Dinoflagellates,16.5,Sunny,W,Outgoing,,,,,many more Naupilus than previous,12.5,1.0,1,1,1.0,1,1,,,,1.0
2018-09-23T14:30:00Z,37.808603,-122.440069,Present,19.5,2018-09-23T14:30:00Z,31.0,CA - Wave Organ,Nauplius,16.5,Sunny,W,Outgoing,,,,,many more Naupilus than previous,12.5,1.0,1,1,1.0,1,1,,,,1.0
2018-09-23T14:30:00Z,37.808603,-122.440069,Present,19.5,2018-09-23T14:30:00Z,31.0,CA - Wave Organ,Navicula spp.,16.5,Sunny,W,Outgoing,,,,,many more Naupilus than previous,12.5,1.0,1,1,1.0,1,1,,,,1.0
2018-09-23T14:30:00Z,37.808603,-122.440069,Present,19.5,2018-09-23T14:30:00Z,31.0,CA - Wave Organ,Noctiluca spp.,16.5,Sunny,W,Outgoing,,,,,many more Naupilus than previous,12.5,1.0,1,1,1.0,1,1,,,,1.0
2018-09-23T14:30:00Z,37.808603,-122.440069,Present,19.5,2018-09-23T14:30:00Z,31.0,CA - Wave Organ,Pennate Diatom,16.5,Sunny,W,Outgoing,,,,,many more Naupilus than previous,12.5,1.0,1,1,1.0,1,1,,,,1.0
2018-09-23T14:30:00Z,37.808603,-122.440069,Present,19.5,2018-09-23T14:30:00Z,31.0,CA - Wave Organ,,16.5,Sunny,W,Outgoing,,,,,many more Naupilus than previous,12.5,1.0,1,1,1.0,1,1,,,,1.0
2018-09-23T14:30:00Z,37.808603,-122.440069,Present,19.5,2018-09-23T14:30:00Z,31.0,CA - Wave Organ,Prorocentrum spp.,16.5,Sunny,W,Outgoing,,,,,many more Naupilus than previous,12.5,1.0,1,1,1.0,1,1,,,,1.0
2018-09-23T14:30:00Z,37.808603,-122.440069,Present,19.5,2018-09-23T14:30:00Z,31.0,CA - Wave Organ,Protoperidinium spp.,16.5,Sunny,W,Outgoing,,,,,many more Naupilus than previous,12.5,1.0,1,1,1.0,1,1,,,,1.0
2018-09-23T14:30:00Z,37.808603,-122.440069,Present,19.5,2018-09-23T14:30:00Z,31.0,CA - Wave Organ,Rhizosolenia spp.,16.5,Sunny,W,Outgoing,,,,,many more Naupilus than previous,12.5,1.0,1,1,1.0,1,1,,,,1.0
2018-09-23T14:30:00Z,37.808603,-122.440069,Present,19.5,2018-09-23T14:30:00Z,31.0,CA - Wave Organ,Zooplankton,16.5,Sunny,W,Outgoing,,,,,many more Naupilus than previous,12.5,1.0,1,1,1.0,1,1,,,,1.0
2018-10-14T13:45:00Z,37.808603,-122.440069,Present,18.0,2018-10-14T13:45:00Z,30.0,CA - Wave Organ,Actinoptychus spp.,17.0,Sunny,W,Full high tide,,,,,NO,7.5,1.0,1,1,1.0,1,1,,,,1.0
2018-10-14T13:45:00Z,37.808603,-122.440069,Present,18.0,2018-10-14T13:45:00Z,30.0,CA - Wave Organ,Centric Diatom,17.0,Sunny,W,Full high tide,,,,,NO,7.5,1.0,1,1,1.0,1,1,,,,1.0
2018-10-14T13:45:00Z,37.808603,-122.440069,Present,18.0,2018-10-14T13:45:00Z,30.0,CA - Wave Organ,Ceratium furca,17.0,Sunny,W,Full high tide,,,,,NO,7.5,1.0,1,1,1.0,1,1,,,,1.0
2018-10-14T13:45:00Z,37.808603,-122.440069,Present,18.0,2018-10-14T13:45:00Z,30.0,CA - Wave Organ,Ceratium fusus,17.0,Sunny,W,Full high tide,,,,,NO,7.5,1.0,1,1,1.0,1,1,,,,1.0
2018-10-14T13:45:00Z,37.808603,-122.440069,Present,18.0,2018-10-14T13:45:00Z,30.0,CA - Wave Organ,Coscinodiscus spp.,17.0,Sunny,W,Full high tide,,,,,NO,7.5,1.0,1,1,1.0,1,1,,,,1.0
2018-10-14T13:45:00Z,37.808603,-122.440069,Present,18.0,2018-10-14T13:45:00Z,30.0,CA - Wave Organ,Dinoflagellates,17.0,Sunny,W,Full high tide,,,,,NO,7.5,1.0,1,1,1.0,1,1,,,,1.0
2018-10-14T13:45:00Z,37.808603,-122.440069,Present,18.0,2018-10-14T13:45:00Z,30.0,CA - Wave Organ,lithodesmium,17.0,Sunny,W,Full high tide,,,,,NO,7.5,1.0,1,1,1.0,1,1,,,,1.0
2018-10-14T13:45:00Z,37.808603,-122.440069,Present,18.0,2018-10-14T13:45:00Z,30.0,CA - Wave Organ,Melosira spp.,17.0,Sunny,W,Full high tide,,,,,NO,7.5,1.0,1,1,1.0,1,1,,,,1.0
2018-10-14T13:45:00Z,37.808603,-122.440069,Present,18.0,2018-10-14T13:45:00Z,30.0,CA - Wave Organ,Nauplius,17.0,Sunny,W,Full high tide,,,,,NO,7.5,1.0,1,1,1.0,1,1,,,,1.0
2018-10-14T13:45:00Z,37.808603,-122.440069,Present,18.0,2018-10-14T13:45:00Z,30.0,CA - Wave Organ,Odontella spp.,17.0,Sunny,W,Full high tide,,,,,NO,7.5,1.0,1,1,1.0,1,1,,,,1.0
2018-10-14T13:45:00Z,37.808603,-122.440069,Present,18.0,2018-10-14T13:45:00Z,30.0,CA - Wave Organ,Pennate Diatom,17.0,Sunny,W,Full high tide,,,,,NO,7.5,1.0,1,1,1.0,1,1,,,,1.0
2018-10-14T13:45:00Z,37.808603,-122.440069,Present,18.0,2018-10-14T13:45:00Z,30.0,CA - Wave Organ,Pleurosigma spp.,17.0,Sunny,W,Full high tide,,,,,NO,7.5,1.0,1,1,1.0,1,1,,,,1.0
2018-10-14T13:45:00Z,37.808603,-122.440069,Present,18.0,2018-10-14T13:45:00Z,30.0,CA - Wave Organ,,17.0,Sunny,W,Full high tide,,,,,NO,7.5,1.0,1,1,1.0,1,1,,,,1.0
2018-10-14T13:45:00Z,37.808603,-122.440069,Present,18.0,2018-10-14T13:45:00Z,30.0,CA - Wave Organ,Prorocentrum spp.,17.0,Sunny,W,Full high tide,,,,,NO,7.5,1.0,1,1,1.0,1,1,,,,1.0
2018-10-14T13:45:00Z,37.808603,-122.440069,Present,18.0,2018-10-14T13:45:00Z,30.0,CA - Wave Organ,Protoperidinium spp.,17.0,Sunny,W,Full high tide,,,,,NO,7.5,1.0,1,1,1.0,1,1,,,,1.0
2018-10-14T13:45:00Z,37.808603,-122.440069,Present,18.0,2018-10-14T13:45:00Z,30.0,CA - Wave Organ,Tintinnid,17.0,Sunny,W,Full high tide,,,,,NO,7.5,1.0,1,1,1.0,1,1,,,,1.0
2018-10-14T13:45:00Z,37.808603,-122.440069,Present,18.0,2018-10-14T13:45:00Z,30.0,CA - Wave Organ,Zooplankton,17.0,Sunny,W,Full high tide,,,,,NO,7.5,1.0,1,1,1.0,1,1,,,,1.0
2018-11-03T17:30:00Z,37.808603,-122.440069,Present,17.5,2018-11-03T17:30:00Z,30.0,CA - Wave Organ,Akashiwo sanguinea,16.0,Sunny,W,Outgoing,,,,,"Many fewer individuals in this sample, dominated by Ceratium fusus and furca.",2.5,1.0,1,1,1.0,1,1,,,,1.0
2018-11-03T17:30:00Z,37.808603,-122.440069,Present,17.5,2018-11-03T17:30:00Z,30.0,CA - Wave Organ,Centric Diatom,16.0,Sunny,W,Outgoing,,,,,"Many fewer individuals in this sample, dominated by Ceratium fusus and furca.",2.5,1.0,1,1,1.0,1,1,,,,1.0
2018-11-03T17:30:00Z,37.808603,-122.440069,Present,17.5,2018-11-03T17:30:00Z,30.0,CA - Wave Organ,Ceratium furca,16.0,Sunny,W,Outgoing,,,,,"Many fewer individuals in this sample, dominated by Ceratium fusus and furca.",2.5,1.0,1,1,1.0,1,1,,,,1.0
2018-11-03T17:30:00Z,37.808603,-122.440069,Present,17.5,2018-11-03T17:30:00Z,30.0,CA - Wave Organ,Ceratium fusus,16.0,Sunny,W,Outgoing,,,,,"Many fewer individuals in this sample, dominated by Ceratium fusus and furca.",2.5,1.0,1,1,1.0,1,1,,,,1.0
2018-11-03T17:30:00Z,37.808603,-122.440069,Present,17.5,2018-11-03T17:30:00Z,30.0,CA - Wave Organ,Coscinodiscus spp.,16.0,Sunny,W,Outgoing,,,,,"Many fewer individuals in this sample, dominated by Ceratium fusus and furca.",2.5,1.0,1,1,1.0,1,1,,,,1.0
2018-11-03T17:30:00Z,37.808603,-122.440069,Present,17.5,2018-11-03T17:30:00Z,30.0,CA - Wave Organ,Dinoflagellates,16.0,Sunny,W,Outgoing,,,,,"Many fewer individuals in this sample, dominated by Ceratium fusus and furca.",2.5,1.0,1,1,1.0,1,1,,,,1.0
2018-11-03T17:30:00Z,37.808603,-122.440069,Present,17.5,2018-11-03T17:30:00Z,30.0,CA - Wave Organ,Dinophysis spp.,16.0,Sunny,W,Outgoing,,,,,"Many fewer individuals in this sample, dominated by Ceratium fusus and furca.",2.5,1.0,1,1,1.0,1,1,,,,1.0
2018-11-03T17:30:00Z,37.808603,-122.440069,Present,17.5,2018-11-03T17:30:00Z,30.0,CA - Wave Organ,Melosira spp.,16.0,Sunny,W,Outgoing,,,,,"Many fewer individuals in this sample, dominated by Ceratium fusus and furca.",2.5,1.0,1,1,1.0,1,1,,,,1.0
2018-11-03T17:30:00Z,37.808603,-122.440069,Present,17.5,2018-11-03T17:30:00Z,30.0,CA - Wave Organ,Nauplius,16.0,Sunny,W,Outgoing,,,,,"Many fewer individuals in this sample, dominated by Ceratium fusus and furca.",2.5,1.0,1,1,1.0,1,1,,,,1.0
2018-11-03T17:30:00Z,37.808603,-122.440069,Present,17.5,2018-11-03T17:30:00Z,30.0,CA - Wave Organ,Pennate Diatom,16.0,Sunny,W,Outgoing,,,,,"Many fewer individuals in this sample, dominated by Ceratium fusus and furca.",2.5,1.0,1,1,1.0,1,1,,,,1.0
2018-11-03T17:30:00Z,37.808603,-122.440069,Present,17.5,2018-11-03T17:30:00Z,30.0,CA - Wave Organ,Pleurosigma spp.,16.0,Sunny,W,Outgoing,,,,,"Many fewer individuals in this sample, dominated by Ceratium fusus and furca.",2.5,1.0,1,1,1.0,1,1,,,,1.0
2018-11-03T17:30:00Z,37.808603,-122.440069,Present,17.5,2018-11-03T17:30:00Z,30.0,CA - Wave Organ,,16.0,Sunny,W,Outgoing,,,,,"Many fewer individuals in this sample, dominated by Ceratium fusus and furca.",2.5,1.0,1,1,1.0,1,1,,,,1.0
2018-11-03T17:30:00Z,37.808603,-122.440069,Present,17.5,2018-11-03T17:30:00Z,30.0,CA - Wave Organ,Prorocentrum spp.,16.0,Sunny,W,Outgoing,,,,,"Many fewer individuals in this sample, dominated by Ceratium fusus and furca.",2.5,1.0,1,1,1.0,1,1,,,,1.0
2018-11-03T17:30:00Z,37.808603,-122.440069,Present,17.5,2018-11-03T17:30:00Z,30.0,CA - Wave Organ,Pseudo-nitzschia spp.,16.0,Sunny,W,Outgoing,,,,,"Many fewer individuals in this sample, dominated by Ceratium fusus and furca.",2.5,1.0,1,1,1.0,1,1,,,,1.0
2018-11-03T17:30:00Z,37.808603,-122.440069,Present,17.5,2018-11-03T17:30:00Z,30.0,CA - Wave Organ,Rhizosolenia spp.,16.0,Sunny,W,Outgoing,,,,,"Many fewer individuals in this sample, dominated by Ceratium fusus and furca.",2.5,1.0,1,1,1.0,1,1,,,,1.0
2018-11-03T17:30:00Z,37.808603,-122.440069,Present,17.5,2018-11-03T17:30:00Z,30.0,CA - Wave Organ,Tintinnid,16.0,Sunny,W,Outgoing,,,,,"Many fewer individuals in this sample, dominated by Ceratium fusus and furca.",2.5,1.0,1,1,1.0,1,1,,,,1.0
2018-11-03T17:30:00Z,37.808603,-122.440069,Present,17.5,2018-11-03T17:30:00Z,30.0,CA - Wave Organ,Zooplankton,16.0,Sunny,W,Outgoing,,,,,"Many fewer individuals in this sample, dominated by Ceratium fusus and furca.",2.5,1.0,1,1,1.0,1,1,,,,1.0
2018-11-18T13:00:00Z,37.808603,-122.440069,Present,16.5,2018-11-18T13:00:00Z,30.0,CA - Wave Organ,Centric Diatom,13.0,Partly cloudy,W,Dead low tide,,,,,NO,2.5,1.0,1,1,1.0,1,1,,,,1.0
2018-11-18T13:00:00Z,37.808603,-122.440069,Present,16.5,2018-11-18T13:00:00Z,30.0,CA - Wave Organ,Ceratium furca,13.0,Partly cloudy,W,Dead low tide,,,,,NO,2.5,1.0,1,1,1.0,1,1,,,,1.0
2018-11-18T13:00:00Z,37.808603,-122.440069,Present,16.5,2018-11-18T13:00:00Z,30.0,CA - Wave Organ,Ceratium fusus,13.0,Partly cloudy,W,Dead low tide,,,,,NO,2.5,1.0,1,1,1.0,1,1,,,,1.0
2018-11-18T13:00:00Z,37.808603,-122.440069,Present,16.5,2018-11-18T13:00:00Z,30.0,CA - Wave Organ,Coscinodiscus spp.,13.0,Partly cloudy,W,Dead low tide,,,,,NO,2.5,1.0,1,1,1.0,1,1,,,,1.0
2018-11-18T13:00:00Z,37.808603,-122.440069,Present,16.5,2018-11-18T13:00:00Z,30.0,CA - Wave Organ,Dinoflagellates,13.0,Partly cloudy,W,Dead low tide,,,,,NO,2.5,1.0,1,1,1.0,1,1,,,,1.0
2018-11-18T13:00:00Z,37.808603,-122.440069,Present,16.5,2018-11-18T13:00:00Z,30.0,CA - Wave Organ,Pseudo-nitzschia spp.,13.0,Partly cloudy,W,Dead low tide,,,,,NO,2.5,1.0,1,1,1.0,1,1,,,,1.0
2018-11-18T13:00:00Z,37.808603,-122.440069,Present,16.5,2018-11-18T13:00:00Z,30.0,CA - Wave Organ,Rhizosolenia spp.,13.0,Partly cloudy,W,Dead low tide,,,,,NO,2.5,1.0,1,1,1.0,1,1,,,,1.0
2018-11-18T13:00:00Z,37.808603,-122.440069,Present,16.5,2018-11-18T13:00:00Z,30.0,CA - Wave Organ,Thalassiosira spp.,13.0,Partly cloudy,W,Dead low tide,,,,,NO,2.5,1.0,1,1,1.0,1,1,,,,1.0
2018-12-02T12:01:00Z,37.808603,-122.440069,Present,17.0,2018-12-02T12:01:00Z,30.0,CA - Wave Organ,Akashiwo sanguinea,14.0,Partly cloudy,W,Dead low tide,,,,,very sparse sample,2.5,1.0,1,1,1.0,1,1,,,,1.0
2018-12-02T12:01:00Z,37.808603,-122.440069,Present,17.0,2018-12-02T12:01:00Z,30.0,CA - Wave Organ,Centric Diatom,14.0,Partly cloudy,W,Dead low tide,,,,,very sparse sample,2.5,1.0,1,1,1.0,1,1,,,,1.0
2018-12-02T12:01:00Z,37.808603,-122.440069,Present,17.0,2018-12-02T12:01:00Z,30.0,CA - Wave Organ,Ceratium furca,14.0,Partly cloudy,W,Dead low tide,,,,,very sparse sample,2.5,1.0,1,1,1.0,1,1,,,,1.0
2018-12-02T12:01:00Z,37.808603,-122.440069,Present,17.0,2018-12-02T12:01:00Z,30.0,CA - Wave Organ,Ceratium fusus,14.0,Partly cloudy,W,Dead low tide,,,,,very sparse sample,2.5,1.0,1,1,1.0,1,1,,,,1.0
2018-12-02T12:01:00Z,37.808603,-122.440069,Present,17.0,2018-12-02T12:01:00Z,30.0,CA - Wave Organ,Coscinodiscus spp.,14.0,Partly cloudy,W,Dead low tide,,,,,very sparse sample,2.5,1.0,1,1,1.0,1,1,,,,1.0
2018-12-02T12:01:00Z,37.808603,-122.440069,Present,17.0,2018-12-02T12:01:00Z,30.0,CA - Wave Organ,Dinoflagellates,14.0,Partly cloudy,W,Dead low tide,,,,,very sparse sample,2.5,1.0,1,1,1.0,1,1,,,,1.0
2018-12-02T12:01:00Z,37.808603,-122.440069,Present,17.0,2018-12-02T12:01:00Z,30.0,CA - Wave Organ,Ditylum spp.,14.0,Partly cloudy,W,Dead low tide,,,,,very sparse sample,2.5,1.0,1,1,1.0,1,1,,,,1.0
2018-12-02T12:01:00Z,37.808603,-122.440069,Present,17.0,2018-12-02T12:01:00Z,30.0,CA - Wave Organ,Melosira spp.,14.0,Partly cloudy,W,Dead low tide,,,,,very sparse sample,2.5,1.0,1,1,1.0,1,1,,,,1.0
2018-12-02T12:01:00Z,37.808603,-122.440069,Present,17.0,2018-12-02T12:01:00Z,30.0,CA - Wave Organ,Nauplius,14.0,Partly cloudy,W,Dead low tide,,,,,very sparse sample,2.5,1.0,1,1,1.0,1,1,,,,1.0
2018-12-02T12:01:00Z,37.808603,-122.440069,Present,17.0,2018-12-02T12:01:00Z,30.0,CA - Wave Organ,Pennate Diatom,14.0,Partly cloudy,W,Dead low tide,,,,,very sparse sample,2.5,1.0,1,1,1.0,1,1,,,,1.0
2018-12-02T12:01:00Z,37.808603,-122.440069,Present,17.0,2018-12-02T12:01:00Z,30.0,CA - Wave Organ,Pleurosigma spp.,14.0,Partly cloudy,W,Dead low tide,,,,,very sparse sample,2.5,1.0,1,1,1.0,1,1,,,,1.0
2018-12-02T12:01:00Z,37.808603,-122.440069,Present,17.0,2018-12-02T12:01:00Z,30.0,CA - Wave Organ,,14.0,Partly cloudy,W,Dead low tide,,,,,very sparse sample,2.5,1.0,1,1,1.0,1,1,,,,1.0
2018-12-02T12:01:00Z,37.808603,-122.440069,Present,17.0,2018-12-02T12:01:00Z,30.0,CA - Wave Organ,Prorocentrum spp.,14.0,Partly cloudy,W,Dead low tide,,,,,very sparse sample,2.5,1.0,1,1,1.0,1,1,,,,1.0
2018-12-02T12:01:00Z,37.808603,-122.440069,Present,17.0,2018-12-02T12:01:00Z,30.0,CA - Wave Organ,Rhizosolenia spp.,14.0,Partly cloudy,W,Dead low tide,,,,,very sparse sample,2.5,1.0,1,1,1.0,1,1,,,,1.0
2018-12-02T12:01:00Z,37.808603,-122.440069,Present,17.0,2018-12-02T12:01:00Z,30.0,CA - Wave Organ,Zooplankton,14.0,Partly cloudy,W,Dead low tide,,,,,very sparse sample,2.5,1.0,1,1,1.0,1,1,,,,1.0
2018-06-03T16:20:00Z,37.808603,-122.440069,Present,18.5,2018-06-03T16:20:00Z,,CA - Wave Organ,,16.0,Partly cloudy,W,Full high tide,,,,,NO,17.5,1.0,1,1,,1,1,,,,1.0
2018-07-01T14:00:00Z,37.808603,-122.440069,Present,17.0,2018-07-01T14:00:00Z,30.0,CA - Wave Organ,,16.5,Cloudy,W,Full high tide,,,,,Lots of nauplius this time.  They were too fast to photograph.,25.0,1.0,1,1,1.0,1,1,,,,1.0
2018-08-19T12:10:00Z,37.808603,-122.440069,Present,17.0,2018-08-19T12:10:00Z,31.0,CA - Wave Organ,,16.0,Partly cloudy,W,Dead low tide,,,,,NO,7.5,1.0,1,1,1.0,1,1,,,,1.0
2018-09-09T12:15:00Z,37.808603,-122.440069,Present,18.5,2018-09-09T12:15:00Z,30.0,CA - Wave Organ,,18.0,Sunny,W,Full high tide,,,,,NO,12.5,1.0,1,1,1.0,1,1,,,,1.0
2018-09-23T14:30:00Z,37.808603,-122.440069,Present,19.5,2018-09-23T14:30:00Z,31.0,CA - Wave Organ,,16.5,Sunny,W,Outgoing,,,,,many more Naupilus than previous,12.5,1.0,1,1,1.0,1,1,,,,1.0
2018-10-14T13:45:00Z,37.808603,-122.440069,Present,18.0,2018-10-14T13:45:00Z,30.0,CA - Wave Organ,,17.0,Sunny,W,Full high tide,,,,,NO,7.5,1.0,1,1,1.0,1,1,,,,1.0
2018-11-03T17:30:00Z,37.808603,-122.440069,Present,17.5,2018-11-03T17:30:00Z,30.0,CA - Wave Organ,,16.0,Sunny,W,Outgoing,,,,,"Many fewer individuals in this sample, dominated by Ceratium fusus and furca.",2.5,1.0,1,1,1.0,1,1,,,,1.0
2018-12-02T12:01:00Z,37.808603,-122.440069,Present,17.0,2018-12-02T12:01:00Z,30.0,CA - Wave Organ,,14.0,Partly cloudy,W,Dead low tide,,,,,very sparse sample,2.5,1.0,1,1,1.0,1,1,,,,1.0
2019-12-21T10:00:00Z,32.7100237,-117.2181653,Present,16.11,2019-12-21T10:00:00Z,1.027,CA - Go Navy,Chaetoceros spp.,16.0,Partly cloudy,NW,Outgoing,,8.2,,,32.7100237 -117.2181653 coronado fishing pier. correct data,7.5,1.0,1,1,1.0,3,1,,1.0,,1.0
2019-12-21T10:00:00Z,32.7100237,-117.2181653,Present,16.11,2019-12-21T10:00:00Z,1.027,CA - Go Navy,Copepod,16.0,Partly cloudy,NW,Outgoing,,8.2,,,32.7100237 -117.2181653 coronado fishing pier. correct data,7.5,1.0,1,1,1.0,3,1,,1.0,,1.0
2019-12-21T10:00:00Z,32.7100237,-117.2181653,Present,16.11,2019-12-21T10:00:00Z,1.027,CA - Go Navy,Nauplius,16.0,Partly cloudy,NW,Outgoing,,8.2,,,32.7100237 -117.2181653 coronado fishing pier. correct data,7.5,1.0,1,1,1.0,3,1,,1.0,,1.0
2019-12-21T10:00:00Z,32.7100237,-117.2181653,Present,16.11,2019-12-21T10:00:00Z,1.027,CA - Go Navy,Pennate Diatom,16.0,Partly cloudy,NW,Outgoing,,8.2,,,32.7100237 -117.2181653 coronado fishing pier. correct data,7.5,1.0,1,1,1.0,3,1,,1.0,,1.0
2019-12-21T10:00:00Z,32.7100237,-117.2181653,Present,16.11,2019-12-21T10:00:00Z,1.027,CA - Go Navy,Pleurosigma spp.,16.0,Partly cloudy,NW,Outgoing,,8.2,,,32.7100237 -117.2181653 coronado fishing pier. correct data,7.5,1.0,1,1,1.0,3,1,,1.0,,1.0
2019-12-21T10:00:00Z,32.7100237,-117.2181653,Present,16.11,2019-12-21T10:00:00Z,1.027,CA - Go Navy,Skeletonema spp.,16.0,Partly cloudy,NW,Outgoing,,8.2,,,32.7100237 -117.2181653 coronado fishing pier. correct data,7.5,1.0,1,1,1.0,3,1,,1.0,,1.0
2019-12-21T10:00:00Z,32.7100237,-117.2181653,Present,16.11,2019-12-21T10:00:00Z,1.027,CA - Go Navy,Zooplankton,16.0,Partly cloudy,NW,Outgoing,,8.2,,,32.7100237 -117.2181653 coronado fishing pier. correct data,7.5,1.0,1,1,1.0,3,1,,1.0,,1.0
2019-01-06T11:00:00Z,33.962698,-118.461934,Present,17.0,2019-01-06T11:00:00Z,27.0,CA - Marina Del Ray Jetty,Centric Diatom,12.0,Mostly cloudy,W,Outgoing,,,,,NO,7.5,1.0,1,1,1.0,1,1,,,,1.0
2019-01-06T11:00:00Z,33.962698,-118.461934,Present,17.0,2019-01-06T11:00:00Z,27.0,CA - Marina Del Ray Jetty,Ceratium furca,12.0,Mostly cloudy,W,Outgoing,,,,,NO,7.5,1.0,1,1,1.0,1,1,,,,1.0
2019-01-06T11:00:00Z,33.962698,-118.461934,Present,17.0,2019-01-06T11:00:00Z,27.0,CA - Marina Del Ray Jetty,Chaetoceros spp.,12.0,Mostly cloudy,W,Outgoing,,,,,NO,7.5,1.0,1,1,1.0,1,1,,,,1.0
2019-01-06T11:00:00Z,33.962698,-118.461934,Present,17.0,2019-01-06T11:00:00Z,27.0,CA - Marina Del Ray Jetty,Cochlodinium spp.,12.0,Mostly cloudy,W,Outgoing,,,,,NO,7.5,1.0,1,1,1.0,1,1,,,,1.0
2019-01-06T11:00:00Z,33.962698,-118.461934,Present,17.0,2019-01-06T11:00:00Z,27.0,CA - Marina Del Ray Jetty,Copepod,12.0,Mostly cloudy,W,Outgoing,,,,,NO,7.5,1.0,1,1,1.0,1,1,,,,1.0
2019-01-06T11:00:00Z,33.962698,-118.461934,Present,17.0,2019-01-06T11:00:00Z,27.0,CA - Marina Del Ray Jetty,Dinoflagellates,12.0,Mostly cloudy,W,Outgoing,,,,,NO,7.5,1.0,1,1,1.0,1,1,,,,1.0
2019-01-06T11:00:00Z,33.962698,-118.461934,Present,17.0,2019-01-06T11:00:00Z,27.0,CA - Marina Del Ray Jetty,Gonyalax,12.0,Mostly cloudy,W,Outgoing,,,,,NO,7.5,1.0,1,1,1.0,1,1,,,,1.0
2019-01-06T11:00:00Z,33.962698,-118.461934,Present,17.0,2019-01-06T11:00:00Z,27.0,CA - Marina Del Ray Jetty,Melosira spp.,12.0,Mostly cloudy,W,Outgoing,,,,,NO,7.5,1.0,1,1,1.0,1,1,,,,1.0
2019-01-06T11:00:00Z,33.962698,-118.461934,Present,17.0,2019-01-06T11:00:00Z,27.0,CA - Marina Del Ray Jetty,Plagiogramma,12.0,Mostly cloudy,W,Outgoing,,,,,NO,7.5,1.0,1,1,1.0,1,1,,,,1.0
2019-01-06T11:00:00Z,33.962698,-118.461934,Present,17.0,2019-01-06T11:00:00Z,27.0,CA - Marina Del Ray Jetty,,12.0,Mostly cloudy,W,Outgoing,,,,,NO,7.5,1.0,1,1,1.0,1,1,,,,1.0
2019-01-06T11:00:00Z,33.962698,-118.461934,Present,17.0,2019-01-06T11:00:00Z,27.0,CA - Marina Del Ray Jetty,Tintinnid,12.0,Mostly cloudy,W,Outgoing,,,,,NO,7.5,1.0,1,1,1.0,1,1,,,,1.0
2019-01-06T11:00:00Z,33.962698,-118.461934,Present,17.0,2019-01-06T11:00:00Z,27.0,CA - Marina Del Ray Jetty,Trochospore,12.0,Mostly cloudy,W,Outgoing,,,,,NO,7.5,1.0,1,1,1.0,1,1,,,,1.0
2019-01-06T11:00:00Z,33.962698,-118.461934,Present,17.0,2019-01-06T11:00:00Z,27.0,CA - Marina Del Ray Jetty,Zooplankton,12.0,Mostly cloudy,W,Outgoing,,,,,NO,7.5,1.0,1,1,1.0,1,1,,,,1.0
2019-01-13T10:40:00Z,33.962698,-118.461934,Present,15.0,2019-01-13T10:40:00Z,32.0,CA - Marina Del Ray Jetty,Alexandrium spp.,13.0,Cloudy,N,Incoming,,,,,NO,2.5,1.0,1,1,1.0,1,1,,,,1.0
2019-01-13T10:40:00Z,33.962698,-118.461934,Present,15.0,2019-01-13T10:40:00Z,32.0,CA - Marina Del Ray Jetty,Asterionellopsis spp.,13.0,Cloudy,N,Incoming,,,,,NO,2.5,1.0,1,1,1.0,1,1,,,,1.0
2019-01-13T10:40:00Z,33.962698,-118.461934,Present,15.0,2019-01-13T10:40:00Z,32.0,CA - Marina Del Ray Jetty,Attheya spp.,13.0,Cloudy,N,Incoming,,,,,NO,2.5,1.0,1,1,1.0,1,1,,,,1.0
2019-01-13T10:40:00Z,33.962698,-118.461934,Present,15.0,2019-01-13T10:40:00Z,32.0,CA - Marina Del Ray Jetty,Bacillaria spp.,13.0,Cloudy,N,Incoming,,,,,NO,2.5,1.0,1,1,1.0,1,1,,,,1.0
2019-01-13T10:40:00Z,33.962698,-118.461934,Present,15.0,2019-01-13T10:40:00Z,32.0,CA - Marina Del Ray Jetty,Bacteriastrum spp.,13.0,Cloudy,N,Incoming,,,,,NO,2.5,1.0,1,1,1.0,1,1,,,,1.0
2019-01-13T10:40:00Z,33.962698,-118.461934,Present,15.0,2019-01-13T10:40:00Z,32.0,CA - Marina Del Ray Jetty,Centric Diatom,13.0,Cloudy,N,Incoming,,,,,NO,2.5,1.0,1,1,1.0,1,1,,,,1.0
2019-01-13T10:40:00Z,33.962698,-118.461934,Present,15.0,2019-01-13T10:40:00Z,32.0,CA - Marina Del Ray Jetty,Ceratium furca,13.0,Cloudy,N,Incoming,,,,,NO,2.5,1.0,1,1,1.0,1,1,,,,1.0
2019-01-13T10:40:00Z,33.962698,-118.461934,Present,15.0,2019-01-13T10:40:00Z,32.0,CA - Marina Del Ray Jetty,Ceratium fusus,13.0,Cloudy,N,Incoming,,,,,NO,2.5,1.0,1,1,1.0,1,1,,,,1.0
2019-01-13T10:40:00Z,33.962698,-118.461934,Present,15.0,2019-01-13T10:40:00Z,32.0,CA - Marina Del Ray Jetty,Chaetoceros spp.,13.0,Cloudy,N,Incoming,,,,,NO,2.5,1.0,1,1,1.0,1,1,,,,1.0
2019-01-13T10:40:00Z,33.962698,-118.461934,Present,15.0,2019-01-13T10:40:00Z,32.0,CA - Marina Del Ray Jetty,Cochlodinium spp.,13.0,Cloudy,N,Incoming,,,,,NO,2.5,1.0,1,1,1.0,1,1,,,,1.0
2019-01-13T10:40:00Z,33.962698,-118.461934,Present,15.0,2019-01-13T10:40:00Z,32.0,CA - Marina Del Ray Jetty,Coscinodiscus spp.,13.0,Cloudy,N,Incoming,,,,,NO,2.5,1.0,1,1,1.0,1,1,,,,1.0
2019-01-13T10:40:00Z,33.962698,-118.461934,Present,15.0,2019-01-13T10:40:00Z,32.0,CA - Marina Del Ray Jetty,Dictocha,13.0,Cloudy,N,Incoming,,,,,NO,2.5,1.0,1,1,1.0,1,1,,,,1.0
2019-01-13T10:40:00Z,33.962698,-118.461934,Present,15.0,2019-01-13T10:40:00Z,32.0,CA - Marina Del Ray Jetty,Dinoflagellates,13.0,Cloudy,N,Incoming,,,,,NO,2.5,1.0,1,1,1.0,1,1,,,,1.0
2019-01-13T10:40:00Z,33.962698,-118.461934,Present,15.0,2019-01-13T10:40:00Z,32.0,CA - Marina Del Ray Jetty,Ditylum spp.,13.0,Cloudy,N,Incoming,,,,,NO,2.5,1.0,1,1,1.0,1,1,,,,1.0
2019-01-13T10:40:00Z,33.962698,-118.461934,Present,15.0,2019-01-13T10:40:00Z,32.0,CA - Marina Del Ray Jetty,Eucampia spp.,13.0,Cloudy,N,Incoming,,,,,NO,2.5,1.0,1,1,1.0,1,1,,,,1.0
2019-01-13T10:40:00Z,33.962698,-118.461934,Present,15.0,2019-01-13T10:40:00Z,32.0,CA - Marina Del Ray Jetty,Gambardiscus,13.0,Cloudy,N,Incoming,,,,,NO,2.5,1.0,1,1,1.0,1,1,,,,1.0
2019-01-13T10:40:00Z,33.962698,-118.461934,Present,15.0,2019-01-13T10:40:00Z,32.0,CA - Marina Del Ray Jetty,Lauderia spp.,13.0,Cloudy,N,Incoming,,,,,NO,2.5,1.0,1,1,1.0,1,1,,,,1.0
2019-01-13T10:40:00Z,33.962698,-118.461934,Present,15.0,2019-01-13T10:40:00Z,32.0,CA - Marina Del Ray Jetty,Melosira spp.,13.0,Cloudy,N,Incoming,,,,,NO,2.5,1.0,1,1,1.0,1,1,,,,1.0
2019-01-13T10:40:00Z,33.962698,-118.461934,Present,15.0,2019-01-13T10:40:00Z,32.0,CA - Marina Del Ray Jetty,Navicula spp.,13.0,Cloudy,N,Incoming,,,,,NO,2.5,1.0,1,1,1.0,1,1,,,,1.0
2019-01-13T10:40:00Z,33.962698,-118.461934,Present,15.0,2019-01-13T10:40:00Z,32.0,CA - Marina Del Ray Jetty,Odontella spp.,13.0,Cloudy,N,Incoming,,,,,NO,2.5,1.0,1,1,1.0,1,1,,,,1.0
2019-01-13T10:40:00Z,33.962698,-118.461934,Present,15.0,2019-01-13T10:40:00Z,32.0,CA - Marina Del Ray Jetty,Pennate Diatom,13.0,Cloudy,N,Incoming,,,,,NO,2.5,1.0,1,1,1.0,1,1,,,,1.0
2019-01-13T10:40:00Z,33.962698,-118.461934,Present,15.0,2019-01-13T10:40:00Z,32.0,CA - Marina Del Ray Jetty,Pleurosigma spp.,13.0,Cloudy,N,Incoming,,,,,NO,2.5,1.0,1,1,1.0,1,1,,,,1.0
2019-01-13T10:40:00Z,33.962698,-118.461934,Present,15.0,2019-01-13T10:40:00Z,32.0,CA - Marina Del Ray Jetty,Protoperidinium spp.,13.0,Cloudy,N,Incoming,,,,,NO,2.5,1.0,1,1,1.0,1,1,,,,1.0
2019-01-13T10:40:00Z,33.962698,-118.461934,Present,15.0,2019-01-13T10:40:00Z,32.0,CA - Marina Del Ray Jetty,Stephanopxsis,13.0,Cloudy,N,Incoming,,,,,NO,2.5,1.0,1,1,1.0,1,1,,,,1.0
2019-01-13T10:40:00Z,33.962698,-118.461934,Present,15.0,2019-01-13T10:40:00Z,32.0,CA - Marina Del Ray Jetty,Thalassiosira spp.,13.0,Cloudy,N,Incoming,,,,,NO,2.5,1.0,1,1,1.0,1,1,,,,1.0
2019-01-13T10:40:00Z,33.962698,-118.461934,Present,15.0,2019-01-13T10:40:00Z,32.0,CA - Marina Del Ray Jetty,Unidentified larvae,13.0,Cloudy,N,Incoming,,,,,NO,2.5,1.0,1,1,1.0,1,1,,,,1.0
2019-01-13T10:40:00Z,33.962698,-118.461934,Present,15.0,2019-01-13T10:40:00Z,32.0,CA - Marina Del Ray Jetty,Zooplankton,13.0,Cloudy,N,Incoming,,,,,NO,2.5,1.0,1,1,1.0,1,1,,,,1.0
2019-01-20T11:15:00Z,33.962698,-118.461934,Present,19.0,2019-01-20T11:15:00Z,31.0,CA - Marina Del Ray Jetty,Actinoptychus spp.,17.0,Cloudy,SW,Outgoing,,,,,NO,2.5,1.0,1,1,1.0,1,1,,,,1.0
2019-01-20T11:15:00Z,33.962698,-118.461934,Present,19.0,2019-01-20T11:15:00Z,31.0,CA - Marina Del Ray Jetty,Centric Diatom,17.0,Cloudy,SW,Outgoing,,,,,NO,2.5,1.0,1,1,1.0,1,1,,,,1.0
2019-01-20T11:15:00Z,33.962698,-118.461934,Present,19.0,2019-01-20T11:15:00Z,31.0,CA - Marina Del Ray Jetty,Ceratium furca,17.0,Cloudy,SW,Outgoing,,,,,NO,2.5,1.0,1,1,1.0,1,1,,,,1.0
2019-01-20T11:15:00Z,33.962698,-118.461934,Present,19.0,2019-01-20T11:15:00Z,31.0,CA - Marina Del Ray Jetty,Ceratium fusus,17.0,Cloudy,SW,Outgoing,,,,,NO,2.5,1.0,1,1,1.0,1,1,,,,1.0
2019-01-20T11:15:00Z,33.962698,-118.461934,Present,19.0,2019-01-20T11:15:00Z,31.0,CA - Marina Del Ray Jetty,Ceratium longipes,17.0,Cloudy,SW,Outgoing,,,,,NO,2.5,1.0,1,1,1.0,1,1,,,,1.0
2019-01-20T11:15:00Z,33.962698,-118.461934,Present,19.0,2019-01-20T11:15:00Z,31.0,CA - Marina Del Ray Jetty,Chaetoceros spp.,17.0,Cloudy,SW,Outgoing,,,,,NO,2.5,1.0,1,1,1.0,1,1,,,,1.0
2019-01-20T11:15:00Z,33.962698,-118.461934,Present,19.0,2019-01-20T11:15:00Z,31.0,CA - Marina Del Ray Jetty,Coscinodiscus spp.,17.0,Cloudy,SW,Outgoing,,,,,NO,2.5,1.0,1,1,1.0,1,1,,,,1.0
2019-01-20T11:15:00Z,33.962698,-118.461934,Present,19.0,2019-01-20T11:15:00Z,31.0,CA - Marina Del Ray Jetty,Dinoflagellates,17.0,Cloudy,SW,Outgoing,,,,,NO,2.5,1.0,1,1,1.0,1,1,,,,1.0
2019-01-20T11:15:00Z,33.962698,-118.461934,Present,19.0,2019-01-20T11:15:00Z,31.0,CA - Marina Del Ray Jetty,Helicotheca spp.,17.0,Cloudy,SW,Outgoing,,,,,NO,2.5,1.0,1,1,1.0,1,1,,,,1.0
2019-01-20T11:15:00Z,33.962698,-118.461934,Present,19.0,2019-01-20T11:15:00Z,31.0,CA - Marina Del Ray Jetty,Lauderia spp.,17.0,Cloudy,SW,Outgoing,,,,,NO,2.5,1.0,1,1,1.0,1,1,,,,1.0
2019-01-20T11:15:00Z,33.962698,-118.461934,Present,19.0,2019-01-20T11:15:00Z,31.0,CA - Marina Del Ray Jetty,Lingulodinium spp.,17.0,Cloudy,SW,Outgoing,,,,,NO,2.5,1.0,1,1,1.0,1,1,,,,1.0
2019-01-20T11:15:00Z,33.962698,-118.461934,Present,19.0,2019-01-20T11:15:00Z,31.0,CA - Marina Del Ray Jetty,Pennate Diatom,17.0,Cloudy,SW,Outgoing,,,,,NO,2.5,1.0,1,1,1.0,1,1,,,,1.0
2019-01-20T11:15:00Z,33.962698,-118.461934,Present,19.0,2019-01-20T11:15:00Z,31.0,CA - Marina Del Ray Jetty,Pleurosigma spp.,17.0,Cloudy,SW,Outgoing,,,,,NO,2.5,1.0,1,1,1.0,1,1,,,,1.0
2019-01-20T11:15:00Z,33.962698,-118.461934,Present,19.0,2019-01-20T11:15:00Z,31.0,CA - Marina Del Ray Jetty,Protoperidinium spp.,17.0,Cloudy,SW,Outgoing,,,,,NO,2.5,1.0,1,1,1.0,1,1,,,,1.0
2019-01-20T11:15:00Z,33.962698,-118.461934,Present,19.0,2019-01-20T11:15:00Z,31.0,CA - Marina Del Ray Jetty,Thalassiosira spp.,17.0,Cloudy,SW,Outgoing,,,,,NO,2.5,1.0,1,1,1.0,1,1,,,,1.0
2019-01-27T11:15:00Z,33.962698,-118.461934,Present,23.0,2019-01-27T11:15:00Z,33.0,CA - Marina Del Ray Jetty,Atinoptychus,16.0,Mostly cloudy,W,Incoming,,,,,NO,2.5,1.0,1,1,1.0,1,1,,,,1.0
2019-01-27T11:15:00Z,33.962698,-118.461934,Present,23.0,2019-01-27T11:15:00Z,33.0,CA - Marina Del Ray Jetty,Attheya spp.,16.0,Mostly cloudy,W,Incoming,,,,,NO,2.5,1.0,1,1,1.0,1,1,,,,1.0
2019-01-27T11:15:00Z,33.962698,-118.461934,Present,23.0,2019-01-27T11:15:00Z,33.0,CA - Marina Del Ray Jetty,Centric Diatom,16.0,Mostly cloudy,W,Incoming,,,,,NO,2.5,1.0,1,1,1.0,1,1,,,,1.0
2019-01-27T11:15:00Z,33.962698,-118.461934,Present,23.0,2019-01-27T11:15:00Z,33.0,CA - Marina Del Ray Jetty,Ceratium furca,16.0,Mostly cloudy,W,Incoming,,,,,NO,2.5,1.0,1,1,1.0,1,1,,,,1.0
2019-01-27T11:15:00Z,33.962698,-118.461934,Present,23.0,2019-01-27T11:15:00Z,33.0,CA - Marina Del Ray Jetty,Chaetoceros spp.,16.0,Mostly cloudy,W,Incoming,,,,,NO,2.5,1.0,1,1,1.0,1,1,,,,1.0
2019-01-27T11:15:00Z,33.962698,-118.461934,Present,23.0,2019-01-27T11:15:00Z,33.0,CA - Marina Del Ray Jetty,Coscinodiscus spp.,16.0,Mostly cloudy,W,Incoming,,,,,NO,2.5,1.0,1,1,1.0,1,1,,,,1.0
2019-01-27T11:15:00Z,33.962698,-118.461934,Present,23.0,2019-01-27T11:15:00Z,33.0,CA - Marina Del Ray Jetty,Dinoflagellates,16.0,Mostly cloudy,W,Incoming,,,,,NO,2.5,1.0,1,1,1.0,1,1,,,,1.0
2019-01-27T11:15:00Z,33.962698,-118.461934,Present,23.0,2019-01-27T11:15:00Z,33.0,CA - Marina Del Ray Jetty,Dinophysis spp.,16.0,Mostly cloudy,W,Incoming,,,,,NO,2.5,1.0,1,1,1.0,1,1,,,,1.0
2019-01-27T11:15:00Z,33.962698,-118.461934,Present,23.0,2019-01-27T11:15:00Z,33.0,CA - Marina Del Ray Jetty,Ditylum spp.,16.0,Mostly cloudy,W,Incoming,,,,,NO,2.5,1.0,1,1,1.0,1,1,,,,1.0
2019-01-27T11:15:00Z,33.962698,-118.461934,Present,23.0,2019-01-27T11:15:00Z,33.0,CA - Marina Del Ray Jetty,Eucampia spp.,16.0,Mostly cloudy,W,Incoming,,,,,NO,2.5,1.0,1,1,1.0,1,1,,,,1.0
2019-01-27T11:15:00Z,33.962698,-118.461934,Present,23.0,2019-01-27T11:15:00Z,33.0,CA - Marina Del Ray Jetty,Guinardia spp.,16.0,Mostly cloudy,W,Incoming,,,,,NO,2.5,1.0,1,1,1.0,1,1,,,,1.0
2019-01-27T11:15:00Z,33.962698,-118.461934,Present,23.0,2019-01-27T11:15:00Z,33.0,CA - Marina Del Ray Jetty,Helicotheca spp.,16.0,Mostly cloudy,W,Incoming,,,,,NO,2.5,1.0,1,1,1.0,1,1,,,,1.0
2019-01-27T11:15:00Z,33.962698,-118.461934,Present,23.0,2019-01-27T11:15:00Z,33.0,CA - Marina Del Ray Jetty,Lauderia spp.,16.0,Mostly cloudy,W,Incoming,,,,,NO,2.5,1.0,1,1,1.0,1,1,,,,1.0
2019-01-27T11:15:00Z,33.962698,-118.461934,Present,23.0,2019-01-27T11:15:00Z,33.0,CA - Marina Del Ray Jetty,Lingulodinium spp.,16.0,Mostly cloudy,W,Incoming,,,,,NO,2.5,1.0,1,1,1.0,1,1,,,,1.0
2019-01-27T11:15:00Z,33.962698,-118.461934,Present,23.0,2019-01-27T11:15:00Z,33.0,CA - Marina Del Ray Jetty,Odontella spp.,16.0,Mostly cloudy,W,Incoming,,,,,NO,2.5,1.0,1,1,1.0,1,1,,,,1.0
2019-01-27T11:15:00Z,33.962698,-118.461934,Present,23.0,2019-01-27T11:15:00Z,33.0,CA - Marina Del Ray Jetty,Paralia marina,16.0,Mostly cloudy,W,Incoming,,,,,NO,2.5,1.0,1,1,1.0,1,1,,,,1.0
2019-01-27T11:15:00Z,33.962698,-118.461934,Present,23.0,2019-01-27T11:15:00Z,33.0,CA - Marina Del Ray Jetty,Parelia,16.0,Mostly cloudy,W,Incoming,,,,,NO,2.5,1.0,1,1,1.0,1,1,,,,1.0
2019-01-27T11:15:00Z,33.962698,-118.461934,Present,23.0,2019-01-27T11:15:00Z,33.0,CA - Marina Del Ray Jetty,Pennate Diatom,16.0,Mostly cloudy,W,Incoming,,,,,NO,2.5,1.0,1,1,1.0,1,1,,,,1.0
2019-01-27T11:15:00Z,33.962698,-118.461934,Present,23.0,2019-01-27T11:15:00Z,33.0,CA - Marina Del Ray Jetty,Pleurosigma spp.,16.0,Mostly cloudy,W,Incoming,,,,,NO,2.5,1.0,1,1,1.0,1,1,,,,1.0
2019-01-27T11:15:00Z,33.962698,-118.461934,Present,23.0,2019-01-27T11:15:00Z,33.0,CA - Marina Del Ray Jetty,Proboscia spp.,16.0,Mostly cloudy,W,Incoming,,,,,NO,2.5,1.0,1,1,1.0,1,1,,,,1.0
2019-01-27T11:15:00Z,33.962698,-118.461934,Present,23.0,2019-01-27T11:15:00Z,33.0,CA - Marina Del Ray Jetty,Protoperidinium spp.,16.0,Mostly cloudy,W,Incoming,,,,,NO,2.5,1.0,1,1,1.0,1,1,,,,1.0
2019-01-27T11:15:00Z,33.962698,-118.461934,Present,23.0,2019-01-27T11:15:00Z,33.0,CA - Marina Del Ray Jetty,Pyrocystis lunula,16.0,Mostly cloudy,W,Incoming,,,,,NO,2.5,1.0,1,1,1.0,1,1,,,,1.0
2019-01-27T11:15:00Z,33.962698,-118.461934,Present,23.0,2019-01-27T11:15:00Z,33.0,CA - Marina Del Ray Jetty,Rhizosolenia spp.,16.0,Mostly cloudy,W,Incoming,,,,,NO,2.5,1.0,1,1,1.0,1,1,,,,1.0
2019-01-27T11:15:00Z,33.962698,-118.461934,Present,23.0,2019-01-27T11:15:00Z,33.0,CA - Marina Del Ray Jetty,Stephanopyxis spp.,16.0,Mostly cloudy,W,Incoming,,,,,NO,2.5,1.0,1,1,1.0,1,1,,,,1.0
2019-01-27T11:15:00Z,33.962698,-118.461934,Present,23.0,2019-01-27T11:15:00Z,33.0,CA - Marina Del Ray Jetty,Thalassionema spp.,16.0,Mostly cloudy,W,Incoming,,,,,NO,2.5,1.0,1,1,1.0,1,1,,,,1.0
2019-01-27T11:15:00Z,33.962698,-118.461934,Present,23.0,2019-01-27T11:15:00Z,33.0,CA - Marina Del Ray Jetty,Thalassiosira spp.,16.0,Mostly cloudy,W,Incoming,,,,,NO,2.5,1.0,1,1,1.0,1,1,,,,1.0
2019-01-27T11:15:00Z,33.962698,-118.461934,Present,23.0,2019-01-27T11:15:00Z,33.0,CA - Marina Del Ray Jetty,Tintinid larvae,16.0,Mostly cloudy,W,Incoming,,,,,NO,2.5,1.0,1,1,1.0,1,1,,,,1.0
2019-01-27T11:15:00Z,33.962698,-118.461934,Present,23.0,2019-01-27T11:15:00Z,33.0,CA - Marina Del Ray Jetty,Tintinnid,16.0,Mostly cloudy,W,Incoming,,,,,NO,2.5,1.0,1,1,1.0,1,1,,,,1.0
2019-01-27T11:15:00Z,33.962698,-118.461934,Present,23.0,2019-01-27T11:15:00Z,33.0,CA - Marina Del Ray Jetty,Zooplankton,16.0,Mostly cloudy,W,Incoming,,,,,NO,2.5,1.0,1,1,1.0,1,1,,,,1.0
2019-02-03T11:00:00Z,33.962698,-118.461934,Present,14.0,2019-02-03T11:00:00Z,19.0,CA - Marina Del Ray Jetty,Atinoptychus,15.0,Rain,SE,Outgoing,,,,,"It was stormy, water choppy and full of debris. Salinity low probably due to rain and outfall from nearby Ballona Creek.",25.0,1.0,1,1,1.0,1,1,,,,1.0
2019-02-03T11:00:00Z,33.962698,-118.461934,Present,14.0,2019-02-03T11:00:00Z,19.0,CA - Marina Del Ray Jetty,Bacillaria spp.,15.0,Rain,SE,Outgoing,,,,,"It was stormy, water choppy and full of debris. Salinity low probably due to rain and outfall from nearby Ballona Creek.",25.0,1.0,1,1,1.0,1,1,,,,1.0
2019-02-03T11:00:00Z,33.962698,-118.461934,Present,14.0,2019-02-03T11:00:00Z,19.0,CA - Marina Del Ray Jetty,Bacteriastrum spp.,15.0,Rain,SE,Outgoing,,,,,"It was stormy, water choppy and full of debris. Salinity low probably due to rain and outfall from nearby Ballona Creek.",25.0,1.0,1,1,1.0,1,1,,,,1.0
2019-02-03T11:00:00Z,33.962698,-118.461934,Present,14.0,2019-02-03T11:00:00Z,19.0,CA - Marina Del Ray Jetty,Centric Diatom,15.0,Rain,SE,Outgoing,,,,,"It was stormy, water choppy and full of debris. Salinity low probably due to rain and outfall from nearby Ballona Creek.",25.0,1.0,1,1,1.0,1,1,,,,1.0
2019-02-03T11:00:00Z,33.962698,-118.461934,Present,14.0,2019-02-03T11:00:00Z,19.0,CA - Marina Del Ray Jetty,Ceratium furca,15.0,Rain,SE,Outgoing,,,,,"It was stormy, water choppy and full of debris. Salinity low probably due to rain and outfall from nearby Ballona Creek.",25.0,1.0,1,1,1.0,1,1,,,,1.0
2019-02-03T11:00:00Z,33.962698,-118.461934,Present,14.0,2019-02-03T11:00:00Z,19.0,CA - Marina Del Ray Jetty,Ceratium fusus,15.0,Rain,SE,Outgoing,,,,,"It was stormy, water choppy and full of debris. Salinity low probably due to rain and outfall from nearby Ballona Creek.",25.0,1.0,1,1,1.0,1,1,,,,1.0
2019-02-03T11:00:00Z,33.962698,-118.461934,Present,14.0,2019-02-03T11:00:00Z,19.0,CA - Marina Del Ray Jetty,Chaetoceros spp.,15.0,Rain,SE,Outgoing,,,,,"It was stormy, water choppy and full of debris. Salinity low probably due to rain and outfall from nearby Ballona Creek.",25.0,1.0,1,1,1.0,1,1,,,,1.0
2019-02-03T11:00:00Z,33.962698,-118.461934,Present,14.0,2019-02-03T11:00:00Z,19.0,CA - Marina Del Ray Jetty,Coscinodiscus spp.,15.0,Rain,SE,Outgoing,,,,,"It was stormy, water choppy and full of debris. Salinity low probably due to rain and outfall from nearby Ballona Creek.",25.0,1.0,1,1,1.0,1,1,,,,1.0
2019-02-03T11:00:00Z,33.962698,-118.461934,Present,14.0,2019-02-03T11:00:00Z,19.0,CA - Marina Del Ray Jetty,Dinoflagellates,15.0,Rain,SE,Outgoing,,,,,"It was stormy, water choppy and full of debris. Salinity low probably due to rain and outfall from nearby Ballona Creek.",25.0,1.0,1,1,1.0,1,1,,,,1.0
2019-02-03T11:00:00Z,33.962698,-118.461934,Present,14.0,2019-02-03T11:00:00Z,19.0,CA - Marina Del Ray Jetty,Melosira spp.,15.0,Rain,SE,Outgoing,,,,,"It was stormy, water choppy and full of debris. Salinity low probably due to rain and outfall from nearby Ballona Creek.",25.0,1.0,1,1,1.0,1,1,,,,1.0
2019-02-03T11:00:00Z,33.962698,-118.461934,Present,14.0,2019-02-03T11:00:00Z,19.0,CA - Marina Del Ray Jetty,Nauplius,15.0,Rain,SE,Outgoing,,,,,"It was stormy, water choppy and full of debris. Salinity low probably due to rain and outfall from nearby Ballona Creek.",25.0,1.0,1,1,1.0,1,1,,,,1.0
2019-02-03T11:00:00Z,33.962698,-118.461934,Present,14.0,2019-02-03T11:00:00Z,19.0,CA - Marina Del Ray Jetty,Odontella spp.,15.0,Rain,SE,Outgoing,,,,,"It was stormy, water choppy and full of debris. Salinity low probably due to rain and outfall from nearby Ballona Creek.",25.0,1.0,1,1,1.0,1,1,,,,1.0
2019-02-03T11:00:00Z,33.962698,-118.461934,Present,14.0,2019-02-03T11:00:00Z,19.0,CA - Marina Del Ray Jetty,Pennate Diatom,15.0,Rain,SE,Outgoing,,,,,"It was stormy, water choppy and full of debris. Salinity low probably due to rain and outfall from nearby Ballona Creek.",25.0,1.0,1,1,1.0,1,1,,,,1.0
2019-02-03T11:00:00Z,33.962698,-118.461934,Present,14.0,2019-02-03T11:00:00Z,19.0,CA - Marina Del Ray Jetty,Proboscia spp.,15.0,Rain,SE,Outgoing,,,,,"It was stormy, water choppy and full of debris. Salinity low probably due to rain and outfall from nearby Ballona Creek.",25.0,1.0,1,1,1.0,1,1,,,,1.0
2019-02-03T11:00:00Z,33.962698,-118.461934,Present,14.0,2019-02-03T11:00:00Z,19.0,CA - Marina Del Ray Jetty,Protoperidinium spp.,15.0,Rain,SE,Outgoing,,,,,"It was stormy, water choppy and full of debris. Salinity low probably due to rain and outfall from nearby Ballona Creek.",25.0,1.0,1,1,1.0,1,1,,,,1.0
2019-02-03T11:00:00Z,33.962698,-118.461934,Present,14.0,2019-02-03T11:00:00Z,19.0,CA - Marina Del Ray Jetty,Thalassiosira spp.,15.0,Rain,SE,Outgoing,,,,,"It was stormy, water choppy and full of debris. Salinity low probably due to rain and outfall from nearby Ballona Creek.",25.0,1.0,1,1,1.0,1,1,,,,1.0
2019-02-03T11:00:00Z,33.962698,-118.461934,Present,14.0,2019-02-03T11:00:00Z,19.0,CA - Marina Del Ray Jetty,Tintinnid,15.0,Rain,SE,Outgoing,,,,,"It was stormy, water choppy and full of debris. Salinity low probably due to rain and outfall from nearby Ballona Creek.",25.0,1.0,1,1,1.0,1,1,,,,1.0
2019-02-03T11:00:00Z,33.962698,-118.461934,Present,14.0,2019-02-03T11:00:00Z,19.0,CA - Marina Del Ray Jetty,Triceratium spp.,15.0,Rain,SE,Outgoing,,,,,"It was stormy, water choppy and full of debris. Salinity low probably due to rain and outfall from nearby Ballona Creek.",25.0,1.0,1,1,1.0,1,1,,,,1.0
2019-02-03T11:00:00Z,33.962698,-118.461934,Present,14.0,2019-02-03T11:00:00Z,19.0,CA - Marina Del Ray Jetty,Zooplankton,15.0,Rain,SE,Outgoing,,,,,"It was stormy, water choppy and full of debris. Salinity low probably due to rain and outfall from nearby Ballona Creek.",25.0,1.0,1,1,1.0,1,1,,,,1.0
2019-02-10T08:45:00Z,33.962698,-118.461934,Present,15.0,2019-02-10T08:45:00Z,30.0,CA - Marina Del Ray Jetty,Asterionellopsis spp.,15.0,Partly cloudy,N,Incoming,,,,,"It's been raining a lot. Went early to avoid wind, started raining when I got out. Water dirty, slide dirty. Many chaetocerous.",7.5,1.0,1,1,1.0,1,1,,,,1.0
2019-02-10T08:45:00Z,33.962698,-118.461934,Present,15.0,2019-02-10T08:45:00Z,30.0,CA - Marina Del Ray Jetty,Attheya spp.,15.0,Partly cloudy,N,Incoming,,,,,"It's been raining a lot. Went early to avoid wind, started raining when I got out. Water dirty, slide dirty. Many chaetocerous.",7.5,1.0,1,1,1.0,1,1,,,,1.0
2019-02-10T08:45:00Z,33.962698,-118.461934,Present,15.0,2019-02-10T08:45:00Z,30.0,CA - Marina Del Ray Jetty,Centric Diatom,15.0,Partly cloudy,N,Incoming,,,,,"It's been raining a lot. Went early to avoid wind, started raining when I got out. Water dirty, slide dirty. Many chaetocerous.",7.5,1.0,1,1,1.0,1,1,,,,1.0
2019-02-10T08:45:00Z,33.962698,-118.461934,Present,15.0,2019-02-10T08:45:00Z,30.0,CA - Marina Del Ray Jetty,Ceratium furca,15.0,Partly cloudy,N,Incoming,,,,,"It's been raining a lot. Went early to avoid wind, started raining when I got out. Water dirty, slide dirty. Many chaetocerous.",7.5,1.0,1,1,1.0,1,1,,,,1.0
2019-02-10T08:45:00Z,33.962698,-118.461934,Present,15.0,2019-02-10T08:45:00Z,30.0,CA - Marina Del Ray Jetty,Ceratium fusus,15.0,Partly cloudy,N,Incoming,,,,,"It's been raining a lot. Went early to avoid wind, started raining when I got out. Water dirty, slide dirty. Many chaetocerous.",7.5,1.0,1,1,1.0,1,1,,,,1.0
2019-02-10T08:45:00Z,33.962698,-118.461934,Present,15.0,2019-02-10T08:45:00Z,30.0,CA - Marina Del Ray Jetty,Chaetoceros spp.,15.0,Partly cloudy,N,Incoming,,,,,"It's been raining a lot. Went early to avoid wind, started raining when I got out. Water dirty, slide dirty. Many chaetocerous.",7.5,1.0,1,1,1.0,1,1,,,,1.0
2019-02-10T08:45:00Z,33.962698,-118.461934,Present,15.0,2019-02-10T08:45:00Z,30.0,CA - Marina Del Ray Jetty,Coscinodiscus spp.,15.0,Partly cloudy,N,Incoming,,,,,"It's been raining a lot. Went early to avoid wind, started raining when I got out. Water dirty, slide dirty. Many chaetocerous.",7.5,1.0,1,1,1.0,1,1,,,,1.0
2019-02-10T08:45:00Z,33.962698,-118.461934,Present,15.0,2019-02-10T08:45:00Z,30.0,CA - Marina Del Ray Jetty,Dinoflagellates,15.0,Partly cloudy,N,Incoming,,,,,"It's been raining a lot. Went early to avoid wind, started raining when I got out. Water dirty, slide dirty. Many chaetocerous.",7.5,1.0,1,1,1.0,1,1,,,,1.0
2019-02-10T08:45:00Z,33.962698,-118.461934,Present,15.0,2019-02-10T08:45:00Z,30.0,CA - Marina Del Ray Jetty,Ditylum spp.,15.0,Partly cloudy,N,Incoming,,,,,"It's been raining a lot. Went early to avoid wind, started raining when I got out. Water dirty, slide dirty. Many chaetocerous.",7.5,1.0,1,1,1.0,1,1,,,,1.0
2019-02-10T08:45:00Z,33.962698,-118.461934,Present,15.0,2019-02-10T08:45:00Z,30.0,CA - Marina Del Ray Jetty,Leptocylindrus spp.,15.0,Partly cloudy,N,Incoming,,,,,"It's been raining a lot. Went early to avoid wind, started raining when I got out. Water dirty, slide dirty. Many chaetocerous.",7.5,1.0,1,1,1.0,1,1,,,,1.0
2019-02-10T08:45:00Z,33.962698,-118.461934,Present,15.0,2019-02-10T08:45:00Z,30.0,CA - Marina Del Ray Jetty,Lingulodinium spp.,15.0,Partly cloudy,N,Incoming,,,,,"It's been raining a lot. Went early to avoid wind, started raining when I got out. Water dirty, slide dirty. Many chaetocerous.",7.5,1.0,1,1,1.0,1,1,,,,1.0
2019-02-10T08:45:00Z,33.962698,-118.461934,Present,15.0,2019-02-10T08:45:00Z,30.0,CA - Marina Del Ray Jetty,Navicula spp.,15.0,Partly cloudy,N,Incoming,,,,,"It's been raining a lot. Went early to avoid wind, started raining when I got out. Water dirty, slide dirty. Many chaetocerous.",7.5,1.0,1,1,1.0,1,1,,,,1.0
2019-02-10T08:45:00Z,33.962698,-118.461934,Present,15.0,2019-02-10T08:45:00Z,30.0,CA - Marina Del Ray Jetty,Pennate Diatom,15.0,Partly cloudy,N,Incoming,,,,,"It's been raining a lot. Went early to avoid wind, started raining when I got out. Water dirty, slide dirty. Many chaetocerous.",7.5,1.0,1,1,1.0,1,1,,,,1.0
2019-02-10T08:45:00Z,33.962698,-118.461934,Present,15.0,2019-02-10T08:45:00Z,30.0,CA - Marina Del Ray Jetty,Pleurosigma spp.,15.0,Partly cloudy,N,Incoming,,,,,"It's been raining a lot. Went early to avoid wind, started raining when I got out. Water dirty, slide dirty. Many chaetocerous.",7.5,1.0,1,1,1.0,1,1,,,,1.0
2019-02-10T08:45:00Z,33.962698,-118.461934,Present,15.0,2019-02-10T08:45:00Z,30.0,CA - Marina Del Ray Jetty,Proboscia spp.,15.0,Partly cloudy,N,Incoming,,,,,"It's been raining a lot. Went early to avoid wind, started raining when I got out. Water dirty, slide dirty. Many chaetocerous.",7.5,1.0,1,1,1.0,1,1,,,,1.0
2019-02-10T08:45:00Z,33.962698,-118.461934,Present,15.0,2019-02-10T08:45:00Z,30.0,CA - Marina Del Ray Jetty,Protoperidinium spp.,15.0,Partly cloudy,N,Incoming,,,,,"It's been raining a lot. Went early to avoid wind, started raining when I got out. Water dirty, slide dirty. Many chaetocerous.",7.5,1.0,1,1,1.0,1,1,,,,1.0
2019-02-10T08:45:00Z,33.962698,-118.461934,Present,15.0,2019-02-10T08:45:00Z,30.0,CA - Marina Del Ray Jetty,Pseudo-nitzschia spp.,15.0,Partly cloudy,N,Incoming,,,,,"It's been raining a lot. Went early to avoid wind, started raining when I got out. Water dirty, slide dirty. Many chaetocerous.",7.5,1.0,1,1,1.0,1,1,,,,1.0
2019-02-10T08:45:00Z,33.962698,-118.461934,Present,15.0,2019-02-10T08:45:00Z,30.0,CA - Marina Del Ray Jetty,Thalassionema spp.,15.0,Partly cloudy,N,Incoming,,,,,"It's been raining a lot. Went early to avoid wind, started raining when I got out. Water dirty, slide dirty. Many chaetocerous.",7.5,1.0,1,1,1.0,1,1,,,,1.0
2019-02-10T08:45:00Z,33.962698,-118.461934,Present,15.0,2019-02-10T08:45:00Z,30.0,CA - Marina Del Ray Jetty,Thalassiosira spp.,15.0,Partly cloudy,N,Incoming,,,,,"It's been raining a lot. Went early to avoid wind, started raining when I got out. Water dirty, slide dirty. Many chaetocerous.",7.5,1.0,1,1,1.0,1,1,,,,1.0
2019-02-17T08:30:00Z,33.962698,-118.461934,Present,14.0,2019-02-17T08:30:00Z,30.0,CA - Marina Del Ray Jetty,Asterionellopsis spp.,14.0,Partly cloudy,W,Outgoing,,,,,NO,7.5,1.0,1,1,1.0,1,1,,,,1.0
2019-02-17T08:30:00Z,33.962698,-118.461934,Present,14.0,2019-02-17T08:30:00Z,30.0,CA - Marina Del Ray Jetty,Centric Diatom,14.0,Partly cloudy,W,Outgoing,,,,,NO,7.5,1.0,1,1,1.0,1,1,,,,1.0
2019-02-17T08:30:00Z,33.962698,-118.461934,Present,14.0,2019-02-17T08:30:00Z,30.0,CA - Marina Del Ray Jetty,Ceratium furca,14.0,Partly cloudy,W,Outgoing,,,,,NO,7.5,1.0,1,1,1.0,1,1,,,,1.0
2019-02-17T08:30:00Z,33.962698,-118.461934,Present,14.0,2019-02-17T08:30:00Z,30.0,CA - Marina Del Ray Jetty,Chaetoceros spp.,14.0,Partly cloudy,W,Outgoing,,,,,NO,7.5,1.0,1,1,1.0,1,1,,,,1.0
2019-02-17T08:30:00Z,33.962698,-118.461934,Present,14.0,2019-02-17T08:30:00Z,30.0,CA - Marina Del Ray Jetty,Chatonella,14.0,Partly cloudy,W,Outgoing,,,,,NO,7.5,1.0,1,1,1.0,1,1,,,,1.0
2019-02-17T08:30:00Z,33.962698,-118.461934,Present,14.0,2019-02-17T08:30:00Z,30.0,CA - Marina Del Ray Jetty,Ciliate,14.0,Partly cloudy,W,Outgoing,,,,,NO,7.5,1.0,1,1,1.0,1,1,,,,1.0
2019-02-17T08:30:00Z,33.962698,-118.461934,Present,14.0,2019-02-17T08:30:00Z,30.0,CA - Marina Del Ray Jetty,Copepod,14.0,Partly cloudy,W,Outgoing,,,,,NO,7.5,1.0,1,1,1.0,1,1,,,,1.0
2019-02-17T08:30:00Z,33.962698,-118.461934,Present,14.0,2019-02-17T08:30:00Z,30.0,CA - Marina Del Ray Jetty,Coscinodiscus spp.,14.0,Partly cloudy,W,Outgoing,,,,,NO,7.5,1.0,1,1,1.0,1,1,,,,1.0
2019-02-17T08:30:00Z,33.962698,-118.461934,Present,14.0,2019-02-17T08:30:00Z,30.0,CA - Marina Del Ray Jetty,Dinoflagellates,14.0,Partly cloudy,W,Outgoing,,,,,NO,7.5,1.0,1,1,1.0,1,1,,,,1.0
2019-02-17T08:30:00Z,33.962698,-118.461934,Present,14.0,2019-02-17T08:30:00Z,30.0,CA - Marina Del Ray Jetty,Dinophysis spp.,14.0,Partly cloudy,W,Outgoing,,,,,NO,7.5,1.0,1,1,1.0,1,1,,,,1.0
2019-02-17T08:30:00Z,33.962698,-118.461934,Present,14.0,2019-02-17T08:30:00Z,30.0,CA - Marina Del Ray Jetty,Ditylum spp.,14.0,Partly cloudy,W,Outgoing,,,,,NO,7.5,1.0,1,1,1.0,1,1,,,,1.0
2019-02-17T08:30:00Z,33.962698,-118.461934,Present,14.0,2019-02-17T08:30:00Z,30.0,CA - Marina Del Ray Jetty,Gyrodinium spp.,14.0,Partly cloudy,W,Outgoing,,,,,NO,7.5,1.0,1,1,1.0,1,1,,,,1.0
2019-02-17T08:30:00Z,33.962698,-118.461934,Present,14.0,2019-02-17T08:30:00Z,30.0,CA - Marina Del Ray Jetty,Hemidiscus,14.0,Partly cloudy,W,Outgoing,,,,,NO,7.5,1.0,1,1,1.0,1,1,,,,1.0
2019-02-17T08:30:00Z,33.962698,-118.461934,Present,14.0,2019-02-17T08:30:00Z,30.0,CA - Marina Del Ray Jetty,Leptocylindrus spp.,14.0,Partly cloudy,W,Outgoing,,,,,NO,7.5,1.0,1,1,1.0,1,1,,,,1.0
2019-02-17T08:30:00Z,33.962698,-118.461934,Present,14.0,2019-02-17T08:30:00Z,30.0,CA - Marina Del Ray Jetty,Lingulodinium spp.,14.0,Partly cloudy,W,Outgoing,,,,,NO,7.5,1.0,1,1,1.0,1,1,,,,1.0
2019-02-17T08:30:00Z,33.962698,-118.461934,Present,14.0,2019-02-17T08:30:00Z,30.0,CA - Marina Del Ray Jetty,microscopic jelly,14.0,Partly cloudy,W,Outgoing,,,,,NO,7.5,1.0,1,1,1.0,1,1,,,,1.0
2019-02-17T08:30:00Z,33.962698,-118.461934,Present,14.0,2019-02-17T08:30:00Z,30.0,CA - Marina Del Ray Jetty,Pennate Diatom,14.0,Partly cloudy,W,Outgoing,,,,,NO,7.5,1.0,1,1,1.0,1,1,,,,1.0
2019-02-17T08:30:00Z,33.962698,-118.461934,Present,14.0,2019-02-17T08:30:00Z,30.0,CA - Marina Del Ray Jetty,,14.0,Partly cloudy,W,Outgoing,,,,,NO,7.5,1.0,1,1,1.0,1,1,,,,1.0
2019-02-17T08:30:00Z,33.962698,-118.461934,Present,14.0,2019-02-17T08:30:00Z,30.0,CA - Marina Del Ray Jetty,Protoperidinium spp.,14.0,Partly cloudy,W,Outgoing,,,,,NO,7.5,1.0,1,1,1.0,1,1,,,,1.0
2019-02-17T08:30:00Z,33.962698,-118.461934,Present,14.0,2019-02-17T08:30:00Z,30.0,CA - Marina Del Ray Jetty,Pseudo-nitzschia spp.,14.0,Partly cloudy,W,Outgoing,,,,,NO,7.5,1.0,1,1,1.0,1,1,,,,1.0
2019-02-17T08:30:00Z,33.962698,-118.461934,Present,14.0,2019-02-17T08:30:00Z,30.0,CA - Marina Del Ray Jetty,Thalassiosira spp.,14.0,Partly cloudy,W,Outgoing,,,,,NO,7.5,1.0,1,1,1.0,1,1,,,,1.0
2019-02-17T08:30:00Z,33.962698,-118.461934,Present,14.0,2019-02-17T08:30:00Z,30.0,CA - Marina Del Ray Jetty,Tintinnid,14.0,Partly cloudy,W,Outgoing,,,,,NO,7.5,1.0,1,1,1.0,1,1,,,,1.0
2019-02-17T08:30:00Z,33.962698,-118.461934,Present,14.0,2019-02-17T08:30:00Z,30.0,CA - Marina Del Ray Jetty,Zooplankton,14.0,Partly cloudy,W,Outgoing,,,,,NO,7.5,1.0,1,1,1.0,1,1,,,,1.0
2019-02-22T11:35:00Z,33.962698,-118.461934,Present,27.0,2019-02-22T11:35:00Z,33.0,CA - Marina Del Ray Jetty,Actinoptychus spp.,23.0,Cloudy,S,Incoming,,,,,NO,2.5,1.0,1,1,1.0,1,1,,,,1.0
2019-02-22T11:35:00Z,33.962698,-118.461934,Present,27.0,2019-02-22T11:35:00Z,33.0,CA - Marina Del Ray Jetty,Centric Diatom,23.0,Cloudy,S,Incoming,,,,,NO,2.5,1.0,1,1,1.0,1,1,,,,1.0
2019-02-22T11:35:00Z,33.962698,-118.461934,Present,27.0,2019-02-22T11:35:00Z,33.0,CA - Marina Del Ray Jetty,Ceratium furca,23.0,Cloudy,S,Incoming,,,,,NO,2.5,1.0,1,1,1.0,1,1,,,,1.0
2019-02-22T11:35:00Z,33.962698,-118.461934,Present,27.0,2019-02-22T11:35:00Z,33.0,CA - Marina Del Ray Jetty,Ceratium fusus,23.0,Cloudy,S,Incoming,,,,,NO,2.5,1.0,1,1,1.0,1,1,,,,1.0
2019-02-22T11:35:00Z,33.962698,-118.461934,Present,27.0,2019-02-22T11:35:00Z,33.0,CA - Marina Del Ray Jetty,Chaetoceros spp.,23.0,Cloudy,S,Incoming,,,,,NO,2.5,1.0,1,1,1.0,1,1,,,,1.0
2019-02-22T11:35:00Z,33.962698,-118.461934,Present,27.0,2019-02-22T11:35:00Z,33.0,CA - Marina Del Ray Jetty,Coscinodiscus spp.,23.0,Cloudy,S,Incoming,,,,,NO,2.5,1.0,1,1,1.0,1,1,,,,1.0
2019-02-22T11:35:00Z,33.962698,-118.461934,Present,27.0,2019-02-22T11:35:00Z,33.0,CA - Marina Del Ray Jetty,Dinoflagellates,23.0,Cloudy,S,Incoming,,,,,NO,2.5,1.0,1,1,1.0,1,1,,,,1.0
2019-02-22T11:35:00Z,33.962698,-118.461934,Present,27.0,2019-02-22T11:35:00Z,33.0,CA - Marina Del Ray Jetty,Dinophysis spp.,23.0,Cloudy,S,Incoming,,,,,NO,2.5,1.0,1,1,1.0,1,1,,,,1.0
2019-02-22T11:35:00Z,33.962698,-118.461934,Present,27.0,2019-02-22T11:35:00Z,33.0,CA - Marina Del Ray Jetty,Gonyaulax spp.,23.0,Cloudy,S,Incoming,,,,,NO,2.5,1.0,1,1,1.0,1,1,,,,1.0
2019-02-22T11:35:00Z,33.962698,-118.461934,Present,27.0,2019-02-22T11:35:00Z,33.0,CA - Marina Del Ray Jetty,Leptocylindrus spp.,23.0,Cloudy,S,Incoming,,,,,NO,2.5,1.0,1,1,1.0,1,1,,,,1.0
2019-02-22T11:35:00Z,33.962698,-118.461934,Present,27.0,2019-02-22T11:35:00Z,33.0,CA - Marina Del Ray Jetty,Lingulodinium spp.,23.0,Cloudy,S,Incoming,,,,,NO,2.5,1.0,1,1,1.0,1,1,,,,1.0
2019-02-22T11:35:00Z,33.962698,-118.461934,Present,27.0,2019-02-22T11:35:00Z,33.0,CA - Marina Del Ray Jetty,Nauplius,23.0,Cloudy,S,Incoming,,,,,NO,2.5,1.0,1,1,1.0,1,1,,,,1.0
2019-02-22T11:35:00Z,33.962698,-118.461934,Present,27.0,2019-02-22T11:35:00Z,33.0,CA - Marina Del Ray Jetty,Protoperidinium spp.,23.0,Cloudy,S,Incoming,,,,,NO,2.5,1.0,1,1,1.0,1,1,,,,1.0
2019-02-22T11:35:00Z,33.962698,-118.461934,Present,27.0,2019-02-22T11:35:00Z,33.0,CA - Marina Del Ray Jetty,Tintinnid,23.0,Cloudy,S,Incoming,,,,,NO,2.5,1.0,1,1,1.0,1,1,,,,1.0
2019-02-22T11:35:00Z,33.962698,-118.461934,Present,27.0,2019-02-22T11:35:00Z,33.0,CA - Marina Del Ray Jetty,Zooplankton,23.0,Cloudy,S,Incoming,,,,,NO,2.5,1.0,1,1,1.0,1,1,,,,1.0
2019-02-24T10:30:00Z,33.962698,-118.461934,Present,14.0,2019-02-24T10:30:00Z,32.0,CA - Marina Del Ray Jetty,Actinocyclus spp.,13.0,Partly cloudy,W,Incoming,,,,,"Water was slightly brown, tow sample was medium brown and slide was fairly diverse and dense. Many more Chaetoceros socialis colonies and Asterionellopsis than usual. Many fewer Ceratium furca.",7.5,1.0,1,1,1.0,1,1,,,,1.0
2019-02-24T10:30:00Z,33.962698,-118.461934,Present,14.0,2019-02-24T10:30:00Z,32.0,CA - Marina Del Ray Jetty,Akashiwo sanguinea,13.0,Partly cloudy,W,Incoming,,,,,"Water was slightly brown, tow sample was medium brown and slide was fairly diverse and dense. Many more Chaetoceros socialis colonies and Asterionellopsis than usual. Many fewer Ceratium furca.",7.5,1.0,1,1,1.0,1,1,,,,1.0
2019-02-24T10:30:00Z,33.962698,-118.461934,Present,14.0,2019-02-24T10:30:00Z,32.0,CA - Marina Del Ray Jetty,Asterionellopsis spp.,13.0,Partly cloudy,W,Incoming,,,,,"Water was slightly brown, tow sample was medium brown and slide was fairly diverse and dense. Many more Chaetoceros socialis colonies and Asterionellopsis than usual. Many fewer Ceratium furca.",7.5,1.0,1,1,1.0,1,1,,,,1.0
2019-02-24T10:30:00Z,33.962698,-118.461934,Present,14.0,2019-02-24T10:30:00Z,32.0,CA - Marina Del Ray Jetty,Attheya spp.,13.0,Partly cloudy,W,Incoming,,,,,"Water was slightly brown, tow sample was medium brown and slide was fairly diverse and dense. Many more Chaetoceros socialis colonies and Asterionellopsis than usual. Many fewer Ceratium furca.",7.5,1.0,1,1,1.0,1,1,,,,1.0
2019-02-24T10:30:00Z,33.962698,-118.461934,Present,14.0,2019-02-24T10:30:00Z,32.0,CA - Marina Del Ray Jetty,Centric Diatom,13.0,Partly cloudy,W,Incoming,,,,,"Water was slightly brown, tow sample was medium brown and slide was fairly diverse and dense. Many more Chaetoceros socialis colonies and Asterionellopsis than usual. Many fewer Ceratium furca.",7.5,1.0,1,1,1.0,1,1,,,,1.0
2019-02-24T10:30:00Z,33.962698,-118.461934,Present,14.0,2019-02-24T10:30:00Z,32.0,CA - Marina Del Ray Jetty,Ceratium furca,13.0,Partly cloudy,W,Incoming,,,,,"Water was slightly brown, tow sample was medium brown and slide was fairly diverse and dense. Many more Chaetoceros socialis colonies and Asterionellopsis than usual. Many fewer Ceratium furca.",7.5,1.0,1,1,1.0,1,1,,,,1.0
2019-02-24T10:30:00Z,33.962698,-118.461934,Present,14.0,2019-02-24T10:30:00Z,32.0,CA - Marina Del Ray Jetty,Chaetoceros socialis,13.0,Partly cloudy,W,Incoming,,,,,"Water was slightly brown, tow sample was medium brown and slide was fairly diverse and dense. Many more Chaetoceros socialis colonies and Asterionellopsis than usual. Many fewer Ceratium furca.",7.5,1.0,1,1,1.0,1,1,,,,1.0
2019-02-24T10:30:00Z,33.962698,-118.461934,Present,14.0,2019-02-24T10:30:00Z,32.0,CA - Marina Del Ray Jetty,Chaetoceros spp.,13.0,Partly cloudy,W,Incoming,,,,,"Water was slightly brown, tow sample was medium brown and slide was fairly diverse and dense. Many more Chaetoceros socialis colonies and Asterionellopsis than usual. Many fewer Ceratium furca.",7.5,1.0,1,1,1.0,1,1,,,,1.0
2019-02-24T10:30:00Z,33.962698,-118.461934,Present,14.0,2019-02-24T10:30:00Z,32.0,CA - Marina Del Ray Jetty,Ciliate,13.0,Partly cloudy,W,Incoming,,,,,"Water was slightly brown, tow sample was medium brown and slide was fairly diverse and dense. Many more Chaetoceros socialis colonies and Asterionellopsis than usual. Many fewer Ceratium furca.",7.5,1.0,1,1,1.0,1,1,,,,1.0
2019-02-24T10:30:00Z,33.962698,-118.461934,Present,14.0,2019-02-24T10:30:00Z,32.0,CA - Marina Del Ray Jetty,Detonella,13.0,Partly cloudy,W,Incoming,,,,,"Water was slightly brown, tow sample was medium brown and slide was fairly diverse and dense. Many more Chaetoceros socialis colonies and Asterionellopsis than usual. Many fewer Ceratium furca.",7.5,1.0,1,1,1.0,1,1,,,,1.0
2019-02-24T10:30:00Z,33.962698,-118.461934,Present,14.0,2019-02-24T10:30:00Z,32.0,CA - Marina Del Ray Jetty,Dinoflagellates,13.0,Partly cloudy,W,Incoming,,,,,"Water was slightly brown, tow sample was medium brown and slide was fairly diverse and dense. Many more Chaetoceros socialis colonies and Asterionellopsis than usual. Many fewer Ceratium furca.",7.5,1.0,1,1,1.0,1,1,,,,1.0
2019-02-24T10:30:00Z,33.962698,-118.461934,Present,14.0,2019-02-24T10:30:00Z,32.0,CA - Marina Del Ray Jetty,Dinophysis spp.,13.0,Partly cloudy,W,Incoming,,,,,"Water was slightly brown, tow sample was medium brown and slide was fairly diverse and dense. Many more Chaetoceros socialis colonies and Asterionellopsis than usual. Many fewer Ceratium furca.",7.5,1.0,1,1,1.0,1,1,,,,1.0
2019-02-24T10:30:00Z,33.962698,-118.461934,Present,14.0,2019-02-24T10:30:00Z,32.0,CA - Marina Del Ray Jetty,Ditylum spp.,13.0,Partly cloudy,W,Incoming,,,,,"Water was slightly brown, tow sample was medium brown and slide was fairly diverse and dense. Many more Chaetoceros socialis colonies and Asterionellopsis than usual. Many fewer Ceratium furca.",7.5,1.0,1,1,1.0,1,1,,,,1.0
2019-02-24T10:30:00Z,33.962698,-118.461934,Present,14.0,2019-02-24T10:30:00Z,32.0,CA - Marina Del Ray Jetty,Eucampia spp.,13.0,Partly cloudy,W,Incoming,,,,,"Water was slightly brown, tow sample was medium brown and slide was fairly diverse and dense. Many more Chaetoceros socialis colonies and Asterionellopsis than usual. Many fewer Ceratium furca.",7.5,1.0,1,1,1.0,1,1,,,,1.0
2019-02-24T10:30:00Z,33.962698,-118.461934,Present,14.0,2019-02-24T10:30:00Z,32.0,CA - Marina Del Ray Jetty,Guinardia spp.,13.0,Partly cloudy,W,Incoming,,,,,"Water was slightly brown, tow sample was medium brown and slide was fairly diverse and dense. Many more Chaetoceros socialis colonies and Asterionellopsis than usual. Many fewer Ceratium furca.",7.5,1.0,1,1,1.0,1,1,,,,1.0
2019-02-24T10:30:00Z,33.962698,-118.461934,Present,14.0,2019-02-24T10:30:00Z,32.0,CA - Marina Del Ray Jetty,Lauderia spp.,13.0,Partly cloudy,W,Incoming,,,,,"Water was slightly brown, tow sample was medium brown and slide was fairly diverse and dense. Many more Chaetoceros socialis colonies and Asterionellopsis than usual. Many fewer Ceratium furca.",7.5,1.0,1,1,1.0,1,1,,,,1.0
2019-02-24T10:30:00Z,33.962698,-118.461934,Present,14.0,2019-02-24T10:30:00Z,32.0,CA - Marina Del Ray Jetty,Leptocylindrus spp.,13.0,Partly cloudy,W,Incoming,,,,,"Water was slightly brown, tow sample was medium brown and slide was fairly diverse and dense. Many more Chaetoceros socialis colonies and Asterionellopsis than usual. Many fewer Ceratium furca.",7.5,1.0,1,1,1.0,1,1,,,,1.0
2019-02-24T10:30:00Z,33.962698,-118.461934,Present,14.0,2019-02-24T10:30:00Z,32.0,CA - Marina Del Ray Jetty,Lingulodinium spp.,13.0,Partly cloudy,W,Incoming,,,,,"Water was slightly brown, tow sample was medium brown and slide was fairly diverse and dense. Many more Chaetoceros socialis colonies and Asterionellopsis than usual. Many fewer Ceratium furca.",7.5,1.0,1,1,1.0,1,1,,,,1.0
2019-02-24T10:30:00Z,33.962698,-118.461934,Present,14.0,2019-02-24T10:30:00Z,32.0,CA - Marina Del Ray Jetty,Navicula spp.,13.0,Partly cloudy,W,Incoming,,,,,"Water was slightly brown, tow sample was medium brown and slide was fairly diverse and dense. Many more Chaetoceros socialis colonies and Asterionellopsis than usual. Many fewer Ceratium furca.",7.5,1.0,1,1,1.0,1,1,,,,1.0
2019-02-24T10:30:00Z,33.962698,-118.461934,Present,14.0,2019-02-24T10:30:00Z,32.0,CA - Marina Del Ray Jetty,Odontella spp.,13.0,Partly cloudy,W,Incoming,,,,,"Water was slightly brown, tow sample was medium brown and slide was fairly diverse and dense. Many more Chaetoceros socialis colonies and Asterionellopsis than usual. Many fewer Ceratium furca.",7.5,1.0,1,1,1.0,1,1,,,,1.0
2019-02-24T10:30:00Z,33.962698,-118.461934,Present,14.0,2019-02-24T10:30:00Z,32.0,CA - Marina Del Ray Jetty,Pennate Diatom,13.0,Partly cloudy,W,Incoming,,,,,"Water was slightly brown, tow sample was medium brown and slide was fairly diverse and dense. Many more Chaetoceros socialis colonies and Asterionellopsis than usual. Many fewer Ceratium furca.",7.5,1.0,1,1,1.0,1,1,,,,1.0
2019-02-24T10:30:00Z,33.962698,-118.461934,Present,14.0,2019-02-24T10:30:00Z,32.0,CA - Marina Del Ray Jetty,Pleurosigma spp.,13.0,Partly cloudy,W,Incoming,,,,,"Water was slightly brown, tow sample was medium brown and slide was fairly diverse and dense. Many more Chaetoceros socialis colonies and Asterionellopsis than usual. Many fewer Ceratium furca.",7.5,1.0,1,1,1.0,1,1,,,,1.0
2019-02-24T10:30:00Z,33.962698,-118.461934,Present,14.0,2019-02-24T10:30:00Z,32.0,CA - Marina Del Ray Jetty,Proboscia spp.,13.0,Partly cloudy,W,Incoming,,,,,"Water was slightly brown, tow sample was medium brown and slide was fairly diverse and dense. Many more Chaetoceros socialis colonies and Asterionellopsis than usual. Many fewer Ceratium furca.",7.5,1.0,1,1,1.0,1,1,,,,1.0
2019-02-24T10:30:00Z,33.962698,-118.461934,Present,14.0,2019-02-24T10:30:00Z,32.0,CA - Marina Del Ray Jetty,Protoperidinium spp.,13.0,Partly cloudy,W,Incoming,,,,,"Water was slightly brown, tow sample was medium brown and slide was fairly diverse and dense. Many more Chaetoceros socialis colonies and Asterionellopsis than usual. Many fewer Ceratium furca.",7.5,1.0,1,1,1.0,1,1,,,,1.0
2019-02-24T10:30:00Z,33.962698,-118.461934,Present,14.0,2019-02-24T10:30:00Z,32.0,CA - Marina Del Ray Jetty,Pseudo-nitzschia spp.,13.0,Partly cloudy,W,Incoming,,,,,"Water was slightly brown, tow sample was medium brown and slide was fairly diverse and dense. Many more Chaetoceros socialis colonies and Asterionellopsis than usual. Many fewer Ceratium furca.",7.5,1.0,1,1,1.0,1,1,,,,1.0
2019-02-24T10:30:00Z,33.962698,-118.461934,Present,14.0,2019-02-24T10:30:00Z,32.0,CA - Marina Del Ray Jetty,Radiolarian,13.0,Partly cloudy,W,Incoming,,,,,"Water was slightly brown, tow sample was medium brown and slide was fairly diverse and dense. Many more Chaetoceros socialis colonies and Asterionellopsis than usual. Many fewer Ceratium furca.",7.5,1.0,1,1,1.0,1,1,,,,1.0
2019-02-24T10:30:00Z,33.962698,-118.461934,Present,14.0,2019-02-24T10:30:00Z,32.0,CA - Marina Del Ray Jetty,Thalassionema spp.,13.0,Partly cloudy,W,Incoming,,,,,"Water was slightly brown, tow sample was medium brown and slide was fairly diverse and dense. Many more Chaetoceros socialis colonies and Asterionellopsis than usual. Many fewer Ceratium furca.",7.5,1.0,1,1,1.0,1,1,,,,1.0
2019-02-24T10:30:00Z,33.962698,-118.461934,Present,14.0,2019-02-24T10:30:00Z,32.0,CA - Marina Del Ray Jetty,Thalassiosira spp.,13.0,Partly cloudy,W,Incoming,,,,,"Water was slightly brown, tow sample was medium brown and slide was fairly diverse and dense. Many more Chaetoceros socialis colonies and Asterionellopsis than usual. Many fewer Ceratium furca.",7.5,1.0,1,1,1.0,1,1,,,,1.0
2019-02-24T10:30:00Z,33.962698,-118.461934,Present,14.0,2019-02-24T10:30:00Z,32.0,CA - Marina Del Ray Jetty,Tintinnid,13.0,Partly cloudy,W,Incoming,,,,,"Water was slightly brown, tow sample was medium brown and slide was fairly diverse and dense. Many more Chaetoceros socialis colonies and Asterionellopsis than usual. Many fewer Ceratium furca.",7.5,1.0,1,1,1.0,1,1,,,,1.0
2019-02-24T10:30:00Z,33.962698,-118.461934,Present,14.0,2019-02-24T10:30:00Z,32.0,CA - Marina Del Ray Jetty,Zooplankton,13.0,Partly cloudy,W,Incoming,,,,,"Water was slightly brown, tow sample was medium brown and slide was fairly diverse and dense. Many more Chaetoceros socialis colonies and Asterionellopsis than usual. Many fewer Ceratium furca.",7.5,1.0,1,1,1.0,1,1,,,,1.0
2019-03-10T10:30:00Z,33.962698,-118.461934,Present,16.5,2019-03-10T10:30:00Z,32.0,CA - Marina Del Ray Jetty,Asterionellopsis spp.,14.0,Mostly cloudy,NE,Incoming,,,,,NO,2.5,1.0,1,1,1.0,1,1,,,,1.0
2019-03-10T10:30:00Z,33.962698,-118.461934,Present,16.5,2019-03-10T10:30:00Z,32.0,CA - Marina Del Ray Jetty,Centric Diatom,14.0,Mostly cloudy,NE,Incoming,,,,,NO,2.5,1.0,1,1,1.0,1,1,,,,1.0
2019-03-10T10:30:00Z,33.962698,-118.461934,Present,16.5,2019-03-10T10:30:00Z,32.0,CA - Marina Del Ray Jetty,Ceratium furca,14.0,Mostly cloudy,NE,Incoming,,,,,NO,2.5,1.0,1,1,1.0,1,1,,,,1.0
2019-03-10T10:30:00Z,33.962698,-118.461934,Present,16.5,2019-03-10T10:30:00Z,32.0,CA - Marina Del Ray Jetty,Chaetoceros spp.,14.0,Mostly cloudy,NE,Incoming,,,,,NO,2.5,1.0,1,1,1.0,1,1,,,,1.0
2019-03-10T10:30:00Z,33.962698,-118.461934,Present,16.5,2019-03-10T10:30:00Z,32.0,CA - Marina Del Ray Jetty,Cochlodinium spp.,14.0,Mostly cloudy,NE,Incoming,,,,,NO,2.5,1.0,1,1,1.0,1,1,,,,1.0
2019-03-10T10:30:00Z,33.962698,-118.461934,Present,16.5,2019-03-10T10:30:00Z,32.0,CA - Marina Del Ray Jetty,Copepod,14.0,Mostly cloudy,NE,Incoming,,,,,NO,2.5,1.0,1,1,1.0,1,1,,,,1.0
2019-03-10T10:30:00Z,33.962698,-118.461934,Present,16.5,2019-03-10T10:30:00Z,32.0,CA - Marina Del Ray Jetty,Coscinodiscus spp.,14.0,Mostly cloudy,NE,Incoming,,,,,NO,2.5,1.0,1,1,1.0,1,1,,,,1.0
2019-03-10T10:30:00Z,33.962698,-118.461934,Present,16.5,2019-03-10T10:30:00Z,32.0,CA - Marina Del Ray Jetty,Cylindrotheca spp.,14.0,Mostly cloudy,NE,Incoming,,,,,NO,2.5,1.0,1,1,1.0,1,1,,,,1.0
2019-03-10T10:30:00Z,33.962698,-118.461934,Present,16.5,2019-03-10T10:30:00Z,32.0,CA - Marina Del Ray Jetty,Detonula spp.,14.0,Mostly cloudy,NE,Incoming,,,,,NO,2.5,1.0,1,1,1.0,1,1,,,,1.0
2019-03-10T10:30:00Z,33.962698,-118.461934,Present,16.5,2019-03-10T10:30:00Z,32.0,CA - Marina Del Ray Jetty,Dinoflagellates,14.0,Mostly cloudy,NE,Incoming,,,,,NO,2.5,1.0,1,1,1.0,1,1,,,,1.0
2019-03-10T10:30:00Z,33.962698,-118.461934,Present,16.5,2019-03-10T10:30:00Z,32.0,CA - Marina Del Ray Jetty,Dinophysis spp.,14.0,Mostly cloudy,NE,Incoming,,,,,NO,2.5,1.0,1,1,1.0,1,1,,,,1.0
2019-03-10T10:30:00Z,33.962698,-118.461934,Present,16.5,2019-03-10T10:30:00Z,32.0,CA - Marina Del Ray Jetty,Leptocylindrus spp.,14.0,Mostly cloudy,NE,Incoming,,,,,NO,2.5,1.0,1,1,1.0,1,1,,,,1.0
2019-03-10T10:30:00Z,33.962698,-118.461934,Present,16.5,2019-03-10T10:30:00Z,32.0,CA - Marina Del Ray Jetty,Lingulodinium spp.,14.0,Mostly cloudy,NE,Incoming,,,,,NO,2.5,1.0,1,1,1.0,1,1,,,,1.0
2019-03-10T10:30:00Z,33.962698,-118.461934,Present,16.5,2019-03-10T10:30:00Z,32.0,CA - Marina Del Ray Jetty,Nauplius,14.0,Mostly cloudy,NE,Incoming,,,,,NO,2.5,1.0,1,1,1.0,1,1,,,,1.0
2019-03-10T10:30:00Z,33.962698,-118.461934,Present,16.5,2019-03-10T10:30:00Z,32.0,CA - Marina Del Ray Jetty,Navicula spp.,14.0,Mostly cloudy,NE,Incoming,,,,,NO,2.5,1.0,1,1,1.0,1,1,,,,1.0
2019-03-10T10:30:00Z,33.962698,-118.461934,Present,16.5,2019-03-10T10:30:00Z,32.0,CA - Marina Del Ray Jetty,Oblea spp.,14.0,Mostly cloudy,NE,Incoming,,,,,NO,2.5,1.0,1,1,1.0,1,1,,,,1.0
2019-03-10T10:30:00Z,33.962698,-118.461934,Present,16.5,2019-03-10T10:30:00Z,32.0,CA - Marina Del Ray Jetty,Pennate Diatom,14.0,Mostly cloudy,NE,Incoming,,,,,NO,2.5,1.0,1,1,1.0,1,1,,,,1.0
2019-03-10T10:30:00Z,33.962698,-118.461934,Present,16.5,2019-03-10T10:30:00Z,32.0,CA - Marina Del Ray Jetty,Pleurosigma spp.,14.0,Mostly cloudy,NE,Incoming,,,,,NO,2.5,1.0,1,1,1.0,1,1,,,,1.0
2019-03-10T10:30:00Z,33.962698,-118.461934,Present,16.5,2019-03-10T10:30:00Z,32.0,CA - Marina Del Ray Jetty,Proboscia spp.,14.0,Mostly cloudy,NE,Incoming,,,,,NO,2.5,1.0,1,1,1.0,1,1,,,,1.0
2019-03-10T10:30:00Z,33.962698,-118.461934,Present,16.5,2019-03-10T10:30:00Z,32.0,CA - Marina Del Ray Jetty,Prorocentrum spp.,14.0,Mostly cloudy,NE,Incoming,,,,,NO,2.5,1.0,1,1,1.0,1,1,,,,1.0
2019-03-10T10:30:00Z,33.962698,-118.461934,Present,16.5,2019-03-10T10:30:00Z,32.0,CA - Marina Del Ray Jetty,Protoperidinium spp.,14.0,Mostly cloudy,NE,Incoming,,,,,NO,2.5,1.0,1,1,1.0,1,1,,,,1.0
2019-03-10T10:30:00Z,33.962698,-118.461934,Present,16.5,2019-03-10T10:30:00Z,32.0,CA - Marina Del Ray Jetty,Pseudo-nitzschia spp.,14.0,Mostly cloudy,NE,Incoming,,,,,NO,2.5,1.0,1,1,1.0,1,1,,,,1.0
2019-03-10T10:30:00Z,33.962698,-118.461934,Present,16.5,2019-03-10T10:30:00Z,32.0,CA - Marina Del Ray Jetty,Zooplankton,14.0,Mostly cloudy,NE,Incoming,,,,,NO,2.5,1.0,1,1,1.0,1,1,,,,1.0
2019-03-17T12:00:00Z,33.962698,-118.461934,Present,20.0,2019-03-17T12:00:00Z,33.0,CA - Marina Del Ray Jetty,Actinoptychus spp.,16.0,Sunny,W,Outgoing,,,,,NO,2.5,1.0,1,1,1.0,1,1,,,,1.0
2019-03-17T12:00:00Z,33.962698,-118.461934,Present,20.0,2019-03-17T12:00:00Z,33.0,CA - Marina Del Ray Jetty,Asterionellopsis spp.,16.0,Sunny,W,Outgoing,,,,,NO,2.5,1.0,1,1,1.0,1,1,,,,1.0
2019-03-17T12:00:00Z,33.962698,-118.461934,Present,20.0,2019-03-17T12:00:00Z,33.0,CA - Marina Del Ray Jetty,Bacteriastrum spp.,16.0,Sunny,W,Outgoing,,,,,NO,2.5,1.0,1,1,1.0,1,1,,,,1.0
2019-03-17T12:00:00Z,33.962698,-118.461934,Present,20.0,2019-03-17T12:00:00Z,33.0,CA - Marina Del Ray Jetty,Centric Diatom,16.0,Sunny,W,Outgoing,,,,,NO,2.5,1.0,1,1,1.0,1,1,,,,1.0
2019-03-17T12:00:00Z,33.962698,-118.461934,Present,20.0,2019-03-17T12:00:00Z,33.0,CA - Marina Del Ray Jetty,Ceratium furca,16.0,Sunny,W,Outgoing,,,,,NO,2.5,1.0,1,1,1.0,1,1,,,,1.0
2019-03-17T12:00:00Z,33.962698,-118.461934,Present,20.0,2019-03-17T12:00:00Z,33.0,CA - Marina Del Ray Jetty,Chaetoceros spp.,16.0,Sunny,W,Outgoing,,,,,NO,2.5,1.0,1,1,1.0,1,1,,,,1.0
2019-03-17T12:00:00Z,33.962698,-118.461934,Present,20.0,2019-03-17T12:00:00Z,33.0,CA - Marina Del Ray Jetty,Copepod,16.0,Sunny,W,Outgoing,,,,,NO,2.5,1.0,1,1,1.0,1,1,,,,1.0
2019-03-17T12:00:00Z,33.962698,-118.461934,Present,20.0,2019-03-17T12:00:00Z,33.0,CA - Marina Del Ray Jetty,Dinoflagellates,16.0,Sunny,W,Outgoing,,,,,NO,2.5,1.0,1,1,1.0,1,1,,,,1.0
2019-03-17T12:00:00Z,33.962698,-118.461934,Present,20.0,2019-03-17T12:00:00Z,33.0,CA - Marina Del Ray Jetty,Dinophysis spp.,16.0,Sunny,W,Outgoing,,,,,NO,2.5,1.0,1,1,1.0,1,1,,,,1.0
2019-03-17T12:00:00Z,33.962698,-118.461934,Present,20.0,2019-03-17T12:00:00Z,33.0,CA - Marina Del Ray Jetty,Nauplius,16.0,Sunny,W,Outgoing,,,,,NO,2.5,1.0,1,1,1.0,1,1,,,,1.0
2019-03-17T12:00:00Z,33.962698,-118.461934,Present,20.0,2019-03-17T12:00:00Z,33.0,CA - Marina Del Ray Jetty,Nitzschia spp.,16.0,Sunny,W,Outgoing,,,,,NO,2.5,1.0,1,1,1.0,1,1,,,,1.0
2019-03-17T12:00:00Z,33.962698,-118.461934,Present,20.0,2019-03-17T12:00:00Z,33.0,CA - Marina Del Ray Jetty,Pennate Diatom,16.0,Sunny,W,Outgoing,,,,,NO,2.5,1.0,1,1,1.0,1,1,,,,1.0
2019-03-17T12:00:00Z,33.962698,-118.461934,Present,20.0,2019-03-17T12:00:00Z,33.0,CA - Marina Del Ray Jetty,Pleurosigma spp.,16.0,Sunny,W,Outgoing,,,,,NO,2.5,1.0,1,1,1.0,1,1,,,,1.0
2019-03-17T12:00:00Z,33.962698,-118.461934,Present,20.0,2019-03-17T12:00:00Z,33.0,CA - Marina Del Ray Jetty,possible Detonela and possible Lauderia.,16.0,Sunny,W,Outgoing,,,,,NO,2.5,1.0,1,1,1.0,1,1,,,,1.0
2019-03-17T12:00:00Z,33.962698,-118.461934,Present,20.0,2019-03-17T12:00:00Z,33.0,CA - Marina Del Ray Jetty,,16.0,Sunny,W,Outgoing,,,,,NO,2.5,1.0,1,1,1.0,1,1,,,,1.0
2019-03-17T12:00:00Z,33.962698,-118.461934,Present,20.0,2019-03-17T12:00:00Z,33.0,CA - Marina Del Ray Jetty,Prorocentrum spp.,16.0,Sunny,W,Outgoing,,,,,NO,2.5,1.0,1,1,1.0,1,1,,,,1.0
2019-03-17T12:00:00Z,33.962698,-118.461934,Present,20.0,2019-03-17T12:00:00Z,33.0,CA - Marina Del Ray Jetty,Protoperidinium spp.,16.0,Sunny,W,Outgoing,,,,,NO,2.5,1.0,1,1,1.0,1,1,,,,1.0
2019-03-17T12:00:00Z,33.962698,-118.461934,Present,20.0,2019-03-17T12:00:00Z,33.0,CA - Marina Del Ray Jetty,Pseudo-nitzschia spp.,16.0,Sunny,W,Outgoing,,,,,NO,2.5,1.0,1,1,1.0,1,1,,,,1.0
2019-03-17T12:00:00Z,33.962698,-118.461934,Present,20.0,2019-03-17T12:00:00Z,33.0,CA - Marina Del Ray Jetty,Tintinnid,16.0,Sunny,W,Outgoing,,,,,NO,2.5,1.0,1,1,1.0,1,1,,,,1.0
2019-03-17T12:00:00Z,33.962698,-118.461934,Present,20.0,2019-03-17T12:00:00Z,33.0,CA - Marina Del Ray Jetty,Zooplankton,16.0,Sunny,W,Outgoing,,,,,NO,2.5,1.0,1,1,1.0,1,1,,,,1.0
2019-03-23T11:45:00Z,33.962698,-118.461934,Present,15.0,2019-03-23T11:45:00Z,34.0,CA - Marina Del Ray Jetty,Asterionellopsis spp.,16.0,Mostly cloudy,SW,Incoming,,,,,"There were an increased number of Pseudo-nitzschia, perhaps 12 on slide, and the slide was very dirty.",7.5,1.0,1,1,1.0,1,1,,,,1.0
2019-03-23T11:45:00Z,33.962698,-118.461934,Present,15.0,2019-03-23T11:45:00Z,34.0,CA - Marina Del Ray Jetty,Centric Diatom,16.0,Mostly cloudy,SW,Incoming,,,,,"There were an increased number of Pseudo-nitzschia, perhaps 12 on slide, and the slide was very dirty.",7.5,1.0,1,1,1.0,1,1,,,,1.0
2019-03-23T11:45:00Z,33.962698,-118.461934,Present,15.0,2019-03-23T11:45:00Z,34.0,CA - Marina Del Ray Jetty,Chaetoceros spp.,16.0,Mostly cloudy,SW,Incoming,,,,,"There were an increased number of Pseudo-nitzschia, perhaps 12 on slide, and the slide was very dirty.",7.5,1.0,1,1,1.0,1,1,,,,1.0
2019-03-23T11:45:00Z,33.962698,-118.461934,Present,15.0,2019-03-23T11:45:00Z,34.0,CA - Marina Del Ray Jetty,Dactylosian,16.0,Mostly cloudy,SW,Incoming,,,,,"There were an increased number of Pseudo-nitzschia, perhaps 12 on slide, and the slide was very dirty.",7.5,1.0,1,1,1.0,1,1,,,,1.0
2019-03-23T11:45:00Z,33.962698,-118.461934,Present,15.0,2019-03-23T11:45:00Z,34.0,CA - Marina Del Ray Jetty,Detonula spp.,16.0,Mostly cloudy,SW,Incoming,,,,,"There were an increased number of Pseudo-nitzschia, perhaps 12 on slide, and the slide was very dirty.",7.5,1.0,1,1,1.0,1,1,,,,1.0
2019-03-23T11:45:00Z,33.962698,-118.461934,Present,15.0,2019-03-23T11:45:00Z,34.0,CA - Marina Del Ray Jetty,Dinoflagellates,16.0,Mostly cloudy,SW,Incoming,,,,,"There were an increased number of Pseudo-nitzschia, perhaps 12 on slide, and the slide was very dirty.",7.5,1.0,1,1,1.0,1,1,,,,1.0
2019-03-23T11:45:00Z,33.962698,-118.461934,Present,15.0,2019-03-23T11:45:00Z,34.0,CA - Marina Del Ray Jetty,Dinophysis spp.,16.0,Mostly cloudy,SW,Incoming,,,,,"There were an increased number of Pseudo-nitzschia, perhaps 12 on slide, and the slide was very dirty.",7.5,1.0,1,1,1.0,1,1,,,,1.0
2019-03-23T11:45:00Z,33.962698,-118.461934,Present,15.0,2019-03-23T11:45:00Z,34.0,CA - Marina Del Ray Jetty,Eucampia spp.,16.0,Mostly cloudy,SW,Incoming,,,,,"There were an increased number of Pseudo-nitzschia, perhaps 12 on slide, and the slide was very dirty.",7.5,1.0,1,1,1.0,1,1,,,,1.0
2019-03-23T11:45:00Z,33.962698,-118.461934,Present,15.0,2019-03-23T11:45:00Z,34.0,CA - Marina Del Ray Jetty,Guinardia spp.,16.0,Mostly cloudy,SW,Incoming,,,,,"There were an increased number of Pseudo-nitzschia, perhaps 12 on slide, and the slide was very dirty.",7.5,1.0,1,1,1.0,1,1,,,,1.0
2019-03-23T11:45:00Z,33.962698,-118.461934,Present,15.0,2019-03-23T11:45:00Z,34.0,CA - Marina Del Ray Jetty,Hemiaulus spp.,16.0,Mostly cloudy,SW,Incoming,,,,,"There were an increased number of Pseudo-nitzschia, perhaps 12 on slide, and the slide was very dirty.",7.5,1.0,1,1,1.0,1,1,,,,1.0
2019-03-23T11:45:00Z,33.962698,-118.461934,Present,15.0,2019-03-23T11:45:00Z,34.0,CA - Marina Del Ray Jetty,Leptocylindrus spp.,16.0,Mostly cloudy,SW,Incoming,,,,,"There were an increased number of Pseudo-nitzschia, perhaps 12 on slide, and the slide was very dirty.",7.5,1.0,1,1,1.0,1,1,,,,1.0
2019-03-23T11:45:00Z,33.962698,-118.461934,Present,15.0,2019-03-23T11:45:00Z,34.0,CA - Marina Del Ray Jetty,Lingulodinium spp.,16.0,Mostly cloudy,SW,Incoming,,,,,"There were an increased number of Pseudo-nitzschia, perhaps 12 on slide, and the slide was very dirty.",7.5,1.0,1,1,1.0,1,1,,,,1.0
2019-03-23T11:45:00Z,33.962698,-118.461934,Present,15.0,2019-03-23T11:45:00Z,34.0,CA - Marina Del Ray Jetty,Navicula spp.,16.0,Mostly cloudy,SW,Incoming,,,,,"There were an increased number of Pseudo-nitzschia, perhaps 12 on slide, and the slide was very dirty.",7.5,1.0,1,1,1.0,1,1,,,,1.0
2019-03-23T11:45:00Z,33.962698,-118.461934,Present,15.0,2019-03-23T11:45:00Z,34.0,CA - Marina Del Ray Jetty,Odontella spp.,16.0,Mostly cloudy,SW,Incoming,,,,,"There were an increased number of Pseudo-nitzschia, perhaps 12 on slide, and the slide was very dirty.",7.5,1.0,1,1,1.0,1,1,,,,1.0
2019-03-23T11:45:00Z,33.962698,-118.461934,Present,15.0,2019-03-23T11:45:00Z,34.0,CA - Marina Del Ray Jetty,Pennate Diatom,16.0,Mostly cloudy,SW,Incoming,,,,,"There were an increased number of Pseudo-nitzschia, perhaps 12 on slide, and the slide was very dirty.",7.5,1.0,1,1,1.0,1,1,,,,1.0
2019-03-23T11:45:00Z,33.962698,-118.461934,Present,15.0,2019-03-23T11:45:00Z,34.0,CA - Marina Del Ray Jetty,Pleurosigma spp.,16.0,Mostly cloudy,SW,Incoming,,,,,"There were an increased number of Pseudo-nitzschia, perhaps 12 on slide, and the slide was very dirty.",7.5,1.0,1,1,1.0,1,1,,,,1.0
2019-03-23T11:45:00Z,33.962698,-118.461934,Present,15.0,2019-03-23T11:45:00Z,34.0,CA - Marina Del Ray Jetty,,16.0,Mostly cloudy,SW,Incoming,,,,,"There were an increased number of Pseudo-nitzschia, perhaps 12 on slide, and the slide was very dirty.",7.5,1.0,1,1,1.0,1,1,,,,1.0
2019-03-23T11:45:00Z,33.962698,-118.461934,Present,15.0,2019-03-23T11:45:00Z,34.0,CA - Marina Del Ray Jetty,Proboscia spp.,16.0,Mostly cloudy,SW,Incoming,,,,,"There were an increased number of Pseudo-nitzschia, perhaps 12 on slide, and the slide was very dirty.",7.5,1.0,1,1,1.0,1,1,,,,1.0
2019-03-23T11:45:00Z,33.962698,-118.461934,Present,15.0,2019-03-23T11:45:00Z,34.0,CA - Marina Del Ray Jetty,Prorocentrum spp.,16.0,Mostly cloudy,SW,Incoming,,,,,"There were an increased number of Pseudo-nitzschia, perhaps 12 on slide, and the slide was very dirty.",7.5,1.0,1,1,1.0,1,1,,,,1.0
2019-03-23T11:45:00Z,33.962698,-118.461934,Present,15.0,2019-03-23T11:45:00Z,34.0,CA - Marina Del Ray Jetty,Protoperidinium spp.,16.0,Mostly cloudy,SW,Incoming,,,,,"There were an increased number of Pseudo-nitzschia, perhaps 12 on slide, and the slide was very dirty.",7.5,1.0,1,1,1.0,1,1,,,,1.0
2019-03-23T11:45:00Z,33.962698,-118.461934,Present,15.0,2019-03-23T11:45:00Z,34.0,CA - Marina Del Ray Jetty,Pseudo-nitzschia spp.,16.0,Mostly cloudy,SW,Incoming,,,,,"There were an increased number of Pseudo-nitzschia, perhaps 12 on slide, and the slide was very dirty.",7.5,1.0,1,1,1.0,1,1,,,,1.0
2019-03-23T11:45:00Z,33.962698,-118.461934,Present,15.0,2019-03-23T11:45:00Z,34.0,CA - Marina Del Ray Jetty,Tintinnid,16.0,Mostly cloudy,SW,Incoming,,,,,"There were an increased number of Pseudo-nitzschia, perhaps 12 on slide, and the slide was very dirty.",7.5,1.0,1,1,1.0,1,1,,,,1.0
2019-03-23T11:45:00Z,33.962698,-118.461934,Present,15.0,2019-03-23T11:45:00Z,34.0,CA - Marina Del Ray Jetty,Zooplankton,16.0,Mostly cloudy,SW,Incoming,,,,,"There were an increased number of Pseudo-nitzschia, perhaps 12 on slide, and the slide was very dirty.",7.5,1.0,1,1,1.0,1,1,,,,1.0
2019-03-30T10:45:00Z,33.962698,-118.461934,Present,16.0,2019-03-30T10:45:00Z,34.0,CA - Marina Del Ray Jetty,Akashiwo sanguinea,17.0,Sunny,W,Outgoing,,,,,NO,7.5,1.0,1,1,1.0,1,1,,,,1.0
2019-03-30T10:45:00Z,33.962698,-118.461934,Present,16.0,2019-03-30T10:45:00Z,34.0,CA - Marina Del Ray Jetty,Centric Diatom,17.0,Sunny,W,Outgoing,,,,,NO,7.5,1.0,1,1,1.0,1,1,,,,1.0
2019-03-30T10:45:00Z,33.962698,-118.461934,Present,16.0,2019-03-30T10:45:00Z,34.0,CA - Marina Del Ray Jetty,Ceratium furca,17.0,Sunny,W,Outgoing,,,,,NO,7.5,1.0,1,1,1.0,1,1,,,,1.0
2019-03-30T10:45:00Z,33.962698,-118.461934,Present,16.0,2019-03-30T10:45:00Z,34.0,CA - Marina Del Ray Jetty,Chaetoceros spp.,17.0,Sunny,W,Outgoing,,,,,NO,7.5,1.0,1,1,1.0,1,1,,,,1.0
2019-03-30T10:45:00Z,33.962698,-118.461934,Present,16.0,2019-03-30T10:45:00Z,34.0,CA - Marina Del Ray Jetty,Copepod,17.0,Sunny,W,Outgoing,,,,,NO,7.5,1.0,1,1,1.0,1,1,,,,1.0
2019-03-30T10:45:00Z,33.962698,-118.461934,Present,16.0,2019-03-30T10:45:00Z,34.0,CA - Marina Del Ray Jetty,Dinoflagellates,17.0,Sunny,W,Outgoing,,,,,NO,7.5,1.0,1,1,1.0,1,1,,,,1.0
2019-03-30T10:45:00Z,33.962698,-118.461934,Present,16.0,2019-03-30T10:45:00Z,34.0,CA - Marina Del Ray Jetty,Dinophysis spp.,17.0,Sunny,W,Outgoing,,,,,NO,7.5,1.0,1,1,1.0,1,1,,,,1.0
2019-03-30T10:45:00Z,33.962698,-118.461934,Present,16.0,2019-03-30T10:45:00Z,34.0,CA - Marina Del Ray Jetty,Leptocylindrus spp.,17.0,Sunny,W,Outgoing,,,,,NO,7.5,1.0,1,1,1.0,1,1,,,,1.0
2019-03-30T10:45:00Z,33.962698,-118.461934,Present,16.0,2019-03-30T10:45:00Z,34.0,CA - Marina Del Ray Jetty,Lingulodinium spp.,17.0,Sunny,W,Outgoing,,,,,NO,7.5,1.0,1,1,1.0,1,1,,,,1.0
2019-03-30T10:45:00Z,33.962698,-118.461934,Present,16.0,2019-03-30T10:45:00Z,34.0,CA - Marina Del Ray Jetty,Prorocentrum spp.,17.0,Sunny,W,Outgoing,,,,,NO,7.5,1.0,1,1,1.0,1,1,,,,1.0
2019-03-30T10:45:00Z,33.962698,-118.461934,Present,16.0,2019-03-30T10:45:00Z,34.0,CA - Marina Del Ray Jetty,Protoperidinium spp.,17.0,Sunny,W,Outgoing,,,,,NO,7.5,1.0,1,1,1.0,1,1,,,,1.0
2019-03-30T10:45:00Z,33.962698,-118.461934,Present,16.0,2019-03-30T10:45:00Z,34.0,CA - Marina Del Ray Jetty,Zooplankton,17.0,Sunny,W,Outgoing,,,,,NO,7.5,1.0,1,1,1.0,1,1,,,,1.0
2019-04-07T11:30:00Z,33.962698,-118.461934,Present,16.5,2019-04-07T11:30:00Z,34.0,CA - Marina Del Ray Jetty,Akashiwo sanguinea,17.0,Cloudy,S,Full high tide,,,,,NO,12.5,1.0,1,1,1.0,1,1,,,,1.0
2019-04-07T11:30:00Z,33.962698,-118.461934,Present,16.5,2019-04-07T11:30:00Z,34.0,CA - Marina Del Ray Jetty,Bacillaria spp.,17.0,Cloudy,S,Full high tide,,,,,NO,12.5,1.0,1,1,1.0,1,1,,,,1.0
2019-04-07T11:30:00Z,33.962698,-118.461934,Present,16.5,2019-04-07T11:30:00Z,34.0,CA - Marina Del Ray Jetty,Centric Diatom,17.0,Cloudy,S,Full high tide,,,,,NO,12.5,1.0,1,1,1.0,1,1,,,,1.0
2019-04-07T11:30:00Z,33.962698,-118.461934,Present,16.5,2019-04-07T11:30:00Z,34.0,CA - Marina Del Ray Jetty,Ceratium furca,17.0,Cloudy,S,Full high tide,,,,,NO,12.5,1.0,1,1,1.0,1,1,,,,1.0
2019-04-07T11:30:00Z,33.962698,-118.461934,Present,16.5,2019-04-07T11:30:00Z,34.0,CA - Marina Del Ray Jetty,Chaetoceros spp.,17.0,Cloudy,S,Full high tide,,,,,NO,12.5,1.0,1,1,1.0,1,1,,,,1.0
2019-04-07T11:30:00Z,33.962698,-118.461934,Present,16.5,2019-04-07T11:30:00Z,34.0,CA - Marina Del Ray Jetty,Copepod,17.0,Cloudy,S,Full high tide,,,,,NO,12.5,1.0,1,1,1.0,1,1,,,,1.0
2019-04-07T11:30:00Z,33.962698,-118.461934,Present,16.5,2019-04-07T11:30:00Z,34.0,CA - Marina Del Ray Jetty,Corethron spp.,17.0,Cloudy,S,Full high tide,,,,,NO,12.5,1.0,1,1,1.0,1,1,,,,1.0
2019-04-07T11:30:00Z,33.962698,-118.461934,Present,16.5,2019-04-07T11:30:00Z,34.0,CA - Marina Del Ray Jetty,Coscinodiscus spp.,17.0,Cloudy,S,Full high tide,,,,,NO,12.5,1.0,1,1,1.0,1,1,,,,1.0
2019-04-07T11:30:00Z,33.962698,-118.461934,Present,16.5,2019-04-07T11:30:00Z,34.0,CA - Marina Del Ray Jetty,Detonula spp.,17.0,Cloudy,S,Full high tide,,,,,NO,12.5,1.0,1,1,1.0,1,1,,,,1.0
2019-04-07T11:30:00Z,33.962698,-118.461934,Present,16.5,2019-04-07T11:30:00Z,34.0,CA - Marina Del Ray Jetty,Dinoflagellates,17.0,Cloudy,S,Full high tide,,,,,NO,12.5,1.0,1,1,1.0,1,1,,,,1.0
2019-04-07T11:30:00Z,33.962698,-118.461934,Present,16.5,2019-04-07T11:30:00Z,34.0,CA - Marina Del Ray Jetty,Dinophysis spp.,17.0,Cloudy,S,Full high tide,,,,,NO,12.5,1.0,1,1,1.0,1,1,,,,1.0
2019-04-07T11:30:00Z,33.962698,-118.461934,Present,16.5,2019-04-07T11:30:00Z,34.0,CA - Marina Del Ray Jetty,Guinardia spp.,17.0,Cloudy,S,Full high tide,,,,,NO,12.5,1.0,1,1,1.0,1,1,,,,1.0
2019-04-07T11:30:00Z,33.962698,-118.461934,Present,16.5,2019-04-07T11:30:00Z,34.0,CA - Marina Del Ray Jetty,Leptocylindrus spp.,17.0,Cloudy,S,Full high tide,,,,,NO,12.5,1.0,1,1,1.0,1,1,,,,1.0
2019-04-07T11:30:00Z,33.962698,-118.461934,Present,16.5,2019-04-07T11:30:00Z,34.0,CA - Marina Del Ray Jetty,Lingulodinium spp.,17.0,Cloudy,S,Full high tide,,,,,NO,12.5,1.0,1,1,1.0,1,1,,,,1.0
2019-04-07T11:30:00Z,33.962698,-118.461934,Present,16.5,2019-04-07T11:30:00Z,34.0,CA - Marina Del Ray Jetty,Navicula spp.,17.0,Cloudy,S,Full high tide,,,,,NO,12.5,1.0,1,1,1.0,1,1,,,,1.0
2019-04-07T11:30:00Z,33.962698,-118.461934,Present,16.5,2019-04-07T11:30:00Z,34.0,CA - Marina Del Ray Jetty,Oblea spp.,17.0,Cloudy,S,Full high tide,,,,,NO,12.5,1.0,1,1,1.0,1,1,,,,1.0
2019-04-07T11:30:00Z,33.962698,-118.461934,Present,16.5,2019-04-07T11:30:00Z,34.0,CA - Marina Del Ray Jetty,Paralia sulcata,17.0,Cloudy,S,Full high tide,,,,,NO,12.5,1.0,1,1,1.0,1,1,,,,1.0
2019-04-07T11:30:00Z,33.962698,-118.461934,Present,16.5,2019-04-07T11:30:00Z,34.0,CA - Marina Del Ray Jetty,Pennate Diatom,17.0,Cloudy,S,Full high tide,,,,,NO,12.5,1.0,1,1,1.0,1,1,,,,1.0
2019-04-07T11:30:00Z,33.962698,-118.461934,Present,16.5,2019-04-07T11:30:00Z,34.0,CA - Marina Del Ray Jetty,Pleurosigma spp.,17.0,Cloudy,S,Full high tide,,,,,NO,12.5,1.0,1,1,1.0,1,1,,,,1.0
2019-04-07T11:30:00Z,33.962698,-118.461934,Present,16.5,2019-04-07T11:30:00Z,34.0,CA - Marina Del Ray Jetty,Polykrikoides,17.0,Cloudy,S,Full high tide,,,,,NO,12.5,1.0,1,1,1.0,1,1,,,,1.0
2019-04-07T11:30:00Z,33.962698,-118.461934,Present,16.5,2019-04-07T11:30:00Z,34.0,CA - Marina Del Ray Jetty,Protoperidinium spp.,17.0,Cloudy,S,Full high tide,,,,,NO,12.5,1.0,1,1,1.0,1,1,,,,1.0
2019-04-07T11:30:00Z,33.962698,-118.461934,Present,16.5,2019-04-07T11:30:00Z,34.0,CA - Marina Del Ray Jetty,Pseudo-nitzschia spp.,17.0,Cloudy,S,Full high tide,,,,,NO,12.5,1.0,1,1,1.0,1,1,,,,1.0
2019-04-07T11:30:00Z,33.962698,-118.461934,Present,16.5,2019-04-07T11:30:00Z,34.0,CA - Marina Del Ray Jetty,Tintinnid,17.0,Cloudy,S,Full high tide,,,,,NO,12.5,1.0,1,1,1.0,1,1,,,,1.0
2019-04-07T11:30:00Z,33.962698,-118.461934,Present,16.5,2019-04-07T11:30:00Z,34.0,CA - Marina Del Ray Jetty,Zooplankton,17.0,Cloudy,S,Full high tide,,,,,NO,12.5,1.0,1,1,1.0,1,1,,,,1.0
2019-04-14T11:55:00Z,33.962698,-118.461934,Present,17.0,2019-04-14T11:55:00Z,33.0,CA - Marina Del Ray Jetty,Centric Diatom,17.0,Cloudy,S,Outgoing,,,,,"More small Pseudo-nitzshia than usual, but not a bloom.",7.5,1.0,1,1,1.0,1,1,,,,1.0
2019-04-14T11:55:00Z,33.962698,-118.461934,Present,17.0,2019-04-14T11:55:00Z,33.0,CA - Marina Del Ray Jetty,Chaetoceros spp.,17.0,Cloudy,S,Outgoing,,,,,"More small Pseudo-nitzshia than usual, but not a bloom.",7.5,1.0,1,1,1.0,1,1,,,,1.0
2019-04-14T11:55:00Z,33.962698,-118.461934,Present,17.0,2019-04-14T11:55:00Z,33.0,CA - Marina Del Ray Jetty,Detonula spp.,17.0,Cloudy,S,Outgoing,,,,,"More small Pseudo-nitzshia than usual, but not a bloom.",7.5,1.0,1,1,1.0,1,1,,,,1.0
2019-04-14T11:55:00Z,33.962698,-118.461934,Present,17.0,2019-04-14T11:55:00Z,33.0,CA - Marina Del Ray Jetty,Dinoflagellates,17.0,Cloudy,S,Outgoing,,,,,"More small Pseudo-nitzshia than usual, but not a bloom.",7.5,1.0,1,1,1.0,1,1,,,,1.0
2019-04-14T11:55:00Z,33.962698,-118.461934,Present,17.0,2019-04-14T11:55:00Z,33.0,CA - Marina Del Ray Jetty,Dinophysis spp.,17.0,Cloudy,S,Outgoing,,,,,"More small Pseudo-nitzshia than usual, but not a bloom.",7.5,1.0,1,1,1.0,1,1,,,,1.0
2019-04-14T11:55:00Z,33.962698,-118.461934,Present,17.0,2019-04-14T11:55:00Z,33.0,CA - Marina Del Ray Jetty,Eucampia spp.,17.0,Cloudy,S,Outgoing,,,,,"More small Pseudo-nitzshia than usual, but not a bloom.",7.5,1.0,1,1,1.0,1,1,,,,1.0
2019-04-14T11:55:00Z,33.962698,-118.461934,Present,17.0,2019-04-14T11:55:00Z,33.0,CA - Marina Del Ray Jetty,Guinardia spp.,17.0,Cloudy,S,Outgoing,,,,,"More small Pseudo-nitzshia than usual, but not a bloom.",7.5,1.0,1,1,1.0,1,1,,,,1.0
2019-04-14T11:55:00Z,33.962698,-118.461934,Present,17.0,2019-04-14T11:55:00Z,33.0,CA - Marina Del Ray Jetty,Lauderia spp.,17.0,Cloudy,S,Outgoing,,,,,"More small Pseudo-nitzshia than usual, but not a bloom.",7.5,1.0,1,1,1.0,1,1,,,,1.0
2019-04-14T11:55:00Z,33.962698,-118.461934,Present,17.0,2019-04-14T11:55:00Z,33.0,CA - Marina Del Ray Jetty,Leptocylindrus spp.,17.0,Cloudy,S,Outgoing,,,,,"More small Pseudo-nitzshia than usual, but not a bloom.",7.5,1.0,1,1,1.0,1,1,,,,1.0
2019-04-14T11:55:00Z,33.962698,-118.461934,Present,17.0,2019-04-14T11:55:00Z,33.0,CA - Marina Del Ray Jetty,Navicula spp.,17.0,Cloudy,S,Outgoing,,,,,"More small Pseudo-nitzshia than usual, but not a bloom.",7.5,1.0,1,1,1.0,1,1,,,,1.0
2019-04-14T11:55:00Z,33.962698,-118.461934,Present,17.0,2019-04-14T11:55:00Z,33.0,CA - Marina Del Ray Jetty,Paralia sulcata,17.0,Cloudy,S,Outgoing,,,,,"More small Pseudo-nitzshia than usual, but not a bloom.",7.5,1.0,1,1,1.0,1,1,,,,1.0
2019-04-14T11:55:00Z,33.962698,-118.461934,Present,17.0,2019-04-14T11:55:00Z,33.0,CA - Marina Del Ray Jetty,Pennate Diatom,17.0,Cloudy,S,Outgoing,,,,,"More small Pseudo-nitzshia than usual, but not a bloom.",7.5,1.0,1,1,1.0,1,1,,,,1.0
2019-04-14T11:55:00Z,33.962698,-118.461934,Present,17.0,2019-04-14T11:55:00Z,33.0,CA - Marina Del Ray Jetty,Prorocentrum spp.,17.0,Cloudy,S,Outgoing,,,,,"More small Pseudo-nitzshia than usual, but not a bloom.",7.5,1.0,1,1,1.0,1,1,,,,1.0
2019-04-14T11:55:00Z,33.962698,-118.461934,Present,17.0,2019-04-14T11:55:00Z,33.0,CA - Marina Del Ray Jetty,Pseudo-nitzschia spp.,17.0,Cloudy,S,Outgoing,,,,,"More small Pseudo-nitzshia than usual, but not a bloom.",7.5,1.0,1,1,1.0,1,1,,,,1.0
2019-04-14T11:55:00Z,33.962698,-118.461934,Present,17.0,2019-04-14T11:55:00Z,33.0,CA - Marina Del Ray Jetty,Radiolarian,17.0,Cloudy,S,Outgoing,,,,,"More small Pseudo-nitzshia than usual, but not a bloom.",7.5,1.0,1,1,1.0,1,1,,,,1.0
2019-04-14T11:55:00Z,33.962698,-118.461934,Present,17.0,2019-04-14T11:55:00Z,33.0,CA - Marina Del Ray Jetty,Rotifer,17.0,Cloudy,S,Outgoing,,,,,"More small Pseudo-nitzshia than usual, but not a bloom.",7.5,1.0,1,1,1.0,1,1,,,,1.0
2019-04-14T11:55:00Z,33.962698,-118.461934,Present,17.0,2019-04-14T11:55:00Z,33.0,CA - Marina Del Ray Jetty,Zooplankton,17.0,Cloudy,S,Outgoing,,,,,"More small Pseudo-nitzshia than usual, but not a bloom.",7.5,1.0,1,1,1.0,1,1,,,,1.0
2019-04-20T12:10:00Z,33.962698,-118.461934,Present,16.0,2019-04-20T12:10:00Z,33.0,CA - Marina Del Ray Jetty,Akashiwo sanguinea,16.0,Cloudy,SW,Outgoing,,,,,NO,7.5,1.0,1,1,1.0,1,1,,,,1.0
2019-04-20T12:10:00Z,33.962698,-118.461934,Present,16.0,2019-04-20T12:10:00Z,33.0,CA - Marina Del Ray Jetty,Centric Diatom,16.0,Cloudy,SW,Outgoing,,,,,NO,7.5,1.0,1,1,1.0,1,1,,,,1.0
2019-04-20T12:10:00Z,33.962698,-118.461934,Present,16.0,2019-04-20T12:10:00Z,33.0,CA - Marina Del Ray Jetty,Ceratium furca,16.0,Cloudy,SW,Outgoing,,,,,NO,7.5,1.0,1,1,1.0,1,1,,,,1.0
2019-04-20T12:10:00Z,33.962698,-118.461934,Present,16.0,2019-04-20T12:10:00Z,33.0,CA - Marina Del Ray Jetty,Chaetoceros spp.,16.0,Cloudy,SW,Outgoing,,,,,NO,7.5,1.0,1,1,1.0,1,1,,,,1.0
2019-04-20T12:10:00Z,33.962698,-118.461934,Present,16.0,2019-04-20T12:10:00Z,33.0,CA - Marina Del Ray Jetty,Cochlodinium spp.,16.0,Cloudy,SW,Outgoing,,,,,NO,7.5,1.0,1,1,1.0,1,1,,,,1.0
2019-04-20T12:10:00Z,33.962698,-118.461934,Present,16.0,2019-04-20T12:10:00Z,33.0,CA - Marina Del Ray Jetty,Coscinodiscus spp.,16.0,Cloudy,SW,Outgoing,,,,,NO,7.5,1.0,1,1,1.0,1,1,,,,1.0
2019-04-20T12:10:00Z,33.962698,-118.461934,Present,16.0,2019-04-20T12:10:00Z,33.0,CA - Marina Del Ray Jetty,Detonula spp.,16.0,Cloudy,SW,Outgoing,,,,,NO,7.5,1.0,1,1,1.0,1,1,,,,1.0
2019-04-20T12:10:00Z,33.962698,-118.461934,Present,16.0,2019-04-20T12:10:00Z,33.0,CA - Marina Del Ray Jetty,Dinoflagellates,16.0,Cloudy,SW,Outgoing,,,,,NO,7.5,1.0,1,1,1.0,1,1,,,,1.0
2019-04-20T12:10:00Z,33.962698,-118.461934,Present,16.0,2019-04-20T12:10:00Z,33.0,CA - Marina Del Ray Jetty,Gonyaulax spp.,16.0,Cloudy,SW,Outgoing,,,,,NO,7.5,1.0,1,1,1.0,1,1,,,,1.0
2019-04-20T12:10:00Z,33.962698,-118.461934,Present,16.0,2019-04-20T12:10:00Z,33.0,CA - Marina Del Ray Jetty,Guinardia spp.,16.0,Cloudy,SW,Outgoing,,,,,NO,7.5,1.0,1,1,1.0,1,1,,,,1.0
2019-04-20T12:10:00Z,33.962698,-118.461934,Present,16.0,2019-04-20T12:10:00Z,33.0,CA - Marina Del Ray Jetty,Leptocylindrus spp.,16.0,Cloudy,SW,Outgoing,,,,,NO,7.5,1.0,1,1,1.0,1,1,,,,1.0
2019-04-20T12:10:00Z,33.962698,-118.461934,Present,16.0,2019-04-20T12:10:00Z,33.0,CA - Marina Del Ray Jetty,Navicula spp.,16.0,Cloudy,SW,Outgoing,,,,,NO,7.5,1.0,1,1,1.0,1,1,,,,1.0
2019-04-20T12:10:00Z,33.962698,-118.461934,Present,16.0,2019-04-20T12:10:00Z,33.0,CA - Marina Del Ray Jetty,Pennate Diatom,16.0,Cloudy,SW,Outgoing,,,,,NO,7.5,1.0,1,1,1.0,1,1,,,,1.0
2019-04-20T12:10:00Z,33.962698,-118.461934,Present,16.0,2019-04-20T12:10:00Z,33.0,CA - Marina Del Ray Jetty,Protist,16.0,Cloudy,SW,Outgoing,,,,,NO,7.5,1.0,1,1,1.0,1,1,,,,1.0
2019-04-20T12:10:00Z,33.962698,-118.461934,Present,16.0,2019-04-20T12:10:00Z,33.0,CA - Marina Del Ray Jetty,Pseudo-nitzschia spp.,16.0,Cloudy,SW,Outgoing,,,,,NO,7.5,1.0,1,1,1.0,1,1,,,,1.0
2019-04-20T12:10:00Z,33.962698,-118.461934,Present,16.0,2019-04-20T12:10:00Z,33.0,CA - Marina Del Ray Jetty,Rotifer,16.0,Cloudy,SW,Outgoing,,,,,NO,7.5,1.0,1,1,1.0,1,1,,,,1.0
2019-04-20T12:10:00Z,33.962698,-118.461934,Present,16.0,2019-04-20T12:10:00Z,33.0,CA - Marina Del Ray Jetty,Scrippsiella spp.,16.0,Cloudy,SW,Outgoing,,,,,NO,7.5,1.0,1,1,1.0,1,1,,,,1.0
2019-04-20T12:10:00Z,33.962698,-118.461934,Present,16.0,2019-04-20T12:10:00Z,33.0,CA - Marina Del Ray Jetty,Zooplankton,16.0,Cloudy,SW,Outgoing,,,,,NO,7.5,1.0,1,1,1.0,1,1,,,,1.0
2019-04-28T10:25:00Z,33.962698,-118.461934,Present,16.0,2019-04-28T10:25:00Z,33.0,CA - Marina Del Ray Jetty,Akashiwo sanguinea,17.0,Cloudy,SW,Outgoing,,,,,NO,2.5,1.0,1,1,1.0,1,1,,,,1.0
2019-04-28T10:25:00Z,33.962698,-118.461934,Present,16.0,2019-04-28T10:25:00Z,33.0,CA - Marina Del Ray Jetty,Asterionellopsis spp.,17.0,Cloudy,SW,Outgoing,,,,,NO,2.5,1.0,1,1,1.0,1,1,,,,1.0
2019-04-28T10:25:00Z,33.962698,-118.461934,Present,16.0,2019-04-28T10:25:00Z,33.0,CA - Marina Del Ray Jetty,Boreadinium spp.,17.0,Cloudy,SW,Outgoing,,,,,NO,2.5,1.0,1,1,1.0,1,1,,,,1.0
2019-04-28T10:25:00Z,33.962698,-118.461934,Present,16.0,2019-04-28T10:25:00Z,33.0,CA - Marina Del Ray Jetty,Centric Diatom,17.0,Cloudy,SW,Outgoing,,,,,NO,2.5,1.0,1,1,1.0,1,1,,,,1.0
2019-04-28T10:25:00Z,33.962698,-118.461934,Present,16.0,2019-04-28T10:25:00Z,33.0,CA - Marina Del Ray Jetty,Cerataulina spp.,17.0,Cloudy,SW,Outgoing,,,,,NO,2.5,1.0,1,1,1.0,1,1,,,,1.0
2019-04-28T10:25:00Z,33.962698,-118.461934,Present,16.0,2019-04-28T10:25:00Z,33.0,CA - Marina Del Ray Jetty,Ceratium furca,17.0,Cloudy,SW,Outgoing,,,,,NO,2.5,1.0,1,1,1.0,1,1,,,,1.0
2019-04-28T10:25:00Z,33.962698,-118.461934,Present,16.0,2019-04-28T10:25:00Z,33.0,CA - Marina Del Ray Jetty,Chaetoceros spp.,17.0,Cloudy,SW,Outgoing,,,,,NO,2.5,1.0,1,1,1.0,1,1,,,,1.0
2019-04-28T10:25:00Z,33.962698,-118.461934,Present,16.0,2019-04-28T10:25:00Z,33.0,CA - Marina Del Ray Jetty,Cochlodinium spp.,17.0,Cloudy,SW,Outgoing,,,,,NO,2.5,1.0,1,1,1.0,1,1,,,,1.0
2019-04-28T10:25:00Z,33.962698,-118.461934,Present,16.0,2019-04-28T10:25:00Z,33.0,CA - Marina Del Ray Jetty,Copepod,17.0,Cloudy,SW,Outgoing,,,,,NO,2.5,1.0,1,1,1.0,1,1,,,,1.0
2019-04-28T10:25:00Z,33.962698,-118.461934,Present,16.0,2019-04-28T10:25:00Z,33.0,CA - Marina Del Ray Jetty,Dinoflagellates,17.0,Cloudy,SW,Outgoing,,,,,NO,2.5,1.0,1,1,1.0,1,1,,,,1.0
2019-04-28T10:25:00Z,33.962698,-118.461934,Present,16.0,2019-04-28T10:25:00Z,33.0,CA - Marina Del Ray Jetty,Dinophysis spp.,17.0,Cloudy,SW,Outgoing,,,,,NO,2.5,1.0,1,1,1.0,1,1,,,,1.0
2019-04-28T10:25:00Z,33.962698,-118.461934,Present,16.0,2019-04-28T10:25:00Z,33.0,CA - Marina Del Ray Jetty,Gonyaulix,17.0,Cloudy,SW,Outgoing,,,,,NO,2.5,1.0,1,1,1.0,1,1,,,,1.0
2019-04-28T10:25:00Z,33.962698,-118.461934,Present,16.0,2019-04-28T10:25:00Z,33.0,CA - Marina Del Ray Jetty,Leptocylindrus spp.,17.0,Cloudy,SW,Outgoing,,,,,NO,2.5,1.0,1,1,1.0,1,1,,,,1.0
2019-04-28T10:25:00Z,33.962698,-118.461934,Present,16.0,2019-04-28T10:25:00Z,33.0,CA - Marina Del Ray Jetty,Lingulodinium spp.,17.0,Cloudy,SW,Outgoing,,,,,NO,2.5,1.0,1,1,1.0,1,1,,,,1.0
2019-04-28T10:25:00Z,33.962698,-118.461934,Present,16.0,2019-04-28T10:25:00Z,33.0,CA - Marina Del Ray Jetty,Protoperidinium spp.,17.0,Cloudy,SW,Outgoing,,,,,NO,2.5,1.0,1,1,1.0,1,1,,,,1.0
2019-04-28T10:25:00Z,33.962698,-118.461934,Present,16.0,2019-04-28T10:25:00Z,33.0,CA - Marina Del Ray Jetty,Scrippsiella spp.,17.0,Cloudy,SW,Outgoing,,,,,NO,2.5,1.0,1,1,1.0,1,1,,,,1.0
2019-04-28T10:25:00Z,33.962698,-118.461934,Present,16.0,2019-04-28T10:25:00Z,33.0,CA - Marina Del Ray Jetty,Tintinnid,17.0,Cloudy,SW,Outgoing,,,,,NO,2.5,1.0,1,1,1.0,1,1,,,,1.0
2019-04-28T10:25:00Z,33.962698,-118.461934,Present,16.0,2019-04-28T10:25:00Z,33.0,CA - Marina Del Ray Jetty,Zooplankton,17.0,Cloudy,SW,Outgoing,,,,,NO,2.5,1.0,1,1,1.0,1,1,,,,1.0
2019-05-05T10:50:00Z,33.962698,-118.461934,Present,16.0,2019-05-05T10:50:00Z,33.0,CA - Marina Del Ray Jetty,Actinoptychus spp.,17.0,Partly cloudy,W,Full high tide,,,,,NO,2.5,1.0,1,1,1.0,1,1,,,,1.0
2019-05-05T10:50:00Z,33.962698,-118.461934,Present,16.0,2019-05-05T10:50:00Z,33.0,CA - Marina Del Ray Jetty,Akashiwo sanguinea,17.0,Partly cloudy,W,Full high tide,,,,,NO,2.5,1.0,1,1,1.0,1,1,,,,1.0
2019-05-05T10:50:00Z,33.962698,-118.461934,Present,16.0,2019-05-05T10:50:00Z,33.0,CA - Marina Del Ray Jetty,Asterionellopsis spp.,17.0,Partly cloudy,W,Full high tide,,,,,NO,2.5,1.0,1,1,1.0,1,1,,,,1.0
2019-05-05T10:50:00Z,33.962698,-118.461934,Present,16.0,2019-05-05T10:50:00Z,33.0,CA - Marina Del Ray Jetty,Centric Diatom,17.0,Partly cloudy,W,Full high tide,,,,,NO,2.5,1.0,1,1,1.0,1,1,,,,1.0
2019-05-05T10:50:00Z,33.962698,-118.461934,Present,16.0,2019-05-05T10:50:00Z,33.0,CA - Marina Del Ray Jetty,Ceratium furca,17.0,Partly cloudy,W,Full high tide,,,,,NO,2.5,1.0,1,1,1.0,1,1,,,,1.0
2019-05-05T10:50:00Z,33.962698,-118.461934,Present,16.0,2019-05-05T10:50:00Z,33.0,CA - Marina Del Ray Jetty,Chaetoceros spp.,17.0,Partly cloudy,W,Full high tide,,,,,NO,2.5,1.0,1,1,1.0,1,1,,,,1.0
2019-05-05T10:50:00Z,33.962698,-118.461934,Present,16.0,2019-05-05T10:50:00Z,33.0,CA - Marina Del Ray Jetty,Cochlodinium spp.,17.0,Partly cloudy,W,Full high tide,,,,,NO,2.5,1.0,1,1,1.0,1,1,,,,1.0
2019-05-05T10:50:00Z,33.962698,-118.461934,Present,16.0,2019-05-05T10:50:00Z,33.0,CA - Marina Del Ray Jetty,Copepod,17.0,Partly cloudy,W,Full high tide,,,,,NO,2.5,1.0,1,1,1.0,1,1,,,,1.0
2019-05-05T10:50:00Z,33.962698,-118.461934,Present,16.0,2019-05-05T10:50:00Z,33.0,CA - Marina Del Ray Jetty,Dinoflagellates,17.0,Partly cloudy,W,Full high tide,,,,,NO,2.5,1.0,1,1,1.0,1,1,,,,1.0
2019-05-05T10:50:00Z,33.962698,-118.461934,Present,16.0,2019-05-05T10:50:00Z,33.0,CA - Marina Del Ray Jetty,Dinophysis spp.,17.0,Partly cloudy,W,Full high tide,,,,,NO,2.5,1.0,1,1,1.0,1,1,,,,1.0
2019-05-05T10:50:00Z,33.962698,-118.461934,Present,16.0,2019-05-05T10:50:00Z,33.0,CA - Marina Del Ray Jetty,Egg,17.0,Partly cloudy,W,Full high tide,,,,,NO,2.5,1.0,1,1,1.0,1,1,,,,1.0
2019-05-05T10:50:00Z,33.962698,-118.461934,Present,16.0,2019-05-05T10:50:00Z,33.0,CA - Marina Del Ray Jetty,Lingulodinium spp.,17.0,Partly cloudy,W,Full high tide,,,,,NO,2.5,1.0,1,1,1.0,1,1,,,,1.0
2019-05-05T10:50:00Z,33.962698,-118.461934,Present,16.0,2019-05-05T10:50:00Z,33.0,CA - Marina Del Ray Jetty,Oblea spp.,17.0,Partly cloudy,W,Full high tide,,,,,NO,2.5,1.0,1,1,1.0,1,1,,,,1.0
2019-05-05T10:50:00Z,33.962698,-118.461934,Present,16.0,2019-05-05T10:50:00Z,33.0,CA - Marina Del Ray Jetty,Pennate Diatom,17.0,Partly cloudy,W,Full high tide,,,,,NO,2.5,1.0,1,1,1.0,1,1,,,,1.0
2019-05-05T10:50:00Z,33.962698,-118.461934,Present,16.0,2019-05-05T10:50:00Z,33.0,CA - Marina Del Ray Jetty,Pleurosigma spp.,17.0,Partly cloudy,W,Full high tide,,,,,NO,2.5,1.0,1,1,1.0,1,1,,,,1.0
2019-05-05T10:50:00Z,33.962698,-118.461934,Present,16.0,2019-05-05T10:50:00Z,33.0,CA - Marina Del Ray Jetty,Prorocentrum spp.,17.0,Partly cloudy,W,Full high tide,,,,,NO,2.5,1.0,1,1,1.0,1,1,,,,1.0
2019-05-05T10:50:00Z,33.962698,-118.461934,Present,16.0,2019-05-05T10:50:00Z,33.0,CA - Marina Del Ray Jetty,Protoperidinium spp.,17.0,Partly cloudy,W,Full high tide,,,,,NO,2.5,1.0,1,1,1.0,1,1,,,,1.0
2019-05-05T10:50:00Z,33.962698,-118.461934,Present,16.0,2019-05-05T10:50:00Z,33.0,CA - Marina Del Ray Jetty,Radiolarian,17.0,Partly cloudy,W,Full high tide,,,,,NO,2.5,1.0,1,1,1.0,1,1,,,,1.0
2019-05-05T10:50:00Z,33.962698,-118.461934,Present,16.0,2019-05-05T10:50:00Z,33.0,CA - Marina Del Ray Jetty,Tintinnid,17.0,Partly cloudy,W,Full high tide,,,,,NO,2.5,1.0,1,1,1.0,1,1,,,,1.0
2019-05-05T10:50:00Z,33.962698,-118.461934,Present,16.0,2019-05-05T10:50:00Z,33.0,CA - Marina Del Ray Jetty,Zooplankton,17.0,Partly cloudy,W,Full high tide,,,,,NO,2.5,1.0,1,1,1.0,1,1,,,,1.0
2019-05-10T12:05:00Z,33.962698,-118.461934,Present,19.0,2019-05-10T12:05:00Z,34.0,CA - Marina Del Ray Jetty,Actinoptychus spp.,17.0,Cloudy,E,Incoming,,,,,NO,2.5,1.0,1,1,1.0,1,1,,,,1.0
2019-05-10T12:05:00Z,33.962698,-118.461934,Present,19.0,2019-05-10T12:05:00Z,34.0,CA - Marina Del Ray Jetty,Akashiwo sanguinea,17.0,Cloudy,E,Incoming,,,,,NO,2.5,1.0,1,1,1.0,1,1,,,,1.0
2019-05-10T12:05:00Z,33.962698,-118.461934,Present,19.0,2019-05-10T12:05:00Z,34.0,CA - Marina Del Ray Jetty,Asterionellopsis spp.,17.0,Cloudy,E,Incoming,,,,,NO,2.5,1.0,1,1,1.0,1,1,,,,1.0
2019-05-10T12:05:00Z,33.962698,-118.461934,Present,19.0,2019-05-10T12:05:00Z,34.0,CA - Marina Del Ray Jetty,Centric Diatom,17.0,Cloudy,E,Incoming,,,,,NO,2.5,1.0,1,1,1.0,1,1,,,,1.0
2019-05-10T12:05:00Z,33.962698,-118.461934,Present,19.0,2019-05-10T12:05:00Z,34.0,CA - Marina Del Ray Jetty,Ceratium furca,17.0,Cloudy,E,Incoming,,,,,NO,2.5,1.0,1,1,1.0,1,1,,,,1.0
2019-05-10T12:05:00Z,33.962698,-118.461934,Present,19.0,2019-05-10T12:05:00Z,34.0,CA - Marina Del Ray Jetty,Chaetoceros spp.,17.0,Cloudy,E,Incoming,,,,,NO,2.5,1.0,1,1,1.0,1,1,,,,1.0
2019-05-10T12:05:00Z,33.962698,-118.461934,Present,19.0,2019-05-10T12:05:00Z,34.0,CA - Marina Del Ray Jetty,Cochlodinium spp.,17.0,Cloudy,E,Incoming,,,,,NO,2.5,1.0,1,1,1.0,1,1,,,,1.0
2019-05-10T12:05:00Z,33.962698,-118.461934,Present,19.0,2019-05-10T12:05:00Z,34.0,CA - Marina Del Ray Jetty,Copepod,17.0,Cloudy,E,Incoming,,,,,NO,2.5,1.0,1,1,1.0,1,1,,,,1.0
2019-05-10T12:05:00Z,33.962698,-118.461934,Present,19.0,2019-05-10T12:05:00Z,34.0,CA - Marina Del Ray Jetty,Coscinodiscus spp.,17.0,Cloudy,E,Incoming,,,,,NO,2.5,1.0,1,1,1.0,1,1,,,,1.0
2019-05-10T12:05:00Z,33.962698,-118.461934,Present,19.0,2019-05-10T12:05:00Z,34.0,CA - Marina Del Ray Jetty,Dinoflagellates,17.0,Cloudy,E,Incoming,,,,,NO,2.5,1.0,1,1,1.0,1,1,,,,1.0
2019-05-10T12:05:00Z,33.962698,-118.461934,Present,19.0,2019-05-10T12:05:00Z,34.0,CA - Marina Del Ray Jetty,Dinophysis spp.,17.0,Cloudy,E,Incoming,,,,,NO,2.5,1.0,1,1,1.0,1,1,,,,1.0
2019-05-10T12:05:00Z,33.962698,-118.461934,Present,19.0,2019-05-10T12:05:00Z,34.0,CA - Marina Del Ray Jetty,Egg,17.0,Cloudy,E,Incoming,,,,,NO,2.5,1.0,1,1,1.0,1,1,,,,1.0
2019-05-10T12:05:00Z,33.962698,-118.461934,Present,19.0,2019-05-10T12:05:00Z,34.0,CA - Marina Del Ray Jetty,Guinardia spp.,17.0,Cloudy,E,Incoming,,,,,NO,2.5,1.0,1,1,1.0,1,1,,,,1.0
2019-05-10T12:05:00Z,33.962698,-118.461934,Present,19.0,2019-05-10T12:05:00Z,34.0,CA - Marina Del Ray Jetty,Lingulodinium spp.,17.0,Cloudy,E,Incoming,,,,,NO,2.5,1.0,1,1,1.0,1,1,,,,1.0
2019-05-10T12:05:00Z,33.962698,-118.461934,Present,19.0,2019-05-10T12:05:00Z,34.0,CA - Marina Del Ray Jetty,Prorocentrum spp.,17.0,Cloudy,E,Incoming,,,,,NO,2.5,1.0,1,1,1.0,1,1,,,,1.0
2019-05-10T12:05:00Z,33.962698,-118.461934,Present,19.0,2019-05-10T12:05:00Z,34.0,CA - Marina Del Ray Jetty,Protoperidinium spp.,17.0,Cloudy,E,Incoming,,,,,NO,2.5,1.0,1,1,1.0,1,1,,,,1.0
2019-05-10T12:05:00Z,33.962698,-118.461934,Present,19.0,2019-05-10T12:05:00Z,34.0,CA - Marina Del Ray Jetty,Rotifer,17.0,Cloudy,E,Incoming,,,,,NO,2.5,1.0,1,1,1.0,1,1,,,,1.0
2019-05-10T12:05:00Z,33.962698,-118.461934,Present,19.0,2019-05-10T12:05:00Z,34.0,CA - Marina Del Ray Jetty,Tintinnid,17.0,Cloudy,E,Incoming,,,,,NO,2.5,1.0,1,1,1.0,1,1,,,,1.0
2019-05-10T12:05:00Z,33.962698,-118.461934,Present,19.0,2019-05-10T12:05:00Z,34.0,CA - Marina Del Ray Jetty,Zooplankton,17.0,Cloudy,E,Incoming,,,,,NO,2.5,1.0,1,1,1.0,1,1,,,,1.0
2019-05-19T11:15:00Z,33.962698,-118.461934,Present,16.0,2019-05-19T11:15:00Z,28.0,CA - Marina Del Ray Jetty,Akashiwo sanguinea,17.0,Rain,,Outgoing,,,,,Photographs show large numbers of tenatively ID'd Chytrids swarming around a Pseudo-nitzschia,2.5,1.0,1,1,1.0,1,1,,,,1.0
2019-05-19T11:15:00Z,33.962698,-118.461934,Present,16.0,2019-05-19T11:15:00Z,28.0,CA - Marina Del Ray Jetty,Alexandrium spp.,17.0,Rain,,Outgoing,,,,,Photographs show large numbers of tenatively ID'd Chytrids swarming around a Pseudo-nitzschia,2.5,1.0,1,1,1.0,1,1,,,,1.0
2019-05-19T11:15:00Z,33.962698,-118.461934,Present,16.0,2019-05-19T11:15:00Z,28.0,CA - Marina Del Ray Jetty,Asterionellopsis spp.,17.0,Rain,,Outgoing,,,,,Photographs show large numbers of tenatively ID'd Chytrids swarming around a Pseudo-nitzschia,2.5,1.0,1,1,1.0,1,1,,,,1.0
2019-05-19T11:15:00Z,33.962698,-118.461934,Present,16.0,2019-05-19T11:15:00Z,28.0,CA - Marina Del Ray Jetty,Centric Diatom,17.0,Rain,,Outgoing,,,,,Photographs show large numbers of tenatively ID'd Chytrids swarming around a Pseudo-nitzschia,2.5,1.0,1,1,1.0,1,1,,,,1.0
2019-05-19T11:15:00Z,33.962698,-118.461934,Present,16.0,2019-05-19T11:15:00Z,28.0,CA - Marina Del Ray Jetty,Ceratium furca,17.0,Rain,,Outgoing,,,,,Photographs show large numbers of tenatively ID'd Chytrids swarming around a Pseudo-nitzschia,2.5,1.0,1,1,1.0,1,1,,,,1.0
2019-05-19T11:15:00Z,33.962698,-118.461934,Present,16.0,2019-05-19T11:15:00Z,28.0,CA - Marina Del Ray Jetty,Chaetoceros spp.,17.0,Rain,,Outgoing,,,,,Photographs show large numbers of tenatively ID'd Chytrids swarming around a Pseudo-nitzschia,2.5,1.0,1,1,1.0,1,1,,,,1.0
2019-05-19T11:15:00Z,33.962698,-118.461934,Present,16.0,2019-05-19T11:15:00Z,28.0,CA - Marina Del Ray Jetty,Ciliate,17.0,Rain,,Outgoing,,,,,Photographs show large numbers of tenatively ID'd Chytrids swarming around a Pseudo-nitzschia,2.5,1.0,1,1,1.0,1,1,,,,1.0
2019-05-19T11:15:00Z,33.962698,-118.461934,Present,16.0,2019-05-19T11:15:00Z,28.0,CA - Marina Del Ray Jetty,Cochlodinium spp.,17.0,Rain,,Outgoing,,,,,Photographs show large numbers of tenatively ID'd Chytrids swarming around a Pseudo-nitzschia,2.5,1.0,1,1,1.0,1,1,,,,1.0
2019-05-19T11:15:00Z,33.962698,-118.461934,Present,16.0,2019-05-19T11:15:00Z,28.0,CA - Marina Del Ray Jetty,Copepod,17.0,Rain,,Outgoing,,,,,Photographs show large numbers of tenatively ID'd Chytrids swarming around a Pseudo-nitzschia,2.5,1.0,1,1,1.0,1,1,,,,1.0
2019-05-19T11:15:00Z,33.962698,-118.461934,Present,16.0,2019-05-19T11:15:00Z,28.0,CA - Marina Del Ray Jetty,Dinoflagellates,17.0,Rain,,Outgoing,,,,,Photographs show large numbers of tenatively ID'd Chytrids swarming around a Pseudo-nitzschia,2.5,1.0,1,1,1.0,1,1,,,,1.0
2019-05-19T11:15:00Z,33.962698,-118.461934,Present,16.0,2019-05-19T11:15:00Z,28.0,CA - Marina Del Ray Jetty,Dinophysis spp.,17.0,Rain,,Outgoing,,,,,Photographs show large numbers of tenatively ID'd Chytrids swarming around a Pseudo-nitzschia,2.5,1.0,1,1,1.0,1,1,,,,1.0
2019-05-19T11:15:00Z,33.962698,-118.461934,Present,16.0,2019-05-19T11:15:00Z,28.0,CA - Marina Del Ray Jetty,Guinardia spp.,17.0,Rain,,Outgoing,,,,,Photographs show large numbers of tenatively ID'd Chytrids swarming around a Pseudo-nitzschia,2.5,1.0,1,1,1.0,1,1,,,,1.0
2019-05-19T11:15:00Z,33.962698,-118.461934,Present,16.0,2019-05-19T11:15:00Z,28.0,CA - Marina Del Ray Jetty,Leptocylindrus spp.,17.0,Rain,,Outgoing,,,,,Photographs show large numbers of tenatively ID'd Chytrids swarming around a Pseudo-nitzschia,2.5,1.0,1,1,1.0,1,1,,,,1.0
2019-05-19T11:15:00Z,33.962698,-118.461934,Present,16.0,2019-05-19T11:15:00Z,28.0,CA - Marina Del Ray Jetty,Lingulodinium spp.,17.0,Rain,,Outgoing,,,,,Photographs show large numbers of tenatively ID'd Chytrids swarming around a Pseudo-nitzschia,2.5,1.0,1,1,1.0,1,1,,,,1.0
2019-05-19T11:15:00Z,33.962698,-118.461934,Present,16.0,2019-05-19T11:15:00Z,28.0,CA - Marina Del Ray Jetty,Pseudo-nitzschia spp.,17.0,Rain,,Outgoing,,,,,Photographs show large numbers of tenatively ID'd Chytrids swarming around a Pseudo-nitzschia,2.5,1.0,1,1,1.0,1,1,,,,1.0
2019-05-19T11:15:00Z,33.962698,-118.461934,Present,16.0,2019-05-19T11:15:00Z,28.0,CA - Marina Del Ray Jetty,Tintinnid,17.0,Rain,,Outgoing,,,,,Photographs show large numbers of tenatively ID'd Chytrids swarming around a Pseudo-nitzschia,2.5,1.0,1,1,1.0,1,1,,,,1.0
2019-05-19T11:15:00Z,33.962698,-118.461934,Present,16.0,2019-05-19T11:15:00Z,28.0,CA - Marina Del Ray Jetty,Trochospore larvae,17.0,Rain,,Outgoing,,,,,Photographs show large numbers of tenatively ID'd Chytrids swarming around a Pseudo-nitzschia,2.5,1.0,1,1,1.0,1,1,,,,1.0
2019-05-19T11:15:00Z,33.962698,-118.461934,Present,16.0,2019-05-19T11:15:00Z,28.0,CA - Marina Del Ray Jetty,Zooplankton,17.0,Rain,,Outgoing,,,,,Photographs show large numbers of tenatively ID'd Chytrids swarming around a Pseudo-nitzschia,2.5,1.0,1,1,1.0,1,1,,,,1.0
2019-06-02T09:20:00Z,33.962698,-118.461934,Present,16.5,2019-06-02T09:20:00Z,34.0,CA - Marina Del Ray Jetty,Actinoptychus spp.,17.0,Cloudy,SE,Incoming,,,,,"Numerous Pseudo-nitzschia, reports from Dr. Dave Caron, USC Oceanographer, report that Marine Rescue Center says they have rescued animals showing signs of domoic acid poisoning. PN on my slide approaching bloom levels.",7.5,1.0,1,1,1.0,1,1,,,,1.0
2019-06-02T09:20:00Z,33.962698,-118.461934,Present,16.5,2019-06-02T09:20:00Z,34.0,CA - Marina Del Ray Jetty,Akashiwo sanguinea,17.0,Cloudy,SE,Incoming,,,,,"Numerous Pseudo-nitzschia, reports from Dr. Dave Caron, USC Oceanographer, report that Marine Rescue Center says they have rescued animals showing signs of domoic acid poisoning. PN on my slide approaching bloom levels.",7.5,1.0,1,1,1.0,1,1,,,,1.0
2019-06-02T09:20:00Z,33.962698,-118.461934,Present,16.5,2019-06-02T09:20:00Z,34.0,CA - Marina Del Ray Jetty,Alexandrium spp.,17.0,Cloudy,SE,Incoming,,,,,"Numerous Pseudo-nitzschia, reports from Dr. Dave Caron, USC Oceanographer, report that Marine Rescue Center says they have rescued animals showing signs of domoic acid poisoning. PN on my slide approaching bloom levels.",7.5,1.0,1,1,1.0,1,1,,,,1.0
2019-06-02T09:20:00Z,33.962698,-118.461934,Present,16.5,2019-06-02T09:20:00Z,34.0,CA - Marina Del Ray Jetty,Centric Diatom,17.0,Cloudy,SE,Incoming,,,,,"Numerous Pseudo-nitzschia, reports from Dr. Dave Caron, USC Oceanographer, report that Marine Rescue Center says they have rescued animals showing signs of domoic acid poisoning. PN on my slide approaching bloom levels.",7.5,1.0,1,1,1.0,1,1,,,,1.0
2019-06-02T09:20:00Z,33.962698,-118.461934,Present,16.5,2019-06-02T09:20:00Z,34.0,CA - Marina Del Ray Jetty,Ceratium furca,17.0,Cloudy,SE,Incoming,,,,,"Numerous Pseudo-nitzschia, reports from Dr. Dave Caron, USC Oceanographer, report that Marine Rescue Center says they have rescued animals showing signs of domoic acid poisoning. PN on my slide approaching bloom levels.",7.5,1.0,1,1,1.0,1,1,,,,1.0
2019-06-02T09:20:00Z,33.962698,-118.461934,Present,16.5,2019-06-02T09:20:00Z,34.0,CA - Marina Del Ray Jetty,Chaetoceros spp.,17.0,Cloudy,SE,Incoming,,,,,"Numerous Pseudo-nitzschia, reports from Dr. Dave Caron, USC Oceanographer, report that Marine Rescue Center says they have rescued animals showing signs of domoic acid poisoning. PN on my slide approaching bloom levels.",7.5,1.0,1,1,1.0,1,1,,,,1.0
2019-06-02T09:20:00Z,33.962698,-118.461934,Present,16.5,2019-06-02T09:20:00Z,34.0,CA - Marina Del Ray Jetty,Chattonella,17.0,Cloudy,SE,Incoming,,,,,"Numerous Pseudo-nitzschia, reports from Dr. Dave Caron, USC Oceanographer, report that Marine Rescue Center says they have rescued animals showing signs of domoic acid poisoning. PN on my slide approaching bloom levels.",7.5,1.0,1,1,1.0,1,1,,,,1.0
2019-06-02T09:20:00Z,33.962698,-118.461934,Present,16.5,2019-06-02T09:20:00Z,34.0,CA - Marina Del Ray Jetty,Copepod,17.0,Cloudy,SE,Incoming,,,,,"Numerous Pseudo-nitzschia, reports from Dr. Dave Caron, USC Oceanographer, report that Marine Rescue Center says they have rescued animals showing signs of domoic acid poisoning. PN on my slide approaching bloom levels.",7.5,1.0,1,1,1.0,1,1,,,,1.0
2019-06-02T09:20:00Z,33.962698,-118.461934,Present,16.5,2019-06-02T09:20:00Z,34.0,CA - Marina Del Ray Jetty,Coscinodiscus spp.,17.0,Cloudy,SE,Incoming,,,,,"Numerous Pseudo-nitzschia, reports from Dr. Dave Caron, USC Oceanographer, report that Marine Rescue Center says they have rescued animals showing signs of domoic acid poisoning. PN on my slide approaching bloom levels.",7.5,1.0,1,1,1.0,1,1,,,,1.0
2019-06-02T09:20:00Z,33.962698,-118.461934,Present,16.5,2019-06-02T09:20:00Z,34.0,CA - Marina Del Ray Jetty,Dinoflagellates,17.0,Cloudy,SE,Incoming,,,,,"Numerous Pseudo-nitzschia, reports from Dr. Dave Caron, USC Oceanographer, report that Marine Rescue Center says they have rescued animals showing signs of domoic acid poisoning. PN on my slide approaching bloom levels.",7.5,1.0,1,1,1.0,1,1,,,,1.0
2019-06-02T09:20:00Z,33.962698,-118.461934,Present,16.5,2019-06-02T09:20:00Z,34.0,CA - Marina Del Ray Jetty,Dinophysis spp.,17.0,Cloudy,SE,Incoming,,,,,"Numerous Pseudo-nitzschia, reports from Dr. Dave Caron, USC Oceanographer, report that Marine Rescue Center says they have rescued animals showing signs of domoic acid poisoning. PN on my slide approaching bloom levels.",7.5,1.0,1,1,1.0,1,1,,,,1.0
2019-06-02T09:20:00Z,33.962698,-118.461934,Present,16.5,2019-06-02T09:20:00Z,34.0,CA - Marina Del Ray Jetty,Lingulodinium spp.,17.0,Cloudy,SE,Incoming,,,,,"Numerous Pseudo-nitzschia, reports from Dr. Dave Caron, USC Oceanographer, report that Marine Rescue Center says they have rescued animals showing signs of domoic acid poisoning. PN on my slide approaching bloom levels.",7.5,1.0,1,1,1.0,1,1,,,,1.0
2019-06-02T09:20:00Z,33.962698,-118.461934,Present,16.5,2019-06-02T09:20:00Z,34.0,CA - Marina Del Ray Jetty,Navicula spp.,17.0,Cloudy,SE,Incoming,,,,,"Numerous Pseudo-nitzschia, reports from Dr. Dave Caron, USC Oceanographer, report that Marine Rescue Center says they have rescued animals showing signs of domoic acid poisoning. PN on my slide approaching bloom levels.",7.5,1.0,1,1,1.0,1,1,,,,1.0
2019-06-02T09:20:00Z,33.962698,-118.461934,Present,16.5,2019-06-02T09:20:00Z,34.0,CA - Marina Del Ray Jetty,Pennate Diatom,17.0,Cloudy,SE,Incoming,,,,,"Numerous Pseudo-nitzschia, reports from Dr. Dave Caron, USC Oceanographer, report that Marine Rescue Center says they have rescued animals showing signs of domoic acid poisoning. PN on my slide approaching bloom levels.",7.5,1.0,1,1,1.0,1,1,,,,1.0
2019-06-02T09:20:00Z,33.962698,-118.461934,Present,16.5,2019-06-02T09:20:00Z,34.0,CA - Marina Del Ray Jetty,,17.0,Cloudy,SE,Incoming,,,,,"Numerous Pseudo-nitzschia, reports from Dr. Dave Caron, USC Oceanographer, report that Marine Rescue Center says they have rescued animals showing signs of domoic acid poisoning. PN on my slide approaching bloom levels.",7.5,1.0,1,1,1.0,1,1,,,,1.0
2019-06-02T09:20:00Z,33.962698,-118.461934,Present,16.5,2019-06-02T09:20:00Z,34.0,CA - Marina Del Ray Jetty,Protoperidinium spp.,17.0,Cloudy,SE,Incoming,,,,,"Numerous Pseudo-nitzschia, reports from Dr. Dave Caron, USC Oceanographer, report that Marine Rescue Center says they have rescued animals showing signs of domoic acid poisoning. PN on my slide approaching bloom levels.",7.5,1.0,1,1,1.0,1,1,,,,1.0
2019-06-02T09:20:00Z,33.962698,-118.461934,Present,16.5,2019-06-02T09:20:00Z,34.0,CA - Marina Del Ray Jetty,Pseudo-nitzschia spp.,17.0,Cloudy,SE,Incoming,,,,,"Numerous Pseudo-nitzschia, reports from Dr. Dave Caron, USC Oceanographer, report that Marine Rescue Center says they have rescued animals showing signs of domoic acid poisoning. PN on my slide approaching bloom levels.",7.5,1.0,1,1,1.0,1,1,,,,1.0
2019-06-02T09:20:00Z,33.962698,-118.461934,Present,16.5,2019-06-02T09:20:00Z,34.0,CA - Marina Del Ray Jetty,Tintinnid,17.0,Cloudy,SE,Incoming,,,,,"Numerous Pseudo-nitzschia, reports from Dr. Dave Caron, USC Oceanographer, report that Marine Rescue Center says they have rescued animals showing signs of domoic acid poisoning. PN on my slide approaching bloom levels.",7.5,1.0,1,1,1.0,1,1,,,,1.0
2019-06-02T09:20:00Z,33.962698,-118.461934,Present,16.5,2019-06-02T09:20:00Z,34.0,CA - Marina Del Ray Jetty,Zooplankton,17.0,Cloudy,SE,Incoming,,,,,"Numerous Pseudo-nitzschia, reports from Dr. Dave Caron, USC Oceanographer, report that Marine Rescue Center says they have rescued animals showing signs of domoic acid poisoning. PN on my slide approaching bloom levels.",7.5,1.0,1,1,1.0,1,1,,,,1.0
2019-06-09T11:00:00Z,33.962698,-118.461934,Present,19.0,2019-06-09T11:00:00Z,32.0,CA - Marina Del Ray Jetty,Akashiwo sanguinea,20.0,Sunny,S,Incoming,,,,,NO,7.5,1.0,1,1,1.0,1,1,,,,1.0
2019-06-09T11:00:00Z,33.962698,-118.461934,Present,19.0,2019-06-09T11:00:00Z,32.0,CA - Marina Del Ray Jetty,Asteriomphalus hepactitis,20.0,Sunny,S,Incoming,,,,,NO,7.5,1.0,1,1,1.0,1,1,,,,1.0
2019-06-09T11:00:00Z,33.962698,-118.461934,Present,19.0,2019-06-09T11:00:00Z,32.0,CA - Marina Del Ray Jetty,Centric Diatom,20.0,Sunny,S,Incoming,,,,,NO,7.5,1.0,1,1,1.0,1,1,,,,1.0
2019-06-09T11:00:00Z,33.962698,-118.461934,Present,19.0,2019-06-09T11:00:00Z,32.0,CA - Marina Del Ray Jetty,Ceratium furca,20.0,Sunny,S,Incoming,,,,,NO,7.5,1.0,1,1,1.0,1,1,,,,1.0
2019-06-09T11:00:00Z,33.962698,-118.461934,Present,19.0,2019-06-09T11:00:00Z,32.0,CA - Marina Del Ray Jetty,Chaetoceros spp.,20.0,Sunny,S,Incoming,,,,,NO,7.5,1.0,1,1,1.0,1,1,,,,1.0
2019-06-09T11:00:00Z,33.962698,-118.461934,Present,19.0,2019-06-09T11:00:00Z,32.0,CA - Marina Del Ray Jetty,Cochlodinium spp.,20.0,Sunny,S,Incoming,,,,,NO,7.5,1.0,1,1,1.0,1,1,,,,1.0
2019-06-09T11:00:00Z,33.962698,-118.461934,Present,19.0,2019-06-09T11:00:00Z,32.0,CA - Marina Del Ray Jetty,Copepod,20.0,Sunny,S,Incoming,,,,,NO,7.5,1.0,1,1,1.0,1,1,,,,1.0
2019-06-09T11:00:00Z,33.962698,-118.461934,Present,19.0,2019-06-09T11:00:00Z,32.0,CA - Marina Del Ray Jetty,Dinophysis spp.,20.0,Sunny,S,Incoming,,,,,NO,7.5,1.0,1,1,1.0,1,1,,,,1.0
2019-06-09T11:00:00Z,33.962698,-118.461934,Present,19.0,2019-06-09T11:00:00Z,32.0,CA - Marina Del Ray Jetty,Guinardia spp.,20.0,Sunny,S,Incoming,,,,,NO,7.5,1.0,1,1,1.0,1,1,,,,1.0
2019-06-09T11:00:00Z,33.962698,-118.461934,Present,19.0,2019-06-09T11:00:00Z,32.0,CA - Marina Del Ray Jetty,Leptocylindrus spp.,20.0,Sunny,S,Incoming,,,,,NO,7.5,1.0,1,1,1.0,1,1,,,,1.0
2019-06-09T11:00:00Z,33.962698,-118.461934,Present,19.0,2019-06-09T11:00:00Z,32.0,CA - Marina Del Ray Jetty,Lingulodinium spp.,20.0,Sunny,S,Incoming,,,,,NO,7.5,1.0,1,1,1.0,1,1,,,,1.0
2019-06-09T11:00:00Z,33.962698,-118.461934,Present,19.0,2019-06-09T11:00:00Z,32.0,CA - Marina Del Ray Jetty,Nauplius,20.0,Sunny,S,Incoming,,,,,NO,7.5,1.0,1,1,1.0,1,1,,,,1.0
2019-06-09T11:00:00Z,33.962698,-118.461934,Present,19.0,2019-06-09T11:00:00Z,32.0,CA - Marina Del Ray Jetty,,20.0,Sunny,S,Incoming,,,,,NO,7.5,1.0,1,1,1.0,1,1,,,,1.0
2019-06-09T11:00:00Z,33.962698,-118.461934,Present,19.0,2019-06-09T11:00:00Z,32.0,CA - Marina Del Ray Jetty,Protoperidinium spp.,20.0,Sunny,S,Incoming,,,,,NO,7.5,1.0,1,1,1.0,1,1,,,,1.0
2019-06-09T11:00:00Z,33.962698,-118.461934,Present,19.0,2019-06-09T11:00:00Z,32.0,CA - Marina Del Ray Jetty,Tintinnid,20.0,Sunny,S,Incoming,,,,,NO,7.5,1.0,1,1,1.0,1,1,,,,1.0
2019-06-09T11:00:00Z,33.962698,-118.461934,Present,19.0,2019-06-09T11:00:00Z,32.0,CA - Marina Del Ray Jetty,Zooplankton,20.0,Sunny,S,Incoming,,,,,NO,7.5,1.0,1,1,1.0,1,1,,,,1.0
2019-06-16T11:45:00Z,33.962698,-118.461934,Present,19.0,2019-06-16T11:45:00Z,33.0,CA - Marina Del Ray Jetty,Bacteriastrum spp.,19.0,Cloudy,SW,Outgoing,,,,,NO,7.5,1.0,1,1,1.0,1,1,,,,1.0
2019-06-16T11:45:00Z,33.962698,-118.461934,Present,19.0,2019-06-16T11:45:00Z,33.0,CA - Marina Del Ray Jetty,bivalve larvae,19.0,Cloudy,SW,Outgoing,,,,,NO,7.5,1.0,1,1,1.0,1,1,,,,1.0
2019-06-16T11:45:00Z,33.962698,-118.461934,Present,19.0,2019-06-16T11:45:00Z,33.0,CA - Marina Del Ray Jetty,Carataulina,19.0,Cloudy,SW,Outgoing,,,,,NO,7.5,1.0,1,1,1.0,1,1,,,,1.0
2019-06-16T11:45:00Z,33.962698,-118.461934,Present,19.0,2019-06-16T11:45:00Z,33.0,CA - Marina Del Ray Jetty,Centric Diatom,19.0,Cloudy,SW,Outgoing,,,,,NO,7.5,1.0,1,1,1.0,1,1,,,,1.0
2019-06-16T11:45:00Z,33.962698,-118.461934,Present,19.0,2019-06-16T11:45:00Z,33.0,CA - Marina Del Ray Jetty,Ceratium furca,19.0,Cloudy,SW,Outgoing,,,,,NO,7.5,1.0,1,1,1.0,1,1,,,,1.0
2019-06-16T11:45:00Z,33.962698,-118.461934,Present,19.0,2019-06-16T11:45:00Z,33.0,CA - Marina Del Ray Jetty,Chaetoceros spp.,19.0,Cloudy,SW,Outgoing,,,,,NO,7.5,1.0,1,1,1.0,1,1,,,,1.0
2019-06-16T11:45:00Z,33.962698,-118.461934,Present,19.0,2019-06-16T11:45:00Z,33.0,CA - Marina Del Ray Jetty,Cochlodinium spp.,19.0,Cloudy,SW,Outgoing,,,,,NO,7.5,1.0,1,1,1.0,1,1,,,,1.0
2019-06-16T11:45:00Z,33.962698,-118.461934,Present,19.0,2019-06-16T11:45:00Z,33.0,CA - Marina Del Ray Jetty,Copepod,19.0,Cloudy,SW,Outgoing,,,,,NO,7.5,1.0,1,1,1.0,1,1,,,,1.0
2019-06-16T11:45:00Z,33.962698,-118.461934,Present,19.0,2019-06-16T11:45:00Z,33.0,CA - Marina Del Ray Jetty,Dinoflagellates,19.0,Cloudy,SW,Outgoing,,,,,NO,7.5,1.0,1,1,1.0,1,1,,,,1.0
2019-06-16T11:45:00Z,33.962698,-118.461934,Present,19.0,2019-06-16T11:45:00Z,33.0,CA - Marina Del Ray Jetty,Dinophysis spp.,19.0,Cloudy,SW,Outgoing,,,,,NO,7.5,1.0,1,1,1.0,1,1,,,,1.0
2019-06-16T11:45:00Z,33.962698,-118.461934,Present,19.0,2019-06-16T11:45:00Z,33.0,CA - Marina Del Ray Jetty,Lingulodinium spp.,19.0,Cloudy,SW,Outgoing,,,,,NO,7.5,1.0,1,1,1.0,1,1,,,,1.0
2019-06-16T11:45:00Z,33.962698,-118.461934,Present,19.0,2019-06-16T11:45:00Z,33.0,CA - Marina Del Ray Jetty,Navicula spp.,19.0,Cloudy,SW,Outgoing,,,,,NO,7.5,1.0,1,1,1.0,1,1,,,,1.0
2019-06-16T11:45:00Z,33.962698,-118.461934,Present,19.0,2019-06-16T11:45:00Z,33.0,CA - Marina Del Ray Jetty,Noctiluca spp.,19.0,Cloudy,SW,Outgoing,,,,,NO,7.5,1.0,1,1,1.0,1,1,,,,1.0
2019-06-16T11:45:00Z,33.962698,-118.461934,Present,19.0,2019-06-16T11:45:00Z,33.0,CA - Marina Del Ray Jetty,Pennate Diatom,19.0,Cloudy,SW,Outgoing,,,,,NO,7.5,1.0,1,1,1.0,1,1,,,,1.0
2019-06-16T11:45:00Z,33.962698,-118.461934,Present,19.0,2019-06-16T11:45:00Z,33.0,CA - Marina Del Ray Jetty,Prorocentrum spp.,19.0,Cloudy,SW,Outgoing,,,,,NO,7.5,1.0,1,1,1.0,1,1,,,,1.0
2019-06-16T11:45:00Z,33.962698,-118.461934,Present,19.0,2019-06-16T11:45:00Z,33.0,CA - Marina Del Ray Jetty,Protoperidinium spp.,19.0,Cloudy,SW,Outgoing,,,,,NO,7.5,1.0,1,1,1.0,1,1,,,,1.0
2019-06-16T11:45:00Z,33.962698,-118.461934,Present,19.0,2019-06-16T11:45:00Z,33.0,CA - Marina Del Ray Jetty,Radiolarian,19.0,Cloudy,SW,Outgoing,,,,,NO,7.5,1.0,1,1,1.0,1,1,,,,1.0
2019-06-16T11:45:00Z,33.962698,-118.461934,Present,19.0,2019-06-16T11:45:00Z,33.0,CA - Marina Del Ray Jetty,Rotifer,19.0,Cloudy,SW,Outgoing,,,,,NO,7.5,1.0,1,1,1.0,1,1,,,,1.0
2019-06-16T11:45:00Z,33.962698,-118.461934,Present,19.0,2019-06-16T11:45:00Z,33.0,CA - Marina Del Ray Jetty,Tintinnid,19.0,Cloudy,SW,Outgoing,,,,,NO,7.5,1.0,1,1,1.0,1,1,,,,1.0
2019-06-16T11:45:00Z,33.962698,-118.461934,Present,19.0,2019-06-16T11:45:00Z,33.0,CA - Marina Del Ray Jetty,Zooplankton,19.0,Cloudy,SW,Outgoing,,,,,NO,7.5,1.0,1,1,1.0,1,1,,,,1.0
2019-06-23T11:25:00Z,33.962698,-118.461934,Present,17.0,2019-06-23T11:25:00Z,33.0,CA - Marina Del Ray Jetty,Bacteriastrum spp.,18.0,Sunny,SW,Incoming,,,,,NO,12.5,1.0,1,1,1.0,1,1,,,,1.0
2019-06-23T11:25:00Z,33.962698,-118.461934,Present,17.0,2019-06-23T11:25:00Z,33.0,CA - Marina Del Ray Jetty,Centric Diatom,18.0,Sunny,SW,Incoming,,,,,NO,12.5,1.0,1,1,1.0,1,1,,,,1.0
2019-06-23T11:25:00Z,33.962698,-118.461934,Present,17.0,2019-06-23T11:25:00Z,33.0,CA - Marina Del Ray Jetty,Ceratium furca,18.0,Sunny,SW,Incoming,,,,,NO,12.5,1.0,1,1,1.0,1,1,,,,1.0
2019-06-23T11:25:00Z,33.962698,-118.461934,Present,17.0,2019-06-23T11:25:00Z,33.0,CA - Marina Del Ray Jetty,Ceratium fusus,18.0,Sunny,SW,Incoming,,,,,NO,12.5,1.0,1,1,1.0,1,1,,,,1.0
2019-06-23T11:25:00Z,33.962698,-118.461934,Present,17.0,2019-06-23T11:25:00Z,33.0,CA - Marina Del Ray Jetty,Chaetoceros spp.,18.0,Sunny,SW,Incoming,,,,,NO,12.5,1.0,1,1,1.0,1,1,,,,1.0
2019-06-23T11:25:00Z,33.962698,-118.461934,Present,17.0,2019-06-23T11:25:00Z,33.0,CA - Marina Del Ray Jetty,Cochlodinium spp.,18.0,Sunny,SW,Incoming,,,,,NO,12.5,1.0,1,1,1.0,1,1,,,,1.0
2019-06-23T11:25:00Z,33.962698,-118.461934,Present,17.0,2019-06-23T11:25:00Z,33.0,CA - Marina Del Ray Jetty,Copepod,18.0,Sunny,SW,Incoming,,,,,NO,12.5,1.0,1,1,1.0,1,1,,,,1.0
2019-06-23T11:25:00Z,33.962698,-118.461934,Present,17.0,2019-06-23T11:25:00Z,33.0,CA - Marina Del Ray Jetty,Dactylosolen,18.0,Sunny,SW,Incoming,,,,,NO,12.5,1.0,1,1,1.0,1,1,,,,1.0
2019-06-23T11:25:00Z,33.962698,-118.461934,Present,17.0,2019-06-23T11:25:00Z,33.0,CA - Marina Del Ray Jetty,Dinoflagellates,18.0,Sunny,SW,Incoming,,,,,NO,12.5,1.0,1,1,1.0,1,1,,,,1.0
2019-06-23T11:25:00Z,33.962698,-118.461934,Present,17.0,2019-06-23T11:25:00Z,33.0,CA - Marina Del Ray Jetty,Dinophysis spp.,18.0,Sunny,SW,Incoming,,,,,NO,12.5,1.0,1,1,1.0,1,1,,,,1.0
2019-06-23T11:25:00Z,33.962698,-118.461934,Present,17.0,2019-06-23T11:25:00Z,33.0,CA - Marina Del Ray Jetty,Gonyaulax spp.,18.0,Sunny,SW,Incoming,,,,,NO,12.5,1.0,1,1,1.0,1,1,,,,1.0
2019-06-23T11:25:00Z,33.962698,-118.461934,Present,17.0,2019-06-23T11:25:00Z,33.0,CA - Marina Del Ray Jetty,Leptocylindrus spp.,18.0,Sunny,SW,Incoming,,,,,NO,12.5,1.0,1,1,1.0,1,1,,,,1.0
2019-06-23T11:25:00Z,33.962698,-118.461934,Present,17.0,2019-06-23T11:25:00Z,33.0,CA - Marina Del Ray Jetty,Lingulodinium spp.,18.0,Sunny,SW,Incoming,,,,,NO,12.5,1.0,1,1,1.0,1,1,,,,1.0
2019-06-23T11:25:00Z,33.962698,-118.461934,Present,17.0,2019-06-23T11:25:00Z,33.0,CA - Marina Del Ray Jetty,Nauplius,18.0,Sunny,SW,Incoming,,,,,NO,12.5,1.0,1,1,1.0,1,1,,,,1.0
2019-06-23T11:25:00Z,33.962698,-118.461934,Present,17.0,2019-06-23T11:25:00Z,33.0,CA - Marina Del Ray Jetty,Navicula spp.,18.0,Sunny,SW,Incoming,,,,,NO,12.5,1.0,1,1,1.0,1,1,,,,1.0
2019-06-23T11:25:00Z,33.962698,-118.461934,Present,17.0,2019-06-23T11:25:00Z,33.0,CA - Marina Del Ray Jetty,Pennate Diatom,18.0,Sunny,SW,Incoming,,,,,NO,12.5,1.0,1,1,1.0,1,1,,,,1.0
2019-06-23T11:25:00Z,33.962698,-118.461934,Present,17.0,2019-06-23T11:25:00Z,33.0,CA - Marina Del Ray Jetty,Pleurosigma spp.,18.0,Sunny,SW,Incoming,,,,,NO,12.5,1.0,1,1,1.0,1,1,,,,1.0
2019-06-23T11:25:00Z,33.962698,-118.461934,Present,17.0,2019-06-23T11:25:00Z,33.0,CA - Marina Del Ray Jetty,Protoperidinium spp.,18.0,Sunny,SW,Incoming,,,,,NO,12.5,1.0,1,1,1.0,1,1,,,,1.0
2019-06-23T11:25:00Z,33.962698,-118.461934,Present,17.0,2019-06-23T11:25:00Z,33.0,CA - Marina Del Ray Jetty,Tintinnid,18.0,Sunny,SW,Incoming,,,,,NO,12.5,1.0,1,1,1.0,1,1,,,,1.0
2019-06-23T11:25:00Z,33.962698,-118.461934,Present,17.0,2019-06-23T11:25:00Z,33.0,CA - Marina Del Ray Jetty,Zooplankton,18.0,Sunny,SW,Incoming,,,,,NO,12.5,1.0,1,1,1.0,1,1,,,,1.0
2019-06-30T11:35:00Z,33.962698,-118.461934,Present,18.0,2019-06-30T11:35:00Z,33.0,CA - Marina Del Ray Jetty,Akashiwo sanguinea,20.0,Sunny,SW,Outgoing,,,,,"Slide was dominated by a lot of Lingulodinium, but not to the point of a bloom.",12.5,1.0,1,1,1.0,1,1,,,,1.0
2019-06-30T11:35:00Z,33.962698,-118.461934,Present,18.0,2019-06-30T11:35:00Z,33.0,CA - Marina Del Ray Jetty,Asterionellopsis spp.,20.0,Sunny,SW,Outgoing,,,,,"Slide was dominated by a lot of Lingulodinium, but not to the point of a bloom.",12.5,1.0,1,1,1.0,1,1,,,,1.0
2019-06-30T11:35:00Z,33.962698,-118.461934,Present,18.0,2019-06-30T11:35:00Z,33.0,CA - Marina Del Ray Jetty,Centric Diatom,20.0,Sunny,SW,Outgoing,,,,,"Slide was dominated by a lot of Lingulodinium, but not to the point of a bloom.",12.5,1.0,1,1,1.0,1,1,,,,1.0
2019-06-30T11:35:00Z,33.962698,-118.461934,Present,18.0,2019-06-30T11:35:00Z,33.0,CA - Marina Del Ray Jetty,Ceratium furca,20.0,Sunny,SW,Outgoing,,,,,"Slide was dominated by a lot of Lingulodinium, but not to the point of a bloom.",12.5,1.0,1,1,1.0,1,1,,,,1.0
2019-06-30T11:35:00Z,33.962698,-118.461934,Present,18.0,2019-06-30T11:35:00Z,33.0,CA - Marina Del Ray Jetty,Ceratium fusus,20.0,Sunny,SW,Outgoing,,,,,"Slide was dominated by a lot of Lingulodinium, but not to the point of a bloom.",12.5,1.0,1,1,1.0,1,1,,,,1.0
2019-06-30T11:35:00Z,33.962698,-118.461934,Present,18.0,2019-06-30T11:35:00Z,33.0,CA - Marina Del Ray Jetty,Chaetoceros spp.,20.0,Sunny,SW,Outgoing,,,,,"Slide was dominated by a lot of Lingulodinium, but not to the point of a bloom.",12.5,1.0,1,1,1.0,1,1,,,,1.0
2019-06-30T11:35:00Z,33.962698,-118.461934,Present,18.0,2019-06-30T11:35:00Z,33.0,CA - Marina Del Ray Jetty,Copepod,20.0,Sunny,SW,Outgoing,,,,,"Slide was dominated by a lot of Lingulodinium, but not to the point of a bloom.",12.5,1.0,1,1,1.0,1,1,,,,1.0
2019-06-30T11:35:00Z,33.962698,-118.461934,Present,18.0,2019-06-30T11:35:00Z,33.0,CA - Marina Del Ray Jetty,Dinoflagellates,20.0,Sunny,SW,Outgoing,,,,,"Slide was dominated by a lot of Lingulodinium, but not to the point of a bloom.",12.5,1.0,1,1,1.0,1,1,,,,1.0
2019-06-30T11:35:00Z,33.962698,-118.461934,Present,18.0,2019-06-30T11:35:00Z,33.0,CA - Marina Del Ray Jetty,Dinophysis spp.,20.0,Sunny,SW,Outgoing,,,,,"Slide was dominated by a lot of Lingulodinium, but not to the point of a bloom.",12.5,1.0,1,1,1.0,1,1,,,,1.0
2019-06-30T11:35:00Z,33.962698,-118.461934,Present,18.0,2019-06-30T11:35:00Z,33.0,CA - Marina Del Ray Jetty,Guinardia spp.,20.0,Sunny,SW,Outgoing,,,,,"Slide was dominated by a lot of Lingulodinium, but not to the point of a bloom.",12.5,1.0,1,1,1.0,1,1,,,,1.0
2019-06-30T11:35:00Z,33.962698,-118.461934,Present,18.0,2019-06-30T11:35:00Z,33.0,CA - Marina Del Ray Jetty,Lingulodinium spp.,20.0,Sunny,SW,Outgoing,,,,,"Slide was dominated by a lot of Lingulodinium, but not to the point of a bloom.",12.5,1.0,1,1,1.0,1,1,,,,1.0
2019-06-30T11:35:00Z,33.962698,-118.461934,Present,18.0,2019-06-30T11:35:00Z,33.0,CA - Marina Del Ray Jetty,Protoperidinium spp.,20.0,Sunny,SW,Outgoing,,,,,"Slide was dominated by a lot of Lingulodinium, but not to the point of a bloom.",12.5,1.0,1,1,1.0,1,1,,,,1.0
2019-06-30T11:35:00Z,33.962698,-118.461934,Present,18.0,2019-06-30T11:35:00Z,33.0,CA - Marina Del Ray Jetty,Zooplankton,20.0,Sunny,SW,Outgoing,,,,,"Slide was dominated by a lot of Lingulodinium, but not to the point of a bloom.",12.5,1.0,1,1,1.0,1,1,,,,1.0
2019-07-07T11:25:00Z,33.962698,-118.461934,Present,19.0,2019-07-07T11:25:00Z,34.0,CA - Marina Del Ray Jetty,Centric Diatom,20.0,Cloudy,SE,Incoming,,,,,NO,7.5,1.0,1,1,1.0,1,1,,,,1.0
2019-07-07T11:25:00Z,33.962698,-118.461934,Present,19.0,2019-07-07T11:25:00Z,34.0,CA - Marina Del Ray Jetty,Ceratium furca,20.0,Cloudy,SE,Incoming,,,,,NO,7.5,1.0,1,1,1.0,1,1,,,,1.0
2019-07-07T11:25:00Z,33.962698,-118.461934,Present,19.0,2019-07-07T11:25:00Z,34.0,CA - Marina Del Ray Jetty,Ceratium fusus,20.0,Cloudy,SE,Incoming,,,,,NO,7.5,1.0,1,1,1.0,1,1,,,,1.0
2019-07-07T11:25:00Z,33.962698,-118.461934,Present,19.0,2019-07-07T11:25:00Z,34.0,CA - Marina Del Ray Jetty,Chaetoceros spp.,20.0,Cloudy,SE,Incoming,,,,,NO,7.5,1.0,1,1,1.0,1,1,,,,1.0
2019-07-07T11:25:00Z,33.962698,-118.461934,Present,19.0,2019-07-07T11:25:00Z,34.0,CA - Marina Del Ray Jetty,Ciliate,20.0,Cloudy,SE,Incoming,,,,,NO,7.5,1.0,1,1,1.0,1,1,,,,1.0
2019-07-07T11:25:00Z,33.962698,-118.461934,Present,19.0,2019-07-07T11:25:00Z,34.0,CA - Marina Del Ray Jetty,Copepod,20.0,Cloudy,SE,Incoming,,,,,NO,7.5,1.0,1,1,1.0,1,1,,,,1.0
2019-07-07T11:25:00Z,33.962698,-118.461934,Present,19.0,2019-07-07T11:25:00Z,34.0,CA - Marina Del Ray Jetty,Dictyocha spp.,20.0,Cloudy,SE,Incoming,,,,,NO,7.5,1.0,1,1,1.0,1,1,,,,1.0
2019-07-07T11:25:00Z,33.962698,-118.461934,Present,19.0,2019-07-07T11:25:00Z,34.0,CA - Marina Del Ray Jetty,Dinophysis spp.,20.0,Cloudy,SE,Incoming,,,,,NO,7.5,1.0,1,1,1.0,1,1,,,,1.0
2019-07-07T11:25:00Z,33.962698,-118.461934,Present,19.0,2019-07-07T11:25:00Z,34.0,CA - Marina Del Ray Jetty,Guinardia spp.,20.0,Cloudy,SE,Incoming,,,,,NO,7.5,1.0,1,1,1.0,1,1,,,,1.0
2019-07-07T11:25:00Z,33.962698,-118.461934,Present,19.0,2019-07-07T11:25:00Z,34.0,CA - Marina Del Ray Jetty,Lingulodinium spp.,20.0,Cloudy,SE,Incoming,,,,,NO,7.5,1.0,1,1,1.0,1,1,,,,1.0
2019-07-07T11:25:00Z,33.962698,-118.461934,Present,19.0,2019-07-07T11:25:00Z,34.0,CA - Marina Del Ray Jetty,Melosira spp.,20.0,Cloudy,SE,Incoming,,,,,NO,7.5,1.0,1,1,1.0,1,1,,,,1.0
2019-07-07T11:25:00Z,33.962698,-118.461934,Present,19.0,2019-07-07T11:25:00Z,34.0,CA - Marina Del Ray Jetty,Prorocentrum spp.,20.0,Cloudy,SE,Incoming,,,,,NO,7.5,1.0,1,1,1.0,1,1,,,,1.0
2019-07-07T11:25:00Z,33.962698,-118.461934,Present,19.0,2019-07-07T11:25:00Z,34.0,CA - Marina Del Ray Jetty,Protoperidinium spp.,20.0,Cloudy,SE,Incoming,,,,,NO,7.5,1.0,1,1,1.0,1,1,,,,1.0
2019-07-07T11:25:00Z,33.962698,-118.461934,Present,19.0,2019-07-07T11:25:00Z,34.0,CA - Marina Del Ray Jetty,Tintinnid,20.0,Cloudy,SE,Incoming,,,,,NO,7.5,1.0,1,1,1.0,1,1,,,,1.0
2019-07-14T10:55:00Z,33.962698,-118.461934,Present,22.0,2019-07-14T10:55:00Z,33.0,CA - Marina Del Ray Jetty,Centric Diatom,23.0,Cloudy,W,Incoming,,,,,NO,7.5,1.0,1,1,1.0,1,1,,,,1.0
2019-07-14T10:55:00Z,33.962698,-118.461934,Present,22.0,2019-07-14T10:55:00Z,33.0,CA - Marina Del Ray Jetty,Ceratium furca,23.0,Cloudy,W,Incoming,,,,,NO,7.5,1.0,1,1,1.0,1,1,,,,1.0
2019-07-14T10:55:00Z,33.962698,-118.461934,Present,22.0,2019-07-14T10:55:00Z,33.0,CA - Marina Del Ray Jetty,Chaetoceros spp.,23.0,Cloudy,W,Incoming,,,,,NO,7.5,1.0,1,1,1.0,1,1,,,,1.0
2019-07-14T10:55:00Z,33.962698,-118.461934,Present,22.0,2019-07-14T10:55:00Z,33.0,CA - Marina Del Ray Jetty,Ciliate,23.0,Cloudy,W,Incoming,,,,,NO,7.5,1.0,1,1,1.0,1,1,,,,1.0
2019-07-14T10:55:00Z,33.962698,-118.461934,Present,22.0,2019-07-14T10:55:00Z,33.0,CA - Marina Del Ray Jetty,Cochlodinium spp.,23.0,Cloudy,W,Incoming,,,,,NO,7.5,1.0,1,1,1.0,1,1,,,,1.0
2019-07-14T10:55:00Z,33.962698,-118.461934,Present,22.0,2019-07-14T10:55:00Z,33.0,CA - Marina Del Ray Jetty,Cymbella spp.,23.0,Cloudy,W,Incoming,,,,,NO,7.5,1.0,1,1,1.0,1,1,,,,1.0
2019-07-14T10:55:00Z,33.962698,-118.461934,Present,22.0,2019-07-14T10:55:00Z,33.0,CA - Marina Del Ray Jetty,Dinoflagellates,23.0,Cloudy,W,Incoming,,,,,NO,7.5,1.0,1,1,1.0,1,1,,,,1.0
2019-07-14T10:55:00Z,33.962698,-118.461934,Present,22.0,2019-07-14T10:55:00Z,33.0,CA - Marina Del Ray Jetty,Dinophysis spp.,23.0,Cloudy,W,Incoming,,,,,NO,7.5,1.0,1,1,1.0,1,1,,,,1.0
2019-07-14T10:55:00Z,33.962698,-118.461934,Present,22.0,2019-07-14T10:55:00Z,33.0,CA - Marina Del Ray Jetty,Lingulodinium spp.,23.0,Cloudy,W,Incoming,,,,,NO,7.5,1.0,1,1,1.0,1,1,,,,1.0
2019-07-14T10:55:00Z,33.962698,-118.461934,Present,22.0,2019-07-14T10:55:00Z,33.0,CA - Marina Del Ray Jetty,Medusa,23.0,Cloudy,W,Incoming,,,,,NO,7.5,1.0,1,1,1.0,1,1,,,,1.0
2019-07-14T10:55:00Z,33.962698,-118.461934,Present,22.0,2019-07-14T10:55:00Z,33.0,CA - Marina Del Ray Jetty,Melosira spp.,23.0,Cloudy,W,Incoming,,,,,NO,7.5,1.0,1,1,1.0,1,1,,,,1.0
2019-07-14T10:55:00Z,33.962698,-118.461934,Present,22.0,2019-07-14T10:55:00Z,33.0,CA - Marina Del Ray Jetty,Navicula spp.,23.0,Cloudy,W,Incoming,,,,,NO,7.5,1.0,1,1,1.0,1,1,,,,1.0
2019-07-14T10:55:00Z,33.962698,-118.461934,Present,22.0,2019-07-14T10:55:00Z,33.0,CA - Marina Del Ray Jetty,Pennate Diatom,23.0,Cloudy,W,Incoming,,,,,NO,7.5,1.0,1,1,1.0,1,1,,,,1.0
2019-07-14T10:55:00Z,33.962698,-118.461934,Present,22.0,2019-07-14T10:55:00Z,33.0,CA - Marina Del Ray Jetty,Protoperidinium spp.,23.0,Cloudy,W,Incoming,,,,,NO,7.5,1.0,1,1,1.0,1,1,,,,1.0
2019-07-14T10:55:00Z,33.962698,-118.461934,Present,22.0,2019-07-14T10:55:00Z,33.0,CA - Marina Del Ray Jetty,Rotifer,23.0,Cloudy,W,Incoming,,,,,NO,7.5,1.0,1,1,1.0,1,1,,,,1.0
2019-07-14T10:55:00Z,33.962698,-118.461934,Present,22.0,2019-07-14T10:55:00Z,33.0,CA - Marina Del Ray Jetty,Tintinnid,23.0,Cloudy,W,Incoming,,,,,NO,7.5,1.0,1,1,1.0,1,1,,,,1.0
2019-07-14T10:55:00Z,33.962698,-118.461934,Present,22.0,2019-07-14T10:55:00Z,33.0,CA - Marina Del Ray Jetty,Zooplankton,23.0,Cloudy,W,Incoming,,,,,NO,7.5,1.0,1,1,1.0,1,1,,,,1.0
2019-07-21T11:45:00Z,33.962698,-118.461934,Present,21.0,2019-07-21T11:45:00Z,33.0,CA - Marina Del Ray Jetty,Asterionellopsis spp.,23.0,Partly cloudy,W,Incoming,,,,,NO,7.5,1.0,1,1,1.0,1,1,,,,1.0
2019-07-21T11:45:00Z,33.962698,-118.461934,Present,21.0,2019-07-21T11:45:00Z,33.0,CA - Marina Del Ray Jetty,Centric Diatom,23.0,Partly cloudy,W,Incoming,,,,,NO,7.5,1.0,1,1,1.0,1,1,,,,1.0
2019-07-21T11:45:00Z,33.962698,-118.461934,Present,21.0,2019-07-21T11:45:00Z,33.0,CA - Marina Del Ray Jetty,Ceratium furca,23.0,Partly cloudy,W,Incoming,,,,,NO,7.5,1.0,1,1,1.0,1,1,,,,1.0
2019-07-21T11:45:00Z,33.962698,-118.461934,Present,21.0,2019-07-21T11:45:00Z,33.0,CA - Marina Del Ray Jetty,Ceratium fusus,23.0,Partly cloudy,W,Incoming,,,,,NO,7.5,1.0,1,1,1.0,1,1,,,,1.0
2019-07-21T11:45:00Z,33.962698,-118.461934,Present,21.0,2019-07-21T11:45:00Z,33.0,CA - Marina Del Ray Jetty,Ceratium longipes,23.0,Partly cloudy,W,Incoming,,,,,NO,7.5,1.0,1,1,1.0,1,1,,,,1.0
2019-07-21T11:45:00Z,33.962698,-118.461934,Present,21.0,2019-07-21T11:45:00Z,33.0,CA - Marina Del Ray Jetty,Chaetoceros spp.,23.0,Partly cloudy,W,Incoming,,,,,NO,7.5,1.0,1,1,1.0,1,1,,,,1.0
2019-07-21T11:45:00Z,33.962698,-118.461934,Present,21.0,2019-07-21T11:45:00Z,33.0,CA - Marina Del Ray Jetty,Cymbella spp.,23.0,Partly cloudy,W,Incoming,,,,,NO,7.5,1.0,1,1,1.0,1,1,,,,1.0
2019-07-21T11:45:00Z,33.962698,-118.461934,Present,21.0,2019-07-21T11:45:00Z,33.0,CA - Marina Del Ray Jetty,Dinoflagellates,23.0,Partly cloudy,W,Incoming,,,,,NO,7.5,1.0,1,1,1.0,1,1,,,,1.0
2019-07-21T11:45:00Z,33.962698,-118.461934,Present,21.0,2019-07-21T11:45:00Z,33.0,CA - Marina Del Ray Jetty,Dinophysis spp.,23.0,Partly cloudy,W,Incoming,,,,,NO,7.5,1.0,1,1,1.0,1,1,,,,1.0
2019-07-21T11:45:00Z,33.962698,-118.461934,Present,21.0,2019-07-21T11:45:00Z,33.0,CA - Marina Del Ray Jetty,Eucampia spp.,23.0,Partly cloudy,W,Incoming,,,,,NO,7.5,1.0,1,1,1.0,1,1,,,,1.0
2019-07-21T11:45:00Z,33.962698,-118.461934,Present,21.0,2019-07-21T11:45:00Z,33.0,CA - Marina Del Ray Jetty,Guinardia spp.,23.0,Partly cloudy,W,Incoming,,,,,NO,7.5,1.0,1,1,1.0,1,1,,,,1.0
2019-07-21T11:45:00Z,33.962698,-118.461934,Present,21.0,2019-07-21T11:45:00Z,33.0,CA - Marina Del Ray Jetty,Leptocylindrus spp.,23.0,Partly cloudy,W,Incoming,,,,,NO,7.5,1.0,1,1,1.0,1,1,,,,1.0
2019-07-21T11:45:00Z,33.962698,-118.461934,Present,21.0,2019-07-21T11:45:00Z,33.0,CA - Marina Del Ray Jetty,Proboscia spp.,23.0,Partly cloudy,W,Incoming,,,,,NO,7.5,1.0,1,1,1.0,1,1,,,,1.0
2019-07-21T11:45:00Z,33.962698,-118.461934,Present,21.0,2019-07-21T11:45:00Z,33.0,CA - Marina Del Ray Jetty,Prorocentrum spp.,23.0,Partly cloudy,W,Incoming,,,,,NO,7.5,1.0,1,1,1.0,1,1,,,,1.0
2019-07-21T11:45:00Z,33.962698,-118.461934,Present,21.0,2019-07-21T11:45:00Z,33.0,CA - Marina Del Ray Jetty,Pseudo-nitzschia spp.,23.0,Partly cloudy,W,Incoming,,,,,NO,7.5,1.0,1,1,1.0,1,1,,,,1.0
2019-07-21T11:45:00Z,33.962698,-118.461934,Present,21.0,2019-07-21T11:45:00Z,33.0,CA - Marina Del Ray Jetty,Radiolarian,23.0,Partly cloudy,W,Incoming,,,,,NO,7.5,1.0,1,1,1.0,1,1,,,,1.0
2019-07-21T11:45:00Z,33.962698,-118.461934,Present,21.0,2019-07-21T11:45:00Z,33.0,CA - Marina Del Ray Jetty,Tintinnid,23.0,Partly cloudy,W,Incoming,,,,,NO,7.5,1.0,1,1,1.0,1,1,,,,1.0
2019-07-21T11:45:00Z,33.962698,-118.461934,Present,21.0,2019-07-21T11:45:00Z,33.0,CA - Marina Del Ray Jetty,Zooplankton,23.0,Partly cloudy,W,Incoming,,,,,NO,7.5,1.0,1,1,1.0,1,1,,,,1.0
2019-07-28T11:15:00Z,33.962698,-118.461934,Present,22.0,2019-07-28T11:15:00Z,33.0,CA - Marina Del Ray Jetty,Akashiwo sanguinea,24.0,Mostly cloudy,W,Outgoing,,,,,NO,7.5,1.0,1,1,1.0,1,1,,,,1.0
2019-07-28T11:15:00Z,33.962698,-118.461934,Present,22.0,2019-07-28T11:15:00Z,33.0,CA - Marina Del Ray Jetty,Asterionellopsis spp.,24.0,Mostly cloudy,W,Outgoing,,,,,NO,7.5,1.0,1,1,1.0,1,1,,,,1.0
2019-07-28T11:15:00Z,33.962698,-118.461934,Present,22.0,2019-07-28T11:15:00Z,33.0,CA - Marina Del Ray Jetty,Centric Diatom,24.0,Mostly cloudy,W,Outgoing,,,,,NO,7.5,1.0,1,1,1.0,1,1,,,,1.0
2019-07-28T11:15:00Z,33.962698,-118.461934,Present,22.0,2019-07-28T11:15:00Z,33.0,CA - Marina Del Ray Jetty,Ceratium furca,24.0,Mostly cloudy,W,Outgoing,,,,,NO,7.5,1.0,1,1,1.0,1,1,,,,1.0
2019-07-28T11:15:00Z,33.962698,-118.461934,Present,22.0,2019-07-28T11:15:00Z,33.0,CA - Marina Del Ray Jetty,Ceratium fusus,24.0,Mostly cloudy,W,Outgoing,,,,,NO,7.5,1.0,1,1,1.0,1,1,,,,1.0
2019-07-28T11:15:00Z,33.962698,-118.461934,Present,22.0,2019-07-28T11:15:00Z,33.0,CA - Marina Del Ray Jetty,Chaetoceros spp.,24.0,Mostly cloudy,W,Outgoing,,,,,NO,7.5,1.0,1,1,1.0,1,1,,,,1.0
2019-07-28T11:15:00Z,33.962698,-118.461934,Present,22.0,2019-07-28T11:15:00Z,33.0,CA - Marina Del Ray Jetty,Coscinodiscus spp.,24.0,Mostly cloudy,W,Outgoing,,,,,NO,7.5,1.0,1,1,1.0,1,1,,,,1.0
2019-07-28T11:15:00Z,33.962698,-118.461934,Present,22.0,2019-07-28T11:15:00Z,33.0,CA - Marina Del Ray Jetty,Dactyliosen,24.0,Mostly cloudy,W,Outgoing,,,,,NO,7.5,1.0,1,1,1.0,1,1,,,,1.0
2019-07-28T11:15:00Z,33.962698,-118.461934,Present,22.0,2019-07-28T11:15:00Z,33.0,CA - Marina Del Ray Jetty,Dinoflagellates,24.0,Mostly cloudy,W,Outgoing,,,,,NO,7.5,1.0,1,1,1.0,1,1,,,,1.0
2019-07-28T11:15:00Z,33.962698,-118.461934,Present,22.0,2019-07-28T11:15:00Z,33.0,CA - Marina Del Ray Jetty,Dinophysis spp.,24.0,Mostly cloudy,W,Outgoing,,,,,NO,7.5,1.0,1,1,1.0,1,1,,,,1.0
2019-07-28T11:15:00Z,33.962698,-118.461934,Present,22.0,2019-07-28T11:15:00Z,33.0,CA - Marina Del Ray Jetty,Guinardia spp.,24.0,Mostly cloudy,W,Outgoing,,,,,NO,7.5,1.0,1,1,1.0,1,1,,,,1.0
2019-07-28T11:15:00Z,33.962698,-118.461934,Present,22.0,2019-07-28T11:15:00Z,33.0,CA - Marina Del Ray Jetty,Leptocylindrus spp.,24.0,Mostly cloudy,W,Outgoing,,,,,NO,7.5,1.0,1,1,1.0,1,1,,,,1.0
2019-07-28T11:15:00Z,33.962698,-118.461934,Present,22.0,2019-07-28T11:15:00Z,33.0,CA - Marina Del Ray Jetty,Lingulodinium spp.,24.0,Mostly cloudy,W,Outgoing,,,,,NO,7.5,1.0,1,1,1.0,1,1,,,,1.0
2019-07-28T11:15:00Z,33.962698,-118.461934,Present,22.0,2019-07-28T11:15:00Z,33.0,CA - Marina Del Ray Jetty,Nauplius,24.0,Mostly cloudy,W,Outgoing,,,,,NO,7.5,1.0,1,1,1.0,1,1,,,,1.0
2019-07-28T11:15:00Z,33.962698,-118.461934,Present,22.0,2019-07-28T11:15:00Z,33.0,CA - Marina Del Ray Jetty,Pennate Diatom,24.0,Mostly cloudy,W,Outgoing,,,,,NO,7.5,1.0,1,1,1.0,1,1,,,,1.0
2019-07-28T11:15:00Z,33.962698,-118.461934,Present,22.0,2019-07-28T11:15:00Z,33.0,CA - Marina Del Ray Jetty,Proboscia spp.,24.0,Mostly cloudy,W,Outgoing,,,,,NO,7.5,1.0,1,1,1.0,1,1,,,,1.0
2019-07-28T11:15:00Z,33.962698,-118.461934,Present,22.0,2019-07-28T11:15:00Z,33.0,CA - Marina Del Ray Jetty,Protoperidinium spp.,24.0,Mostly cloudy,W,Outgoing,,,,,NO,7.5,1.0,1,1,1.0,1,1,,,,1.0
2019-07-28T11:15:00Z,33.962698,-118.461934,Present,22.0,2019-07-28T11:15:00Z,33.0,CA - Marina Del Ray Jetty,Pseudo-nitzschia spp.,24.0,Mostly cloudy,W,Outgoing,,,,,NO,7.5,1.0,1,1,1.0,1,1,,,,1.0
2019-07-28T11:15:00Z,33.962698,-118.461934,Present,22.0,2019-07-28T11:15:00Z,33.0,CA - Marina Del Ray Jetty,Rhizosolenia spp.,24.0,Mostly cloudy,W,Outgoing,,,,,NO,7.5,1.0,1,1,1.0,1,1,,,,1.0
2019-07-28T11:15:00Z,33.962698,-118.461934,Present,22.0,2019-07-28T11:15:00Z,33.0,CA - Marina Del Ray Jetty,Tintinnid,24.0,Mostly cloudy,W,Outgoing,,,,,NO,7.5,1.0,1,1,1.0,1,1,,,,1.0
2019-07-28T11:15:00Z,33.962698,-118.461934,Present,22.0,2019-07-28T11:15:00Z,33.0,CA - Marina Del Ray Jetty,Zooplankton,24.0,Mostly cloudy,W,Outgoing,,,,,NO,7.5,1.0,1,1,1.0,1,1,,,,1.0
2019-08-04T11:30:00Z,33.962698,-118.461934,Present,21.0,2019-08-04T11:30:00Z,33.0,CA - Marina Del Ray Jetty,Asterionellopsis spp.,22.0,Partly cloudy,SW,Incoming,,,,,NO,7.5,1.0,1,1,1.0,1,1,,,,1.0
2019-08-04T11:30:00Z,33.962698,-118.461934,Present,21.0,2019-08-04T11:30:00Z,33.0,CA - Marina Del Ray Jetty,Asteromphalus,22.0,Partly cloudy,SW,Incoming,,,,,NO,7.5,1.0,1,1,1.0,1,1,,,,1.0
2019-08-04T11:30:00Z,33.962698,-118.461934,Present,21.0,2019-08-04T11:30:00Z,33.0,CA - Marina Del Ray Jetty,Biddulphia spp.,22.0,Partly cloudy,SW,Incoming,,,,,NO,7.5,1.0,1,1,1.0,1,1,,,,1.0
2019-08-04T11:30:00Z,33.962698,-118.461934,Present,21.0,2019-08-04T11:30:00Z,33.0,CA - Marina Del Ray Jetty,Centric Diatom,22.0,Partly cloudy,SW,Incoming,,,,,NO,7.5,1.0,1,1,1.0,1,1,,,,1.0
2019-08-04T11:30:00Z,33.962698,-118.461934,Present,21.0,2019-08-04T11:30:00Z,33.0,CA - Marina Del Ray Jetty,Ceratium furca,22.0,Partly cloudy,SW,Incoming,,,,,NO,7.5,1.0,1,1,1.0,1,1,,,,1.0
2019-08-04T11:30:00Z,33.962698,-118.461934,Present,21.0,2019-08-04T11:30:00Z,33.0,CA - Marina Del Ray Jetty,Chaetoceros spp.,22.0,Partly cloudy,SW,Incoming,,,,,NO,7.5,1.0,1,1,1.0,1,1,,,,1.0
2019-08-04T11:30:00Z,33.962698,-118.461934,Present,21.0,2019-08-04T11:30:00Z,33.0,CA - Marina Del Ray Jetty,Ciliate,22.0,Partly cloudy,SW,Incoming,,,,,NO,7.5,1.0,1,1,1.0,1,1,,,,1.0
2019-08-04T11:30:00Z,33.962698,-118.461934,Present,21.0,2019-08-04T11:30:00Z,33.0,CA - Marina Del Ray Jetty,Cochlodinium spp.,22.0,Partly cloudy,SW,Incoming,,,,,NO,7.5,1.0,1,1,1.0,1,1,,,,1.0
2019-08-04T11:30:00Z,33.962698,-118.461934,Present,21.0,2019-08-04T11:30:00Z,33.0,CA - Marina Del Ray Jetty,Copepod,22.0,Partly cloudy,SW,Incoming,,,,,NO,7.5,1.0,1,1,1.0,1,1,,,,1.0
2019-08-04T11:30:00Z,33.962698,-118.461934,Present,21.0,2019-08-04T11:30:00Z,33.0,CA - Marina Del Ray Jetty,Dinoflagellates,22.0,Partly cloudy,SW,Incoming,,,,,NO,7.5,1.0,1,1,1.0,1,1,,,,1.0
2019-08-04T11:30:00Z,33.962698,-118.461934,Present,21.0,2019-08-04T11:30:00Z,33.0,CA - Marina Del Ray Jetty,Dinophysis spp.,22.0,Partly cloudy,SW,Incoming,,,,,NO,7.5,1.0,1,1,1.0,1,1,,,,1.0
2019-08-04T11:30:00Z,33.962698,-118.461934,Present,21.0,2019-08-04T11:30:00Z,33.0,CA - Marina Del Ray Jetty,Hemiaulus spp.,22.0,Partly cloudy,SW,Incoming,,,,,NO,7.5,1.0,1,1,1.0,1,1,,,,1.0
2019-08-04T11:30:00Z,33.962698,-118.461934,Present,21.0,2019-08-04T11:30:00Z,33.0,CA - Marina Del Ray Jetty,Lingulodinium spp.,22.0,Partly cloudy,SW,Incoming,,,,,NO,7.5,1.0,1,1,1.0,1,1,,,,1.0
2019-08-04T11:30:00Z,33.962698,-118.461934,Present,21.0,2019-08-04T11:30:00Z,33.0,CA - Marina Del Ray Jetty,Navicula spp.,22.0,Partly cloudy,SW,Incoming,,,,,NO,7.5,1.0,1,1,1.0,1,1,,,,1.0
2019-08-04T11:30:00Z,33.962698,-118.461934,Present,21.0,2019-08-04T11:30:00Z,33.0,CA - Marina Del Ray Jetty,Oblea spp.,22.0,Partly cloudy,SW,Incoming,,,,,NO,7.5,1.0,1,1,1.0,1,1,,,,1.0
2019-08-04T11:30:00Z,33.962698,-118.461934,Present,21.0,2019-08-04T11:30:00Z,33.0,CA - Marina Del Ray Jetty,Pennate Diatom,22.0,Partly cloudy,SW,Incoming,,,,,NO,7.5,1.0,1,1,1.0,1,1,,,,1.0
2019-08-04T11:30:00Z,33.962698,-118.461934,Present,21.0,2019-08-04T11:30:00Z,33.0,CA - Marina Del Ray Jetty,Pleurosigma spp.,22.0,Partly cloudy,SW,Incoming,,,,,NO,7.5,1.0,1,1,1.0,1,1,,,,1.0
2019-08-04T11:30:00Z,33.962698,-118.461934,Present,21.0,2019-08-04T11:30:00Z,33.0,CA - Marina Del Ray Jetty,,22.0,Partly cloudy,SW,Incoming,,,,,NO,7.5,1.0,1,1,1.0,1,1,,,,1.0
2019-08-04T11:30:00Z,33.962698,-118.461934,Present,21.0,2019-08-04T11:30:00Z,33.0,CA - Marina Del Ray Jetty,Protoperidinium spp.,22.0,Partly cloudy,SW,Incoming,,,,,NO,7.5,1.0,1,1,1.0,1,1,,,,1.0
2019-08-04T11:30:00Z,33.962698,-118.461934,Present,21.0,2019-08-04T11:30:00Z,33.0,CA - Marina Del Ray Jetty,Pseudo-nitzschia spp.,22.0,Partly cloudy,SW,Incoming,,,,,NO,7.5,1.0,1,1,1.0,1,1,,,,1.0
2019-08-04T11:30:00Z,33.962698,-118.461934,Present,21.0,2019-08-04T11:30:00Z,33.0,CA - Marina Del Ray Jetty,Rhizosolenia spp.,22.0,Partly cloudy,SW,Incoming,,,,,NO,7.5,1.0,1,1,1.0,1,1,,,,1.0
2019-08-04T11:30:00Z,33.962698,-118.461934,Present,21.0,2019-08-04T11:30:00Z,33.0,CA - Marina Del Ray Jetty,Zooplankton,22.0,Partly cloudy,SW,Incoming,,,,,NO,7.5,1.0,1,1,1.0,1,1,,,,1.0
2019-08-11T11:15:00Z,33.962698,-118.461934,Present,22.0,2019-08-11T11:15:00Z,22.0,CA - Marina Del Ray Jetty,Actinoptychus spp.,22.0,Sunny,SW,Incoming,,,,,NO,12.5,1.0,1,1,1.0,1,1,,,,1.0
2019-08-11T11:15:00Z,33.962698,-118.461934,Present,22.0,2019-08-11T11:15:00Z,22.0,CA - Marina Del Ray Jetty,Centric Diatom,22.0,Sunny,SW,Incoming,,,,,NO,12.5,1.0,1,1,1.0,1,1,,,,1.0
2019-08-11T11:15:00Z,33.962698,-118.461934,Present,22.0,2019-08-11T11:15:00Z,22.0,CA - Marina Del Ray Jetty,Ceratium furca,22.0,Sunny,SW,Incoming,,,,,NO,12.5,1.0,1,1,1.0,1,1,,,,1.0
2019-08-11T11:15:00Z,33.962698,-118.461934,Present,22.0,2019-08-11T11:15:00Z,22.0,CA - Marina Del Ray Jetty,Ceratium fusus,22.0,Sunny,SW,Incoming,,,,,NO,12.5,1.0,1,1,1.0,1,1,,,,1.0
2019-08-11T11:15:00Z,33.962698,-118.461934,Present,22.0,2019-08-11T11:15:00Z,22.0,CA - Marina Del Ray Jetty,Chaetoceros spp.,22.0,Sunny,SW,Incoming,,,,,NO,12.5,1.0,1,1,1.0,1,1,,,,1.0
2019-08-11T11:15:00Z,33.962698,-118.461934,Present,22.0,2019-08-11T11:15:00Z,22.0,CA - Marina Del Ray Jetty,Cochlodinium spp.,22.0,Sunny,SW,Incoming,,,,,NO,12.5,1.0,1,1,1.0,1,1,,,,1.0
2019-08-11T11:15:00Z,33.962698,-118.461934,Present,22.0,2019-08-11T11:15:00Z,22.0,CA - Marina Del Ray Jetty,Copepod,22.0,Sunny,SW,Incoming,,,,,NO,12.5,1.0,1,1,1.0,1,1,,,,1.0
2019-08-11T11:15:00Z,33.962698,-118.461934,Present,22.0,2019-08-11T11:15:00Z,22.0,CA - Marina Del Ray Jetty,Coscinodiscus spp.,22.0,Sunny,SW,Incoming,,,,,NO,12.5,1.0,1,1,1.0,1,1,,,,1.0
2019-08-11T11:15:00Z,33.962698,-118.461934,Present,22.0,2019-08-11T11:15:00Z,22.0,CA - Marina Del Ray Jetty,Cyanobacteria,22.0,Sunny,SW,Incoming,,,,,NO,12.5,1.0,1,1,1.0,1,1,,,,1.0
2019-08-11T11:15:00Z,33.962698,-118.461934,Present,22.0,2019-08-11T11:15:00Z,22.0,CA - Marina Del Ray Jetty,Dinoflagellates,22.0,Sunny,SW,Incoming,,,,,NO,12.5,1.0,1,1,1.0,1,1,,,,1.0
2019-08-11T11:15:00Z,33.962698,-118.461934,Present,22.0,2019-08-11T11:15:00Z,22.0,CA - Marina Del Ray Jetty,Dinophysis spp.,22.0,Sunny,SW,Incoming,,,,,NO,12.5,1.0,1,1,1.0,1,1,,,,1.0
2019-08-11T11:15:00Z,33.962698,-118.461934,Present,22.0,2019-08-11T11:15:00Z,22.0,CA - Marina Del Ray Jetty,Hemiaulus spp.,22.0,Sunny,SW,Incoming,,,,,NO,12.5,1.0,1,1,1.0,1,1,,,,1.0
2019-08-11T11:15:00Z,33.962698,-118.461934,Present,22.0,2019-08-11T11:15:00Z,22.0,CA - Marina Del Ray Jetty,Leptocylindrus spp.,22.0,Sunny,SW,Incoming,,,,,NO,12.5,1.0,1,1,1.0,1,1,,,,1.0
2019-08-11T11:15:00Z,33.962698,-118.461934,Present,22.0,2019-08-11T11:15:00Z,22.0,CA - Marina Del Ray Jetty,Lingulodinium spp.,22.0,Sunny,SW,Incoming,,,,,NO,12.5,1.0,1,1,1.0,1,1,,,,1.0
2019-08-11T11:15:00Z,33.962698,-118.461934,Present,22.0,2019-08-11T11:15:00Z,22.0,CA - Marina Del Ray Jetty,Prorocentrum spp.,22.0,Sunny,SW,Incoming,,,,,NO,12.5,1.0,1,1,1.0,1,1,,,,1.0
2019-08-11T11:15:00Z,33.962698,-118.461934,Present,22.0,2019-08-11T11:15:00Z,22.0,CA - Marina Del Ray Jetty,Protoperidinium spp.,22.0,Sunny,SW,Incoming,,,,,NO,12.5,1.0,1,1,1.0,1,1,,,,1.0
2019-08-11T11:15:00Z,33.962698,-118.461934,Present,22.0,2019-08-11T11:15:00Z,22.0,CA - Marina Del Ray Jetty,Pseudo-nitzschia spp.,22.0,Sunny,SW,Incoming,,,,,NO,12.5,1.0,1,1,1.0,1,1,,,,1.0
2019-08-11T11:15:00Z,33.962698,-118.461934,Present,22.0,2019-08-11T11:15:00Z,22.0,CA - Marina Del Ray Jetty,Rhizosolenia spp.,22.0,Sunny,SW,Incoming,,,,,NO,12.5,1.0,1,1,1.0,1,1,,,,1.0
2019-08-11T11:15:00Z,33.962698,-118.461934,Present,22.0,2019-08-11T11:15:00Z,22.0,CA - Marina Del Ray Jetty,Tintinnid,22.0,Sunny,SW,Incoming,,,,,NO,12.5,1.0,1,1,1.0,1,1,,,,1.0
2019-08-11T11:15:00Z,33.962698,-118.461934,Present,22.0,2019-08-11T11:15:00Z,22.0,CA - Marina Del Ray Jetty,Zooplankton,22.0,Sunny,SW,Incoming,,,,,NO,12.5,1.0,1,1,1.0,1,1,,,,1.0
2019-08-18T11:15:00Z,33.962698,-118.461934,Present,22.0,2019-08-18T11:15:00Z,34.0,CA - Marina Del Ray Jetty,Asterionellopsis spp.,22.0,Partly cloudy,SW,Full high tide,,,,,"High number of Lingulodinium, but not a bloom.",7.5,1.0,1,1,1.0,1,1,,,,1.0
2019-08-18T11:15:00Z,33.962698,-118.461934,Present,22.0,2019-08-18T11:15:00Z,34.0,CA - Marina Del Ray Jetty,Centric Diatom,22.0,Partly cloudy,SW,Full high tide,,,,,"High number of Lingulodinium, but not a bloom.",7.5,1.0,1,1,1.0,1,1,,,,1.0
2019-08-18T11:15:00Z,33.962698,-118.461934,Present,22.0,2019-08-18T11:15:00Z,34.0,CA - Marina Del Ray Jetty,Ceratium furca,22.0,Partly cloudy,SW,Full high tide,,,,,"High number of Lingulodinium, but not a bloom.",7.5,1.0,1,1,1.0,1,1,,,,1.0
2019-08-18T11:15:00Z,33.962698,-118.461934,Present,22.0,2019-08-18T11:15:00Z,34.0,CA - Marina Del Ray Jetty,Ceratium fusus,22.0,Partly cloudy,SW,Full high tide,,,,,"High number of Lingulodinium, but not a bloom.",7.5,1.0,1,1,1.0,1,1,,,,1.0
2019-08-18T11:15:00Z,33.962698,-118.461934,Present,22.0,2019-08-18T11:15:00Z,34.0,CA - Marina Del Ray Jetty,Chaetoceros spp.,22.0,Partly cloudy,SW,Full high tide,,,,,"High number of Lingulodinium, but not a bloom.",7.5,1.0,1,1,1.0,1,1,,,,1.0
2019-08-18T11:15:00Z,33.962698,-118.461934,Present,22.0,2019-08-18T11:15:00Z,34.0,CA - Marina Del Ray Jetty,Ciliate,22.0,Partly cloudy,SW,Full high tide,,,,,"High number of Lingulodinium, but not a bloom.",7.5,1.0,1,1,1.0,1,1,,,,1.0
2019-08-18T11:15:00Z,33.962698,-118.461934,Present,22.0,2019-08-18T11:15:00Z,34.0,CA - Marina Del Ray Jetty,Cochlodinium spp.,22.0,Partly cloudy,SW,Full high tide,,,,,"High number of Lingulodinium, but not a bloom.",7.5,1.0,1,1,1.0,1,1,,,,1.0
2019-08-18T11:15:00Z,33.962698,-118.461934,Present,22.0,2019-08-18T11:15:00Z,34.0,CA - Marina Del Ray Jetty,Copepod,22.0,Partly cloudy,SW,Full high tide,,,,,"High number of Lingulodinium, but not a bloom.",7.5,1.0,1,1,1.0,1,1,,,,1.0
2019-08-18T11:15:00Z,33.962698,-118.461934,Present,22.0,2019-08-18T11:15:00Z,34.0,CA - Marina Del Ray Jetty,Dictyocha spp.,22.0,Partly cloudy,SW,Full high tide,,,,,"High number of Lingulodinium, but not a bloom.",7.5,1.0,1,1,1.0,1,1,,,,1.0
2019-08-18T11:15:00Z,33.962698,-118.461934,Present,22.0,2019-08-18T11:15:00Z,34.0,CA - Marina Del Ray Jetty,Dinoflagellates,22.0,Partly cloudy,SW,Full high tide,,,,,"High number of Lingulodinium, but not a bloom.",7.5,1.0,1,1,1.0,1,1,,,,1.0
2019-08-18T11:15:00Z,33.962698,-118.461934,Present,22.0,2019-08-18T11:15:00Z,34.0,CA - Marina Del Ray Jetty,Dinophysis spp.,22.0,Partly cloudy,SW,Full high tide,,,,,"High number of Lingulodinium, but not a bloom.",7.5,1.0,1,1,1.0,1,1,,,,1.0
2019-08-18T11:15:00Z,33.962698,-118.461934,Present,22.0,2019-08-18T11:15:00Z,34.0,CA - Marina Del Ray Jetty,Lingulodinium spp.,22.0,Partly cloudy,SW,Full high tide,,,,,"High number of Lingulodinium, but not a bloom.",7.5,1.0,1,1,1.0,1,1,,,,1.0
2019-08-18T11:15:00Z,33.962698,-118.461934,Present,22.0,2019-08-18T11:15:00Z,34.0,CA - Marina Del Ray Jetty,Protoperidinium spp.,22.0,Partly cloudy,SW,Full high tide,,,,,"High number of Lingulodinium, but not a bloom.",7.5,1.0,1,1,1.0,1,1,,,,1.0
2019-08-18T11:15:00Z,33.962698,-118.461934,Present,22.0,2019-08-18T11:15:00Z,34.0,CA - Marina Del Ray Jetty,Pseudo-nitzschia spp.,22.0,Partly cloudy,SW,Full high tide,,,,,"High number of Lingulodinium, but not a bloom.",7.5,1.0,1,1,1.0,1,1,,,,1.0
2019-08-18T11:15:00Z,33.962698,-118.461934,Present,22.0,2019-08-18T11:15:00Z,34.0,CA - Marina Del Ray Jetty,Radiolarian,22.0,Partly cloudy,SW,Full high tide,,,,,"High number of Lingulodinium, but not a bloom.",7.5,1.0,1,1,1.0,1,1,,,,1.0
2019-08-18T11:15:00Z,33.962698,-118.461934,Present,22.0,2019-08-18T11:15:00Z,34.0,CA - Marina Del Ray Jetty,Rhizosolenia spp.,22.0,Partly cloudy,SW,Full high tide,,,,,"High number of Lingulodinium, but not a bloom.",7.5,1.0,1,1,1.0,1,1,,,,1.0
2019-08-18T11:15:00Z,33.962698,-118.461934,Present,22.0,2019-08-18T11:15:00Z,34.0,CA - Marina Del Ray Jetty,Stephanopyxis spp.,22.0,Partly cloudy,SW,Full high tide,,,,,"High number of Lingulodinium, but not a bloom.",7.5,1.0,1,1,1.0,1,1,,,,1.0
2019-08-18T11:15:00Z,33.962698,-118.461934,Present,22.0,2019-08-18T11:15:00Z,34.0,CA - Marina Del Ray Jetty,Tintinnid,22.0,Partly cloudy,SW,Full high tide,,,,,"High number of Lingulodinium, but not a bloom.",7.5,1.0,1,1,1.0,1,1,,,,1.0
2019-08-18T11:15:00Z,33.962698,-118.461934,Present,22.0,2019-08-18T11:15:00Z,34.0,CA - Marina Del Ray Jetty,Zooplankton,22.0,Partly cloudy,SW,Full high tide,,,,,"High number of Lingulodinium, but not a bloom.",7.5,1.0,1,1,1.0,1,1,,,,1.0
2019-08-25T10:00:00Z,33.962698,-118.461934,Present,22.8,2019-08-25T10:00:00Z,33.0,CA - Marina Del Ray Jetty,Asterionellopsis spp.,23.7,Mostly cloudy,SW,Incoming,,,,,NO,7.5,1.0,1,1,1.0,1,1,,,,1.0
2019-08-25T10:00:00Z,33.962698,-118.461934,Present,22.8,2019-08-25T10:00:00Z,33.0,CA - Marina Del Ray Jetty,Centric Diatom,23.7,Mostly cloudy,SW,Incoming,,,,,NO,7.5,1.0,1,1,1.0,1,1,,,,1.0
2019-08-25T10:00:00Z,33.962698,-118.461934,Present,22.8,2019-08-25T10:00:00Z,33.0,CA - Marina Del Ray Jetty,Ceratium furca,23.7,Mostly cloudy,SW,Incoming,,,,,NO,7.5,1.0,1,1,1.0,1,1,,,,1.0
2019-08-25T10:00:00Z,33.962698,-118.461934,Present,22.8,2019-08-25T10:00:00Z,33.0,CA - Marina Del Ray Jetty,Ceratium fusus,23.7,Mostly cloudy,SW,Incoming,,,,,NO,7.5,1.0,1,1,1.0,1,1,,,,1.0
2019-08-25T10:00:00Z,33.962698,-118.461934,Present,22.8,2019-08-25T10:00:00Z,33.0,CA - Marina Del Ray Jetty,Chaetoceros spp.,23.7,Mostly cloudy,SW,Incoming,,,,,NO,7.5,1.0,1,1,1.0,1,1,,,,1.0
2019-08-25T10:00:00Z,33.962698,-118.461934,Present,22.8,2019-08-25T10:00:00Z,33.0,CA - Marina Del Ray Jetty,Cochlodinium spp.,23.7,Mostly cloudy,SW,Incoming,,,,,NO,7.5,1.0,1,1,1.0,1,1,,,,1.0
2019-08-25T10:00:00Z,33.962698,-118.461934,Present,22.8,2019-08-25T10:00:00Z,33.0,CA - Marina Del Ray Jetty,Coscinodiscus spp.,23.7,Mostly cloudy,SW,Incoming,,,,,NO,7.5,1.0,1,1,1.0,1,1,,,,1.0
2019-08-25T10:00:00Z,33.962698,-118.461934,Present,22.8,2019-08-25T10:00:00Z,33.0,CA - Marina Del Ray Jetty,Dinoflagellates,23.7,Mostly cloudy,SW,Incoming,,,,,NO,7.5,1.0,1,1,1.0,1,1,,,,1.0
2019-08-25T10:00:00Z,33.962698,-118.461934,Present,22.8,2019-08-25T10:00:00Z,33.0,CA - Marina Del Ray Jetty,Dinophysis spp.,23.7,Mostly cloudy,SW,Incoming,,,,,NO,7.5,1.0,1,1,1.0,1,1,,,,1.0
2019-08-25T10:00:00Z,33.962698,-118.461934,Present,22.8,2019-08-25T10:00:00Z,33.0,CA - Marina Del Ray Jetty,Lingulodinium spp.,23.7,Mostly cloudy,SW,Incoming,,,,,NO,7.5,1.0,1,1,1.0,1,1,,,,1.0
2019-08-25T10:00:00Z,33.962698,-118.461934,Present,22.8,2019-08-25T10:00:00Z,33.0,CA - Marina Del Ray Jetty,Nitzschia spp.,23.7,Mostly cloudy,SW,Incoming,,,,,NO,7.5,1.0,1,1,1.0,1,1,,,,1.0
2019-08-25T10:00:00Z,33.962698,-118.461934,Present,22.8,2019-08-25T10:00:00Z,33.0,CA - Marina Del Ray Jetty,Pennate Diatom,23.7,Mostly cloudy,SW,Incoming,,,,,NO,7.5,1.0,1,1,1.0,1,1,,,,1.0
2019-08-25T10:00:00Z,33.962698,-118.461934,Present,22.8,2019-08-25T10:00:00Z,33.0,CA - Marina Del Ray Jetty,Prorocentrum spp.,23.7,Mostly cloudy,SW,Incoming,,,,,NO,7.5,1.0,1,1,1.0,1,1,,,,1.0
2019-08-25T10:00:00Z,33.962698,-118.461934,Present,22.8,2019-08-25T10:00:00Z,33.0,CA - Marina Del Ray Jetty,Rhizosolenia spp.,23.7,Mostly cloudy,SW,Incoming,,,,,NO,7.5,1.0,1,1,1.0,1,1,,,,1.0
2019-08-25T10:00:00Z,33.962698,-118.461934,Present,22.8,2019-08-25T10:00:00Z,33.0,CA - Marina Del Ray Jetty,Stephanopyxis spp.,23.7,Mostly cloudy,SW,Incoming,,,,,NO,7.5,1.0,1,1,1.0,1,1,,,,1.0
2019-08-25T10:00:00Z,33.962698,-118.461934,Present,22.8,2019-08-25T10:00:00Z,33.0,CA - Marina Del Ray Jetty,Tintinnid,23.7,Mostly cloudy,SW,Incoming,,,,,NO,7.5,1.0,1,1,1.0,1,1,,,,1.0
2019-08-25T10:00:00Z,33.962698,-118.461934,Present,22.8,2019-08-25T10:00:00Z,33.0,CA - Marina Del Ray Jetty,Zooplankton,23.7,Mostly cloudy,SW,Incoming,,,,,NO,7.5,1.0,1,1,1.0,1,1,,,,1.0
2019-09-08T11:25:00Z,33.962698,-118.461934,Present,21.0,2019-09-08T11:25:00Z,33.0,CA - Marina Del Ray Jetty,Alexandrium spp.,23.0,Sunny,S,Outgoing,,,,,"Very high number of Lingulodinium, almost a bloom.",12.5,1.0,1,1,1.0,1,1,,,,1.0
2019-09-08T11:25:00Z,33.962698,-118.461934,Present,21.0,2019-09-08T11:25:00Z,33.0,CA - Marina Del Ray Jetty,Asterionellopsis spp.,23.0,Sunny,S,Outgoing,,,,,"Very high number of Lingulodinium, almost a bloom.",12.5,1.0,1,1,1.0,1,1,,,,1.0
2019-09-08T11:25:00Z,33.962698,-118.461934,Present,21.0,2019-09-08T11:25:00Z,33.0,CA - Marina Del Ray Jetty,Centric Diatom,23.0,Sunny,S,Outgoing,,,,,"Very high number of Lingulodinium, almost a bloom.",12.5,1.0,1,1,1.0,1,1,,,,1.0
2019-09-08T11:25:00Z,33.962698,-118.461934,Present,21.0,2019-09-08T11:25:00Z,33.0,CA - Marina Del Ray Jetty,Ceratium furca,23.0,Sunny,S,Outgoing,,,,,"Very high number of Lingulodinium, almost a bloom.",12.5,1.0,1,1,1.0,1,1,,,,1.0
2019-09-08T11:25:00Z,33.962698,-118.461934,Present,21.0,2019-09-08T11:25:00Z,33.0,CA - Marina Del Ray Jetty,Ceratium fusus,23.0,Sunny,S,Outgoing,,,,,"Very high number of Lingulodinium, almost a bloom.",12.5,1.0,1,1,1.0,1,1,,,,1.0
2019-09-08T11:25:00Z,33.962698,-118.461934,Present,21.0,2019-09-08T11:25:00Z,33.0,CA - Marina Del Ray Jetty,Ceratium longipes,23.0,Sunny,S,Outgoing,,,,,"Very high number of Lingulodinium, almost a bloom.",12.5,1.0,1,1,1.0,1,1,,,,1.0
2019-09-08T11:25:00Z,33.962698,-118.461934,Present,21.0,2019-09-08T11:25:00Z,33.0,CA - Marina Del Ray Jetty,Chaetoceros spp.,23.0,Sunny,S,Outgoing,,,,,"Very high number of Lingulodinium, almost a bloom.",12.5,1.0,1,1,1.0,1,1,,,,1.0
2019-09-08T11:25:00Z,33.962698,-118.461934,Present,21.0,2019-09-08T11:25:00Z,33.0,CA - Marina Del Ray Jetty,Copepod,23.0,Sunny,S,Outgoing,,,,,"Very high number of Lingulodinium, almost a bloom.",12.5,1.0,1,1,1.0,1,1,,,,1.0
2019-09-08T11:25:00Z,33.962698,-118.461934,Present,21.0,2019-09-08T11:25:00Z,33.0,CA - Marina Del Ray Jetty,Coscinodiscus spp.,23.0,Sunny,S,Outgoing,,,,,"Very high number of Lingulodinium, almost a bloom.",12.5,1.0,1,1,1.0,1,1,,,,1.0
2019-09-08T11:25:00Z,33.962698,-118.461934,Present,21.0,2019-09-08T11:25:00Z,33.0,CA - Marina Del Ray Jetty,Dactiliosolen,23.0,Sunny,S,Outgoing,,,,,"Very high number of Lingulodinium, almost a bloom.",12.5,1.0,1,1,1.0,1,1,,,,1.0
2019-09-08T11:25:00Z,33.962698,-118.461934,Present,21.0,2019-09-08T11:25:00Z,33.0,CA - Marina Del Ray Jetty,Dinoflagellates,23.0,Sunny,S,Outgoing,,,,,"Very high number of Lingulodinium, almost a bloom.",12.5,1.0,1,1,1.0,1,1,,,,1.0
2019-09-08T11:25:00Z,33.962698,-118.461934,Present,21.0,2019-09-08T11:25:00Z,33.0,CA - Marina Del Ray Jetty,Dinophysis spp.,23.0,Sunny,S,Outgoing,,,,,"Very high number of Lingulodinium, almost a bloom.",12.5,1.0,1,1,1.0,1,1,,,,1.0
2019-09-08T11:25:00Z,33.962698,-118.461934,Present,21.0,2019-09-08T11:25:00Z,33.0,CA - Marina Del Ray Jetty,Leptocylindrus spp.,23.0,Sunny,S,Outgoing,,,,,"Very high number of Lingulodinium, almost a bloom.",12.5,1.0,1,1,1.0,1,1,,,,1.0
2019-09-08T11:25:00Z,33.962698,-118.461934,Present,21.0,2019-09-08T11:25:00Z,33.0,CA - Marina Del Ray Jetty,Lingulodinium spp.,23.0,Sunny,S,Outgoing,,,,,"Very high number of Lingulodinium, almost a bloom.",12.5,1.0,1,1,1.0,1,1,,,,1.0
2019-09-08T11:25:00Z,33.962698,-118.461934,Present,21.0,2019-09-08T11:25:00Z,33.0,CA - Marina Del Ray Jetty,Prorocentrum spp.,23.0,Sunny,S,Outgoing,,,,,"Very high number of Lingulodinium, almost a bloom.",12.5,1.0,1,1,1.0,1,1,,,,1.0
2019-09-08T11:25:00Z,33.962698,-118.461934,Present,21.0,2019-09-08T11:25:00Z,33.0,CA - Marina Del Ray Jetty,Tintinnid,23.0,Sunny,S,Outgoing,,,,,"Very high number of Lingulodinium, almost a bloom.",12.5,1.0,1,1,1.0,1,1,,,,1.0
2019-09-08T11:25:00Z,33.962698,-118.461934,Present,21.0,2019-09-08T11:25:00Z,33.0,CA - Marina Del Ray Jetty,Zooplankton,23.0,Sunny,S,Outgoing,,,,,"Very high number of Lingulodinium, almost a bloom.",12.5,1.0,1,1,1.0,1,1,,,,1.0
2019-09-29T12:40:00Z,33.962698,-118.461934,Present,20.0,2019-09-29T12:40:00Z,34.0,CA - Marina Del Ray Jetty,Centric Diatom,22.0,Partly cloudy,SE,Incoming,,,,,NO,17.5,1.0,1,1,1.0,1,1,,,,1.0
2019-09-29T12:40:00Z,33.962698,-118.461934,Present,20.0,2019-09-29T12:40:00Z,34.0,CA - Marina Del Ray Jetty,Ceratium furca,22.0,Partly cloudy,SE,Incoming,,,,,NO,17.5,1.0,1,1,1.0,1,1,,,,1.0
2019-09-29T12:40:00Z,33.962698,-118.461934,Present,20.0,2019-09-29T12:40:00Z,34.0,CA - Marina Del Ray Jetty,Ceratium fusus,22.0,Partly cloudy,SE,Incoming,,,,,NO,17.5,1.0,1,1,1.0,1,1,,,,1.0
2019-09-29T12:40:00Z,33.962698,-118.461934,Present,20.0,2019-09-29T12:40:00Z,34.0,CA - Marina Del Ray Jetty,Chaetoceros spp.,22.0,Partly cloudy,SE,Incoming,,,,,NO,17.5,1.0,1,1,1.0,1,1,,,,1.0
2019-09-29T12:40:00Z,33.962698,-118.461934,Present,20.0,2019-09-29T12:40:00Z,34.0,CA - Marina Del Ray Jetty,Coscinodiscus spp.,22.0,Partly cloudy,SE,Incoming,,,,,NO,17.5,1.0,1,1,1.0,1,1,,,,1.0
2019-09-29T12:40:00Z,33.962698,-118.461934,Present,20.0,2019-09-29T12:40:00Z,34.0,CA - Marina Del Ray Jetty,Dinoflagellates,22.0,Partly cloudy,SE,Incoming,,,,,NO,17.5,1.0,1,1,1.0,1,1,,,,1.0
2019-09-29T12:40:00Z,33.962698,-118.461934,Present,20.0,2019-09-29T12:40:00Z,34.0,CA - Marina Del Ray Jetty,Guinardia spp.,22.0,Partly cloudy,SE,Incoming,,,,,NO,17.5,1.0,1,1,1.0,1,1,,,,1.0
2019-09-29T12:40:00Z,33.962698,-118.461934,Present,20.0,2019-09-29T12:40:00Z,34.0,CA - Marina Del Ray Jetty,Hemiaulus spp.,22.0,Partly cloudy,SE,Incoming,,,,,NO,17.5,1.0,1,1,1.0,1,1,,,,1.0
2019-09-29T12:40:00Z,33.962698,-118.461934,Present,20.0,2019-09-29T12:40:00Z,34.0,CA - Marina Del Ray Jetty,Lingulodinium spp.,22.0,Partly cloudy,SE,Incoming,,,,,NO,17.5,1.0,1,1,1.0,1,1,,,,1.0
2019-09-29T12:40:00Z,33.962698,-118.461934,Present,20.0,2019-09-29T12:40:00Z,34.0,CA - Marina Del Ray Jetty,Nauplius,22.0,Partly cloudy,SE,Incoming,,,,,NO,17.5,1.0,1,1,1.0,1,1,,,,1.0
2019-09-29T12:40:00Z,33.962698,-118.461934,Present,20.0,2019-09-29T12:40:00Z,34.0,CA - Marina Del Ray Jetty,Odontella spp.,22.0,Partly cloudy,SE,Incoming,,,,,NO,17.5,1.0,1,1,1.0,1,1,,,,1.0
2019-09-29T12:40:00Z,33.962698,-118.461934,Present,20.0,2019-09-29T12:40:00Z,34.0,CA - Marina Del Ray Jetty,Pennate Diatom,22.0,Partly cloudy,SE,Incoming,,,,,NO,17.5,1.0,1,1,1.0,1,1,,,,1.0
2019-09-29T12:40:00Z,33.962698,-118.461934,Present,20.0,2019-09-29T12:40:00Z,34.0,CA - Marina Del Ray Jetty,Pleurosigma spp.,22.0,Partly cloudy,SE,Incoming,,,,,NO,17.5,1.0,1,1,1.0,1,1,,,,1.0
2019-09-29T12:40:00Z,33.962698,-118.461934,Present,20.0,2019-09-29T12:40:00Z,34.0,CA - Marina Del Ray Jetty,Prorocentrum spp.,22.0,Partly cloudy,SE,Incoming,,,,,NO,17.5,1.0,1,1,1.0,1,1,,,,1.0
2019-09-29T12:40:00Z,33.962698,-118.461934,Present,20.0,2019-09-29T12:40:00Z,34.0,CA - Marina Del Ray Jetty,Pseudo-nitzschia spp.,22.0,Partly cloudy,SE,Incoming,,,,,NO,17.5,1.0,1,1,1.0,1,1,,,,1.0
2019-09-29T12:40:00Z,33.962698,-118.461934,Present,20.0,2019-09-29T12:40:00Z,34.0,CA - Marina Del Ray Jetty,Zooplankton,22.0,Partly cloudy,SE,Incoming,,,,,NO,17.5,1.0,1,1,1.0,1,1,,,,1.0
2019-10-06T12:05:00Z,33.962698,-118.461934,Present,23.0,2019-10-06T12:05:00Z,33.0,CA - Marina Del Ray Jetty,Actinoptychus spp.,22.0,Sunny,W,Incoming,,,,,NO,7.5,1.0,1,1,1.0,1,1,,,,1.0
2019-10-06T12:05:00Z,33.962698,-118.461934,Present,23.0,2019-10-06T12:05:00Z,33.0,CA - Marina Del Ray Jetty,Astermphalus,22.0,Sunny,W,Incoming,,,,,NO,7.5,1.0,1,1,1.0,1,1,,,,1.0
2019-10-06T12:05:00Z,33.962698,-118.461934,Present,23.0,2019-10-06T12:05:00Z,33.0,CA - Marina Del Ray Jetty,Centric Diatom,22.0,Sunny,W,Incoming,,,,,NO,7.5,1.0,1,1,1.0,1,1,,,,1.0
2019-10-06T12:05:00Z,33.962698,-118.461934,Present,23.0,2019-10-06T12:05:00Z,33.0,CA - Marina Del Ray Jetty,Ceratium furca,22.0,Sunny,W,Incoming,,,,,NO,7.5,1.0,1,1,1.0,1,1,,,,1.0
2019-10-06T12:05:00Z,33.962698,-118.461934,Present,23.0,2019-10-06T12:05:00Z,33.0,CA - Marina Del Ray Jetty,Ceratium fusus,22.0,Sunny,W,Incoming,,,,,NO,7.5,1.0,1,1,1.0,1,1,,,,1.0
2019-10-06T12:05:00Z,33.962698,-118.461934,Present,23.0,2019-10-06T12:05:00Z,33.0,CA - Marina Del Ray Jetty,Chaetoceros spp.,22.0,Sunny,W,Incoming,,,,,NO,7.5,1.0,1,1,1.0,1,1,,,,1.0
2019-10-06T12:05:00Z,33.962698,-118.461934,Present,23.0,2019-10-06T12:05:00Z,33.0,CA - Marina Del Ray Jetty,Copepod,22.0,Sunny,W,Incoming,,,,,NO,7.5,1.0,1,1,1.0,1,1,,,,1.0
2019-10-06T12:05:00Z,33.962698,-118.461934,Present,23.0,2019-10-06T12:05:00Z,33.0,CA - Marina Del Ray Jetty,Detonula spp.,22.0,Sunny,W,Incoming,,,,,NO,7.5,1.0,1,1,1.0,1,1,,,,1.0
2019-10-06T12:05:00Z,33.962698,-118.461934,Present,23.0,2019-10-06T12:05:00Z,33.0,CA - Marina Del Ray Jetty,Dinoflagellates,22.0,Sunny,W,Incoming,,,,,NO,7.5,1.0,1,1,1.0,1,1,,,,1.0
2019-10-06T12:05:00Z,33.962698,-118.461934,Present,23.0,2019-10-06T12:05:00Z,33.0,CA - Marina Del Ray Jetty,Dinophysis spp.,22.0,Sunny,W,Incoming,,,,,NO,7.5,1.0,1,1,1.0,1,1,,,,1.0
2019-10-06T12:05:00Z,33.962698,-118.461934,Present,23.0,2019-10-06T12:05:00Z,33.0,CA - Marina Del Ray Jetty,Guinardia spp.,22.0,Sunny,W,Incoming,,,,,NO,7.5,1.0,1,1,1.0,1,1,,,,1.0
2019-10-06T12:05:00Z,33.962698,-118.461934,Present,23.0,2019-10-06T12:05:00Z,33.0,CA - Marina Del Ray Jetty,Leptocylindrus spp.,22.0,Sunny,W,Incoming,,,,,NO,7.5,1.0,1,1,1.0,1,1,,,,1.0
2019-10-06T12:05:00Z,33.962698,-118.461934,Present,23.0,2019-10-06T12:05:00Z,33.0,CA - Marina Del Ray Jetty,Lingulodinium spp.,22.0,Sunny,W,Incoming,,,,,NO,7.5,1.0,1,1,1.0,1,1,,,,1.0
2019-10-06T12:05:00Z,33.962698,-118.461934,Present,23.0,2019-10-06T12:05:00Z,33.0,CA - Marina Del Ray Jetty,Odontella spp.,22.0,Sunny,W,Incoming,,,,,NO,7.5,1.0,1,1,1.0,1,1,,,,1.0
2019-10-06T12:05:00Z,33.962698,-118.461934,Present,23.0,2019-10-06T12:05:00Z,33.0,CA - Marina Del Ray Jetty,Prorocentrum spp.,22.0,Sunny,W,Incoming,,,,,NO,7.5,1.0,1,1,1.0,1,1,,,,1.0
2019-10-06T12:05:00Z,33.962698,-118.461934,Present,23.0,2019-10-06T12:05:00Z,33.0,CA - Marina Del Ray Jetty,Protoperidinium spp.,22.0,Sunny,W,Incoming,,,,,NO,7.5,1.0,1,1,1.0,1,1,,,,1.0
2019-10-06T12:05:00Z,33.962698,-118.461934,Present,23.0,2019-10-06T12:05:00Z,33.0,CA - Marina Del Ray Jetty,Rhizosolenia spp.,22.0,Sunny,W,Incoming,,,,,NO,7.5,1.0,1,1,1.0,1,1,,,,1.0
2019-10-06T12:05:00Z,33.962698,-118.461934,Present,23.0,2019-10-06T12:05:00Z,33.0,CA - Marina Del Ray Jetty,Tintinnid,22.0,Sunny,W,Incoming,,,,,NO,7.5,1.0,1,1,1.0,1,1,,,,1.0
2019-10-06T12:05:00Z,33.962698,-118.461934,Present,23.0,2019-10-06T12:05:00Z,33.0,CA - Marina Del Ray Jetty,Zooplankton,22.0,Sunny,W,Incoming,,,,,NO,7.5,1.0,1,1,1.0,1,1,,,,1.0
2019-10-13T11:45:00Z,33.962698,-118.461934,Present,22.6,2019-10-13T11:45:00Z,33.0,CA - Marina Del Ray Jetty,Asterionellopsis spp.,22.6,Partly cloudy,SE,Outgoing,,,,,NO,2.5,1.0,1,1,1.0,1,1,,,,1.0
2019-10-13T11:45:00Z,33.962698,-118.461934,Present,22.6,2019-10-13T11:45:00Z,33.0,CA - Marina Del Ray Jetty,Centric Diatom,22.6,Partly cloudy,SE,Outgoing,,,,,NO,2.5,1.0,1,1,1.0,1,1,,,,1.0
2019-10-13T11:45:00Z,33.962698,-118.461934,Present,22.6,2019-10-13T11:45:00Z,33.0,CA - Marina Del Ray Jetty,Ceratium furca,22.6,Partly cloudy,SE,Outgoing,,,,,NO,2.5,1.0,1,1,1.0,1,1,,,,1.0
2019-10-13T11:45:00Z,33.962698,-118.461934,Present,22.6,2019-10-13T11:45:00Z,33.0,CA - Marina Del Ray Jetty,Ceratium fusus,22.6,Partly cloudy,SE,Outgoing,,,,,NO,2.5,1.0,1,1,1.0,1,1,,,,1.0
2019-10-13T11:45:00Z,33.962698,-118.461934,Present,22.6,2019-10-13T11:45:00Z,33.0,CA - Marina Del Ray Jetty,Ceratium Longipes,22.6,Partly cloudy,SE,Outgoing,,,,,NO,2.5,1.0,1,1,1.0,1,1,,,,1.0
2019-10-13T11:45:00Z,33.962698,-118.461934,Present,22.6,2019-10-13T11:45:00Z,33.0,CA - Marina Del Ray Jetty,Chaetoceros spp.,22.6,Partly cloudy,SE,Outgoing,,,,,NO,2.5,1.0,1,1,1.0,1,1,,,,1.0
2019-10-13T11:45:00Z,33.962698,-118.461934,Present,22.6,2019-10-13T11:45:00Z,33.0,CA - Marina Del Ray Jetty,Cochlodinium spp.,22.6,Partly cloudy,SE,Outgoing,,,,,NO,2.5,1.0,1,1,1.0,1,1,,,,1.0
2019-10-13T11:45:00Z,33.962698,-118.461934,Present,22.6,2019-10-13T11:45:00Z,33.0,CA - Marina Del Ray Jetty,Copepod,22.6,Partly cloudy,SE,Outgoing,,,,,NO,2.5,1.0,1,1,1.0,1,1,,,,1.0
2019-10-13T11:45:00Z,33.962698,-118.461934,Present,22.6,2019-10-13T11:45:00Z,33.0,CA - Marina Del Ray Jetty,Dinoflagellates,22.6,Partly cloudy,SE,Outgoing,,,,,NO,2.5,1.0,1,1,1.0,1,1,,,,1.0
2019-10-13T11:45:00Z,33.962698,-118.461934,Present,22.6,2019-10-13T11:45:00Z,33.0,CA - Marina Del Ray Jetty,Dinophysis spp.,22.6,Partly cloudy,SE,Outgoing,,,,,NO,2.5,1.0,1,1,1.0,1,1,,,,1.0
2019-10-13T11:45:00Z,33.962698,-118.461934,Present,22.6,2019-10-13T11:45:00Z,33.0,CA - Marina Del Ray Jetty,Leptocylindrus spp.,22.6,Partly cloudy,SE,Outgoing,,,,,NO,2.5,1.0,1,1,1.0,1,1,,,,1.0
2019-10-13T11:45:00Z,33.962698,-118.461934,Present,22.6,2019-10-13T11:45:00Z,33.0,CA - Marina Del Ray Jetty,Lingulodinium spp.,22.6,Partly cloudy,SE,Outgoing,,,,,NO,2.5,1.0,1,1,1.0,1,1,,,,1.0
2019-10-13T11:45:00Z,33.962698,-118.461934,Present,22.6,2019-10-13T11:45:00Z,33.0,CA - Marina Del Ray Jetty,Prorocentrum spp.,22.6,Partly cloudy,SE,Outgoing,,,,,NO,2.5,1.0,1,1,1.0,1,1,,,,1.0
2019-10-13T11:45:00Z,33.962698,-118.461934,Present,22.6,2019-10-13T11:45:00Z,33.0,CA - Marina Del Ray Jetty,Protoperidinium spp.,22.6,Partly cloudy,SE,Outgoing,,,,,NO,2.5,1.0,1,1,1.0,1,1,,,,1.0
2019-10-13T11:45:00Z,33.962698,-118.461934,Present,22.6,2019-10-13T11:45:00Z,33.0,CA - Marina Del Ray Jetty,Pseudo-nitzschia spp.,22.6,Partly cloudy,SE,Outgoing,,,,,NO,2.5,1.0,1,1,1.0,1,1,,,,1.0
2019-10-13T11:45:00Z,33.962698,-118.461934,Present,22.6,2019-10-13T11:45:00Z,33.0,CA - Marina Del Ray Jetty,Zooplankton,22.6,Partly cloudy,SE,Outgoing,,,,,NO,2.5,1.0,1,1,1.0,1,1,,,,1.0
2019-10-20T12:00:00Z,33.962698,-118.461934,Present,22.5,2019-10-20T12:00:00Z,33.0,CA - Marina Del Ray Jetty,Asteriomphalus,21.6,Partly cloudy,E,Incoming,,,,,NO,7.5,1.0,1,1,1.0,1,1,,,,1.0
2019-10-20T12:00:00Z,33.962698,-118.461934,Present,22.5,2019-10-20T12:00:00Z,33.0,CA - Marina Del Ray Jetty,Centric Diatom,21.6,Partly cloudy,E,Incoming,,,,,NO,7.5,1.0,1,1,1.0,1,1,,,,1.0
2019-10-20T12:00:00Z,33.962698,-118.461934,Present,22.5,2019-10-20T12:00:00Z,33.0,CA - Marina Del Ray Jetty,Ceratium furca,21.6,Partly cloudy,E,Incoming,,,,,NO,7.5,1.0,1,1,1.0,1,1,,,,1.0
2019-10-20T12:00:00Z,33.962698,-118.461934,Present,22.5,2019-10-20T12:00:00Z,33.0,CA - Marina Del Ray Jetty,Ceratium fusus,21.6,Partly cloudy,E,Incoming,,,,,NO,7.5,1.0,1,1,1.0,1,1,,,,1.0
2019-10-20T12:00:00Z,33.962698,-118.461934,Present,22.5,2019-10-20T12:00:00Z,33.0,CA - Marina Del Ray Jetty,Chaetoceros spp.,21.6,Partly cloudy,E,Incoming,,,,,NO,7.5,1.0,1,1,1.0,1,1,,,,1.0
2019-10-20T12:00:00Z,33.962698,-118.461934,Present,22.5,2019-10-20T12:00:00Z,33.0,CA - Marina Del Ray Jetty,Cochlodinium spp.,21.6,Partly cloudy,E,Incoming,,,,,NO,7.5,1.0,1,1,1.0,1,1,,,,1.0
2019-10-20T12:00:00Z,33.962698,-118.461934,Present,22.5,2019-10-20T12:00:00Z,33.0,CA - Marina Del Ray Jetty,Dinoflagellates,21.6,Partly cloudy,E,Incoming,,,,,NO,7.5,1.0,1,1,1.0,1,1,,,,1.0
2019-10-20T12:00:00Z,33.962698,-118.461934,Present,22.5,2019-10-20T12:00:00Z,33.0,CA - Marina Del Ray Jetty,Lingulodinium spp.,21.6,Partly cloudy,E,Incoming,,,,,NO,7.5,1.0,1,1,1.0,1,1,,,,1.0
2019-10-20T12:00:00Z,33.962698,-118.461934,Present,22.5,2019-10-20T12:00:00Z,33.0,CA - Marina Del Ray Jetty,Oblea spp.,21.6,Partly cloudy,E,Incoming,,,,,NO,7.5,1.0,1,1,1.0,1,1,,,,1.0
2019-10-20T12:00:00Z,33.962698,-118.461934,Present,22.5,2019-10-20T12:00:00Z,33.0,CA - Marina Del Ray Jetty,Parallia,21.6,Partly cloudy,E,Incoming,,,,,NO,7.5,1.0,1,1,1.0,1,1,,,,1.0
2019-10-20T12:00:00Z,33.962698,-118.461934,Present,22.5,2019-10-20T12:00:00Z,33.0,CA - Marina Del Ray Jetty,Prorocentrum spp.,21.6,Partly cloudy,E,Incoming,,,,,NO,7.5,1.0,1,1,1.0,1,1,,,,1.0
2019-10-20T12:00:00Z,33.962698,-118.461934,Present,22.5,2019-10-20T12:00:00Z,33.0,CA - Marina Del Ray Jetty,Protoperidinium spp.,21.6,Partly cloudy,E,Incoming,,,,,NO,7.5,1.0,1,1,1.0,1,1,,,,1.0
2019-10-20T12:00:00Z,33.962698,-118.461934,Present,22.5,2019-10-20T12:00:00Z,33.0,CA - Marina Del Ray Jetty,Tintinnid,21.6,Partly cloudy,E,Incoming,,,,,NO,7.5,1.0,1,1,1.0,1,1,,,,1.0
2019-10-20T12:00:00Z,33.962698,-118.461934,Present,22.5,2019-10-20T12:00:00Z,33.0,CA - Marina Del Ray Jetty,Trochophone larva,21.6,Partly cloudy,E,Incoming,,,,,NO,7.5,1.0,1,1,1.0,1,1,,,,1.0
2019-10-20T12:00:00Z,33.962698,-118.461934,Present,22.5,2019-10-20T12:00:00Z,33.0,CA - Marina Del Ray Jetty,two unknown,21.6,Partly cloudy,E,Incoming,,,,,NO,7.5,1.0,1,1,1.0,1,1,,,,1.0
2019-10-20T12:00:00Z,33.962698,-118.461934,Present,22.5,2019-10-20T12:00:00Z,33.0,CA - Marina Del Ray Jetty,Zooplankton,21.6,Partly cloudy,E,Incoming,,,,,NO,7.5,1.0,1,1,1.0,1,1,,,,1.0
2019-10-27T11:00:00Z,33.962698,-118.461934,Present,20.0,2019-10-27T11:00:00Z,33.0,CA - Marina Del Ray Jetty,Asterionellopsis spp.,19.8,Mostly cloudy,NE,Outgoing,,,,,NO,12.5,1.0,1,1,1.0,1,1,,,,1.0
2019-10-27T11:00:00Z,33.962698,-118.461934,Present,20.0,2019-10-27T11:00:00Z,33.0,CA - Marina Del Ray Jetty,Boreadinium spp.,19.8,Mostly cloudy,NE,Outgoing,,,,,NO,12.5,1.0,1,1,1.0,1,1,,,,1.0
2019-10-27T11:00:00Z,33.962698,-118.461934,Present,20.0,2019-10-27T11:00:00Z,33.0,CA - Marina Del Ray Jetty,Centric Diatom,19.8,Mostly cloudy,NE,Outgoing,,,,,NO,12.5,1.0,1,1,1.0,1,1,,,,1.0
2019-10-27T11:00:00Z,33.962698,-118.461934,Present,20.0,2019-10-27T11:00:00Z,33.0,CA - Marina Del Ray Jetty,Ceratium furca,19.8,Mostly cloudy,NE,Outgoing,,,,,NO,12.5,1.0,1,1,1.0,1,1,,,,1.0
2019-10-27T11:00:00Z,33.962698,-118.461934,Present,20.0,2019-10-27T11:00:00Z,33.0,CA - Marina Del Ray Jetty,Chaetoceros spp.,19.8,Mostly cloudy,NE,Outgoing,,,,,NO,12.5,1.0,1,1,1.0,1,1,,,,1.0
2019-10-27T11:00:00Z,33.962698,-118.461934,Present,20.0,2019-10-27T11:00:00Z,33.0,CA - Marina Del Ray Jetty,Cochlodinium spp.,19.8,Mostly cloudy,NE,Outgoing,,,,,NO,12.5,1.0,1,1,1.0,1,1,,,,1.0
2019-10-27T11:00:00Z,33.962698,-118.461934,Present,20.0,2019-10-27T11:00:00Z,33.0,CA - Marina Del Ray Jetty,Copepod,19.8,Mostly cloudy,NE,Outgoing,,,,,NO,12.5,1.0,1,1,1.0,1,1,,,,1.0
2019-10-27T11:00:00Z,33.962698,-118.461934,Present,20.0,2019-10-27T11:00:00Z,33.0,CA - Marina Del Ray Jetty,Coscinodiscus spp.,19.8,Mostly cloudy,NE,Outgoing,,,,,NO,12.5,1.0,1,1,1.0,1,1,,,,1.0
2019-10-27T11:00:00Z,33.962698,-118.461934,Present,20.0,2019-10-27T11:00:00Z,33.0,CA - Marina Del Ray Jetty,Detonula spp.,19.8,Mostly cloudy,NE,Outgoing,,,,,NO,12.5,1.0,1,1,1.0,1,1,,,,1.0
2019-10-27T11:00:00Z,33.962698,-118.461934,Present,20.0,2019-10-27T11:00:00Z,33.0,CA - Marina Del Ray Jetty,Dinoflagellates,19.8,Mostly cloudy,NE,Outgoing,,,,,NO,12.5,1.0,1,1,1.0,1,1,,,,1.0
2019-10-27T11:00:00Z,33.962698,-118.461934,Present,20.0,2019-10-27T11:00:00Z,33.0,CA - Marina Del Ray Jetty,Dinophysis spp.,19.8,Mostly cloudy,NE,Outgoing,,,,,NO,12.5,1.0,1,1,1.0,1,1,,,,1.0
2019-10-27T11:00:00Z,33.962698,-118.461934,Present,20.0,2019-10-27T11:00:00Z,33.0,CA - Marina Del Ray Jetty,Distyocha,19.8,Mostly cloudy,NE,Outgoing,,,,,NO,12.5,1.0,1,1,1.0,1,1,,,,1.0
2019-10-27T11:00:00Z,33.962698,-118.461934,Present,20.0,2019-10-27T11:00:00Z,33.0,CA - Marina Del Ray Jetty,Lingulodinium spp.,19.8,Mostly cloudy,NE,Outgoing,,,,,NO,12.5,1.0,1,1,1.0,1,1,,,,1.0
2019-10-27T11:00:00Z,33.962698,-118.461934,Present,20.0,2019-10-27T11:00:00Z,33.0,CA - Marina Del Ray Jetty,Oxytosum tessalatum,19.8,Mostly cloudy,NE,Outgoing,,,,,NO,12.5,1.0,1,1,1.0,1,1,,,,1.0
2019-10-27T11:00:00Z,33.962698,-118.461934,Present,20.0,2019-10-27T11:00:00Z,33.0,CA - Marina Del Ray Jetty,Pennate Diatom,19.8,Mostly cloudy,NE,Outgoing,,,,,NO,12.5,1.0,1,1,1.0,1,1,,,,1.0
2019-10-27T11:00:00Z,33.962698,-118.461934,Present,20.0,2019-10-27T11:00:00Z,33.0,CA - Marina Del Ray Jetty,Pleurosigma spp.,19.8,Mostly cloudy,NE,Outgoing,,,,,NO,12.5,1.0,1,1,1.0,1,1,,,,1.0
2019-10-27T11:00:00Z,33.962698,-118.461934,Present,20.0,2019-10-27T11:00:00Z,33.0,CA - Marina Del Ray Jetty,Prorocentrum spp.,19.8,Mostly cloudy,NE,Outgoing,,,,,NO,12.5,1.0,1,1,1.0,1,1,,,,1.0
2019-10-27T11:00:00Z,33.962698,-118.461934,Present,20.0,2019-10-27T11:00:00Z,33.0,CA - Marina Del Ray Jetty,Rhizosolenia spp.,19.8,Mostly cloudy,NE,Outgoing,,,,,NO,12.5,1.0,1,1,1.0,1,1,,,,1.0
2019-10-27T11:00:00Z,33.962698,-118.461934,Present,20.0,2019-10-27T11:00:00Z,33.0,CA - Marina Del Ray Jetty,Tintinnid,19.8,Mostly cloudy,NE,Outgoing,,,,,NO,12.5,1.0,1,1,1.0,1,1,,,,1.0
2019-10-27T11:00:00Z,33.962698,-118.461934,Present,20.0,2019-10-27T11:00:00Z,33.0,CA - Marina Del Ray Jetty,Zooplankton,19.8,Mostly cloudy,NE,Outgoing,,,,,NO,12.5,1.0,1,1,1.0,1,1,,,,1.0
2019-11-03T11:00:00Z,33.962698,-118.461934,Present,19.0,2019-11-03T11:00:00Z,34.0,CA - Marina Del Ray Jetty,Centric Diatom,18.6,Sunny,S,Incoming,,,,,"Numerous delicate brown balls composed of thiin fibrous interlinked strands about the size of apples floating a foot or more under water, which was unusually clear.",2.5,1.0,1,1,1.0,1,1,,,,1.0
2019-11-03T11:00:00Z,33.962698,-118.461934,Present,19.0,2019-11-03T11:00:00Z,34.0,CA - Marina Del Ray Jetty,Ceratium furca,18.6,Sunny,S,Incoming,,,,,"Numerous delicate brown balls composed of thiin fibrous interlinked strands about the size of apples floating a foot or more under water, which was unusually clear.",2.5,1.0,1,1,1.0,1,1,,,,1.0
2019-11-03T11:00:00Z,33.962698,-118.461934,Present,19.0,2019-11-03T11:00:00Z,34.0,CA - Marina Del Ray Jetty,Copepod,18.6,Sunny,S,Incoming,,,,,"Numerous delicate brown balls composed of thiin fibrous interlinked strands about the size of apples floating a foot or more under water, which was unusually clear.",2.5,1.0,1,1,1.0,1,1,,,,1.0
2019-11-03T11:00:00Z,33.962698,-118.461934,Present,19.0,2019-11-03T11:00:00Z,34.0,CA - Marina Del Ray Jetty,Coscinodiscus spp.,18.6,Sunny,S,Incoming,,,,,"Numerous delicate brown balls composed of thiin fibrous interlinked strands about the size of apples floating a foot or more under water, which was unusually clear.",2.5,1.0,1,1,1.0,1,1,,,,1.0
2019-11-03T11:00:00Z,33.962698,-118.461934,Present,19.0,2019-11-03T11:00:00Z,34.0,CA - Marina Del Ray Jetty,Dinoflagellates,18.6,Sunny,S,Incoming,,,,,"Numerous delicate brown balls composed of thiin fibrous interlinked strands about the size of apples floating a foot or more under water, which was unusually clear.",2.5,1.0,1,1,1.0,1,1,,,,1.0
2019-11-03T11:00:00Z,33.962698,-118.461934,Present,19.0,2019-11-03T11:00:00Z,34.0,CA - Marina Del Ray Jetty,Ditylum spp.,18.6,Sunny,S,Incoming,,,,,"Numerous delicate brown balls composed of thiin fibrous interlinked strands about the size of apples floating a foot or more under water, which was unusually clear.",2.5,1.0,1,1,1.0,1,1,,,,1.0
2019-11-03T11:00:00Z,33.962698,-118.461934,Present,19.0,2019-11-03T11:00:00Z,34.0,CA - Marina Del Ray Jetty,Gonyaulax spp.,18.6,Sunny,S,Incoming,,,,,"Numerous delicate brown balls composed of thiin fibrous interlinked strands about the size of apples floating a foot or more under water, which was unusually clear.",2.5,1.0,1,1,1.0,1,1,,,,1.0
2019-11-03T11:00:00Z,33.962698,-118.461934,Present,19.0,2019-11-03T11:00:00Z,34.0,CA - Marina Del Ray Jetty,Lingulodinium spp.,18.6,Sunny,S,Incoming,,,,,"Numerous delicate brown balls composed of thiin fibrous interlinked strands about the size of apples floating a foot or more under water, which was unusually clear.",2.5,1.0,1,1,1.0,1,1,,,,1.0
2019-11-03T11:00:00Z,33.962698,-118.461934,Present,19.0,2019-11-03T11:00:00Z,34.0,CA - Marina Del Ray Jetty,Navicula spp.,18.6,Sunny,S,Incoming,,,,,"Numerous delicate brown balls composed of thiin fibrous interlinked strands about the size of apples floating a foot or more under water, which was unusually clear.",2.5,1.0,1,1,1.0,1,1,,,,1.0
2019-11-03T11:00:00Z,33.962698,-118.461934,Present,19.0,2019-11-03T11:00:00Z,34.0,CA - Marina Del Ray Jetty,Pennate Diatom,18.6,Sunny,S,Incoming,,,,,"Numerous delicate brown balls composed of thiin fibrous interlinked strands about the size of apples floating a foot or more under water, which was unusually clear.",2.5,1.0,1,1,1.0,1,1,,,,1.0
2019-11-03T11:00:00Z,33.962698,-118.461934,Present,19.0,2019-11-03T11:00:00Z,34.0,CA - Marina Del Ray Jetty,Tintinnid,18.6,Sunny,S,Incoming,,,,,"Numerous delicate brown balls composed of thiin fibrous interlinked strands about the size of apples floating a foot or more under water, which was unusually clear.",2.5,1.0,1,1,1.0,1,1,,,,1.0
2019-11-03T11:00:00Z,33.962698,-118.461934,Present,19.0,2019-11-03T11:00:00Z,34.0,CA - Marina Del Ray Jetty,Zooplankton,18.6,Sunny,S,Incoming,,,,,"Numerous delicate brown balls composed of thiin fibrous interlinked strands about the size of apples floating a foot or more under water, which was unusually clear.",2.5,1.0,1,1,1.0,1,1,,,,1.0
2019-11-10T11:40:00Z,33.962698,-118.461934,Present,18.1,2019-11-10T11:40:00Z,34.0,CA - Marina Del Ray Jetty,Asterionellopsis spp.,19.3,Partly cloudy,W,Outgoing,,,,,"There was a 30 yard patch of decomposing filamentous red algae, identified by Prof. Dave Caron, USC, washed up on the Marina del Rey beach by the west breakwater, which turned the surf red. I took a large bottle sample and sent a separate PDF of photos to PNM. Also, I'm sorry, I'm late in sending this.",2.5,1.0,1,1,1.0,1,1,,,,1.0
2019-11-10T11:40:00Z,33.962698,-118.461934,Present,18.1,2019-11-10T11:40:00Z,34.0,CA - Marina Del Ray Jetty,Centric Diatom,19.3,Partly cloudy,W,Outgoing,,,,,"There was a 30 yard patch of decomposing filamentous red algae, identified by Prof. Dave Caron, USC, washed up on the Marina del Rey beach by the west breakwater, which turned the surf red. I took a large bottle sample and sent a separate PDF of photos to PNM. Also, I'm sorry, I'm late in sending this.",2.5,1.0,1,1,1.0,1,1,,,,1.0
2019-11-10T11:40:00Z,33.962698,-118.461934,Present,18.1,2019-11-10T11:40:00Z,34.0,CA - Marina Del Ray Jetty,Ceratium furca,19.3,Partly cloudy,W,Outgoing,,,,,"There was a 30 yard patch of decomposing filamentous red algae, identified by Prof. Dave Caron, USC, washed up on the Marina del Rey beach by the west breakwater, which turned the surf red. I took a large bottle sample and sent a separate PDF of photos to PNM. Also, I'm sorry, I'm late in sending this.",2.5,1.0,1,1,1.0,1,1,,,,1.0
2019-11-10T11:40:00Z,33.962698,-118.461934,Present,18.1,2019-11-10T11:40:00Z,34.0,CA - Marina Del Ray Jetty,Chaetoceros spp.,19.3,Partly cloudy,W,Outgoing,,,,,"There was a 30 yard patch of decomposing filamentous red algae, identified by Prof. Dave Caron, USC, washed up on the Marina del Rey beach by the west breakwater, which turned the surf red. I took a large bottle sample and sent a separate PDF of photos to PNM. Also, I'm sorry, I'm late in sending this.",2.5,1.0,1,1,1.0,1,1,,,,1.0
2019-11-10T11:40:00Z,33.962698,-118.461934,Present,18.1,2019-11-10T11:40:00Z,34.0,CA - Marina Del Ray Jetty,Cylindrotheca spp.,19.3,Partly cloudy,W,Outgoing,,,,,"There was a 30 yard patch of decomposing filamentous red algae, identified by Prof. Dave Caron, USC, washed up on the Marina del Rey beach by the west breakwater, which turned the surf red. I took a large bottle sample and sent a separate PDF of photos to PNM. Also, I'm sorry, I'm late in sending this.",2.5,1.0,1,1,1.0,1,1,,,,1.0
2019-11-10T11:40:00Z,33.962698,-118.461934,Present,18.1,2019-11-10T11:40:00Z,34.0,CA - Marina Del Ray Jetty,Dictyocha spp.,19.3,Partly cloudy,W,Outgoing,,,,,"There was a 30 yard patch of decomposing filamentous red algae, identified by Prof. Dave Caron, USC, washed up on the Marina del Rey beach by the west breakwater, which turned the surf red. I took a large bottle sample and sent a separate PDF of photos to PNM. Also, I'm sorry, I'm late in sending this.",2.5,1.0,1,1,1.0,1,1,,,,1.0
2019-11-10T11:40:00Z,33.962698,-118.461934,Present,18.1,2019-11-10T11:40:00Z,34.0,CA - Marina Del Ray Jetty,Dinoflagellates,19.3,Partly cloudy,W,Outgoing,,,,,"There was a 30 yard patch of decomposing filamentous red algae, identified by Prof. Dave Caron, USC, washed up on the Marina del Rey beach by the west breakwater, which turned the surf red. I took a large bottle sample and sent a separate PDF of photos to PNM. Also, I'm sorry, I'm late in sending this.",2.5,1.0,1,1,1.0,1,1,,,,1.0
2019-11-10T11:40:00Z,33.962698,-118.461934,Present,18.1,2019-11-10T11:40:00Z,34.0,CA - Marina Del Ray Jetty,Dinophysis spp.,19.3,Partly cloudy,W,Outgoing,,,,,"There was a 30 yard patch of decomposing filamentous red algae, identified by Prof. Dave Caron, USC, washed up on the Marina del Rey beach by the west breakwater, which turned the surf red. I took a large bottle sample and sent a separate PDF of photos to PNM. Also, I'm sorry, I'm late in sending this.",2.5,1.0,1,1,1.0,1,1,,,,1.0
2019-11-10T11:40:00Z,33.962698,-118.461934,Present,18.1,2019-11-10T11:40:00Z,34.0,CA - Marina Del Ray Jetty,Gonyaulax spp.,19.3,Partly cloudy,W,Outgoing,,,,,"There was a 30 yard patch of decomposing filamentous red algae, identified by Prof. Dave Caron, USC, washed up on the Marina del Rey beach by the west breakwater, which turned the surf red. I took a large bottle sample and sent a separate PDF of photos to PNM. Also, I'm sorry, I'm late in sending this.",2.5,1.0,1,1,1.0,1,1,,,,1.0
2019-11-10T11:40:00Z,33.962698,-118.461934,Present,18.1,2019-11-10T11:40:00Z,34.0,CA - Marina Del Ray Jetty,Karenia spp.,19.3,Partly cloudy,W,Outgoing,,,,,"There was a 30 yard patch of decomposing filamentous red algae, identified by Prof. Dave Caron, USC, washed up on the Marina del Rey beach by the west breakwater, which turned the surf red. I took a large bottle sample and sent a separate PDF of photos to PNM. Also, I'm sorry, I'm late in sending this.",2.5,1.0,1,1,1.0,1,1,,,,1.0
2019-11-10T11:40:00Z,33.962698,-118.461934,Present,18.1,2019-11-10T11:40:00Z,34.0,CA - Marina Del Ray Jetty,Lingulodinium spp.,19.3,Partly cloudy,W,Outgoing,,,,,"There was a 30 yard patch of decomposing filamentous red algae, identified by Prof. Dave Caron, USC, washed up on the Marina del Rey beach by the west breakwater, which turned the surf red. I took a large bottle sample and sent a separate PDF of photos to PNM. Also, I'm sorry, I'm late in sending this.",2.5,1.0,1,1,1.0,1,1,,,,1.0
2019-11-10T11:40:00Z,33.962698,-118.461934,Present,18.1,2019-11-10T11:40:00Z,34.0,CA - Marina Del Ray Jetty,Lioloma spp.,19.3,Partly cloudy,W,Outgoing,,,,,"There was a 30 yard patch of decomposing filamentous red algae, identified by Prof. Dave Caron, USC, washed up on the Marina del Rey beach by the west breakwater, which turned the surf red. I took a large bottle sample and sent a separate PDF of photos to PNM. Also, I'm sorry, I'm late in sending this.",2.5,1.0,1,1,1.0,1,1,,,,1.0
2019-11-10T11:40:00Z,33.962698,-118.461934,Present,18.1,2019-11-10T11:40:00Z,34.0,CA - Marina Del Ray Jetty,Navicula spp.,19.3,Partly cloudy,W,Outgoing,,,,,"There was a 30 yard patch of decomposing filamentous red algae, identified by Prof. Dave Caron, USC, washed up on the Marina del Rey beach by the west breakwater, which turned the surf red. I took a large bottle sample and sent a separate PDF of photos to PNM. Also, I'm sorry, I'm late in sending this.",2.5,1.0,1,1,1.0,1,1,,,,1.0
2019-11-10T11:40:00Z,33.962698,-118.461934,Present,18.1,2019-11-10T11:40:00Z,34.0,CA - Marina Del Ray Jetty,Oxytoxum scolopax,19.3,Partly cloudy,W,Outgoing,,,,,"There was a 30 yard patch of decomposing filamentous red algae, identified by Prof. Dave Caron, USC, washed up on the Marina del Rey beach by the west breakwater, which turned the surf red. I took a large bottle sample and sent a separate PDF of photos to PNM. Also, I'm sorry, I'm late in sending this.",2.5,1.0,1,1,1.0,1,1,,,,1.0
2019-11-10T11:40:00Z,33.962698,-118.461934,Present,18.1,2019-11-10T11:40:00Z,34.0,CA - Marina Del Ray Jetty,Paralia spp.,19.3,Partly cloudy,W,Outgoing,,,,,"There was a 30 yard patch of decomposing filamentous red algae, identified by Prof. Dave Caron, USC, washed up on the Marina del Rey beach by the west breakwater, which turned the surf red. I took a large bottle sample and sent a separate PDF of photos to PNM. Also, I'm sorry, I'm late in sending this.",2.5,1.0,1,1,1.0,1,1,,,,1.0
2019-11-10T11:40:00Z,33.962698,-118.461934,Present,18.1,2019-11-10T11:40:00Z,34.0,CA - Marina Del Ray Jetty,Pennate Diatom,19.3,Partly cloudy,W,Outgoing,,,,,"There was a 30 yard patch of decomposing filamentous red algae, identified by Prof. Dave Caron, USC, washed up on the Marina del Rey beach by the west breakwater, which turned the surf red. I took a large bottle sample and sent a separate PDF of photos to PNM. Also, I'm sorry, I'm late in sending this.",2.5,1.0,1,1,1.0,1,1,,,,1.0
2019-11-10T11:40:00Z,33.962698,-118.461934,Present,18.1,2019-11-10T11:40:00Z,34.0,CA - Marina Del Ray Jetty,Pleurosigma spp.,19.3,Partly cloudy,W,Outgoing,,,,,"There was a 30 yard patch of decomposing filamentous red algae, identified by Prof. Dave Caron, USC, washed up on the Marina del Rey beach by the west breakwater, which turned the surf red. I took a large bottle sample and sent a separate PDF of photos to PNM. Also, I'm sorry, I'm late in sending this.",2.5,1.0,1,1,1.0,1,1,,,,1.0
2019-11-10T11:40:00Z,33.962698,-118.461934,Present,18.1,2019-11-10T11:40:00Z,34.0,CA - Marina Del Ray Jetty,Podolampus palmipes,19.3,Partly cloudy,W,Outgoing,,,,,"There was a 30 yard patch of decomposing filamentous red algae, identified by Prof. Dave Caron, USC, washed up on the Marina del Rey beach by the west breakwater, which turned the surf red. I took a large bottle sample and sent a separate PDF of photos to PNM. Also, I'm sorry, I'm late in sending this.",2.5,1.0,1,1,1.0,1,1,,,,1.0
2019-11-10T11:40:00Z,33.962698,-118.461934,Present,18.1,2019-11-10T11:40:00Z,34.0,CA - Marina Del Ray Jetty,Protoperidinium spp.,19.3,Partly cloudy,W,Outgoing,,,,,"There was a 30 yard patch of decomposing filamentous red algae, identified by Prof. Dave Caron, USC, washed up on the Marina del Rey beach by the west breakwater, which turned the surf red. I took a large bottle sample and sent a separate PDF of photos to PNM. Also, I'm sorry, I'm late in sending this.",2.5,1.0,1,1,1.0,1,1,,,,1.0
2019-11-10T11:40:00Z,33.962698,-118.461934,Present,18.1,2019-11-10T11:40:00Z,34.0,CA - Marina Del Ray Jetty,Tintinnid,19.3,Partly cloudy,W,Outgoing,,,,,"There was a 30 yard patch of decomposing filamentous red algae, identified by Prof. Dave Caron, USC, washed up on the Marina del Rey beach by the west breakwater, which turned the surf red. I took a large bottle sample and sent a separate PDF of photos to PNM. Also, I'm sorry, I'm late in sending this.",2.5,1.0,1,1,1.0,1,1,,,,1.0
2019-11-10T11:40:00Z,33.962698,-118.461934,Present,18.1,2019-11-10T11:40:00Z,34.0,CA - Marina Del Ray Jetty,Zooplankton,19.3,Partly cloudy,W,Outgoing,,,,,"There was a 30 yard patch of decomposing filamentous red algae, identified by Prof. Dave Caron, USC, washed up on the Marina del Rey beach by the west breakwater, which turned the surf red. I took a large bottle sample and sent a separate PDF of photos to PNM. Also, I'm sorry, I'm late in sending this.",2.5,1.0,1,1,1.0,1,1,,,,1.0
2019-11-23T11:35:00Z,33.962698,-118.461934,Present,21.1,2019-11-23T11:35:00Z,33.0,CA - Marina Del Ray Jetty,Alexandrium spp.,18.2,Sunny,SE,Outgoing,,,,,NO,2.5,1.0,1,1,1.0,1,1,,,,1.0
2019-11-23T11:35:00Z,33.962698,-118.461934,Present,21.1,2019-11-23T11:35:00Z,33.0,CA - Marina Del Ray Jetty,Asterionellopsis spp.,18.2,Sunny,SE,Outgoing,,,,,NO,2.5,1.0,1,1,1.0,1,1,,,,1.0
2019-11-23T11:35:00Z,33.962698,-118.461934,Present,21.1,2019-11-23T11:35:00Z,33.0,CA - Marina Del Ray Jetty,Centric Diatom,18.2,Sunny,SE,Outgoing,,,,,NO,2.5,1.0,1,1,1.0,1,1,,,,1.0
2019-11-23T11:35:00Z,33.962698,-118.461934,Present,21.1,2019-11-23T11:35:00Z,33.0,CA - Marina Del Ray Jetty,Ceratium furca,18.2,Sunny,SE,Outgoing,,,,,NO,2.5,1.0,1,1,1.0,1,1,,,,1.0
2019-11-23T11:35:00Z,33.962698,-118.461934,Present,21.1,2019-11-23T11:35:00Z,33.0,CA - Marina Del Ray Jetty,Chaetoceros spp.,18.2,Sunny,SE,Outgoing,,,,,NO,2.5,1.0,1,1,1.0,1,1,,,,1.0
2019-11-23T11:35:00Z,33.962698,-118.461934,Present,21.1,2019-11-23T11:35:00Z,33.0,CA - Marina Del Ray Jetty,Copepod,18.2,Sunny,SE,Outgoing,,,,,NO,2.5,1.0,1,1,1.0,1,1,,,,1.0
2019-11-23T11:35:00Z,33.962698,-118.461934,Present,21.1,2019-11-23T11:35:00Z,33.0,CA - Marina Del Ray Jetty,Cymbella spp.,18.2,Sunny,SE,Outgoing,,,,,NO,2.5,1.0,1,1,1.0,1,1,,,,1.0
2019-11-23T11:35:00Z,33.962698,-118.461934,Present,21.1,2019-11-23T11:35:00Z,33.0,CA - Marina Del Ray Jetty,Dinoflagellates,18.2,Sunny,SE,Outgoing,,,,,NO,2.5,1.0,1,1,1.0,1,1,,,,1.0
2019-11-23T11:35:00Z,33.962698,-118.461934,Present,21.1,2019-11-23T11:35:00Z,33.0,CA - Marina Del Ray Jetty,Guinardia spp.,18.2,Sunny,SE,Outgoing,,,,,NO,2.5,1.0,1,1,1.0,1,1,,,,1.0
2019-11-23T11:35:00Z,33.962698,-118.461934,Present,21.1,2019-11-23T11:35:00Z,33.0,CA - Marina Del Ray Jetty,Lingulodinium spp.,18.2,Sunny,SE,Outgoing,,,,,NO,2.5,1.0,1,1,1.0,1,1,,,,1.0
2019-11-23T11:35:00Z,33.962698,-118.461934,Present,21.1,2019-11-23T11:35:00Z,33.0,CA - Marina Del Ray Jetty,Melosira spp.,18.2,Sunny,SE,Outgoing,,,,,NO,2.5,1.0,1,1,1.0,1,1,,,,1.0
2019-11-23T11:35:00Z,33.962698,-118.461934,Present,21.1,2019-11-23T11:35:00Z,33.0,CA - Marina Del Ray Jetty,Navicula spp.,18.2,Sunny,SE,Outgoing,,,,,NO,2.5,1.0,1,1,1.0,1,1,,,,1.0
2019-11-23T11:35:00Z,33.962698,-118.461934,Present,21.1,2019-11-23T11:35:00Z,33.0,CA - Marina Del Ray Jetty,Pennate Diatom,18.2,Sunny,SE,Outgoing,,,,,NO,2.5,1.0,1,1,1.0,1,1,,,,1.0
2019-11-23T11:35:00Z,33.962698,-118.461934,Present,21.1,2019-11-23T11:35:00Z,33.0,CA - Marina Del Ray Jetty,Pleurosigma spp.,18.2,Sunny,SE,Outgoing,,,,,NO,2.5,1.0,1,1,1.0,1,1,,,,1.0
2019-11-23T11:35:00Z,33.962698,-118.461934,Present,21.1,2019-11-23T11:35:00Z,33.0,CA - Marina Del Ray Jetty,Prorocentrum spp.,18.2,Sunny,SE,Outgoing,,,,,NO,2.5,1.0,1,1,1.0,1,1,,,,1.0
2019-11-23T11:35:00Z,33.962698,-118.461934,Present,21.1,2019-11-23T11:35:00Z,33.0,CA - Marina Del Ray Jetty,Protoperidinium spp.,18.2,Sunny,SE,Outgoing,,,,,NO,2.5,1.0,1,1,1.0,1,1,,,,1.0
2019-11-23T11:35:00Z,33.962698,-118.461934,Present,21.1,2019-11-23T11:35:00Z,33.0,CA - Marina Del Ray Jetty,Rhizosolenia spp.,18.2,Sunny,SE,Outgoing,,,,,NO,2.5,1.0,1,1,1.0,1,1,,,,1.0
2019-11-23T11:35:00Z,33.962698,-118.461934,Present,21.1,2019-11-23T11:35:00Z,33.0,CA - Marina Del Ray Jetty,Tintinnid,18.2,Sunny,SE,Outgoing,,,,,NO,2.5,1.0,1,1,1.0,1,1,,,,1.0
2019-11-23T11:35:00Z,33.962698,-118.461934,Present,21.1,2019-11-23T11:35:00Z,33.0,CA - Marina Del Ray Jetty,Zooplankton,18.2,Sunny,SE,Outgoing,,,,,NO,2.5,1.0,1,1,1.0,1,1,,,,1.0
2019-12-01T11:30:00Z,33.962698,-118.461934,Present,17.1,2019-12-01T11:30:00Z,35.0,CA - Marina Del Ray Jetty,Asterionellopsis spp.,16.5,Cloudy,N,Full high tide,,,,,NO,2.5,1.0,1,1,1.0,1,1,,,,1.0
2019-12-01T11:30:00Z,33.962698,-118.461934,Present,17.1,2019-12-01T11:30:00Z,35.0,CA - Marina Del Ray Jetty,Centric Diatom,16.5,Cloudy,N,Full high tide,,,,,NO,2.5,1.0,1,1,1.0,1,1,,,,1.0
2019-12-01T11:30:00Z,33.962698,-118.461934,Present,17.1,2019-12-01T11:30:00Z,35.0,CA - Marina Del Ray Jetty,Ceratium azcorium,16.5,Cloudy,N,Full high tide,,,,,NO,2.5,1.0,1,1,1.0,1,1,,,,1.0
2019-12-01T11:30:00Z,33.962698,-118.461934,Present,17.1,2019-12-01T11:30:00Z,35.0,CA - Marina Del Ray Jetty,Ceratium furca,16.5,Cloudy,N,Full high tide,,,,,NO,2.5,1.0,1,1,1.0,1,1,,,,1.0
2019-12-01T11:30:00Z,33.962698,-118.461934,Present,17.1,2019-12-01T11:30:00Z,35.0,CA - Marina Del Ray Jetty,Ceratium fusus,16.5,Cloudy,N,Full high tide,,,,,NO,2.5,1.0,1,1,1.0,1,1,,,,1.0
2019-12-01T11:30:00Z,33.962698,-118.461934,Present,17.1,2019-12-01T11:30:00Z,35.0,CA - Marina Del Ray Jetty,Ceratium limulus,16.5,Cloudy,N,Full high tide,,,,,NO,2.5,1.0,1,1,1.0,1,1,,,,1.0
2019-12-01T11:30:00Z,33.962698,-118.461934,Present,17.1,2019-12-01T11:30:00Z,35.0,CA - Marina Del Ray Jetty,Chaetoceros spp.,16.5,Cloudy,N,Full high tide,,,,,NO,2.5,1.0,1,1,1.0,1,1,,,,1.0
2019-12-01T11:30:00Z,33.962698,-118.461934,Present,17.1,2019-12-01T11:30:00Z,35.0,CA - Marina Del Ray Jetty,Ciliate,16.5,Cloudy,N,Full high tide,,,,,NO,2.5,1.0,1,1,1.0,1,1,,,,1.0
2019-12-01T11:30:00Z,33.962698,-118.461934,Present,17.1,2019-12-01T11:30:00Z,35.0,CA - Marina Del Ray Jetty,Cochlodinium spp.,16.5,Cloudy,N,Full high tide,,,,,NO,2.5,1.0,1,1,1.0,1,1,,,,1.0
2019-12-01T11:30:00Z,33.962698,-118.461934,Present,17.1,2019-12-01T11:30:00Z,35.0,CA - Marina Del Ray Jetty,Copepod,16.5,Cloudy,N,Full high tide,,,,,NO,2.5,1.0,1,1,1.0,1,1,,,,1.0
2019-12-01T11:30:00Z,33.962698,-118.461934,Present,17.1,2019-12-01T11:30:00Z,35.0,CA - Marina Del Ray Jetty,Coscinodiscus spp.,16.5,Cloudy,N,Full high tide,,,,,NO,2.5,1.0,1,1,1.0,1,1,,,,1.0
2019-12-01T11:30:00Z,33.962698,-118.461934,Present,17.1,2019-12-01T11:30:00Z,35.0,CA - Marina Del Ray Jetty,Dinoflagellates,16.5,Cloudy,N,Full high tide,,,,,NO,2.5,1.0,1,1,1.0,1,1,,,,1.0
2019-12-01T11:30:00Z,33.962698,-118.461934,Present,17.1,2019-12-01T11:30:00Z,35.0,CA - Marina Del Ray Jetty,Dinophysis spp.,16.5,Cloudy,N,Full high tide,,,,,NO,2.5,1.0,1,1,1.0,1,1,,,,1.0
2019-12-01T11:30:00Z,33.962698,-118.461934,Present,17.1,2019-12-01T11:30:00Z,35.0,CA - Marina Del Ray Jetty,Guinardia spp.,16.5,Cloudy,N,Full high tide,,,,,NO,2.5,1.0,1,1,1.0,1,1,,,,1.0
2019-12-01T11:30:00Z,33.962698,-118.461934,Present,17.1,2019-12-01T11:30:00Z,35.0,CA - Marina Del Ray Jetty,Lingulodinium spp.,16.5,Cloudy,N,Full high tide,,,,,NO,2.5,1.0,1,1,1.0,1,1,,,,1.0
2019-12-01T11:30:00Z,33.962698,-118.461934,Present,17.1,2019-12-01T11:30:00Z,35.0,CA - Marina Del Ray Jetty,Navicula spp.,16.5,Cloudy,N,Full high tide,,,,,NO,2.5,1.0,1,1,1.0,1,1,,,,1.0
2019-12-01T11:30:00Z,33.962698,-118.461934,Present,17.1,2019-12-01T11:30:00Z,35.0,CA - Marina Del Ray Jetty,Oblea spp.,16.5,Cloudy,N,Full high tide,,,,,NO,2.5,1.0,1,1,1.0,1,1,,,,1.0
2019-12-01T11:30:00Z,33.962698,-118.461934,Present,17.1,2019-12-01T11:30:00Z,35.0,CA - Marina Del Ray Jetty,Odontella spp.,16.5,Cloudy,N,Full high tide,,,,,NO,2.5,1.0,1,1,1.0,1,1,,,,1.0
2019-12-01T11:30:00Z,33.962698,-118.461934,Present,17.1,2019-12-01T11:30:00Z,35.0,CA - Marina Del Ray Jetty,Pennate Diatom,16.5,Cloudy,N,Full high tide,,,,,NO,2.5,1.0,1,1,1.0,1,1,,,,1.0
2019-12-01T11:30:00Z,33.962698,-118.461934,Present,17.1,2019-12-01T11:30:00Z,35.0,CA - Marina Del Ray Jetty,Prorocentrum spp.,16.5,Cloudy,N,Full high tide,,,,,NO,2.5,1.0,1,1,1.0,1,1,,,,1.0
2019-12-01T11:30:00Z,33.962698,-118.461934,Present,17.1,2019-12-01T11:30:00Z,35.0,CA - Marina Del Ray Jetty,Protoperidinium spp.,16.5,Cloudy,N,Full high tide,,,,,NO,2.5,1.0,1,1,1.0,1,1,,,,1.0
2019-12-01T11:30:00Z,33.962698,-118.461934,Present,17.1,2019-12-01T11:30:00Z,35.0,CA - Marina Del Ray Jetty,Rhizosolenia spp.,16.5,Cloudy,N,Full high tide,,,,,NO,2.5,1.0,1,1,1.0,1,1,,,,1.0
2019-12-01T11:30:00Z,33.962698,-118.461934,Present,17.1,2019-12-01T11:30:00Z,35.0,CA - Marina Del Ray Jetty,Tintinnid,16.5,Cloudy,N,Full high tide,,,,,NO,2.5,1.0,1,1,1.0,1,1,,,,1.0
2019-12-01T11:30:00Z,33.962698,-118.461934,Present,17.1,2019-12-01T11:30:00Z,35.0,CA - Marina Del Ray Jetty,Zooplankton,16.5,Cloudy,N,Full high tide,,,,,NO,2.5,1.0,1,1,1.0,1,1,,,,1.0
2019-12-08T12:00:00Z,33.962698,-118.461934,Present,16.5,2019-12-08T12:00:00Z,31.0,CA - Marina Del Ray Jetty,Asterionellopsis spp.,17.6,Rain,SE,Outgoing,,,,,NO,12.5,1.0,1,1,1.0,1,1,,,,1.0
2019-12-08T12:00:00Z,33.962698,-118.461934,Present,16.5,2019-12-08T12:00:00Z,31.0,CA - Marina Del Ray Jetty,Centric Diatom,17.6,Rain,SE,Outgoing,,,,,NO,12.5,1.0,1,1,1.0,1,1,,,,1.0
2019-12-08T12:00:00Z,33.962698,-118.461934,Present,16.5,2019-12-08T12:00:00Z,31.0,CA - Marina Del Ray Jetty,Ceratium furca,17.6,Rain,SE,Outgoing,,,,,NO,12.5,1.0,1,1,1.0,1,1,,,,1.0
2019-12-08T12:00:00Z,33.962698,-118.461934,Present,16.5,2019-12-08T12:00:00Z,31.0,CA - Marina Del Ray Jetty,Ceratium fusus,17.6,Rain,SE,Outgoing,,,,,NO,12.5,1.0,1,1,1.0,1,1,,,,1.0
2019-12-08T12:00:00Z,33.962698,-118.461934,Present,16.5,2019-12-08T12:00:00Z,31.0,CA - Marina Del Ray Jetty,Chaetoceros spp.,17.6,Rain,SE,Outgoing,,,,,NO,12.5,1.0,1,1,1.0,1,1,,,,1.0
2019-12-08T12:00:00Z,33.962698,-118.461934,Present,16.5,2019-12-08T12:00:00Z,31.0,CA - Marina Del Ray Jetty,Chattonella,17.6,Rain,SE,Outgoing,,,,,NO,12.5,1.0,1,1,1.0,1,1,,,,1.0
2019-12-08T12:00:00Z,33.962698,-118.461934,Present,16.5,2019-12-08T12:00:00Z,31.0,CA - Marina Del Ray Jetty,Coscinodiscus spp.,17.6,Rain,SE,Outgoing,,,,,NO,12.5,1.0,1,1,1.0,1,1,,,,1.0
2019-12-08T12:00:00Z,33.962698,-118.461934,Present,16.5,2019-12-08T12:00:00Z,31.0,CA - Marina Del Ray Jetty,Dictyocha spp.,17.6,Rain,SE,Outgoing,,,,,NO,12.5,1.0,1,1,1.0,1,1,,,,1.0
2019-12-08T12:00:00Z,33.962698,-118.461934,Present,16.5,2019-12-08T12:00:00Z,31.0,CA - Marina Del Ray Jetty,Dinoflagellates,17.6,Rain,SE,Outgoing,,,,,NO,12.5,1.0,1,1,1.0,1,1,,,,1.0
2019-12-08T12:00:00Z,33.962698,-118.461934,Present,16.5,2019-12-08T12:00:00Z,31.0,CA - Marina Del Ray Jetty,Gonyaulax spp.,17.6,Rain,SE,Outgoing,,,,,NO,12.5,1.0,1,1,1.0,1,1,,,,1.0
2019-12-08T12:00:00Z,33.962698,-118.461934,Present,16.5,2019-12-08T12:00:00Z,31.0,CA - Marina Del Ray Jetty,Melosira spp.,17.6,Rain,SE,Outgoing,,,,,NO,12.5,1.0,1,1,1.0,1,1,,,,1.0
2019-12-08T12:00:00Z,33.962698,-118.461934,Present,16.5,2019-12-08T12:00:00Z,31.0,CA - Marina Del Ray Jetty,Navicula spp.,17.6,Rain,SE,Outgoing,,,,,NO,12.5,1.0,1,1,1.0,1,1,,,,1.0
2019-12-08T12:00:00Z,33.962698,-118.461934,Present,16.5,2019-12-08T12:00:00Z,31.0,CA - Marina Del Ray Jetty,Noctiluca spp.,17.6,Rain,SE,Outgoing,,,,,NO,12.5,1.0,1,1,1.0,1,1,,,,1.0
2019-12-08T12:00:00Z,33.962698,-118.461934,Present,16.5,2019-12-08T12:00:00Z,31.0,CA - Marina Del Ray Jetty,Pennate Diatom,17.6,Rain,SE,Outgoing,,,,,NO,12.5,1.0,1,1,1.0,1,1,,,,1.0
2019-12-08T12:00:00Z,33.962698,-118.461934,Present,16.5,2019-12-08T12:00:00Z,31.0,CA - Marina Del Ray Jetty,Pleurosigma spp.,17.6,Rain,SE,Outgoing,,,,,NO,12.5,1.0,1,1,1.0,1,1,,,,1.0
2019-12-08T12:00:00Z,33.962698,-118.461934,Present,16.5,2019-12-08T12:00:00Z,31.0,CA - Marina Del Ray Jetty,Protoperidinium spp.,17.6,Rain,SE,Outgoing,,,,,NO,12.5,1.0,1,1,1.0,1,1,,,,1.0
2019-12-08T12:00:00Z,33.962698,-118.461934,Present,16.5,2019-12-08T12:00:00Z,31.0,CA - Marina Del Ray Jetty,Pseudo-nitzschia spp.,17.6,Rain,SE,Outgoing,,,,,NO,12.5,1.0,1,1,1.0,1,1,,,,1.0
2019-12-08T12:00:00Z,33.962698,-118.461934,Present,16.5,2019-12-08T12:00:00Z,31.0,CA - Marina Del Ray Jetty,Tintinnid,17.6,Rain,SE,Outgoing,,,,,NO,12.5,1.0,1,1,1.0,1,1,,,,1.0
2019-12-08T12:00:00Z,33.962698,-118.461934,Present,16.5,2019-12-08T12:00:00Z,31.0,CA - Marina Del Ray Jetty,Zooplankton,17.6,Rain,SE,Outgoing,,,,,NO,12.5,1.0,1,1,1.0,1,1,,,,1.0
2019-12-14T13:05:00Z,33.962698,-118.461934,Present,17.6,2019-12-14T13:05:00Z,33.0,CA - Marina Del Ray Jetty,Actinoptychus spp.,18.4,Mostly cloudy,SE,Outgoing,,,,,I had what appeared to be a microscopic glass eel and stingray.,7.5,1.0,1,1,1.0,1,1,,,,1.0
2019-12-14T13:05:00Z,33.962698,-118.461934,Present,17.6,2019-12-14T13:05:00Z,33.0,CA - Marina Del Ray Jetty,Centric Diatom,18.4,Mostly cloudy,SE,Outgoing,,,,,I had what appeared to be a microscopic glass eel and stingray.,7.5,1.0,1,1,1.0,1,1,,,,1.0
2019-12-14T13:05:00Z,33.962698,-118.461934,Present,17.6,2019-12-14T13:05:00Z,33.0,CA - Marina Del Ray Jetty,Ceratium furca,18.4,Mostly cloudy,SE,Outgoing,,,,,I had what appeared to be a microscopic glass eel and stingray.,7.5,1.0,1,1,1.0,1,1,,,,1.0
2019-12-14T13:05:00Z,33.962698,-118.461934,Present,17.6,2019-12-14T13:05:00Z,33.0,CA - Marina Del Ray Jetty,Ceratium fusus,18.4,Mostly cloudy,SE,Outgoing,,,,,I had what appeared to be a microscopic glass eel and stingray.,7.5,1.0,1,1,1.0,1,1,,,,1.0
2019-12-14T13:05:00Z,33.962698,-118.461934,Present,17.6,2019-12-14T13:05:00Z,33.0,CA - Marina Del Ray Jetty,Ceratium tripos,18.4,Mostly cloudy,SE,Outgoing,,,,,I had what appeared to be a microscopic glass eel and stingray.,7.5,1.0,1,1,1.0,1,1,,,,1.0
2019-12-14T13:05:00Z,33.962698,-118.461934,Present,17.6,2019-12-14T13:05:00Z,33.0,CA - Marina Del Ray Jetty,Chaetoceros spp.,18.4,Mostly cloudy,SE,Outgoing,,,,,I had what appeared to be a microscopic glass eel and stingray.,7.5,1.0,1,1,1.0,1,1,,,,1.0
2019-12-14T13:05:00Z,33.962698,-118.461934,Present,17.6,2019-12-14T13:05:00Z,33.0,CA - Marina Del Ray Jetty,Copepod,18.4,Mostly cloudy,SE,Outgoing,,,,,I had what appeared to be a microscopic glass eel and stingray.,7.5,1.0,1,1,1.0,1,1,,,,1.0
2019-12-14T13:05:00Z,33.962698,-118.461934,Present,17.6,2019-12-14T13:05:00Z,33.0,CA - Marina Del Ray Jetty,Dinoflagellates,18.4,Mostly cloudy,SE,Outgoing,,,,,I had what appeared to be a microscopic glass eel and stingray.,7.5,1.0,1,1,1.0,1,1,,,,1.0
2019-12-14T13:05:00Z,33.962698,-118.461934,Present,17.6,2019-12-14T13:05:00Z,33.0,CA - Marina Del Ray Jetty,Dinophysis spp.,18.4,Mostly cloudy,SE,Outgoing,,,,,I had what appeared to be a microscopic glass eel and stingray.,7.5,1.0,1,1,1.0,1,1,,,,1.0
2019-12-14T13:05:00Z,33.962698,-118.461934,Present,17.6,2019-12-14T13:05:00Z,33.0,CA - Marina Del Ray Jetty,Ditylum spp.,18.4,Mostly cloudy,SE,Outgoing,,,,,I had what appeared to be a microscopic glass eel and stingray.,7.5,1.0,1,1,1.0,1,1,,,,1.0
2019-12-14T13:05:00Z,33.962698,-118.461934,Present,17.6,2019-12-14T13:05:00Z,33.0,CA - Marina Del Ray Jetty,Lingulodinium spp.,18.4,Mostly cloudy,SE,Outgoing,,,,,I had what appeared to be a microscopic glass eel and stingray.,7.5,1.0,1,1,1.0,1,1,,,,1.0
2019-12-14T13:05:00Z,33.962698,-118.461934,Present,17.6,2019-12-14T13:05:00Z,33.0,CA - Marina Del Ray Jetty,Paralia spp.,18.4,Mostly cloudy,SE,Outgoing,,,,,I had what appeared to be a microscopic glass eel and stingray.,7.5,1.0,1,1,1.0,1,1,,,,1.0
2019-12-14T13:05:00Z,33.962698,-118.461934,Present,17.6,2019-12-14T13:05:00Z,33.0,CA - Marina Del Ray Jetty,Prorocentrum spp.,18.4,Mostly cloudy,SE,Outgoing,,,,,I had what appeared to be a microscopic glass eel and stingray.,7.5,1.0,1,1,1.0,1,1,,,,1.0
2019-12-14T13:05:00Z,33.962698,-118.461934,Present,17.6,2019-12-14T13:05:00Z,33.0,CA - Marina Del Ray Jetty,Protoperidinium spp.,18.4,Mostly cloudy,SE,Outgoing,,,,,I had what appeared to be a microscopic glass eel and stingray.,7.5,1.0,1,1,1.0,1,1,,,,1.0
2019-12-14T13:05:00Z,33.962698,-118.461934,Present,17.6,2019-12-14T13:05:00Z,33.0,CA - Marina Del Ray Jetty,Pseudo-nitzschia spp.,18.4,Mostly cloudy,SE,Outgoing,,,,,I had what appeared to be a microscopic glass eel and stingray.,7.5,1.0,1,1,1.0,1,1,,,,1.0
2019-12-14T13:05:00Z,33.962698,-118.461934,Present,17.6,2019-12-14T13:05:00Z,33.0,CA - Marina Del Ray Jetty,Stephanopyxis spp.,18.4,Mostly cloudy,SE,Outgoing,,,,,I had what appeared to be a microscopic glass eel and stingray.,7.5,1.0,1,1,1.0,1,1,,,,1.0
2019-12-14T13:05:00Z,33.962698,-118.461934,Present,17.6,2019-12-14T13:05:00Z,33.0,CA - Marina Del Ray Jetty,Thalassionema spp.,18.4,Mostly cloudy,SE,Outgoing,,,,,I had what appeared to be a microscopic glass eel and stingray.,7.5,1.0,1,1,1.0,1,1,,,,1.0
2019-12-14T13:05:00Z,33.962698,-118.461934,Present,17.6,2019-12-14T13:05:00Z,33.0,CA - Marina Del Ray Jetty,Tintinnid,18.4,Mostly cloudy,SE,Outgoing,,,,,I had what appeared to be a microscopic glass eel and stingray.,7.5,1.0,1,1,1.0,1,1,,,,1.0
2019-12-14T13:05:00Z,33.962698,-118.461934,Present,17.6,2019-12-14T13:05:00Z,33.0,CA - Marina Del Ray Jetty,Zooplankton,18.4,Mostly cloudy,SE,Outgoing,,,,,I had what appeared to be a microscopic glass eel and stingray.,7.5,1.0,1,1,1.0,1,1,,,,1.0
2019-12-22T11:40:00Z,33.962698,-118.461934,Present,17.3,2019-12-22T11:40:00Z,31.0,CA - Marina Del Ray Jetty,Asterionellopsis spp.,15.4,Cloudy,SE,Outgoing,,,,,NO,12.5,1.0,1,1,1.0,1,1,,,,1.0
2019-12-22T11:40:00Z,33.962698,-118.461934,Present,17.3,2019-12-22T11:40:00Z,31.0,CA - Marina Del Ray Jetty,Centric Diatom,15.4,Cloudy,SE,Outgoing,,,,,NO,12.5,1.0,1,1,1.0,1,1,,,,1.0
2019-12-22T11:40:00Z,33.962698,-118.461934,Present,17.3,2019-12-22T11:40:00Z,31.0,CA - Marina Del Ray Jetty,Ceratium furca,15.4,Cloudy,SE,Outgoing,,,,,NO,12.5,1.0,1,1,1.0,1,1,,,,1.0
2019-12-22T11:40:00Z,33.962698,-118.461934,Present,17.3,2019-12-22T11:40:00Z,31.0,CA - Marina Del Ray Jetty,Chaetoceros socialis,15.4,Cloudy,SE,Outgoing,,,,,NO,12.5,1.0,1,1,1.0,1,1,,,,1.0
2019-12-22T11:40:00Z,33.962698,-118.461934,Present,17.3,2019-12-22T11:40:00Z,31.0,CA - Marina Del Ray Jetty,Chaetoceros spp.,15.4,Cloudy,SE,Outgoing,,,,,NO,12.5,1.0,1,1,1.0,1,1,,,,1.0
2019-12-22T11:40:00Z,33.962698,-118.461934,Present,17.3,2019-12-22T11:40:00Z,31.0,CA - Marina Del Ray Jetty,Cochlodinium spp.,15.4,Cloudy,SE,Outgoing,,,,,NO,12.5,1.0,1,1,1.0,1,1,,,,1.0
2019-12-22T11:40:00Z,33.962698,-118.461934,Present,17.3,2019-12-22T11:40:00Z,31.0,CA - Marina Del Ray Jetty,Copepod,15.4,Cloudy,SE,Outgoing,,,,,NO,12.5,1.0,1,1,1.0,1,1,,,,1.0
2019-12-22T11:40:00Z,33.962698,-118.461934,Present,17.3,2019-12-22T11:40:00Z,31.0,CA - Marina Del Ray Jetty,Dactylosolen,15.4,Cloudy,SE,Outgoing,,,,,NO,12.5,1.0,1,1,1.0,1,1,,,,1.0
2019-12-22T11:40:00Z,33.962698,-118.461934,Present,17.3,2019-12-22T11:40:00Z,31.0,CA - Marina Del Ray Jetty,Dinoflagelate cyst,15.4,Cloudy,SE,Outgoing,,,,,NO,12.5,1.0,1,1,1.0,1,1,,,,1.0
2019-12-22T11:40:00Z,33.962698,-118.461934,Present,17.3,2019-12-22T11:40:00Z,31.0,CA - Marina Del Ray Jetty,Dinoflagellates,15.4,Cloudy,SE,Outgoing,,,,,NO,12.5,1.0,1,1,1.0,1,1,,,,1.0
2019-12-22T11:40:00Z,33.962698,-118.461934,Present,17.3,2019-12-22T11:40:00Z,31.0,CA - Marina Del Ray Jetty,Dinophysis spp.,15.4,Cloudy,SE,Outgoing,,,,,NO,12.5,1.0,1,1,1.0,1,1,,,,1.0
2019-12-22T11:40:00Z,33.962698,-118.461934,Present,17.3,2019-12-22T11:40:00Z,31.0,CA - Marina Del Ray Jetty,egg.,15.4,Cloudy,SE,Outgoing,,,,,NO,12.5,1.0,1,1,1.0,1,1,,,,1.0
2019-12-22T11:40:00Z,33.962698,-118.461934,Present,17.3,2019-12-22T11:40:00Z,31.0,CA - Marina Del Ray Jetty,Guinardia spp.,15.4,Cloudy,SE,Outgoing,,,,,NO,12.5,1.0,1,1,1.0,1,1,,,,1.0
2019-12-22T11:40:00Z,33.962698,-118.461934,Present,17.3,2019-12-22T11:40:00Z,31.0,CA - Marina Del Ray Jetty,Leptocylindrus spp.,15.4,Cloudy,SE,Outgoing,,,,,NO,12.5,1.0,1,1,1.0,1,1,,,,1.0
2019-12-22T11:40:00Z,33.962698,-118.461934,Present,17.3,2019-12-22T11:40:00Z,31.0,CA - Marina Del Ray Jetty,Lingulodinium spp.,15.4,Cloudy,SE,Outgoing,,,,,NO,12.5,1.0,1,1,1.0,1,1,,,,1.0
2019-12-22T11:40:00Z,33.962698,-118.461934,Present,17.3,2019-12-22T11:40:00Z,31.0,CA - Marina Del Ray Jetty,Pennate Diatom,15.4,Cloudy,SE,Outgoing,,,,,NO,12.5,1.0,1,1,1.0,1,1,,,,1.0
2019-12-22T11:40:00Z,33.962698,-118.461934,Present,17.3,2019-12-22T11:40:00Z,31.0,CA - Marina Del Ray Jetty,Prorocentrum spp.,15.4,Cloudy,SE,Outgoing,,,,,NO,12.5,1.0,1,1,1.0,1,1,,,,1.0
2019-12-22T11:40:00Z,33.962698,-118.461934,Present,17.3,2019-12-22T11:40:00Z,31.0,CA - Marina Del Ray Jetty,Rhizosolenia spp.,15.4,Cloudy,SE,Outgoing,,,,,NO,12.5,1.0,1,1,1.0,1,1,,,,1.0
2019-12-22T11:40:00Z,33.962698,-118.461934,Present,17.3,2019-12-22T11:40:00Z,31.0,CA - Marina Del Ray Jetty,Stephanopyxis spp.,15.4,Cloudy,SE,Outgoing,,,,,NO,12.5,1.0,1,1,1.0,1,1,,,,1.0
2019-12-22T11:40:00Z,33.962698,-118.461934,Present,17.3,2019-12-22T11:40:00Z,31.0,CA - Marina Del Ray Jetty,Tintinnid,15.4,Cloudy,SE,Outgoing,,,,,NO,12.5,1.0,1,1,1.0,1,1,,,,1.0
2019-12-22T11:40:00Z,33.962698,-118.461934,Present,17.3,2019-12-22T11:40:00Z,31.0,CA - Marina Del Ray Jetty,Zooplankton,15.4,Cloudy,SE,Outgoing,,,,,NO,12.5,1.0,1,1,1.0,1,1,,,,1.0
2019-12-29T11:50:00Z,33.962698,-118.461934,Present,16.1,2019-12-29T11:50:00Z,33.0,CA - Marina Del Ray Jetty,Asterionellopsis spp.,15.1,Partly cloudy,NE,Outgoing,,,,,I had some unidentified critters.,2.5,1.0,1,1,1.0,1,1,,,,1.0
2019-12-29T11:50:00Z,33.962698,-118.461934,Present,16.1,2019-12-29T11:50:00Z,33.0,CA - Marina Del Ray Jetty,Centric Diatom,15.1,Partly cloudy,NE,Outgoing,,,,,I had some unidentified critters.,2.5,1.0,1,1,1.0,1,1,,,,1.0
2019-12-29T11:50:00Z,33.962698,-118.461934,Present,16.1,2019-12-29T11:50:00Z,33.0,CA - Marina Del Ray Jetty,Ceratium furca,15.1,Partly cloudy,NE,Outgoing,,,,,I had some unidentified critters.,2.5,1.0,1,1,1.0,1,1,,,,1.0
2019-12-29T11:50:00Z,33.962698,-118.461934,Present,16.1,2019-12-29T11:50:00Z,33.0,CA - Marina Del Ray Jetty,Ceratium longepes,15.1,Partly cloudy,NE,Outgoing,,,,,I had some unidentified critters.,2.5,1.0,1,1,1.0,1,1,,,,1.0
2019-12-29T11:50:00Z,33.962698,-118.461934,Present,16.1,2019-12-29T11:50:00Z,33.0,CA - Marina Del Ray Jetty,Chaetoceros socialis,15.1,Partly cloudy,NE,Outgoing,,,,,I had some unidentified critters.,2.5,1.0,1,1,1.0,1,1,,,,1.0
2019-12-29T11:50:00Z,33.962698,-118.461934,Present,16.1,2019-12-29T11:50:00Z,33.0,CA - Marina Del Ray Jetty,Chaetoceros spp.,15.1,Partly cloudy,NE,Outgoing,,,,,I had some unidentified critters.,2.5,1.0,1,1,1.0,1,1,,,,1.0
2019-12-29T11:50:00Z,33.962698,-118.461934,Present,16.1,2019-12-29T11:50:00Z,33.0,CA - Marina Del Ray Jetty,Copepod,15.1,Partly cloudy,NE,Outgoing,,,,,I had some unidentified critters.,2.5,1.0,1,1,1.0,1,1,,,,1.0
2019-12-29T11:50:00Z,33.962698,-118.461934,Present,16.1,2019-12-29T11:50:00Z,33.0,CA - Marina Del Ray Jetty,Coscinodiscus spp.,15.1,Partly cloudy,NE,Outgoing,,,,,I had some unidentified critters.,2.5,1.0,1,1,1.0,1,1,,,,1.0
2019-12-29T11:50:00Z,33.962698,-118.461934,Present,16.1,2019-12-29T11:50:00Z,33.0,CA - Marina Del Ray Jetty,Cylindrotheca spp.,15.1,Partly cloudy,NE,Outgoing,,,,,I had some unidentified critters.,2.5,1.0,1,1,1.0,1,1,,,,1.0
2019-12-29T11:50:00Z,33.962698,-118.461934,Present,16.1,2019-12-29T11:50:00Z,33.0,CA - Marina Del Ray Jetty,Dactiolsolen,15.1,Partly cloudy,NE,Outgoing,,,,,I had some unidentified critters.,2.5,1.0,1,1,1.0,1,1,,,,1.0
2019-12-29T11:50:00Z,33.962698,-118.461934,Present,16.1,2019-12-29T11:50:00Z,33.0,CA - Marina Del Ray Jetty,Detonula spp.,15.1,Partly cloudy,NE,Outgoing,,,,,I had some unidentified critters.,2.5,1.0,1,1,1.0,1,1,,,,1.0
2019-12-29T11:50:00Z,33.962698,-118.461934,Present,16.1,2019-12-29T11:50:00Z,33.0,CA - Marina Del Ray Jetty,Dinoflagellates,15.1,Partly cloudy,NE,Outgoing,,,,,I had some unidentified critters.,2.5,1.0,1,1,1.0,1,1,,,,1.0
2019-12-29T11:50:00Z,33.962698,-118.461934,Present,16.1,2019-12-29T11:50:00Z,33.0,CA - Marina Del Ray Jetty,Gonyaulax spp.,15.1,Partly cloudy,NE,Outgoing,,,,,I had some unidentified critters.,2.5,1.0,1,1,1.0,1,1,,,,1.0
2019-12-29T11:50:00Z,33.962698,-118.461934,Present,16.1,2019-12-29T11:50:00Z,33.0,CA - Marina Del Ray Jetty,Guinardia spp.,15.1,Partly cloudy,NE,Outgoing,,,,,I had some unidentified critters.,2.5,1.0,1,1,1.0,1,1,,,,1.0
2019-12-29T11:50:00Z,33.962698,-118.461934,Present,16.1,2019-12-29T11:50:00Z,33.0,CA - Marina Del Ray Jetty,Lingulodinium spp.,15.1,Partly cloudy,NE,Outgoing,,,,,I had some unidentified critters.,2.5,1.0,1,1,1.0,1,1,,,,1.0
2019-12-29T11:50:00Z,33.962698,-118.461934,Present,16.1,2019-12-29T11:50:00Z,33.0,CA - Marina Del Ray Jetty,Navicula spp.,15.1,Partly cloudy,NE,Outgoing,,,,,I had some unidentified critters.,2.5,1.0,1,1,1.0,1,1,,,,1.0
2019-12-29T11:50:00Z,33.962698,-118.461934,Present,16.1,2019-12-29T11:50:00Z,33.0,CA - Marina Del Ray Jetty,Nitzschia spp.,15.1,Partly cloudy,NE,Outgoing,,,,,I had some unidentified critters.,2.5,1.0,1,1,1.0,1,1,,,,1.0
2019-12-29T11:50:00Z,33.962698,-118.461934,Present,16.1,2019-12-29T11:50:00Z,33.0,CA - Marina Del Ray Jetty,Pennate Diatom,15.1,Partly cloudy,NE,Outgoing,,,,,I had some unidentified critters.,2.5,1.0,1,1,1.0,1,1,,,,1.0
2019-12-29T11:50:00Z,33.962698,-118.461934,Present,16.1,2019-12-29T11:50:00Z,33.0,CA - Marina Del Ray Jetty,Phaocystic colony,15.1,Partly cloudy,NE,Outgoing,,,,,I had some unidentified critters.,2.5,1.0,1,1,1.0,1,1,,,,1.0
2019-12-29T11:50:00Z,33.962698,-118.461934,Present,16.1,2019-12-29T11:50:00Z,33.0,CA - Marina Del Ray Jetty,Pleurosigma spp.,15.1,Partly cloudy,NE,Outgoing,,,,,I had some unidentified critters.,2.5,1.0,1,1,1.0,1,1,,,,1.0
2019-12-29T11:50:00Z,33.962698,-118.461934,Present,16.1,2019-12-29T11:50:00Z,33.0,CA - Marina Del Ray Jetty,Protoperidinium spp.,15.1,Partly cloudy,NE,Outgoing,,,,,I had some unidentified critters.,2.5,1.0,1,1,1.0,1,1,,,,1.0
2019-12-29T11:50:00Z,33.962698,-118.461934,Present,16.1,2019-12-29T11:50:00Z,33.0,CA - Marina Del Ray Jetty,Pseudo-nitzschia spp.,15.1,Partly cloudy,NE,Outgoing,,,,,I had some unidentified critters.,2.5,1.0,1,1,1.0,1,1,,,,1.0
2019-12-29T11:50:00Z,33.962698,-118.461934,Present,16.1,2019-12-29T11:50:00Z,33.0,CA - Marina Del Ray Jetty,Rhizosolenia spp.,15.1,Partly cloudy,NE,Outgoing,,,,,I had some unidentified critters.,2.5,1.0,1,1,1.0,1,1,,,,1.0
2019-12-29T11:50:00Z,33.962698,-118.461934,Present,16.1,2019-12-29T11:50:00Z,33.0,CA - Marina Del Ray Jetty,Stephanopyxis spp.,15.1,Partly cloudy,NE,Outgoing,,,,,I had some unidentified critters.,2.5,1.0,1,1,1.0,1,1,,,,1.0
2019-12-29T11:50:00Z,33.962698,-118.461934,Present,16.1,2019-12-29T11:50:00Z,33.0,CA - Marina Del Ray Jetty,Thalassiosira spp.,15.1,Partly cloudy,NE,Outgoing,,,,,I had some unidentified critters.,2.5,1.0,1,1,1.0,1,1,,,,1.0
2019-12-29T11:50:00Z,33.962698,-118.461934,Present,16.1,2019-12-29T11:50:00Z,33.0,CA - Marina Del Ray Jetty,Zooplankton,15.1,Partly cloudy,NE,Outgoing,,,,,I had some unidentified critters.,2.5,1.0,1,1,1.0,1,1,,,,1.0
2019-01-06T12:30:00Z,37.808603,-122.440069,Present,12.0,2019-01-06T12:30:00Z,30.0,CA - Wave Organ,Centric Diatom,12.0,Rain,W,Full high tide,,,,,"very stormy, king tides, flooding",25.0,1.0,1,1,1.0,1,1,,,,1.0
2019-01-06T12:30:00Z,37.808603,-122.440069,Present,12.0,2019-01-06T12:30:00Z,30.0,CA - Wave Organ,Ceratium furca,12.0,Rain,W,Full high tide,,,,,"very stormy, king tides, flooding",25.0,1.0,1,1,1.0,1,1,,,,1.0
2019-01-06T12:30:00Z,37.808603,-122.440069,Present,12.0,2019-01-06T12:30:00Z,30.0,CA - Wave Organ,Ceratium fusus,12.0,Rain,W,Full high tide,,,,,"very stormy, king tides, flooding",25.0,1.0,1,1,1.0,1,1,,,,1.0
2019-01-06T12:30:00Z,37.808603,-122.440069,Present,12.0,2019-01-06T12:30:00Z,30.0,CA - Wave Organ,Chaetoceros spp.,12.0,Rain,W,Full high tide,,,,,"very stormy, king tides, flooding",25.0,1.0,1,1,1.0,1,1,,,,1.0
2019-01-06T12:30:00Z,37.808603,-122.440069,Present,12.0,2019-01-06T12:30:00Z,30.0,CA - Wave Organ,Coscinodiscus spp.,12.0,Rain,W,Full high tide,,,,,"very stormy, king tides, flooding",25.0,1.0,1,1,1.0,1,1,,,,1.0
2019-01-06T12:30:00Z,37.808603,-122.440069,Present,12.0,2019-01-06T12:30:00Z,30.0,CA - Wave Organ,Dinoflagellates,12.0,Rain,W,Full high tide,,,,,"very stormy, king tides, flooding",25.0,1.0,1,1,1.0,1,1,,,,1.0
2019-01-06T12:30:00Z,37.808603,-122.440069,Present,12.0,2019-01-06T12:30:00Z,30.0,CA - Wave Organ,Pennate Diatom,12.0,Rain,W,Full high tide,,,,,"very stormy, king tides, flooding",25.0,1.0,1,1,1.0,1,1,,,,1.0
2019-01-06T12:30:00Z,37.808603,-122.440069,Present,12.0,2019-01-06T12:30:00Z,30.0,CA - Wave Organ,,12.0,Rain,W,Full high tide,,,,,"very stormy, king tides, flooding",25.0,1.0,1,1,1.0,1,1,,,,1.0
2019-01-06T12:30:00Z,37.808603,-122.440069,Present,12.0,2019-01-06T12:30:00Z,30.0,CA - Wave Organ,Prorocentrum spp.,12.0,Rain,W,Full high tide,,,,,"very stormy, king tides, flooding",25.0,1.0,1,1,1.0,1,1,,,,1.0
2019-01-06T12:30:00Z,37.808603,-122.440069,Present,12.0,2019-01-06T12:30:00Z,30.0,CA - Wave Organ,Tintinnid,12.0,Rain,W,Full high tide,,,,,"very stormy, king tides, flooding",25.0,1.0,1,1,1.0,1,1,,,,1.0
2019-01-28T07:00:00Z,37.808603,-122.440069,Present,13.0,2019-01-28T07:00:00Z,26.0,CA - Wave Organ,Akashiwo sanguinea,13.0,Cloudy,W,Outgoing,,,,,"no live species, everything broken",2.5,1.0,1,1,1.0,1,1,,,,1.0
2019-01-28T07:00:00Z,37.808603,-122.440069,Present,13.0,2019-01-28T07:00:00Z,26.0,CA - Wave Organ,Centric Diatom,13.0,Cloudy,W,Outgoing,,,,,"no live species, everything broken",2.5,1.0,1,1,1.0,1,1,,,,1.0
2019-01-28T07:00:00Z,37.808603,-122.440069,Present,13.0,2019-01-28T07:00:00Z,26.0,CA - Wave Organ,Ceratium furca,13.0,Cloudy,W,Outgoing,,,,,"no live species, everything broken",2.5,1.0,1,1,1.0,1,1,,,,1.0
2019-01-28T07:00:00Z,37.808603,-122.440069,Present,13.0,2019-01-28T07:00:00Z,26.0,CA - Wave Organ,Coscinodiscus spp.,13.0,Cloudy,W,Outgoing,,,,,"no live species, everything broken",2.5,1.0,1,1,1.0,1,1,,,,1.0
2019-01-28T07:00:00Z,37.808603,-122.440069,Present,13.0,2019-01-28T07:00:00Z,26.0,CA - Wave Organ,Dinoflagellates,13.0,Cloudy,W,Outgoing,,,,,"no live species, everything broken",2.5,1.0,1,1,1.0,1,1,,,,1.0
2019-01-28T07:00:00Z,37.808603,-122.440069,Present,13.0,2019-01-28T07:00:00Z,26.0,CA - Wave Organ,Ditylum spp.,13.0,Cloudy,W,Outgoing,,,,,"no live species, everything broken",2.5,1.0,1,1,1.0,1,1,,,,1.0
2019-01-28T07:00:00Z,37.808603,-122.440069,Present,13.0,2019-01-28T07:00:00Z,26.0,CA - Wave Organ,Melosira spp.,13.0,Cloudy,W,Outgoing,,,,,"no live species, everything broken",2.5,1.0,1,1,1.0,1,1,,,,1.0
2019-01-28T07:00:00Z,37.808603,-122.440069,Present,13.0,2019-01-28T07:00:00Z,26.0,CA - Wave Organ,Nauplius,13.0,Cloudy,W,Outgoing,,,,,"no live species, everything broken",2.5,1.0,1,1,1.0,1,1,,,,1.0
2019-01-28T07:00:00Z,37.808603,-122.440069,Present,13.0,2019-01-28T07:00:00Z,26.0,CA - Wave Organ,Pennate Diatom,13.0,Cloudy,W,Outgoing,,,,,"no live species, everything broken",2.5,1.0,1,1,1.0,1,1,,,,1.0
2019-01-28T07:00:00Z,37.808603,-122.440069,Present,13.0,2019-01-28T07:00:00Z,26.0,CA - Wave Organ,Pleurosigma spp.,13.0,Cloudy,W,Outgoing,,,,,"no live species, everything broken",2.5,1.0,1,1,1.0,1,1,,,,1.0
2019-01-28T07:00:00Z,37.808603,-122.440069,Present,13.0,2019-01-28T07:00:00Z,26.0,CA - Wave Organ,Tintinnid,13.0,Cloudy,W,Outgoing,,,,,"no live species, everything broken",2.5,1.0,1,1,1.0,1,1,,,,1.0
2019-01-28T07:00:00Z,37.808603,-122.440069,Present,13.0,2019-01-28T07:00:00Z,26.0,CA - Wave Organ,Zooplankton,13.0,Cloudy,W,Outgoing,,,,,"no live species, everything broken",2.5,1.0,1,1,1.0,1,1,,,,1.0
2019-02-10T13:30:00Z,37.808603,-122.440069,Present,11.0,2019-02-10T13:30:00Z,25.0,CA - Wave Organ,Centric Diatom,12.0,Partly cloudy,W,Full high tide,,,,,NO,25.0,1.0,1,1,1.0,1,1,,,,1.0
2019-02-10T13:30:00Z,37.808603,-122.440069,Present,11.0,2019-02-10T13:30:00Z,25.0,CA - Wave Organ,Chaetoceros spp.,12.0,Partly cloudy,W,Full high tide,,,,,NO,25.0,1.0,1,1,1.0,1,1,,,,1.0
2019-02-10T13:30:00Z,37.808603,-122.440069,Present,11.0,2019-02-10T13:30:00Z,25.0,CA - Wave Organ,Coscinodiscus spp.,12.0,Partly cloudy,W,Full high tide,,,,,NO,25.0,1.0,1,1,1.0,1,1,,,,1.0
2019-02-10T13:30:00Z,37.808603,-122.440069,Present,11.0,2019-02-10T13:30:00Z,25.0,CA - Wave Organ,Ditylum spp.,12.0,Partly cloudy,W,Full high tide,,,,,NO,25.0,1.0,1,1,1.0,1,1,,,,1.0
2019-02-10T13:30:00Z,37.808603,-122.440069,Present,11.0,2019-02-10T13:30:00Z,25.0,CA - Wave Organ,Melosira spp.,12.0,Partly cloudy,W,Full high tide,,,,,NO,25.0,1.0,1,1,1.0,1,1,,,,1.0
2019-02-10T13:30:00Z,37.808603,-122.440069,Present,11.0,2019-02-10T13:30:00Z,25.0,CA - Wave Organ,Odontella spp.,12.0,Partly cloudy,W,Full high tide,,,,,NO,25.0,1.0,1,1,1.0,1,1,,,,1.0
2019-02-10T13:30:00Z,37.808603,-122.440069,Present,11.0,2019-02-10T13:30:00Z,25.0,CA - Wave Organ,Pleurosigma spp.,12.0,Partly cloudy,W,Full high tide,,,,,NO,25.0,1.0,1,1,1.0,1,1,,,,1.0
2019-02-10T13:30:00Z,37.808603,-122.440069,Present,11.0,2019-02-10T13:30:00Z,25.0,CA - Wave Organ,,12.0,Partly cloudy,W,Full high tide,,,,,NO,25.0,1.0,1,1,1.0,1,1,,,,1.0
2019-02-10T13:30:00Z,37.808603,-122.440069,Present,11.0,2019-02-10T13:30:00Z,25.0,CA - Wave Organ,Pseudo-nitzschia spp.,12.0,Partly cloudy,W,Full high tide,,,,,NO,25.0,1.0,1,1,1.0,1,1,,,,1.0
2019-02-10T13:30:00Z,37.808603,-122.440069,Present,11.0,2019-02-10T13:30:00Z,25.0,CA - Wave Organ,veliger larvae,12.0,Partly cloudy,W,Full high tide,,,,,NO,25.0,1.0,1,1,1.0,1,1,,,,1.0
2019-02-10T13:30:00Z,37.808603,-122.440069,Present,11.0,2019-02-10T13:30:00Z,25.0,CA - Wave Organ,Zooplankton,12.0,Partly cloudy,W,Full high tide,,,,,NO,25.0,1.0,1,1,1.0,1,1,,,,1.0
2019-05-19T13:30:00Z,37.808603,-122.440069,Present,15.0,2019-05-19T13:30:00Z,25.0,CA - Wave Organ,Akashiwo sanguinea,15.0,Cloudy,W,Full high tide,,,,,NO,2.5,1.0,1,1,1.0,1,1,,,,1.0
2019-05-19T13:30:00Z,37.808603,-122.440069,Present,15.0,2019-05-19T13:30:00Z,25.0,CA - Wave Organ,Asterionellopsis spp.,15.0,Cloudy,W,Full high tide,,,,,NO,2.5,1.0,1,1,1.0,1,1,,,,1.0
2019-05-19T13:30:00Z,37.808603,-122.440069,Present,15.0,2019-05-19T13:30:00Z,25.0,CA - Wave Organ,Centric Diatom,15.0,Cloudy,W,Full high tide,,,,,NO,2.5,1.0,1,1,1.0,1,1,,,,1.0
2019-05-19T13:30:00Z,37.808603,-122.440069,Present,15.0,2019-05-19T13:30:00Z,25.0,CA - Wave Organ,Ceratium furca,15.0,Cloudy,W,Full high tide,,,,,NO,2.5,1.0,1,1,1.0,1,1,,,,1.0
2019-05-19T13:30:00Z,37.808603,-122.440069,Present,15.0,2019-05-19T13:30:00Z,25.0,CA - Wave Organ,Coscinodiscus spp.,15.0,Cloudy,W,Full high tide,,,,,NO,2.5,1.0,1,1,1.0,1,1,,,,1.0
2019-05-19T13:30:00Z,37.808603,-122.440069,Present,15.0,2019-05-19T13:30:00Z,25.0,CA - Wave Organ,Dinoflagellates,15.0,Cloudy,W,Full high tide,,,,,NO,2.5,1.0,1,1,1.0,1,1,,,,1.0
2019-05-19T13:30:00Z,37.808603,-122.440069,Present,15.0,2019-05-19T13:30:00Z,25.0,CA - Wave Organ,Nauplius,15.0,Cloudy,W,Full high tide,,,,,NO,2.5,1.0,1,1,1.0,1,1,,,,1.0
2019-05-19T13:30:00Z,37.808603,-122.440069,Present,15.0,2019-05-19T13:30:00Z,25.0,CA - Wave Organ,Pennate Diatom,15.0,Cloudy,W,Full high tide,,,,,NO,2.5,1.0,1,1,1.0,1,1,,,,1.0
2019-05-19T13:30:00Z,37.808603,-122.440069,Present,15.0,2019-05-19T13:30:00Z,25.0,CA - Wave Organ,Pleurosigma spp.,15.0,Cloudy,W,Full high tide,,,,,NO,2.5,1.0,1,1,1.0,1,1,,,,1.0
2019-05-19T13:30:00Z,37.808603,-122.440069,Present,15.0,2019-05-19T13:30:00Z,25.0,CA - Wave Organ,,15.0,Cloudy,W,Full high tide,,,,,NO,2.5,1.0,1,1,1.0,1,1,,,,1.0
2019-05-19T13:30:00Z,37.808603,-122.440069,Present,15.0,2019-05-19T13:30:00Z,25.0,CA - Wave Organ,Pseudo-nitzschia spp.,15.0,Cloudy,W,Full high tide,,,,,NO,2.5,1.0,1,1,1.0,1,1,,,,1.0
2019-05-19T13:30:00Z,37.808603,-122.440069,Present,15.0,2019-05-19T13:30:00Z,25.0,CA - Wave Organ,Rhizosolenia spp.,15.0,Cloudy,W,Full high tide,,,,,NO,2.5,1.0,1,1,1.0,1,1,,,,1.0
2019-05-19T13:30:00Z,37.808603,-122.440069,Present,15.0,2019-05-19T13:30:00Z,25.0,CA - Wave Organ,Skeletonema spp.,15.0,Cloudy,W,Full high tide,,,,,NO,2.5,1.0,1,1,1.0,1,1,,,,1.0
2019-05-19T13:30:00Z,37.808603,-122.440069,Present,15.0,2019-05-19T13:30:00Z,25.0,CA - Wave Organ,velinger larvae,15.0,Cloudy,W,Full high tide,,,,,NO,2.5,1.0,1,1,1.0,1,1,,,,1.0
2019-05-19T13:30:00Z,37.808603,-122.440069,Present,15.0,2019-05-19T13:30:00Z,25.0,CA - Wave Organ,Zooplankton,15.0,Cloudy,W,Full high tide,,,,,NO,2.5,1.0,1,1,1.0,1,1,,,,1.0
2019-06-30T18:00:00Z,37.808603,-122.440069,Present,21.0,2019-06-30T18:00:00Z,29.0,CA - Wave Organ,Asterionellopsis spp.,18.0,Partly cloudy,W,Incoming,,,,,"lots of dinophysis, way more than I've seen before, but not 60% of slide",12.5,1.0,1,1,1.0,1,1,,,,1.0
2019-06-30T18:00:00Z,37.808603,-122.440069,Present,21.0,2019-06-30T18:00:00Z,29.0,CA - Wave Organ,Centric Diatom,18.0,Partly cloudy,W,Incoming,,,,,"lots of dinophysis, way more than I've seen before, but not 60% of slide",12.5,1.0,1,1,1.0,1,1,,,,1.0
2019-06-30T18:00:00Z,37.808603,-122.440069,Present,21.0,2019-06-30T18:00:00Z,29.0,CA - Wave Organ,Ceratium furca,18.0,Partly cloudy,W,Incoming,,,,,"lots of dinophysis, way more than I've seen before, but not 60% of slide",12.5,1.0,1,1,1.0,1,1,,,,1.0
2019-06-30T18:00:00Z,37.808603,-122.440069,Present,21.0,2019-06-30T18:00:00Z,29.0,CA - Wave Organ,Chaetoceros spp.,18.0,Partly cloudy,W,Incoming,,,,,"lots of dinophysis, way more than I've seen before, but not 60% of slide",12.5,1.0,1,1,1.0,1,1,,,,1.0
2019-06-30T18:00:00Z,37.808603,-122.440069,Present,21.0,2019-06-30T18:00:00Z,29.0,CA - Wave Organ,Coscinodiscus spp.,18.0,Partly cloudy,W,Incoming,,,,,"lots of dinophysis, way more than I've seen before, but not 60% of slide",12.5,1.0,1,1,1.0,1,1,,,,1.0
2019-06-30T18:00:00Z,37.808603,-122.440069,Present,21.0,2019-06-30T18:00:00Z,29.0,CA - Wave Organ,Dinoflagellates,18.0,Partly cloudy,W,Incoming,,,,,"lots of dinophysis, way more than I've seen before, but not 60% of slide",12.5,1.0,1,1,1.0,1,1,,,,1.0
2019-06-30T18:00:00Z,37.808603,-122.440069,Present,21.0,2019-06-30T18:00:00Z,29.0,CA - Wave Organ,Dinophysis spp.,18.0,Partly cloudy,W,Incoming,,,,,"lots of dinophysis, way more than I've seen before, but not 60% of slide",12.5,1.0,1,1,1.0,1,1,,,,1.0
2019-06-30T18:00:00Z,37.808603,-122.440069,Present,21.0,2019-06-30T18:00:00Z,29.0,CA - Wave Organ,Melosira spp.,18.0,Partly cloudy,W,Incoming,,,,,"lots of dinophysis, way more than I've seen before, but not 60% of slide",12.5,1.0,1,1,1.0,1,1,,,,1.0
2019-06-30T18:00:00Z,37.808603,-122.440069,Present,21.0,2019-06-30T18:00:00Z,29.0,CA - Wave Organ,Nauplius,18.0,Partly cloudy,W,Incoming,,,,,"lots of dinophysis, way more than I've seen before, but not 60% of slide",12.5,1.0,1,1,1.0,1,1,,,,1.0
2019-06-30T18:00:00Z,37.808603,-122.440069,Present,21.0,2019-06-30T18:00:00Z,29.0,CA - Wave Organ,Pennate Diatom,18.0,Partly cloudy,W,Incoming,,,,,"lots of dinophysis, way more than I've seen before, but not 60% of slide",12.5,1.0,1,1,1.0,1,1,,,,1.0
2019-06-30T18:00:00Z,37.808603,-122.440069,Present,21.0,2019-06-30T18:00:00Z,29.0,CA - Wave Organ,,18.0,Partly cloudy,W,Incoming,,,,,"lots of dinophysis, way more than I've seen before, but not 60% of slide",12.5,1.0,1,1,1.0,1,1,,,,1.0
2019-06-30T18:00:00Z,37.808603,-122.440069,Present,21.0,2019-06-30T18:00:00Z,29.0,CA - Wave Organ,Prorocentrum spp.,18.0,Partly cloudy,W,Incoming,,,,,"lots of dinophysis, way more than I've seen before, but not 60% of slide",12.5,1.0,1,1,1.0,1,1,,,,1.0
2019-06-30T18:00:00Z,37.808603,-122.440069,Present,21.0,2019-06-30T18:00:00Z,29.0,CA - Wave Organ,Tintinnid,18.0,Partly cloudy,W,Incoming,,,,,"lots of dinophysis, way more than I've seen before, but not 60% of slide",12.5,1.0,1,1,1.0,1,1,,,,1.0
2019-06-30T18:00:00Z,37.808603,-122.440069,Present,21.0,2019-06-30T18:00:00Z,29.0,CA - Wave Organ,Zooplankton,18.0,Partly cloudy,W,Incoming,,,,,"lots of dinophysis, way more than I've seen before, but not 60% of slide",12.5,1.0,1,1,1.0,1,1,,,,1.0
2019-08-01T13:00:00Z,37.808603,-122.440069,Present,20.0,2019-08-01T13:00:00Z,30.0,CA - Wave Organ,Alexandrium spp.,18.0,Partly cloudy,W,Full high tide,,,,,NO,12.5,1.0,1,1,1.0,1,1,,,,1.0
2019-08-01T13:00:00Z,37.808603,-122.440069,Present,20.0,2019-08-01T13:00:00Z,30.0,CA - Wave Organ,Centric Diatom,18.0,Partly cloudy,W,Full high tide,,,,,NO,12.5,1.0,1,1,1.0,1,1,,,,1.0
2019-08-01T13:00:00Z,37.808603,-122.440069,Present,20.0,2019-08-01T13:00:00Z,30.0,CA - Wave Organ,Ceratium furca,18.0,Partly cloudy,W,Full high tide,,,,,NO,12.5,1.0,1,1,1.0,1,1,,,,1.0
2019-08-01T13:00:00Z,37.808603,-122.440069,Present,20.0,2019-08-01T13:00:00Z,30.0,CA - Wave Organ,Coscinodiscus spp.,18.0,Partly cloudy,W,Full high tide,,,,,NO,12.5,1.0,1,1,1.0,1,1,,,,1.0
2019-08-01T13:00:00Z,37.808603,-122.440069,Present,20.0,2019-08-01T13:00:00Z,30.0,CA - Wave Organ,Dinoflagellates,18.0,Partly cloudy,W,Full high tide,,,,,NO,12.5,1.0,1,1,1.0,1,1,,,,1.0
2019-08-01T13:00:00Z,37.808603,-122.440069,Present,20.0,2019-08-01T13:00:00Z,30.0,CA - Wave Organ,Dinophysis spp.,18.0,Partly cloudy,W,Full high tide,,,,,NO,12.5,1.0,1,1,1.0,1,1,,,,1.0
2019-08-01T13:00:00Z,37.808603,-122.440069,Present,20.0,2019-08-01T13:00:00Z,30.0,CA - Wave Organ,Melosira spp.,18.0,Partly cloudy,W,Full high tide,,,,,NO,12.5,1.0,1,1,1.0,1,1,,,,1.0
2019-08-01T13:00:00Z,37.808603,-122.440069,Present,20.0,2019-08-01T13:00:00Z,30.0,CA - Wave Organ,Nauplius,18.0,Partly cloudy,W,Full high tide,,,,,NO,12.5,1.0,1,1,1.0,1,1,,,,1.0
2019-08-01T13:00:00Z,37.808603,-122.440069,Present,20.0,2019-08-01T13:00:00Z,30.0,CA - Wave Organ,Noctiluca spp.,18.0,Partly cloudy,W,Full high tide,,,,,NO,12.5,1.0,1,1,1.0,1,1,,,,1.0
2019-08-01T13:00:00Z,37.808603,-122.440069,Present,20.0,2019-08-01T13:00:00Z,30.0,CA - Wave Organ,Pennate Diatom,18.0,Partly cloudy,W,Full high tide,,,,,NO,12.5,1.0,1,1,1.0,1,1,,,,1.0
2019-08-01T13:00:00Z,37.808603,-122.440069,Present,20.0,2019-08-01T13:00:00Z,30.0,CA - Wave Organ,Pleurosigma spp.,18.0,Partly cloudy,W,Full high tide,,,,,NO,12.5,1.0,1,1,1.0,1,1,,,,1.0
2019-08-01T13:00:00Z,37.808603,-122.440069,Present,20.0,2019-08-01T13:00:00Z,30.0,CA - Wave Organ,,18.0,Partly cloudy,W,Full high tide,,,,,NO,12.5,1.0,1,1,1.0,1,1,,,,1.0
2019-08-01T13:00:00Z,37.808603,-122.440069,Present,20.0,2019-08-01T13:00:00Z,30.0,CA - Wave Organ,Prorocentrum spp.,18.0,Partly cloudy,W,Full high tide,,,,,NO,12.5,1.0,1,1,1.0,1,1,,,,1.0
2019-08-01T13:00:00Z,37.808603,-122.440069,Present,20.0,2019-08-01T13:00:00Z,30.0,CA - Wave Organ,Tintinnid,18.0,Partly cloudy,W,Full high tide,,,,,NO,12.5,1.0,1,1,1.0,1,1,,,,1.0
2019-08-01T13:00:00Z,37.808603,-122.440069,Present,20.0,2019-08-01T13:00:00Z,30.0,CA - Wave Organ,velinger,18.0,Partly cloudy,W,Full high tide,,,,,NO,12.5,1.0,1,1,1.0,1,1,,,,1.0
2019-08-01T13:00:00Z,37.808603,-122.440069,Present,20.0,2019-08-01T13:00:00Z,30.0,CA - Wave Organ,Zooplankton,18.0,Partly cloudy,W,Full high tide,,,,,NO,12.5,1.0,1,1,1.0,1,1,,,,1.0
2019-08-23T13:00:00Z,37.808603,-122.440069,Present,19.0,2019-08-23T13:00:00Z,30.0,CA - Wave Organ,Centric Diatom,18.5,Sunny,W,Dead low tide,,,,,Dredging activities 500 feet away,17.5,1.0,1,1,1.0,1,1,,,,1.0
2019-08-23T13:00:00Z,37.808603,-122.440069,Present,19.0,2019-08-23T13:00:00Z,30.0,CA - Wave Organ,Ceratium furca,18.5,Sunny,W,Dead low tide,,,,,Dredging activities 500 feet away,17.5,1.0,1,1,1.0,1,1,,,,1.0
2019-08-23T13:00:00Z,37.808603,-122.440069,Present,19.0,2019-08-23T13:00:00Z,30.0,CA - Wave Organ,Coscinodiscus spp.,18.5,Sunny,W,Dead low tide,,,,,Dredging activities 500 feet away,17.5,1.0,1,1,1.0,1,1,,,,1.0
2019-08-23T13:00:00Z,37.808603,-122.440069,Present,19.0,2019-08-23T13:00:00Z,30.0,CA - Wave Organ,Dinoflagellates,18.5,Sunny,W,Dead low tide,,,,,Dredging activities 500 feet away,17.5,1.0,1,1,1.0,1,1,,,,1.0
2019-08-23T13:00:00Z,37.808603,-122.440069,Present,19.0,2019-08-23T13:00:00Z,30.0,CA - Wave Organ,Ditylum spp.,18.5,Sunny,W,Dead low tide,,,,,Dredging activities 500 feet away,17.5,1.0,1,1,1.0,1,1,,,,1.0
2019-08-23T13:00:00Z,37.808603,-122.440069,Present,19.0,2019-08-23T13:00:00Z,30.0,CA - Wave Organ,Nauplius,18.5,Sunny,W,Dead low tide,,,,,Dredging activities 500 feet away,17.5,1.0,1,1,1.0,1,1,,,,1.0
2019-08-23T13:00:00Z,37.808603,-122.440069,Present,19.0,2019-08-23T13:00:00Z,30.0,CA - Wave Organ,Pennate Diatom,18.5,Sunny,W,Dead low tide,,,,,Dredging activities 500 feet away,17.5,1.0,1,1,1.0,1,1,,,,1.0
2019-08-23T13:00:00Z,37.808603,-122.440069,Present,19.0,2019-08-23T13:00:00Z,30.0,CA - Wave Organ,,18.5,Sunny,W,Dead low tide,,,,,Dredging activities 500 feet away,17.5,1.0,1,1,1.0,1,1,,,,1.0
2019-08-23T13:00:00Z,37.808603,-122.440069,Present,19.0,2019-08-23T13:00:00Z,30.0,CA - Wave Organ,Prorocentrum spp.,18.5,Sunny,W,Dead low tide,,,,,Dredging activities 500 feet away,17.5,1.0,1,1,1.0,1,1,,,,1.0
2019-08-23T13:00:00Z,37.808603,-122.440069,Present,19.0,2019-08-23T13:00:00Z,30.0,CA - Wave Organ,Tintinnid,18.5,Sunny,W,Dead low tide,,,,,Dredging activities 500 feet away,17.5,1.0,1,1,1.0,1,1,,,,1.0
2019-08-23T13:00:00Z,37.808603,-122.440069,Present,19.0,2019-08-23T13:00:00Z,30.0,CA - Wave Organ,Zooplankton,18.5,Sunny,W,Dead low tide,,,,,Dredging activities 500 feet away,17.5,1.0,1,1,1.0,1,1,,,,1.0
2019-09-12T18:00:00Z,37.808603,-122.440069,Present,26.5,2019-09-12T18:00:00Z,30.5,CA - Wave Organ,Centric Diatom,19.0,Sunny,W,Dead low tide,,,,,"lots of Prorocentrum. I'm unsure what 60% of slide coverage means, but have asked Jenn.  Their bodies didn't cover 60% of the slide, but there were certainly many cells in all the slide grids",2.5,1.0,1,1,1.0,1,1,,,,1.0
2019-09-12T18:00:00Z,37.808603,-122.440069,Present,26.5,2019-09-12T18:00:00Z,30.5,CA - Wave Organ,Ceratium furca,19.0,Sunny,W,Dead low tide,,,,,"lots of Prorocentrum. I'm unsure what 60% of slide coverage means, but have asked Jenn.  Their bodies didn't cover 60% of the slide, but there were certainly many cells in all the slide grids",2.5,1.0,1,1,1.0,1,1,,,,1.0
2019-09-12T18:00:00Z,37.808603,-122.440069,Present,26.5,2019-09-12T18:00:00Z,30.5,CA - Wave Organ,Chaetoceros spp.,19.0,Sunny,W,Dead low tide,,,,,"lots of Prorocentrum. I'm unsure what 60% of slide coverage means, but have asked Jenn.  Their bodies didn't cover 60% of the slide, but there were certainly many cells in all the slide grids",2.5,1.0,1,1,1.0,1,1,,,,1.0
2019-09-12T18:00:00Z,37.808603,-122.440069,Present,26.5,2019-09-12T18:00:00Z,30.5,CA - Wave Organ,Coscinodiscus spp.,19.0,Sunny,W,Dead low tide,,,,,"lots of Prorocentrum. I'm unsure what 60% of slide coverage means, but have asked Jenn.  Their bodies didn't cover 60% of the slide, but there were certainly many cells in all the slide grids",2.5,1.0,1,1,1.0,1,1,,,,1.0
2019-09-12T18:00:00Z,37.808603,-122.440069,Present,26.5,2019-09-12T18:00:00Z,30.5,CA - Wave Organ,Dinoflagellates,19.0,Sunny,W,Dead low tide,,,,,"lots of Prorocentrum. I'm unsure what 60% of slide coverage means, but have asked Jenn.  Their bodies didn't cover 60% of the slide, but there were certainly many cells in all the slide grids",2.5,1.0,1,1,1.0,1,1,,,,1.0
2019-09-12T18:00:00Z,37.808603,-122.440069,Present,26.5,2019-09-12T18:00:00Z,30.5,CA - Wave Organ,Ditylum spp.,19.0,Sunny,W,Dead low tide,,,,,"lots of Prorocentrum. I'm unsure what 60% of slide coverage means, but have asked Jenn.  Their bodies didn't cover 60% of the slide, but there were certainly many cells in all the slide grids",2.5,1.0,1,1,1.0,1,1,,,,1.0
2019-09-12T18:00:00Z,37.808603,-122.440069,Present,26.5,2019-09-12T18:00:00Z,30.5,CA - Wave Organ,Melosira spp.,19.0,Sunny,W,Dead low tide,,,,,"lots of Prorocentrum. I'm unsure what 60% of slide coverage means, but have asked Jenn.  Their bodies didn't cover 60% of the slide, but there were certainly many cells in all the slide grids",2.5,1.0,1,1,1.0,1,1,,,,1.0
2019-09-12T18:00:00Z,37.808603,-122.440069,Present,26.5,2019-09-12T18:00:00Z,30.5,CA - Wave Organ,Nauplius,19.0,Sunny,W,Dead low tide,,,,,"lots of Prorocentrum. I'm unsure what 60% of slide coverage means, but have asked Jenn.  Their bodies didn't cover 60% of the slide, but there were certainly many cells in all the slide grids",2.5,1.0,1,1,1.0,1,1,,,,1.0
2019-09-12T18:00:00Z,37.808603,-122.440069,Present,26.5,2019-09-12T18:00:00Z,30.5,CA - Wave Organ,Pennate Diatom,19.0,Sunny,W,Dead low tide,,,,,"lots of Prorocentrum. I'm unsure what 60% of slide coverage means, but have asked Jenn.  Their bodies didn't cover 60% of the slide, but there were certainly many cells in all the slide grids",2.5,1.0,1,1,1.0,1,1,,,,1.0
2019-09-12T18:00:00Z,37.808603,-122.440069,Present,26.5,2019-09-12T18:00:00Z,30.5,CA - Wave Organ,,19.0,Sunny,W,Dead low tide,,,,,"lots of Prorocentrum. I'm unsure what 60% of slide coverage means, but have asked Jenn.  Their bodies didn't cover 60% of the slide, but there were certainly many cells in all the slide grids",2.5,1.0,1,1,1.0,1,1,,,,1.0
2019-09-12T18:00:00Z,37.808603,-122.440069,Present,26.5,2019-09-12T18:00:00Z,30.5,CA - Wave Organ,Prorocentrum spp.,19.0,Sunny,W,Dead low tide,,,,,"lots of Prorocentrum. I'm unsure what 60% of slide coverage means, but have asked Jenn.  Their bodies didn't cover 60% of the slide, but there were certainly many cells in all the slide grids",2.5,1.0,1,1,1.0,1,1,,,,1.0
2019-09-12T18:00:00Z,37.808603,-122.440069,Present,26.5,2019-09-12T18:00:00Z,30.5,CA - Wave Organ,Zooplankton,19.0,Sunny,W,Dead low tide,,,,,"lots of Prorocentrum. I'm unsure what 60% of slide coverage means, but have asked Jenn.  Their bodies didn't cover 60% of the slide, but there were certainly many cells in all the slide grids",2.5,1.0,1,1,1.0,1,1,,,,1.0
2019-09-26T15:30:00Z,37.808603,-122.440069,Present,24.0,2019-09-26T15:30:00Z,30.0,CA - Wave Organ,Centric Diatom,18.0,Partly cloudy,W,Dead low tide,,,,,"By far the most populous species was prorocentrum.  Although the usual species were present, there were only a few of each",25.0,1.0,1,1,1.0,1,1,,,,1.0
2019-09-26T15:30:00Z,37.808603,-122.440069,Present,24.0,2019-09-26T15:30:00Z,30.0,CA - Wave Organ,Ceratium furca,18.0,Partly cloudy,W,Dead low tide,,,,,"By far the most populous species was prorocentrum.  Although the usual species were present, there were only a few of each",25.0,1.0,1,1,1.0,1,1,,,,1.0
2019-09-26T15:30:00Z,37.808603,-122.440069,Present,24.0,2019-09-26T15:30:00Z,30.0,CA - Wave Organ,Copepod,18.0,Partly cloudy,W,Dead low tide,,,,,"By far the most populous species was prorocentrum.  Although the usual species were present, there were only a few of each",25.0,1.0,1,1,1.0,1,1,,,,1.0
2019-09-26T15:30:00Z,37.808603,-122.440069,Present,24.0,2019-09-26T15:30:00Z,30.0,CA - Wave Organ,Coscinodiscus spp.,18.0,Partly cloudy,W,Dead low tide,,,,,"By far the most populous species was prorocentrum.  Although the usual species were present, there were only a few of each",25.0,1.0,1,1,1.0,1,1,,,,1.0
2019-09-26T15:30:00Z,37.808603,-122.440069,Present,24.0,2019-09-26T15:30:00Z,30.0,CA - Wave Organ,Ditylum spp.,18.0,Partly cloudy,W,Dead low tide,,,,,"By far the most populous species was prorocentrum.  Although the usual species were present, there were only a few of each",25.0,1.0,1,1,1.0,1,1,,,,1.0
2019-09-26T15:30:00Z,37.808603,-122.440069,Present,24.0,2019-09-26T15:30:00Z,30.0,CA - Wave Organ,Nauplius,18.0,Partly cloudy,W,Dead low tide,,,,,"By far the most populous species was prorocentrum.  Although the usual species were present, there were only a few of each",25.0,1.0,1,1,1.0,1,1,,,,1.0
2019-09-26T15:30:00Z,37.808603,-122.440069,Present,24.0,2019-09-26T15:30:00Z,30.0,CA - Wave Organ,Noctiluca spp.,18.0,Partly cloudy,W,Dead low tide,,,,,"By far the most populous species was prorocentrum.  Although the usual species were present, there were only a few of each",25.0,1.0,1,1,1.0,1,1,,,,1.0
2019-09-26T15:30:00Z,37.808603,-122.440069,Present,24.0,2019-09-26T15:30:00Z,30.0,CA - Wave Organ,Pennate Diatom,18.0,Partly cloudy,W,Dead low tide,,,,,"By far the most populous species was prorocentrum.  Although the usual species were present, there were only a few of each",25.0,1.0,1,1,1.0,1,1,,,,1.0
2019-09-26T15:30:00Z,37.808603,-122.440069,Present,24.0,2019-09-26T15:30:00Z,30.0,CA - Wave Organ,,18.0,Partly cloudy,W,Dead low tide,,,,,"By far the most populous species was prorocentrum.  Although the usual species were present, there were only a few of each",25.0,1.0,1,1,1.0,1,1,,,,1.0
2019-09-26T15:30:00Z,37.808603,-122.440069,Elevated,24.0,2019-09-26T15:30:00Z,30.0,CA - Wave Organ,Prorocentrum spp.,18.0,Partly cloudy,W,Dead low tide,,,,,"By far the most populous species was prorocentrum.  Although the usual species were present, there were only a few of each",25.0,1.0,1,1,1.0,1,1,,,,1.0
2019-09-26T15:30:00Z,37.808603,-122.440069,Present,24.0,2019-09-26T15:30:00Z,30.0,CA - Wave Organ,Rhizosolenia spp.,18.0,Partly cloudy,W,Dead low tide,,,,,"By far the most populous species was prorocentrum.  Although the usual species were present, there were only a few of each",25.0,1.0,1,1,1.0,1,1,,,,1.0
2019-09-26T15:30:00Z,37.808603,-122.440069,Present,24.0,2019-09-26T15:30:00Z,30.0,CA - Wave Organ,Tintinnid,18.0,Partly cloudy,W,Dead low tide,,,,,"By far the most populous species was prorocentrum.  Although the usual species were present, there were only a few of each",25.0,1.0,1,1,1.0,1,1,,,,1.0
2019-09-26T15:30:00Z,37.808603,-122.440069,Present,24.0,2019-09-26T15:30:00Z,30.0,CA - Wave Organ,Zooplankton,18.0,Partly cloudy,W,Dead low tide,,,,,"By far the most populous species was prorocentrum.  Although the usual species were present, there were only a few of each",25.0,1.0,1,1,1.0,1,1,,,,1.0
2019-10-10T14:30:00Z,37.808603,-122.440069,Present,25.0,2019-10-10T14:30:00Z,30.0,CA - Wave Organ,Akashiwo sanguinea,16.5,Sunny,E,Outgoing,,,,,NO,2.5,1.0,1,1,1.0,1,1,,,,1.0
2019-10-10T14:30:00Z,37.808603,-122.440069,Present,25.0,2019-10-10T14:30:00Z,30.0,CA - Wave Organ,Centric Diatom,16.5,Sunny,E,Outgoing,,,,,NO,2.5,1.0,1,1,1.0,1,1,,,,1.0
2019-10-10T14:30:00Z,37.808603,-122.440069,Present,25.0,2019-10-10T14:30:00Z,30.0,CA - Wave Organ,Ceratium furca,16.5,Sunny,E,Outgoing,,,,,NO,2.5,1.0,1,1,1.0,1,1,,,,1.0
2019-10-10T14:30:00Z,37.808603,-122.440069,Present,25.0,2019-10-10T14:30:00Z,30.0,CA - Wave Organ,Chaetoceros spp.,16.5,Sunny,E,Outgoing,,,,,NO,2.5,1.0,1,1,1.0,1,1,,,,1.0
2019-10-10T14:30:00Z,37.808603,-122.440069,Present,25.0,2019-10-10T14:30:00Z,30.0,CA - Wave Organ,Copepod,16.5,Sunny,E,Outgoing,,,,,NO,2.5,1.0,1,1,1.0,1,1,,,,1.0
2019-10-10T14:30:00Z,37.808603,-122.440069,Present,25.0,2019-10-10T14:30:00Z,30.0,CA - Wave Organ,Coscinodiscus spp.,16.5,Sunny,E,Outgoing,,,,,NO,2.5,1.0,1,1,1.0,1,1,,,,1.0
2019-10-10T14:30:00Z,37.808603,-122.440069,Present,25.0,2019-10-10T14:30:00Z,30.0,CA - Wave Organ,Dinoflagellates,16.5,Sunny,E,Outgoing,,,,,NO,2.5,1.0,1,1,1.0,1,1,,,,1.0
2019-10-10T14:30:00Z,37.808603,-122.440069,Present,25.0,2019-10-10T14:30:00Z,30.0,CA - Wave Organ,Dinophysis spp.,16.5,Sunny,E,Outgoing,,,,,NO,2.5,1.0,1,1,1.0,1,1,,,,1.0
2019-10-10T14:30:00Z,37.808603,-122.440069,Present,25.0,2019-10-10T14:30:00Z,30.0,CA - Wave Organ,Ditylum spp.,16.5,Sunny,E,Outgoing,,,,,NO,2.5,1.0,1,1,1.0,1,1,,,,1.0
2019-10-10T14:30:00Z,37.808603,-122.440069,Present,25.0,2019-10-10T14:30:00Z,30.0,CA - Wave Organ,Melosira spp.,16.5,Sunny,E,Outgoing,,,,,NO,2.5,1.0,1,1,1.0,1,1,,,,1.0
2019-10-10T14:30:00Z,37.808603,-122.440069,Present,25.0,2019-10-10T14:30:00Z,30.0,CA - Wave Organ,Nauplius,16.5,Sunny,E,Outgoing,,,,,NO,2.5,1.0,1,1,1.0,1,1,,,,1.0
2019-10-10T14:30:00Z,37.808603,-122.440069,Present,25.0,2019-10-10T14:30:00Z,30.0,CA - Wave Organ,Noctiluca spp.,16.5,Sunny,E,Outgoing,,,,,NO,2.5,1.0,1,1,1.0,1,1,,,,1.0
2019-10-10T14:30:00Z,37.808603,-122.440069,Present,25.0,2019-10-10T14:30:00Z,30.0,CA - Wave Organ,Prorocentrum spp.,16.5,Sunny,E,Outgoing,,,,,NO,2.5,1.0,1,1,1.0,1,1,,,,1.0
2019-10-10T14:30:00Z,37.808603,-122.440069,Present,25.0,2019-10-10T14:30:00Z,30.0,CA - Wave Organ,Protoperidinium spp.,16.5,Sunny,E,Outgoing,,,,,NO,2.5,1.0,1,1,1.0,1,1,,,,1.0
2019-10-10T14:30:00Z,37.808603,-122.440069,Present,25.0,2019-10-10T14:30:00Z,30.0,CA - Wave Organ,Rhizosolenia spp.,16.5,Sunny,E,Outgoing,,,,,NO,2.5,1.0,1,1,1.0,1,1,,,,1.0
2019-10-10T14:30:00Z,37.808603,-122.440069,Present,25.0,2019-10-10T14:30:00Z,30.0,CA - Wave Organ,Zooplankton,16.5,Sunny,E,Outgoing,,,,,NO,2.5,1.0,1,1,1.0,1,1,,,,1.0
2019-10-24T14:00:00Z,37.808603,-122.440069,Present,28.5,2019-10-24T14:00:00Z,29.0,CA - Wave Organ,Akashiwo sanguinea,16.0,Sunny,,Dead low tide,,,,,NO,2.5,1.0,1,1,1.0,1,1,,,,1.0
2019-10-24T14:00:00Z,37.808603,-122.440069,Present,28.5,2019-10-24T14:00:00Z,29.0,CA - Wave Organ,Centric Diatom,16.0,Sunny,,Dead low tide,,,,,NO,2.5,1.0,1,1,1.0,1,1,,,,1.0
2019-10-24T14:00:00Z,37.808603,-122.440069,Present,28.5,2019-10-24T14:00:00Z,29.0,CA - Wave Organ,Ceratium furca,16.0,Sunny,,Dead low tide,,,,,NO,2.5,1.0,1,1,1.0,1,1,,,,1.0
2019-10-24T14:00:00Z,37.808603,-122.440069,Present,28.5,2019-10-24T14:00:00Z,29.0,CA - Wave Organ,Ceratium fusus,16.0,Sunny,,Dead low tide,,,,,NO,2.5,1.0,1,1,1.0,1,1,,,,1.0
2019-10-24T14:00:00Z,37.808603,-122.440069,Present,28.5,2019-10-24T14:00:00Z,29.0,CA - Wave Organ,Chaetoceros spp.,16.0,Sunny,,Dead low tide,,,,,NO,2.5,1.0,1,1,1.0,1,1,,,,1.0
2019-10-24T14:00:00Z,37.808603,-122.440069,Present,28.5,2019-10-24T14:00:00Z,29.0,CA - Wave Organ,Coscinodiscus spp.,16.0,Sunny,,Dead low tide,,,,,NO,2.5,1.0,1,1,1.0,1,1,,,,1.0
2019-10-24T14:00:00Z,37.808603,-122.440069,Present,28.5,2019-10-24T14:00:00Z,29.0,CA - Wave Organ,Dinoflagellates,16.0,Sunny,,Dead low tide,,,,,NO,2.5,1.0,1,1,1.0,1,1,,,,1.0
2019-10-24T14:00:00Z,37.808603,-122.440069,Present,28.5,2019-10-24T14:00:00Z,29.0,CA - Wave Organ,Ditylum spp.,16.0,Sunny,,Dead low tide,,,,,NO,2.5,1.0,1,1,1.0,1,1,,,,1.0
2019-10-24T14:00:00Z,37.808603,-122.440069,Present,28.5,2019-10-24T14:00:00Z,29.0,CA - Wave Organ,Melosira spp.,16.0,Sunny,,Dead low tide,,,,,NO,2.5,1.0,1,1,1.0,1,1,,,,1.0
2019-10-24T14:00:00Z,37.808603,-122.440069,Present,28.5,2019-10-24T14:00:00Z,29.0,CA - Wave Organ,Nauplius,16.0,Sunny,,Dead low tide,,,,,NO,2.5,1.0,1,1,1.0,1,1,,,,1.0
2019-10-24T14:00:00Z,37.808603,-122.440069,Present,28.5,2019-10-24T14:00:00Z,29.0,CA - Wave Organ,Noctiluca spp.,16.0,Sunny,,Dead low tide,,,,,NO,2.5,1.0,1,1,1.0,1,1,,,,1.0
2019-10-24T14:00:00Z,37.808603,-122.440069,Present,28.5,2019-10-24T14:00:00Z,29.0,CA - Wave Organ,Pennate Diatom,16.0,Sunny,,Dead low tide,,,,,NO,2.5,1.0,1,1,1.0,1,1,,,,1.0
2019-10-24T14:00:00Z,37.808603,-122.440069,Present,28.5,2019-10-24T14:00:00Z,29.0,CA - Wave Organ,,16.0,Sunny,,Dead low tide,,,,,NO,2.5,1.0,1,1,1.0,1,1,,,,1.0
2019-10-24T14:00:00Z,37.808603,-122.440069,Present,28.5,2019-10-24T14:00:00Z,29.0,CA - Wave Organ,Prorocentrum spp.,16.0,Sunny,,Dead low tide,,,,,NO,2.5,1.0,1,1,1.0,1,1,,,,1.0
2019-10-24T14:00:00Z,37.808603,-122.440069,Present,28.5,2019-10-24T14:00:00Z,29.0,CA - Wave Organ,Tintinnid,16.0,Sunny,,Dead low tide,,,,,NO,2.5,1.0,1,1,1.0,1,1,,,,1.0
2019-10-24T14:00:00Z,37.808603,-122.440069,Present,28.5,2019-10-24T14:00:00Z,29.0,CA - Wave Organ,Zooplankton,16.0,Sunny,,Dead low tide,,,,,NO,2.5,1.0,1,1,1.0,1,1,,,,1.0
2019-11-07T13:00:00Z,37.808603,-122.440069,Present,16.0,2019-11-07T13:00:00Z,30.0,CA - Wave Organ,Akashiwo sanguinea,14.0,Sunny,W,Dead low tide,,,,,NO,2.5,1.0,1,1,1.0,1,1,,,,1.0
2019-11-07T13:00:00Z,37.808603,-122.440069,Present,16.0,2019-11-07T13:00:00Z,30.0,CA - Wave Organ,Centric Diatom,14.0,Sunny,W,Dead low tide,,,,,NO,2.5,1.0,1,1,1.0,1,1,,,,1.0
2019-11-07T13:00:00Z,37.808603,-122.440069,Present,16.0,2019-11-07T13:00:00Z,30.0,CA - Wave Organ,Ceratium furca,14.0,Sunny,W,Dead low tide,,,,,NO,2.5,1.0,1,1,1.0,1,1,,,,1.0
2019-11-07T13:00:00Z,37.808603,-122.440069,Present,16.0,2019-11-07T13:00:00Z,30.0,CA - Wave Organ,Ceratium fusus,14.0,Sunny,W,Dead low tide,,,,,NO,2.5,1.0,1,1,1.0,1,1,,,,1.0
2019-11-07T13:00:00Z,37.808603,-122.440069,Present,16.0,2019-11-07T13:00:00Z,30.0,CA - Wave Organ,Coscinodiscus spp.,14.0,Sunny,W,Dead low tide,,,,,NO,2.5,1.0,1,1,1.0,1,1,,,,1.0
2019-11-07T13:00:00Z,37.808603,-122.440069,Present,16.0,2019-11-07T13:00:00Z,30.0,CA - Wave Organ,Dinoflagellates,14.0,Sunny,W,Dead low tide,,,,,NO,2.5,1.0,1,1,1.0,1,1,,,,1.0
2019-11-07T13:00:00Z,37.808603,-122.440069,Present,16.0,2019-11-07T13:00:00Z,30.0,CA - Wave Organ,Melosira spp.,14.0,Sunny,W,Dead low tide,,,,,NO,2.5,1.0,1,1,1.0,1,1,,,,1.0
2019-11-07T13:00:00Z,37.808603,-122.440069,Present,16.0,2019-11-07T13:00:00Z,30.0,CA - Wave Organ,Nauplius,14.0,Sunny,W,Dead low tide,,,,,NO,2.5,1.0,1,1,1.0,1,1,,,,1.0
2019-11-07T13:00:00Z,37.808603,-122.440069,Present,16.0,2019-11-07T13:00:00Z,30.0,CA - Wave Organ,,14.0,Sunny,W,Dead low tide,,,,,NO,2.5,1.0,1,1,1.0,1,1,,,,1.0
2019-11-07T13:00:00Z,37.808603,-122.440069,Present,16.0,2019-11-07T13:00:00Z,30.0,CA - Wave Organ,Rhizosolenia spp.,14.0,Sunny,W,Dead low tide,,,,,NO,2.5,1.0,1,1,1.0,1,1,,,,1.0
2019-11-07T13:00:00Z,37.808603,-122.440069,Present,16.0,2019-11-07T13:00:00Z,30.0,CA - Wave Organ,Tintinnid,14.0,Sunny,W,Dead low tide,,,,,NO,2.5,1.0,1,1,1.0,1,1,,,,1.0
2019-11-07T13:00:00Z,37.808603,-122.440069,Present,16.0,2019-11-07T13:00:00Z,30.0,CA - Wave Organ,Zooplankton,14.0,Sunny,W,Dead low tide,,,,,NO,2.5,1.0,1,1,1.0,1,1,,,,1.0
2019-11-21T13:30:00Z,37.808603,-122.440069,Present,19.0,2019-11-21T13:30:00Z,30.0,CA - Wave Organ,Akashiwo sanguinea,14.0,Sunny,W,Dead low tide,,,,,NO,7.5,1.0,1,1,1.0,1,1,,,,1.0
2019-11-21T13:30:00Z,37.808603,-122.440069,Present,19.0,2019-11-21T13:30:00Z,30.0,CA - Wave Organ,Centric Diatom,14.0,Sunny,W,Dead low tide,,,,,NO,7.5,1.0,1,1,1.0,1,1,,,,1.0
2019-11-21T13:30:00Z,37.808603,-122.440069,Present,19.0,2019-11-21T13:30:00Z,30.0,CA - Wave Organ,Ceratium furca,14.0,Sunny,W,Dead low tide,,,,,NO,7.5,1.0,1,1,1.0,1,1,,,,1.0
2019-11-21T13:30:00Z,37.808603,-122.440069,Present,19.0,2019-11-21T13:30:00Z,30.0,CA - Wave Organ,Ceratium fusus,14.0,Sunny,W,Dead low tide,,,,,NO,7.5,1.0,1,1,1.0,1,1,,,,1.0
2019-11-21T13:30:00Z,37.808603,-122.440069,Present,19.0,2019-11-21T13:30:00Z,30.0,CA - Wave Organ,Coscinodiscus spp.,14.0,Sunny,W,Dead low tide,,,,,NO,7.5,1.0,1,1,1.0,1,1,,,,1.0
2019-11-21T13:30:00Z,37.808603,-122.440069,Present,19.0,2019-11-21T13:30:00Z,30.0,CA - Wave Organ,Dinoflagellates,14.0,Sunny,W,Dead low tide,,,,,NO,7.5,1.0,1,1,1.0,1,1,,,,1.0
2019-11-21T13:30:00Z,37.808603,-122.440069,Present,19.0,2019-11-21T13:30:00Z,30.0,CA - Wave Organ,Melosira spp.,14.0,Sunny,W,Dead low tide,,,,,NO,7.5,1.0,1,1,1.0,1,1,,,,1.0
2019-11-21T13:30:00Z,37.808603,-122.440069,Present,19.0,2019-11-21T13:30:00Z,30.0,CA - Wave Organ,Nauplius,14.0,Sunny,W,Dead low tide,,,,,NO,7.5,1.0,1,1,1.0,1,1,,,,1.0
2019-11-21T13:30:00Z,37.808603,-122.440069,Present,19.0,2019-11-21T13:30:00Z,30.0,CA - Wave Organ,Pleurosigma spp.,14.0,Sunny,W,Dead low tide,,,,,NO,7.5,1.0,1,1,1.0,1,1,,,,1.0
2019-11-21T13:30:00Z,37.808603,-122.440069,Present,19.0,2019-11-21T13:30:00Z,30.0,CA - Wave Organ,,14.0,Sunny,W,Dead low tide,,,,,NO,7.5,1.0,1,1,1.0,1,1,,,,1.0
2019-11-21T13:30:00Z,37.808603,-122.440069,Present,19.0,2019-11-21T13:30:00Z,30.0,CA - Wave Organ,Zooplankton,14.0,Sunny,W,Dead low tide,,,,,NO,7.5,1.0,1,1,1.0,1,1,,,,1.0
2019-12-06T12:45:00Z,37.808603,-122.440069,Present,18.0,2019-12-06T12:45:00Z,30.0,CA - Wave Organ,Akashiwo sanguinea,13.0,Cloudy,S,Dead low tide,,,,,NO,12.5,1.0,1,1,1.0,1,1,,,,1.0
2019-12-06T12:45:00Z,37.808603,-122.440069,Present,18.0,2019-12-06T12:45:00Z,30.0,CA - Wave Organ,Centric Diatom,13.0,Cloudy,S,Dead low tide,,,,,NO,12.5,1.0,1,1,1.0,1,1,,,,1.0
2019-12-06T12:45:00Z,37.808603,-122.440069,Present,18.0,2019-12-06T12:45:00Z,30.0,CA - Wave Organ,Ceratium furca,13.0,Cloudy,S,Dead low tide,,,,,NO,12.5,1.0,1,1,1.0,1,1,,,,1.0
2019-12-06T12:45:00Z,37.808603,-122.440069,Present,18.0,2019-12-06T12:45:00Z,30.0,CA - Wave Organ,Ceratium fusus,13.0,Cloudy,S,Dead low tide,,,,,NO,12.5,1.0,1,1,1.0,1,1,,,,1.0
2019-12-06T12:45:00Z,37.808603,-122.440069,Present,18.0,2019-12-06T12:45:00Z,30.0,CA - Wave Organ,Coscinodiscus spp.,13.0,Cloudy,S,Dead low tide,,,,,NO,12.5,1.0,1,1,1.0,1,1,,,,1.0
2019-12-06T12:45:00Z,37.808603,-122.440069,Present,18.0,2019-12-06T12:45:00Z,30.0,CA - Wave Organ,Dinoflagellates,13.0,Cloudy,S,Dead low tide,,,,,NO,12.5,1.0,1,1,1.0,1,1,,,,1.0
2019-12-06T12:45:00Z,37.808603,-122.440069,Present,18.0,2019-12-06T12:45:00Z,30.0,CA - Wave Organ,Ditylum spp.,13.0,Cloudy,S,Dead low tide,,,,,NO,12.5,1.0,1,1,1.0,1,1,,,,1.0
2019-12-06T12:45:00Z,37.808603,-122.440069,Present,18.0,2019-12-06T12:45:00Z,30.0,CA - Wave Organ,Melosira spp.,13.0,Cloudy,S,Dead low tide,,,,,NO,12.5,1.0,1,1,1.0,1,1,,,,1.0
2019-12-06T12:45:00Z,37.808603,-122.440069,Present,18.0,2019-12-06T12:45:00Z,30.0,CA - Wave Organ,Pennate Diatom,13.0,Cloudy,S,Dead low tide,,,,,NO,12.5,1.0,1,1,1.0,1,1,,,,1.0
2019-12-06T12:45:00Z,37.808603,-122.440069,Present,18.0,2019-12-06T12:45:00Z,30.0,CA - Wave Organ,Pleurosigma spp.,13.0,Cloudy,S,Dead low tide,,,,,NO,12.5,1.0,1,1,1.0,1,1,,,,1.0
2019-12-06T12:45:00Z,37.808603,-122.440069,Present,18.0,2019-12-06T12:45:00Z,30.0,CA - Wave Organ,Prorocentrum spp.,13.0,Cloudy,S,Dead low tide,,,,,NO,12.5,1.0,1,1,1.0,1,1,,,,1.0
2019-12-06T12:45:00Z,37.808603,-122.440069,Present,18.0,2019-12-06T12:45:00Z,30.0,CA - Wave Organ,Pseudo-nitzschia spp.,13.0,Cloudy,S,Dead low tide,,,,,NO,12.5,1.0,1,1,1.0,1,1,,,,1.0
2019-12-06T12:45:00Z,37.808603,-122.440069,Present,18.0,2019-12-06T12:45:00Z,30.0,CA - Wave Organ,Rhizosolenia spp.,13.0,Cloudy,S,Dead low tide,,,,,NO,12.5,1.0,1,1,1.0,1,1,,,,1.0
2019-12-19T15:30:00Z,37.808603,-122.440069,Present,18.5,2019-12-19T15:30:00Z,30.0,CA - Wave Organ,Centric Diatom,13.0,Partly cloudy,W,Incoming,,,,,NO,2.5,1.0,1,1,1.0,1,1,,,,1.0
2019-12-19T15:30:00Z,37.808603,-122.440069,Present,18.5,2019-12-19T15:30:00Z,30.0,CA - Wave Organ,Ceratium furca,13.0,Partly cloudy,W,Incoming,,,,,NO,2.5,1.0,1,1,1.0,1,1,,,,1.0
2019-12-19T15:30:00Z,37.808603,-122.440069,Present,18.5,2019-12-19T15:30:00Z,30.0,CA - Wave Organ,Cochlodinium spp.,13.0,Partly cloudy,W,Incoming,,,,,NO,2.5,1.0,1,1,1.0,1,1,,,,1.0
2019-12-19T15:30:00Z,37.808603,-122.440069,Present,18.5,2019-12-19T15:30:00Z,30.0,CA - Wave Organ,Coscinodiscus spp.,13.0,Partly cloudy,W,Incoming,,,,,NO,2.5,1.0,1,1,1.0,1,1,,,,1.0
2019-12-19T15:30:00Z,37.808603,-122.440069,Present,18.5,2019-12-19T15:30:00Z,30.0,CA - Wave Organ,Dinoflagellates,13.0,Partly cloudy,W,Incoming,,,,,NO,2.5,1.0,1,1,1.0,1,1,,,,1.0
2019-12-19T15:30:00Z,37.808603,-122.440069,Present,18.5,2019-12-19T15:30:00Z,30.0,CA - Wave Organ,Ditylum spp.,13.0,Partly cloudy,W,Incoming,,,,,NO,2.5,1.0,1,1,1.0,1,1,,,,1.0
2019-12-19T15:30:00Z,37.808603,-122.440069,Present,18.5,2019-12-19T15:30:00Z,30.0,CA - Wave Organ,Melosira spp.,13.0,Partly cloudy,W,Incoming,,,,,NO,2.5,1.0,1,1,1.0,1,1,,,,1.0
2019-12-19T15:30:00Z,37.808603,-122.440069,Present,18.5,2019-12-19T15:30:00Z,30.0,CA - Wave Organ,Nauplius,13.0,Partly cloudy,W,Incoming,,,,,NO,2.5,1.0,1,1,1.0,1,1,,,,1.0
2019-12-19T15:30:00Z,37.808603,-122.440069,Present,18.5,2019-12-19T15:30:00Z,30.0,CA - Wave Organ,Noctiluca spp.,13.0,Partly cloudy,W,Incoming,,,,,NO,2.5,1.0,1,1,1.0,1,1,,,,1.0
2019-12-19T15:30:00Z,37.808603,-122.440069,Present,18.5,2019-12-19T15:30:00Z,30.0,CA - Wave Organ,Pennate Diatom,13.0,Partly cloudy,W,Incoming,,,,,NO,2.5,1.0,1,1,1.0,1,1,,,,1.0
2019-12-19T15:30:00Z,37.808603,-122.440069,Present,18.5,2019-12-19T15:30:00Z,30.0,CA - Wave Organ,,13.0,Partly cloudy,W,Incoming,,,,,NO,2.5,1.0,1,1,1.0,1,1,,,,1.0
2019-12-19T15:30:00Z,37.808603,-122.440069,Present,18.5,2019-12-19T15:30:00Z,30.0,CA - Wave Organ,Prorocentrum spp.,13.0,Partly cloudy,W,Incoming,,,,,NO,2.5,1.0,1,1,1.0,1,1,,,,1.0
2019-12-19T15:30:00Z,37.808603,-122.440069,Present,18.5,2019-12-19T15:30:00Z,30.0,CA - Wave Organ,Protoperidinium spp.,13.0,Partly cloudy,W,Incoming,,,,,NO,2.5,1.0,1,1,1.0,1,1,,,,1.0
2019-12-19T15:30:00Z,37.808603,-122.440069,Present,18.5,2019-12-19T15:30:00Z,30.0,CA - Wave Organ,Rhizosolenia spp.,13.0,Partly cloudy,W,Incoming,,,,,NO,2.5,1.0,1,1,1.0,1,1,,,,1.0
2019-12-19T15:30:00Z,37.808603,-122.440069,Present,18.5,2019-12-19T15:30:00Z,30.0,CA - Wave Organ,Tintinnid,13.0,Partly cloudy,W,Incoming,,,,,NO,2.5,1.0,1,1,1.0,1,1,,,,1.0
2019-12-19T15:30:00Z,37.808603,-122.440069,Present,18.5,2019-12-19T15:30:00Z,30.0,CA - Wave Organ,Zooplankton,13.0,Partly cloudy,W,Incoming,,,,,NO,2.5,1.0,1,1,1.0,1,1,,,,1.0
2019-07-26T09:00:00Z,49.286063,-123.1005235,Present,24.0,2019-07-26T09:00:00Z,13.0,CA - Vfpa Main Street Docks,Pennate Diatom,18.0,Sunny,,Incoming,,,,,NO,2.5,1.0,1,1,1.0,1,1,,,,1.0
2019-07-26T09:00:00Z,49.286063,-123.1005235,Present,24.0,2019-07-26T09:00:00Z,13.0,CA - Vfpa Main Street Docks,Protoperidinium spp.,18.0,Sunny,,Incoming,,,,,NO,2.5,1.0,1,1,1.0,1,1,,,,1.0
2019-01-06T11:00:00Z,33.962698,-118.461934,Present,17.0,2019-01-06T11:00:00Z,27.0,CA - Marina Del Ray Jetty,,12.0,Mostly cloudy,W,Outgoing,,,,,NO,7.5,1.0,1,1,1.0,1,1,,,,1.0
2019-01-06T12:30:00Z,37.808603,-122.440069,Present,12.0,2019-01-06T12:30:00Z,30.0,CA - Wave Organ,,12.0,Rain,W,Full high tide,,,,,"very stormy, king tides, flooding",25.0,1.0,1,1,1.0,1,1,,,,1.0
2019-02-10T13:30:00Z,37.808603,-122.440069,Present,11.0,2019-02-10T13:30:00Z,25.0,CA - Wave Organ,,12.0,Partly cloudy,W,Full high tide,,,,,NO,25.0,1.0,1,1,1.0,1,1,,,,1.0
2019-02-17T08:30:00Z,33.962698,-118.461934,Present,14.0,2019-02-17T08:30:00Z,30.0,CA - Marina Del Ray Jetty,,14.0,Partly cloudy,W,Outgoing,,,,,NO,7.5,1.0,1,1,1.0,1,1,,,,1.0
2019-03-17T12:00:00Z,33.962698,-118.461934,Present,20.0,2019-03-17T12:00:00Z,33.0,CA - Marina Del Ray Jetty,,16.0,Sunny,W,Outgoing,,,,,NO,2.5,1.0,1,1,1.0,1,1,,,,1.0
2019-03-23T11:45:00Z,33.962698,-118.461934,Present,15.0,2019-03-23T11:45:00Z,34.0,CA - Marina Del Ray Jetty,,16.0,Mostly cloudy,SW,Incoming,,,,,"There were an increased number of Pseudo-nitzschia, perhaps 12 on slide, and the slide was very dirty.",7.5,1.0,1,1,1.0,1,1,,,,1.0
2019-05-19T13:30:00Z,37.808603,-122.440069,Present,15.0,2019-05-19T13:30:00Z,25.0,CA - Wave Organ,,15.0,Cloudy,W,Full high tide,,,,,NO,2.5,1.0,1,1,1.0,1,1,,,,1.0
2019-06-02T09:20:00Z,33.962698,-118.461934,Present,16.5,2019-06-02T09:20:00Z,34.0,CA - Marina Del Ray Jetty,,17.0,Cloudy,SE,Incoming,,,,,"Numerous Pseudo-nitzschia, reports from Dr. Dave Caron, USC Oceanographer, report that Marine Rescue Center says they have rescued animals showing signs of domoic acid poisoning. PN on my slide approaching bloom levels.",7.5,1.0,1,1,1.0,1,1,,,,1.0
2019-06-09T11:00:00Z,33.962698,-118.461934,Present,19.0,2019-06-09T11:00:00Z,32.0,CA - Marina Del Ray Jetty,,20.0,Sunny,S,Incoming,,,,,NO,7.5,1.0,1,1,1.0,1,1,,,,1.0
2019-06-30T18:00:00Z,37.808603,-122.440069,Present,21.0,2019-06-30T18:00:00Z,29.0,CA - Wave Organ,,18.0,Partly cloudy,W,Incoming,,,,,"lots of dinophysis, way more than I've seen before, but not 60% of slide",12.5,1.0,1,1,1.0,1,1,,,,1.0
2019-08-01T13:00:00Z,37.808603,-122.440069,Present,20.0,2019-08-01T13:00:00Z,30.0,CA - Wave Organ,,18.0,Partly cloudy,W,Full high tide,,,,,NO,12.5,1.0,1,1,1.0,1,1,,,,1.0
2019-08-04T11:30:00Z,33.962698,-118.461934,Present,21.0,2019-08-04T11:30:00Z,33.0,CA - Marina Del Ray Jetty,,22.0,Partly cloudy,SW,Incoming,,,,,NO,7.5,1.0,1,1,1.0,1,1,,,,1.0
2019-08-23T13:00:00Z,37.808603,-122.440069,Present,19.0,2019-08-23T13:00:00Z,30.0,CA - Wave Organ,,18.5,Sunny,W,Dead low tide,,,,,Dredging activities 500 feet away,17.5,1.0,1,1,1.0,1,1,,,,1.0
2019-09-12T18:00:00Z,37.808603,-122.440069,Present,26.5,2019-09-12T18:00:00Z,30.5,CA - Wave Organ,,19.0,Sunny,W,Dead low tide,,,,,"lots of Prorocentrum. I'm unsure what 60% of slide coverage means, but have asked Jenn.  Their bodies didn't cover 60% of the slide, but there were certainly many cells in all the slide grids",2.5,1.0,1,1,1.0,1,1,,,,1.0
2019-09-26T15:30:00Z,37.808603,-122.440069,Present,24.0,2019-09-26T15:30:00Z,30.0,CA - Wave Organ,,18.0,Partly cloudy,W,Dead low tide,,,,,"By far the most populous species was prorocentrum.  Although the usual species were present, there were only a few of each",25.0,1.0,1,1,1.0,1,1,,,,1.0
2019-10-24T14:00:00Z,37.808603,-122.440069,Present,28.5,2019-10-24T14:00:00Z,29.0,CA - Wave Organ,,16.0,Sunny,,Dead low tide,,,,,NO,2.5,1.0,1,1,1.0,1,1,,,,1.0
2019-11-07T13:00:00Z,37.808603,-122.440069,Present,16.0,2019-11-07T13:00:00Z,30.0,CA - Wave Organ,,14.0,Sunny,W,Dead low tide,,,,,NO,2.5,1.0,1,1,1.0,1,1,,,,1.0
2019-11-21T13:30:00Z,37.808603,-122.440069,Present,19.0,2019-11-21T13:30:00Z,30.0,CA - Wave Organ,,14.0,Sunny,W,Dead low tide,,,,,NO,7.5,1.0,1,1,1.0,1,1,,,,1.0
2019-12-19T15:30:00Z,37.808603,-122.440069,Present,18.5,2019-12-19T15:30:00Z,30.0,CA - Wave Organ,,13.0,Partly cloudy,W,Incoming,,,,,NO,2.5,1.0,1,1,1.0,1,1,,,,1.0
2021-08-19T20:30:00Z,36.96396,-122.00256,Present,20.0,2021-08-19T20:30:00Z,34.0,"CA - CA947, Santa Cruz Harbor",Chaetoceros spp.,17.0,Partly cloudy,SW,Outgoing,,0.0,0.0,150.0,,2.5,1.0,1,1,1.0,1,1,,4.0,1.0,1.0
2021-08-19T20:30:00Z,36.96396,-122.00256,Present,20.0,2021-08-19T20:30:00Z,34.0,"CA - CA947, Santa Cruz Harbor",Coscinodiscus spp.,17.0,Partly cloudy,SW,Outgoing,,0.0,0.0,150.0,,2.5,1.0,1,1,1.0,1,1,,4.0,1.0,1.0
2021-08-19T20:30:00Z,36.96396,-122.00256,Present,20.0,2021-08-19T20:30:00Z,34.0,"CA - CA947, Santa Cruz Harbor",Prorocentrum spp.,17.0,Partly cloudy,SW,Outgoing,,0.0,0.0,150.0,,2.5,1.0,1,1,1.0,1,1,,4.0,1.0,1.0
2021-08-19T20:30:00Z,36.96396,-122.00256,Present,20.0,2021-08-19T20:30:00Z,34.0,"CA - CA947, Santa Cruz Harbor",Protoperidinium spp.,17.0,Partly cloudy,SW,Outgoing,,0.0,0.0,150.0,,2.5,1.0,1,1,1.0,1,1,,4.0,1.0,1.0
2021-08-19T20:30:00Z,36.96396,-122.00256,Present,20.0,2021-08-19T20:30:00Z,34.0,"CA - CA947, Santa Cruz Harbor",Tripos furca,17.0,Partly cloudy,SW,Outgoing,,0.0,0.0,150.0,,2.5,1.0,1,1,1.0,1,1,,4.0,1.0,1.0
2021-08-23T19:30:00Z,36.96396,-122.00256,Present,19.0,2021-08-23T19:30:00Z,35.0,"CA - CA947, Santa Cruz Harbor",Chaetoceros spp.,18.0,,,Incoming,,,,,,2.5,1.0,1,1,1.0,1,1,,,,1.0
2021-08-23T19:30:00Z,36.96396,-122.00256,Present,19.0,2021-08-23T19:30:00Z,35.0,"CA - CA947, Santa Cruz Harbor",Gonyaulux,18.0,,,Incoming,,,,,,2.5,1.0,1,1,1.0,1,1,,,,1.0
2021-08-23T19:30:00Z,36.96396,-122.00256,Present,19.0,2021-08-23T19:30:00Z,35.0,"CA - CA947, Santa Cruz Harbor",Pennate Diatom,18.0,,,Incoming,,,,,,2.5,1.0,1,1,1.0,1,1,,,,1.0
2021-08-23T19:30:00Z,36.96396,-122.00256,Present,19.0,2021-08-23T19:30:00Z,35.0,"CA - CA947, Santa Cruz Harbor",Prorocentrum spp.,18.0,,,Incoming,,,,,,2.5,1.0,1,1,1.0,1,1,,,,1.0
2021-08-23T19:30:00Z,36.96396,-122.00256,Present,19.0,2021-08-23T19:30:00Z,35.0,"CA - CA947, Santa Cruz Harbor",Tripos furca,18.0,,,Incoming,,,,,,2.5,1.0,1,1,1.0,1,1,,,,1.0
2021-09-08T18:00:00Z,36.96396,-122.00256,Present,19.0,2021-09-08T18:00:00Z,35.0,"CA - CA947, Santa Cruz Harbor",Akashiwo sanguinea,17.0,,SE,Incoming,,,,,,2.5,1.0,1,1,1.0,1,1,,,,1.0
2021-09-08T18:00:00Z,36.96396,-122.00256,Present,19.0,2021-09-08T18:00:00Z,35.0,"CA - CA947, Santa Cruz Harbor",Coscinodiscus spp.,17.0,,SE,Incoming,,,,,,2.5,1.0,1,1,1.0,1,1,,,,1.0
2021-09-08T18:00:00Z,36.96396,-122.00256,Elevated,19.0,2021-09-08T18:00:00Z,35.0,"CA - CA947, Santa Cruz Harbor",Prorocentrum spp.,17.0,,SE,Incoming,,,,,,2.5,1.0,1,1,1.0,1,1,,,,1.0
2021-09-08T18:00:00Z,36.96396,-122.00256,Present,19.0,2021-09-08T18:00:00Z,35.0,"CA - CA947, Santa Cruz Harbor",Tripos furca,17.0,,SE,Incoming,,,,,,2.5,1.0,1,1,1.0,1,1,,,,1.0
2021-09-19T19:15:00Z,36.96396,-122.00256,Present,19.0,2021-09-19T19:15:00Z,35.0,"CA - CA947, Santa Cruz Harbor",Akashiwo sanguinea,17.0,Foggy,SW,Full high tide,,0.0,0.0,190.0,Corrected magnification to camera. All images taken with 40X objective. Camera has additional 1.8X magnification yielding 720X to the camera,2.5,1.0,1,1,1.0,1,1,,4.0,1.0,1.0
2021-09-19T19:15:00Z,36.96396,-122.00256,Present,19.0,2021-09-19T19:15:00Z,35.0,"CA - CA947, Santa Cruz Harbor",Centric Diatom,17.0,Foggy,SW,Full high tide,,0.0,0.0,190.0,Corrected magnification to camera. All images taken with 40X objective. Camera has additional 1.8X magnification yielding 720X to the camera,2.5,1.0,1,1,1.0,1,1,,4.0,1.0,1.0
2021-09-19T19:15:00Z,36.96396,-122.00256,Present,19.0,2021-09-19T19:15:00Z,35.0,"CA - CA947, Santa Cruz Harbor",Coscinodiscus spp.,17.0,Foggy,SW,Full high tide,,0.0,0.0,190.0,Corrected magnification to camera. All images taken with 40X objective. Camera has additional 1.8X magnification yielding 720X to the camera,2.5,1.0,1,1,1.0,1,1,,4.0,1.0,1.0
2021-09-19T19:15:00Z,36.96396,-122.00256,Present,19.0,2021-09-19T19:15:00Z,35.0,"CA - CA947, Santa Cruz Harbor",Dinophysis spp.,17.0,Foggy,SW,Full high tide,,0.0,0.0,190.0,Corrected magnification to camera. All images taken with 40X objective. Camera has additional 1.8X magnification yielding 720X to the camera,2.5,1.0,1,1,1.0,1,1,,4.0,1.0,1.0
2021-09-19T19:15:00Z,36.96396,-122.00256,Present,19.0,2021-09-19T19:15:00Z,35.0,"CA - CA947, Santa Cruz Harbor",Licmophora spp.,17.0,Foggy,SW,Full high tide,,0.0,0.0,190.0,Corrected magnification to camera. All images taken with 40X objective. Camera has additional 1.8X magnification yielding 720X to the camera,2.5,1.0,1,1,1.0,1,1,,4.0,1.0,1.0
2021-09-19T19:15:00Z,36.96396,-122.00256,Present,19.0,2021-09-19T19:15:00Z,35.0,"CA - CA947, Santa Cruz Harbor",Nitzschia spp.,17.0,Foggy,SW,Full high tide,,0.0,0.0,190.0,Corrected magnification to camera. All images taken with 40X objective. Camera has additional 1.8X magnification yielding 720X to the camera,2.5,1.0,1,1,1.0,1,1,,4.0,1.0,1.0
2021-09-19T19:15:00Z,36.96396,-122.00256,Elevated,19.0,2021-09-19T19:15:00Z,35.0,"CA - CA947, Santa Cruz Harbor",Prorocentrum spp.,17.0,Foggy,SW,Full high tide,,0.0,0.0,190.0,Corrected magnification to camera. All images taken with 40X objective. Camera has additional 1.8X magnification yielding 720X to the camera,2.5,1.0,1,1,1.0,1,1,,4.0,1.0,1.0
2021-09-19T19:15:00Z,36.96396,-122.00256,Present,19.0,2021-09-19T19:15:00Z,35.0,"CA - CA947, Santa Cruz Harbor",Tripos furca,17.0,Foggy,SW,Full high tide,,0.0,0.0,190.0,Corrected magnification to camera. All images taken with 40X objective. Camera has additional 1.8X magnification yielding 720X to the camera,2.5,1.0,1,1,1.0,1,1,,4.0,1.0,1.0
2021-09-29T21:30:00Z,36.96396,-122.00256,Present,21.0,2021-09-29T21:30:00Z,36.0,"CA - CA947, Santa Cruz Harbor",Akashiwo sanguinea,16.0,Sunny,SW,Incoming,,,,190.0,,7.5,1.0,1,1,1.0,1,1,,,,1.0
2021-09-29T21:30:00Z,36.96396,-122.00256,Present,21.0,2021-09-29T21:30:00Z,36.0,"CA - CA947, Santa Cruz Harbor",Asteromphalus,16.0,Sunny,SW,Incoming,,,,190.0,,7.5,1.0,1,1,1.0,1,1,,,,1.0
2021-09-29T21:30:00Z,36.96396,-122.00256,Present,21.0,2021-09-29T21:30:00Z,36.0,"CA - CA947, Santa Cruz Harbor",Gonyaulux,16.0,Sunny,SW,Incoming,,,,190.0,,7.5,1.0,1,1,1.0,1,1,,,,1.0
2021-09-29T21:30:00Z,36.96396,-122.00256,Present,21.0,2021-09-29T21:30:00Z,36.0,"CA - CA947, Santa Cruz Harbor",Nitzschia spp.,16.0,Sunny,SW,Incoming,,,,190.0,,7.5,1.0,1,1,1.0,1,1,,,,1.0
2021-09-29T21:30:00Z,36.96396,-122.00256,Present,21.0,2021-09-29T21:30:00Z,36.0,"CA - CA947, Santa Cruz Harbor",Prorocentrum spp.,16.0,Sunny,SW,Incoming,,,,190.0,,7.5,1.0,1,1,1.0,1,1,,,,1.0
2021-09-29T21:30:00Z,36.96396,-122.00256,Present,21.0,2021-09-29T21:30:00Z,36.0,"CA - CA947, Santa Cruz Harbor",Pseudo-nitzschia spp.,16.0,Sunny,SW,Incoming,,,,190.0,,7.5,1.0,1,1,1.0,1,1,,,,1.0
2021-09-29T21:30:00Z,36.96396,-122.00256,Present,21.0,2021-09-29T21:30:00Z,36.0,"CA - CA947, Santa Cruz Harbor",Tripos furca,16.0,Sunny,SW,Incoming,,,,190.0,,7.5,1.0,1,1,1.0,1,1,,,,1.0
2021-10-11T17:20:00Z,36.96396,-122.00256,Present,18.0,2021-10-11T17:20:00Z,36.0,"CA - CA947, Santa Cruz Harbor",Actinoptychus spp.,14.0,Sunny,N,Incoming,,0.0,0.0,220.0,"Corrected data, Changed Lingulodinium from Present to Absent.",7.5,1.0,1,1,1.0,1,1,,4.0,1.0,1.0
2021-10-11T17:20:00Z,36.96396,-122.00256,Present,18.0,2021-10-11T17:20:00Z,36.0,"CA - CA947, Santa Cruz Harbor",Akashiwo sanguinea,14.0,Sunny,N,Incoming,,0.0,0.0,220.0,"Corrected data, Changed Lingulodinium from Present to Absent.",7.5,1.0,1,1,1.0,1,1,,4.0,1.0,1.0
2021-10-11T17:20:00Z,36.96396,-122.00256,Present,18.0,2021-10-11T17:20:00Z,36.0,"CA - CA947, Santa Cruz Harbor",Ceratium fusus,14.0,Sunny,N,Incoming,,0.0,0.0,220.0,"Corrected data, Changed Lingulodinium from Present to Absent.",7.5,1.0,1,1,1.0,1,1,,4.0,1.0,1.0
2021-10-11T17:20:00Z,36.96396,-122.00256,Present,18.0,2021-10-11T17:20:00Z,36.0,"CA - CA947, Santa Cruz Harbor",Coscinodiscus spp.,14.0,Sunny,N,Incoming,,0.0,0.0,220.0,"Corrected data, Changed Lingulodinium from Present to Absent.",7.5,1.0,1,1,1.0,1,1,,4.0,1.0,1.0
2021-10-11T17:20:00Z,36.96396,-122.00256,Present,18.0,2021-10-11T17:20:00Z,36.0,"CA - CA947, Santa Cruz Harbor",Dictyochaceae,14.0,Sunny,N,Incoming,,0.0,0.0,220.0,"Corrected data, Changed Lingulodinium from Present to Absent.",7.5,1.0,1,1,1.0,1,1,,4.0,1.0,1.0
2021-10-11T17:20:00Z,36.96396,-122.00256,Present,18.0,2021-10-11T17:20:00Z,36.0,"CA - CA947, Santa Cruz Harbor",Gonyaulax spp.,14.0,Sunny,N,Incoming,,0.0,0.0,220.0,"Corrected data, Changed Lingulodinium from Present to Absent.",7.5,1.0,1,1,1.0,1,1,,4.0,1.0,1.0
2021-10-11T17:20:00Z,36.96396,-122.00256,Present,18.0,2021-10-11T17:20:00Z,36.0,"CA - CA947, Santa Cruz Harbor",Lingulodinium spp.,14.0,Sunny,N,Incoming,,0.0,0.0,220.0,"Corrected data, Changed Lingulodinium from Present to Absent.",7.5,1.0,1,1,1.0,1,1,,4.0,1.0,1.0
2021-10-11T17:20:00Z,36.96396,-122.00256,Present,18.0,2021-10-11T17:20:00Z,36.0,"CA - CA947, Santa Cruz Harbor",Prorocentrum spp.,14.0,Sunny,N,Incoming,,0.0,0.0,220.0,"Corrected data, Changed Lingulodinium from Present to Absent.",7.5,1.0,1,1,1.0,1,1,,4.0,1.0,1.0
2021-10-11T17:20:00Z,36.96396,-122.00256,Present,18.0,2021-10-11T17:20:00Z,36.0,"CA - CA947, Santa Cruz Harbor",Tripos furca,14.0,Sunny,N,Incoming,,0.0,0.0,220.0,"Corrected data, Changed Lingulodinium from Present to Absent.",7.5,1.0,1,1,1.0,1,1,,4.0,1.0,1.0
2021-10-11T17:20:00Z,36.96396,-122.00256,Present,18.0,2021-10-11T17:20:00Z,36.0,"CA - CA947, Santa Cruz Harbor",Tripos fusus,14.0,Sunny,N,Incoming,,0.0,0.0,220.0,"Corrected data, Changed Lingulodinium from Present to Absent.",7.5,1.0,1,1,1.0,1,1,,4.0,1.0,1.0
2021-10-22T19:40:00Z,36.96396,-122.00256,Present,17.0,2021-10-22T19:40:00Z,35.0,"CA - CA947, Santa Cruz Harbor",Akashiwo sanguinea,14.0,Cloudy,SW,Full high tide,,0.0,0.0,180.0,Relatively sparse collection. Rain the previous day. No elevated targets. Prorocentrum the most present target.,2.5,1.0,1,1,1.0,1,1,,4.0,1.0,1.0
2021-10-22T19:40:00Z,36.96396,-122.00256,Present,17.0,2021-10-22T19:40:00Z,35.0,"CA - CA947, Santa Cruz Harbor",Alexandrium monilatum,14.0,Cloudy,SW,Full high tide,,0.0,0.0,180.0,Relatively sparse collection. Rain the previous day. No elevated targets. Prorocentrum the most present target.,2.5,1.0,1,1,1.0,1,1,,4.0,1.0,1.0
2021-10-22T19:40:00Z,36.96396,-122.00256,Present,17.0,2021-10-22T19:40:00Z,35.0,"CA - CA947, Santa Cruz Harbor",Alexandrium spp.,14.0,Cloudy,SW,Full high tide,,0.0,0.0,180.0,Relatively sparse collection. Rain the previous day. No elevated targets. Prorocentrum the most present target.,2.5,1.0,1,1,1.0,1,1,,4.0,1.0,1.0
2021-10-22T19:40:00Z,36.96396,-122.00256,Present,17.0,2021-10-22T19:40:00Z,35.0,"CA - CA947, Santa Cruz Harbor",Gonyaulux,14.0,Cloudy,SW,Full high tide,,0.0,0.0,180.0,Relatively sparse collection. Rain the previous day. No elevated targets. Prorocentrum the most present target.,2.5,1.0,1,1,1.0,1,1,,4.0,1.0,1.0
2021-10-22T19:40:00Z,36.96396,-122.00256,Present,17.0,2021-10-22T19:40:00Z,35.0,"CA - CA947, Santa Cruz Harbor",Prorocentrum spp.,14.0,Cloudy,SW,Full high tide,,0.0,0.0,180.0,Relatively sparse collection. Rain the previous day. No elevated targets. Prorocentrum the most present target.,2.5,1.0,1,1,1.0,1,1,,4.0,1.0,1.0
2021-10-22T19:40:00Z,36.96396,-122.00256,Present,17.0,2021-10-22T19:40:00Z,35.0,"CA - CA947, Santa Cruz Harbor",Tripos furca,14.0,Cloudy,SW,Full high tide,,0.0,0.0,180.0,Relatively sparse collection. Rain the previous day. No elevated targets. Prorocentrum the most present target.,2.5,1.0,1,1,1.0,1,1,,4.0,1.0,1.0
2021-11-03T18:00:00Z,36.96396,-122.00256,Present,17.0,2021-11-03T18:00:00Z,35.0,"CA - CA947, Santa Cruz Harbor",Dictyochaceae,14.0,Mostly cloudy,SE,Outgoing,,,0.0,180.0,Ceratium fusus was the predominate species of Ceratium. All previous observations at this site C. Furca was predominate.,2.5,1.0,1,1,1.0,1,1,,,1.0,1.0
2021-11-03T18:00:00Z,36.96396,-122.00256,Present,17.0,2021-11-03T18:00:00Z,35.0,"CA - CA947, Santa Cruz Harbor",Nitzschia spp.,14.0,Mostly cloudy,SE,Outgoing,,,0.0,180.0,Ceratium fusus was the predominate species of Ceratium. All previous observations at this site C. Furca was predominate.,2.5,1.0,1,1,1.0,1,1,,,1.0,1.0
2021-11-03T18:00:00Z,36.96396,-122.00256,Elevated,17.0,2021-11-03T18:00:00Z,35.0,"CA - CA947, Santa Cruz Harbor",Prorocentrum spp.,14.0,Mostly cloudy,SE,Outgoing,,,0.0,180.0,Ceratium fusus was the predominate species of Ceratium. All previous observations at this site C. Furca was predominate.,2.5,1.0,1,1,1.0,1,1,,,1.0,1.0
2021-11-03T18:00:00Z,36.96396,-122.00256,Present,17.0,2021-11-03T18:00:00Z,35.0,"CA - CA947, Santa Cruz Harbor",Protoperidinium spp.,14.0,Mostly cloudy,SE,Outgoing,,,0.0,180.0,Ceratium fusus was the predominate species of Ceratium. All previous observations at this site C. Furca was predominate.,2.5,1.0,1,1,1.0,1,1,,,1.0,1.0
2021-11-03T18:00:00Z,36.96396,-122.00256,Present,17.0,2021-11-03T18:00:00Z,35.0,"CA - CA947, Santa Cruz Harbor",Pseudo-nitzschia spp.,14.0,Mostly cloudy,SE,Outgoing,,,0.0,180.0,Ceratium fusus was the predominate species of Ceratium. All previous observations at this site C. Furca was predominate.,2.5,1.0,1,1,1.0,1,1,,,1.0,1.0
2021-11-03T18:00:00Z,36.96396,-122.00256,Present,17.0,2021-11-03T18:00:00Z,35.0,"CA - CA947, Santa Cruz Harbor",Tintinnid,14.0,Mostly cloudy,SE,Outgoing,,,0.0,180.0,Ceratium fusus was the predominate species of Ceratium. All previous observations at this site C. Furca was predominate.,2.5,1.0,1,1,1.0,1,1,,,1.0,1.0
2021-11-03T18:00:00Z,36.96396,-122.00256,Present,17.0,2021-11-03T18:00:00Z,35.0,"CA - CA947, Santa Cruz Harbor",Tripos furca,14.0,Mostly cloudy,SE,Outgoing,,,0.0,180.0,Ceratium fusus was the predominate species of Ceratium. All previous observations at this site C. Furca was predominate.,2.5,1.0,1,1,1.0,1,1,,,1.0,1.0
2021-11-17T18:45:00Z,36.96396,-122.00256,Present,18.0,2021-11-17T18:45:00Z,36.0,"CA - CA947, Santa Cruz Harbor",Akashiwo sanguinea,14.0,Sunny,SE,Outgoing,,0.0,0.0,220.0,,2.5,1.0,1,1,1.0,1,1,,4.0,1.0,1.0
2021-11-17T18:45:00Z,36.96396,-122.00256,Present,18.0,2021-11-17T18:45:00Z,36.0,"CA - CA947, Santa Cruz Harbor",Alexandrium spp.,14.0,Sunny,SE,Outgoing,,0.0,0.0,220.0,,2.5,1.0,1,1,1.0,1,1,,4.0,1.0,1.0
2021-11-17T18:45:00Z,36.96396,-122.00256,Present,18.0,2021-11-17T18:45:00Z,36.0,"CA - CA947, Santa Cruz Harbor",Ceratium spp.,14.0,Sunny,SE,Outgoing,,0.0,0.0,220.0,,2.5,1.0,1,1,1.0,1,1,,4.0,1.0,1.0
2021-11-17T18:45:00Z,36.96396,-122.00256,Present,18.0,2021-11-17T18:45:00Z,36.0,"CA - CA947, Santa Cruz Harbor",Chaetoceros spp.,14.0,Sunny,SE,Outgoing,,0.0,0.0,220.0,,2.5,1.0,1,1,1.0,1,1,,4.0,1.0,1.0
2021-11-17T18:45:00Z,36.96396,-122.00256,Present,18.0,2021-11-17T18:45:00Z,36.0,"CA - CA947, Santa Cruz Harbor",Coscinodiscus spp.,14.0,Sunny,SE,Outgoing,,0.0,0.0,220.0,,2.5,1.0,1,1,1.0,1,1,,4.0,1.0,1.0
2021-11-17T18:45:00Z,36.96396,-122.00256,Present,18.0,2021-11-17T18:45:00Z,36.0,"CA - CA947, Santa Cruz Harbor",Cylindrotheca spp.,14.0,Sunny,SE,Outgoing,,0.0,0.0,220.0,,2.5,1.0,1,1,1.0,1,1,,4.0,1.0,1.0
2021-11-17T18:45:00Z,36.96396,-122.00256,Present,18.0,2021-11-17T18:45:00Z,36.0,"CA - CA947, Santa Cruz Harbor",Gonyaulax spp.,14.0,Sunny,SE,Outgoing,,0.0,0.0,220.0,,2.5,1.0,1,1,1.0,1,1,,4.0,1.0,1.0
2021-11-17T18:45:00Z,36.96396,-122.00256,Present,18.0,2021-11-17T18:45:00Z,36.0,"CA - CA947, Santa Cruz Harbor",Licmophora spp.,14.0,Sunny,SE,Outgoing,,0.0,0.0,220.0,,2.5,1.0,1,1,1.0,1,1,,4.0,1.0,1.0
2021-11-17T18:45:00Z,36.96396,-122.00256,Present,18.0,2021-11-17T18:45:00Z,36.0,"CA - CA947, Santa Cruz Harbor",Pleurosigma spp.,14.0,Sunny,SE,Outgoing,,0.0,0.0,220.0,,2.5,1.0,1,1,1.0,1,1,,4.0,1.0,1.0
2021-11-17T18:45:00Z,36.96396,-122.00256,Present,18.0,2021-11-17T18:45:00Z,36.0,"CA - CA947, Santa Cruz Harbor",Prorocentrum spp.,14.0,Sunny,SE,Outgoing,,0.0,0.0,220.0,,2.5,1.0,1,1,1.0,1,1,,4.0,1.0,1.0
2021-11-17T18:45:00Z,36.96396,-122.00256,Present,18.0,2021-11-17T18:45:00Z,36.0,"CA - CA947, Santa Cruz Harbor",Stephanopyxis spp.,14.0,Sunny,SE,Outgoing,,0.0,0.0,220.0,,2.5,1.0,1,1,1.0,1,1,,4.0,1.0,1.0
2021-11-17T18:45:00Z,36.96396,-122.00256,Present,18.0,2021-11-17T18:45:00Z,36.0,"CA - CA947, Santa Cruz Harbor",Tripos furca,14.0,Sunny,SE,Outgoing,,0.0,0.0,220.0,,2.5,1.0,1,1,1.0,1,1,,4.0,1.0,1.0
2021-11-29T19:30:00Z,36.96396,-122.00256,Present,19.0,2021-11-29T19:30:00Z,36.0,"CA - CA947, Santa Cruz Harbor",Akashiwo sanguinea,13.0,Sunny,S,Outgoing,,,,255.0,": A diverse collection. No elevated target species observed. Pseudo-nitzschia, Akashiwo sanguinea and Prorocentrum the most present targets",2.5,1.0,1,1,1.0,1,1,,,,1.0
2021-11-29T19:30:00Z,36.96396,-122.00256,Present,19.0,2021-11-29T19:30:00Z,36.0,"CA - CA947, Santa Cruz Harbor",Ceratium fusus,13.0,Sunny,S,Outgoing,,,,255.0,": A diverse collection. No elevated target species observed. Pseudo-nitzschia, Akashiwo sanguinea and Prorocentrum the most present targets",2.5,1.0,1,1,1.0,1,1,,,,1.0
2021-11-29T19:30:00Z,36.96396,-122.00256,Present,19.0,2021-11-29T19:30:00Z,36.0,"CA - CA947, Santa Cruz Harbor",Chaetoceros spp.,13.0,Sunny,S,Outgoing,,,,255.0,": A diverse collection. No elevated target species observed. Pseudo-nitzschia, Akashiwo sanguinea and Prorocentrum the most present targets",2.5,1.0,1,1,1.0,1,1,,,,1.0
2021-11-29T19:30:00Z,36.96396,-122.00256,Present,19.0,2021-11-29T19:30:00Z,36.0,"CA - CA947, Santa Cruz Harbor",Cochlodinium spp.,13.0,Sunny,S,Outgoing,,,,255.0,": A diverse collection. No elevated target species observed. Pseudo-nitzschia, Akashiwo sanguinea and Prorocentrum the most present targets",2.5,1.0,1,1,1.0,1,1,,,,1.0
2021-11-29T19:30:00Z,36.96396,-122.00256,Present,19.0,2021-11-29T19:30:00Z,36.0,"CA - CA947, Santa Cruz Harbor",Coscinodiscus spp.,13.0,Sunny,S,Outgoing,,,,255.0,": A diverse collection. No elevated target species observed. Pseudo-nitzschia, Akashiwo sanguinea and Prorocentrum the most present targets",2.5,1.0,1,1,1.0,1,1,,,,1.0
2021-11-29T19:30:00Z,36.96396,-122.00256,Present,19.0,2021-11-29T19:30:00Z,36.0,"CA - CA947, Santa Cruz Harbor",Dinophysis spp.,13.0,Sunny,S,Outgoing,,,,255.0,": A diverse collection. No elevated target species observed. Pseudo-nitzschia, Akashiwo sanguinea and Prorocentrum the most present targets",2.5,1.0,1,1,1.0,1,1,,,,1.0
2021-11-29T19:30:00Z,36.96396,-122.00256,Present,19.0,2021-11-29T19:30:00Z,36.0,"CA - CA947, Santa Cruz Harbor",Eucampia spp.,13.0,Sunny,S,Outgoing,,,,255.0,": A diverse collection. No elevated target species observed. Pseudo-nitzschia, Akashiwo sanguinea and Prorocentrum the most present targets",2.5,1.0,1,1,1.0,1,1,,,,1.0
2021-11-29T19:30:00Z,36.96396,-122.00256,Present,19.0,2021-11-29T19:30:00Z,36.0,"CA - CA947, Santa Cruz Harbor",Guinardia spp.,13.0,Sunny,S,Outgoing,,,,255.0,": A diverse collection. No elevated target species observed. Pseudo-nitzschia, Akashiwo sanguinea and Prorocentrum the most present targets",2.5,1.0,1,1,1.0,1,1,,,,1.0
2021-11-29T19:30:00Z,36.96396,-122.00256,Present,19.0,2021-11-29T19:30:00Z,36.0,"CA - CA947, Santa Cruz Harbor",Prorocentrum spp.,13.0,Sunny,S,Outgoing,,,,255.0,": A diverse collection. No elevated target species observed. Pseudo-nitzschia, Akashiwo sanguinea and Prorocentrum the most present targets",2.5,1.0,1,1,1.0,1,1,,,,1.0
2021-11-29T19:30:00Z,36.96396,-122.00256,Present,19.0,2021-11-29T19:30:00Z,36.0,"CA - CA947, Santa Cruz Harbor",Pseudo-nitzschia spp.,13.0,Sunny,S,Outgoing,,,,255.0,": A diverse collection. No elevated target species observed. Pseudo-nitzschia, Akashiwo sanguinea and Prorocentrum the most present targets",2.5,1.0,1,1,1.0,1,1,,,,1.0
2021-11-29T19:30:00Z,36.96396,-122.00256,Present,19.0,2021-11-29T19:30:00Z,36.0,"CA - CA947, Santa Cruz Harbor",Tripos fusus,13.0,Sunny,S,Outgoing,,,,255.0,": A diverse collection. No elevated target species observed. Pseudo-nitzschia, Akashiwo sanguinea and Prorocentrum the most present targets",2.5,1.0,1,1,1.0,1,1,,,,1.0
2021-12-12T18:00:00Z,36.96396,-122.00256,Present,9.0,2021-12-12T18:00:00Z,37.0,"CA - CA947, Santa Cruz Harbor",Akashiwo sanguinea,11.0,Cloudy,N,Outgoing,,,,250.0,Sparse collection. Not many targets. Incoming storm,2.5,1.0,1,1,1.0,1,1,,,,1.0
2021-12-12T18:00:00Z,36.96396,-122.00256,Present,9.0,2021-12-12T18:00:00Z,37.0,"CA - CA947, Santa Cruz Harbor",Asterionellopsis spp.,11.0,Cloudy,N,Outgoing,,,,250.0,Sparse collection. Not many targets. Incoming storm,2.5,1.0,1,1,1.0,1,1,,,,1.0
2021-12-12T18:00:00Z,36.96396,-122.00256,Present,9.0,2021-12-12T18:00:00Z,37.0,"CA - CA947, Santa Cruz Harbor",Chaetoceros spp.,11.0,Cloudy,N,Outgoing,,,,250.0,Sparse collection. Not many targets. Incoming storm,2.5,1.0,1,1,1.0,1,1,,,,1.0
2021-12-12T18:00:00Z,36.96396,-122.00256,Present,9.0,2021-12-12T18:00:00Z,37.0,"CA - CA947, Santa Cruz Harbor",Coscinodiscus spp.,11.0,Cloudy,N,Outgoing,,,,250.0,Sparse collection. Not many targets. Incoming storm,2.5,1.0,1,1,1.0,1,1,,,,1.0
2021-12-12T18:00:00Z,36.96396,-122.00256,Present,9.0,2021-12-12T18:00:00Z,37.0,"CA - CA947, Santa Cruz Harbor",Dinophysis spp.,11.0,Cloudy,N,Outgoing,,,,250.0,Sparse collection. Not many targets. Incoming storm,2.5,1.0,1,1,1.0,1,1,,,,1.0
2021-12-12T18:00:00Z,36.96396,-122.00256,Present,9.0,2021-12-12T18:00:00Z,37.0,"CA - CA947, Santa Cruz Harbor",Entomoneis spp.,11.0,Cloudy,N,Outgoing,,,,250.0,Sparse collection. Not many targets. Incoming storm,2.5,1.0,1,1,1.0,1,1,,,,1.0
2021-12-12T18:00:00Z,36.96396,-122.00256,Present,9.0,2021-12-12T18:00:00Z,37.0,"CA - CA947, Santa Cruz Harbor",Guinardia spp.,11.0,Cloudy,N,Outgoing,,,,250.0,Sparse collection. Not many targets. Incoming storm,2.5,1.0,1,1,1.0,1,1,,,,1.0
2021-12-12T18:00:00Z,36.96396,-122.00256,Present,9.0,2021-12-12T18:00:00Z,37.0,"CA - CA947, Santa Cruz Harbor",Navicula spp.,11.0,Cloudy,N,Outgoing,,,,250.0,Sparse collection. Not many targets. Incoming storm,2.5,1.0,1,1,1.0,1,1,,,,1.0
2021-12-12T18:00:00Z,36.96396,-122.00256,Present,9.0,2021-12-12T18:00:00Z,37.0,"CA - CA947, Santa Cruz Harbor",Pennate Diatom,11.0,Cloudy,N,Outgoing,,,,250.0,Sparse collection. Not many targets. Incoming storm,2.5,1.0,1,1,1.0,1,1,,,,1.0
2021-12-12T18:00:00Z,36.96396,-122.00256,Present,9.0,2021-12-12T18:00:00Z,37.0,"CA - CA947, Santa Cruz Harbor",Protoperidinium spp.,11.0,Cloudy,N,Outgoing,,,,250.0,Sparse collection. Not many targets. Incoming storm,2.5,1.0,1,1,1.0,1,1,,,,1.0
2021-12-12T18:00:00Z,36.96396,-122.00256,Present,9.0,2021-12-12T18:00:00Z,37.0,"CA - CA947, Santa Cruz Harbor",Pseudo-nitzschia spp.,11.0,Cloudy,N,Outgoing,,,,250.0,Sparse collection. Not many targets. Incoming storm,2.5,1.0,1,1,1.0,1,1,,,,1.0
2021-12-12T18:00:00Z,36.96396,-122.00256,Present,9.0,2021-12-12T18:00:00Z,37.0,"CA - CA947, Santa Cruz Harbor",Thalassionema spp.,11.0,Cloudy,N,Outgoing,,,,250.0,Sparse collection. Not many targets. Incoming storm,2.5,1.0,1,1,1.0,1,1,,,,1.0
2021-12-27T21:45:00Z,36.96396,-122.00256,Present,13.0,2021-12-27T21:45:00Z,27.0,"CA - CA947, Santa Cruz Harbor",Akashiwo sanguinea,11.0,Cloudy,N,Incoming,,,,,"Raining for days, 1+ inch in the last 24 hrs.",7.5,1.0,1,1,1.0,1,1,,,,1.0
2021-12-27T21:45:00Z,36.96396,-122.00256,Present,13.0,2021-12-27T21:45:00Z,27.0,"CA - CA947, Santa Cruz Harbor",Centric Diatom,11.0,Cloudy,N,Incoming,,,,,"Raining for days, 1+ inch in the last 24 hrs.",7.5,1.0,1,1,1.0,1,1,,,,1.0
2021-12-27T21:45:00Z,36.96396,-122.00256,Present,13.0,2021-12-27T21:45:00Z,27.0,"CA - CA947, Santa Cruz Harbor",Chaetoceros spp.,11.0,Cloudy,N,Incoming,,,,,"Raining for days, 1+ inch in the last 24 hrs.",7.5,1.0,1,1,1.0,1,1,,,,1.0
2021-12-27T21:45:00Z,36.96396,-122.00256,Present,13.0,2021-12-27T21:45:00Z,27.0,"CA - CA947, Santa Cruz Harbor",Nitzschia spp.,11.0,Cloudy,N,Incoming,,,,,"Raining for days, 1+ inch in the last 24 hrs.",7.5,1.0,1,1,1.0,1,1,,,,1.0
2021-06-14T07:30:00Z,37.808603,-122.440069,Present,16.0,2021-06-14T07:30:00Z,32.0,CA - Wave Organ,Asterionellopsis spp.,15.0,Partly cloudy,W,Dead low tide,,,,,NO,7.5,1.0,1,1,1.0,1,1,,,,1.0
2021-06-14T07:30:00Z,37.808603,-122.440069,Present,16.0,2021-06-14T07:30:00Z,32.0,CA - Wave Organ,Centric Diatom,15.0,Partly cloudy,W,Dead low tide,,,,,NO,7.5,1.0,1,1,1.0,1,1,,,,1.0
2021-06-14T07:30:00Z,37.808603,-122.440069,Present,16.0,2021-06-14T07:30:00Z,32.0,CA - Wave Organ,Chaetoceros spp.,15.0,Partly cloudy,W,Dead low tide,,,,,NO,7.5,1.0,1,1,1.0,1,1,,,,1.0
2021-06-14T07:30:00Z,37.808603,-122.440069,Present,16.0,2021-06-14T07:30:00Z,32.0,CA - Wave Organ,Coscinodiscus spp.,15.0,Partly cloudy,W,Dead low tide,,,,,NO,7.5,1.0,1,1,1.0,1,1,,,,1.0
2021-06-14T07:30:00Z,37.808603,-122.440069,Present,16.0,2021-06-14T07:30:00Z,32.0,CA - Wave Organ,Entomoneis spp.,15.0,Partly cloudy,W,Dead low tide,,,,,NO,7.5,1.0,1,1,1.0,1,1,,,,1.0
2021-06-14T07:30:00Z,37.808603,-122.440069,Present,16.0,2021-06-14T07:30:00Z,32.0,CA - Wave Organ,Melosira spp.,15.0,Partly cloudy,W,Dead low tide,,,,,NO,7.5,1.0,1,1,1.0,1,1,,,,1.0
2021-06-14T07:30:00Z,37.808603,-122.440069,Present,16.0,2021-06-14T07:30:00Z,32.0,CA - Wave Organ,Nauplius,15.0,Partly cloudy,W,Dead low tide,,,,,NO,7.5,1.0,1,1,1.0,1,1,,,,1.0
2021-06-14T07:30:00Z,37.808603,-122.440069,Present,16.0,2021-06-14T07:30:00Z,32.0,CA - Wave Organ,Navicula spp.,15.0,Partly cloudy,W,Dead low tide,,,,,NO,7.5,1.0,1,1,1.0,1,1,,,,1.0
2021-06-14T07:30:00Z,37.808603,-122.440069,Present,16.0,2021-06-14T07:30:00Z,32.0,CA - Wave Organ,Noctiluca spp.,15.0,Partly cloudy,W,Dead low tide,,,,,NO,7.5,1.0,1,1,1.0,1,1,,,,1.0
2021-06-14T07:30:00Z,37.808603,-122.440069,Present,16.0,2021-06-14T07:30:00Z,32.0,CA - Wave Organ,Pennate Diatom,15.0,Partly cloudy,W,Dead low tide,,,,,NO,7.5,1.0,1,1,1.0,1,1,,,,1.0
2021-06-14T07:30:00Z,37.808603,-122.440069,Present,16.0,2021-06-14T07:30:00Z,32.0,CA - Wave Organ,Tintinnid,15.0,Partly cloudy,W,Dead low tide,,,,,NO,7.5,1.0,1,1,1.0,1,1,,,,1.0
2021-06-14T07:30:00Z,37.808603,-122.440069,Present,16.0,2021-06-14T07:30:00Z,32.0,CA - Wave Organ,Zooplankton,15.0,Partly cloudy,W,Dead low tide,,,,,NO,7.5,1.0,1,1,1.0,1,1,,,,1.0
2022-06-26T19:30:00Z,33.96249,-118.46243,Present,18.0,2022-06-26T19:30:00Z,32.0,CA - Marina del Rey Breakwater,Akashiwo sanguinea,21.0,Cloudy,W,Outgoing,,,,,,12.5,1.0,1,1,1.0,1,1,,,,1.0
2022-06-26T19:30:00Z,33.96249,-118.46243,Present,18.0,2022-06-26T19:30:00Z,32.0,CA - Marina del Rey Breakwater,Asteromphalus,21.0,Cloudy,W,Outgoing,,,,,,12.5,1.0,1,1,1.0,1,1,,,,1.0
2022-06-26T19:30:00Z,33.96249,-118.46243,Present,18.0,2022-06-26T19:30:00Z,32.0,CA - Marina del Rey Breakwater,Attheya spp.,21.0,Cloudy,W,Outgoing,,,,,,12.5,1.0,1,1,1.0,1,1,,,,1.0
2022-06-26T19:30:00Z,33.96249,-118.46243,Present,18.0,2022-06-26T19:30:00Z,32.0,CA - Marina del Rey Breakwater,Centric Diatom,21.0,Cloudy,W,Outgoing,,,,,,12.5,1.0,1,1,1.0,1,1,,,,1.0
2022-06-26T19:30:00Z,33.96249,-118.46243,Present,18.0,2022-06-26T19:30:00Z,32.0,CA - Marina del Rey Breakwater,Chaetoceros spp.,21.0,Cloudy,W,Outgoing,,,,,,12.5,1.0,1,1,1.0,1,1,,,,1.0
2022-06-26T19:30:00Z,33.96249,-118.46243,Present,18.0,2022-06-26T19:30:00Z,32.0,CA - Marina del Rey Breakwater,Dictyocha spp.,21.0,Cloudy,W,Outgoing,,,,,,12.5,1.0,1,1,1.0,1,1,,,,1.0
2022-06-26T19:30:00Z,33.96249,-118.46243,Present,18.0,2022-06-26T19:30:00Z,32.0,CA - Marina del Rey Breakwater,Lingulodinium spp.,21.0,Cloudy,W,Outgoing,,,,,,12.5,1.0,1,1,1.0,1,1,,,,1.0
2022-06-26T19:30:00Z,33.96249,-118.46243,Present,18.0,2022-06-26T19:30:00Z,32.0,CA - Marina del Rey Breakwater,Proboscia spp.,21.0,Cloudy,W,Outgoing,,,,,,12.5,1.0,1,1,1.0,1,1,,,,1.0
2022-06-26T19:30:00Z,33.96249,-118.46243,Present,18.0,2022-06-26T19:30:00Z,32.0,CA - Marina del Rey Breakwater,Tripos furca,21.0,Cloudy,W,Outgoing,,,,,,12.5,1.0,1,1,1.0,1,1,,,,1.0
2022-10-23T20:45:00Z,33.96249,-118.46243,Present,19.0,2022-10-23T20:45:00Z,34.0,CA - Marina del Rey Breakwater,Chaetoceros spp.,20.0,Mostly cloudy,W,Outgoing,,,,,,12.5,1.0,1,1,1.0,1,1,,,,1.0
2022-10-23T20:45:00Z,33.96249,-118.46243,Present,19.0,2022-10-23T20:45:00Z,34.0,CA - Marina del Rey Breakwater,Cylindrotheca spp.,20.0,Mostly cloudy,W,Outgoing,,,,,,12.5,1.0,1,1,1.0,1,1,,,,1.0
2022-10-23T20:45:00Z,33.96249,-118.46243,Present,19.0,2022-10-23T20:45:00Z,34.0,CA - Marina del Rey Breakwater,Dictyocha spp.,20.0,Mostly cloudy,W,Outgoing,,,,,,12.5,1.0,1,1,1.0,1,1,,,,1.0
2022-10-23T20:45:00Z,33.96249,-118.46243,Present,19.0,2022-10-23T20:45:00Z,34.0,CA - Marina del Rey Breakwater,Leptocylindrus spp.,20.0,Mostly cloudy,W,Outgoing,,,,,,12.5,1.0,1,1,1.0,1,1,,,,1.0
2022-10-23T20:45:00Z,33.96249,-118.46243,Present,19.0,2022-10-23T20:45:00Z,34.0,CA - Marina del Rey Breakwater,Lingulodinium spp.,20.0,Mostly cloudy,W,Outgoing,,,,,,12.5,1.0,1,1,1.0,1,1,,,,1.0
2022-10-23T20:45:00Z,33.96249,-118.46243,Present,19.0,2022-10-23T20:45:00Z,34.0,CA - Marina del Rey Breakwater,Prorocentrum spp.,20.0,Mostly cloudy,W,Outgoing,,,,,,12.5,1.0,1,1,1.0,1,1,,,,1.0
2022-10-23T20:45:00Z,33.96249,-118.46243,Present,19.0,2022-10-23T20:45:00Z,34.0,CA - Marina del Rey Breakwater,Rhizosolenia spp.,20.0,Mostly cloudy,W,Outgoing,,,,,,12.5,1.0,1,1,1.0,1,1,,,,1.0
2022-10-23T20:45:00Z,33.96249,-118.46243,Present,19.0,2022-10-23T20:45:00Z,34.0,CA - Marina del Rey Breakwater,Tripos furca,20.0,Mostly cloudy,W,Outgoing,,,,,,12.5,1.0,1,1,1.0,1,1,,,,1.0
2022-11-20T19:45:00Z,33.96249,-118.46243,Present,18.0,2022-11-20T19:45:00Z,33.0,CA - Marina del Rey Breakwater,Ceratium fusus,16.0,Partly cloudy,W,Outgoing,,,,,,7.5,1.0,1,1,1.0,1,1,,,,1.0
2022-11-20T19:45:00Z,33.96249,-118.46243,Present,18.0,2022-11-20T19:45:00Z,33.0,CA - Marina del Rey Breakwater,Chaetoceros spp.,16.0,Partly cloudy,W,Outgoing,,,,,,7.5,1.0,1,1,1.0,1,1,,,,1.0
2022-11-20T19:45:00Z,33.96249,-118.46243,Present,18.0,2022-11-20T19:45:00Z,33.0,CA - Marina del Rey Breakwater,Cylindrotheca spp.,16.0,Partly cloudy,W,Outgoing,,,,,,7.5,1.0,1,1,1.0,1,1,,,,1.0
2022-11-20T19:45:00Z,33.96249,-118.46243,Present,18.0,2022-11-20T19:45:00Z,33.0,CA - Marina del Rey Breakwater,Lingulodinium spp.,16.0,Partly cloudy,W,Outgoing,,,,,,7.5,1.0,1,1,1.0,1,1,,,,1.0
2022-11-20T19:45:00Z,33.96249,-118.46243,Present,18.0,2022-11-20T19:45:00Z,33.0,CA - Marina del Rey Breakwater,Navicula spp.,16.0,Partly cloudy,W,Outgoing,,,,,,7.5,1.0,1,1,1.0,1,1,,,,1.0
2022-11-20T19:45:00Z,33.96249,-118.46243,Present,18.0,2022-11-20T19:45:00Z,33.0,CA - Marina del Rey Breakwater,Prorocentrum spp.,16.0,Partly cloudy,W,Outgoing,,,,,,7.5,1.0,1,1,1.0,1,1,,,,1.0
2022-11-20T19:45:00Z,33.96249,-118.46243,Present,18.0,2022-11-20T19:45:00Z,33.0,CA - Marina del Rey Breakwater,Tripos furca,16.0,Partly cloudy,W,Outgoing,,,,,,7.5,1.0,1,1,1.0,1,1,,,,1.0
2023-11-10T19:45:00Z,33.759834,-118.189321,Present,22.0,2023-11-10T19:45:00Z,25.0,CA - Long Beach: Marina Green,Tripos furca,19.0,Sunny,,Outgoing,,,,,I saw only 3 Tripos furca total throughout the 64 squares.,,1.0,1,1,1.0,1,1,,,,
2023-11-25T20:00:00Z,33.759834,-118.189321,Present,26.0,2023-11-25T20:00:00Z,25.0,CA - Long Beach: Marina Green,Lingulodinium spp.,19.0,Sunny,,Outgoing,,,,,"While observing under the microscope, the theca were separated from the naked cells, which were next to their respective thecas.",,1.0,1,1,1.0,1,1,,,,
2023-12-09T19:15:00Z,33.759834,-118.189321,Present,22.0,2023-12-09T19:15:00Z,33.0,CA - Long Beach: Marina Green,Coscinodiscus spp.,17.0,Mostly cloudy,,Outgoing,,,,,"edit: forgot to put in time of sample collection, so it automatically set to 12 am; changed it to 11:15 am (when the sample was actually collected)",,1.0,1,1,1.0,1,1,,,,
2023-11-03T17:00:00Z,36.5738,-122.0005,Present,19.0,2023-11-03T17:00:00Z,34.0,CA - Santa Cruz Harbor_Cabrillo,Akashiwo sanguinea,13.0,Sunny,S,Incoming,,,,,"Sea lions, gulls, cormorants, pigeons",2.5,1.0,1,1,1.0,3,1,,,,1.0
2023-11-03T17:00:00Z,36.5738,-122.0005,Present,19.0,2023-11-03T17:00:00Z,34.0,CA - Santa Cruz Harbor_Cabrillo,Akashiwo sanguinea,13.0,Sunny,S,Incoming,,,,,"Sea lions, gulls, cormorants, pigeons",2.5,1.0,4,4,1.0,4,1,,,,1.0
2023-11-03T17:00:00Z,36.5738,-122.0005,Present,19.0,2023-11-03T17:00:00Z,34.0,CA - Santa Cruz Harbor_Cabrillo,Asteromphalus,13.0,Sunny,S,Incoming,,,,,"Sea lions, gulls, cormorants, pigeons",2.5,1.0,1,1,1.0,3,1,,,,1.0
2023-11-03T17:00:00Z,36.5738,-122.0005,Present,19.0,2023-11-03T17:00:00Z,34.0,CA - Santa Cruz Harbor_Cabrillo,Asteromphalus,13.0,Sunny,S,Incoming,,,,,"Sea lions, gulls, cormorants, pigeons",2.5,1.0,4,4,1.0,4,1,,,,1.0
2023-11-03T17:00:00Z,36.5738,-122.0005,Present,19.0,2023-11-03T17:00:00Z,34.0,CA - Santa Cruz Harbor_Cabrillo,Chaetoceros spp.,13.0,Sunny,S,Incoming,,,,,"Sea lions, gulls, cormorants, pigeons",2.5,1.0,1,1,1.0,3,1,,,,1.0
2023-11-03T17:00:00Z,36.5738,-122.0005,Present,19.0,2023-11-03T17:00:00Z,34.0,CA - Santa Cruz Harbor_Cabrillo,Chaetoceros spp.,13.0,Sunny,S,Incoming,,,,,"Sea lions, gulls, cormorants, pigeons",2.5,1.0,4,4,1.0,4,1,,,,1.0
2023-11-03T17:00:00Z,36.5738,-122.0005,Present,19.0,2023-11-03T17:00:00Z,34.0,CA - Santa Cruz Harbor_Cabrillo,Cochlodinium spp.,13.0,Sunny,S,Incoming,,,,,"Sea lions, gulls, cormorants, pigeons",2.5,1.0,1,1,1.0,3,1,,,,1.0
2023-11-03T17:00:00Z,36.5738,-122.0005,Present,19.0,2023-11-03T17:00:00Z,34.0,CA - Santa Cruz Harbor_Cabrillo,Cochlodinium spp.,13.0,Sunny,S,Incoming,,,,,"Sea lions, gulls, cormorants, pigeons",2.5,1.0,4,4,1.0,4,1,,,,1.0
2023-11-03T17:00:00Z,36.5738,-122.0005,Present,19.0,2023-11-03T17:00:00Z,34.0,CA - Santa Cruz Harbor_Cabrillo,Coscinodiscus spp.,13.0,Sunny,S,Incoming,,,,,"Sea lions, gulls, cormorants, pigeons",2.5,1.0,1,1,1.0,3,1,,,,1.0
2023-11-03T17:00:00Z,36.5738,-122.0005,Present,19.0,2023-11-03T17:00:00Z,34.0,CA - Santa Cruz Harbor_Cabrillo,Coscinodiscus spp.,13.0,Sunny,S,Incoming,,,,,"Sea lions, gulls, cormorants, pigeons",2.5,1.0,4,4,1.0,4,1,,,,1.0
2023-11-03T17:00:00Z,36.5738,-122.0005,Present,19.0,2023-11-03T17:00:00Z,34.0,CA - Santa Cruz Harbor_Cabrillo,Gyrodinium spp.,13.0,Sunny,S,Incoming,,,,,"Sea lions, gulls, cormorants, pigeons",2.5,1.0,1,1,1.0,3,1,,,,1.0
2023-11-03T17:00:00Z,36.5738,-122.0005,Present,19.0,2023-11-03T17:00:00Z,34.0,CA - Santa Cruz Harbor_Cabrillo,Gyrodinium spp.,13.0,Sunny,S,Incoming,,,,,"Sea lions, gulls, cormorants, pigeons",2.5,1.0,4,4,1.0,4,1,,,,1.0
2023-11-03T17:00:00Z,36.5738,-122.0005,Present,19.0,2023-11-03T17:00:00Z,34.0,CA - Santa Cruz Harbor_Cabrillo,Prorocentrum spp.,13.0,Sunny,S,Incoming,,,,,"Sea lions, gulls, cormorants, pigeons",2.5,1.0,1,1,1.0,3,1,,,,1.0
2023-11-03T17:00:00Z,36.5738,-122.0005,Present,19.0,2023-11-03T17:00:00Z,34.0,CA - Santa Cruz Harbor_Cabrillo,Prorocentrum spp.,13.0,Sunny,S,Incoming,,,,,"Sea lions, gulls, cormorants, pigeons",2.5,1.0,4,4,1.0,4,1,,,,1.0
2023-11-03T17:00:00Z,36.5738,-122.0005,Present,19.0,2023-11-03T17:00:00Z,34.0,CA - Santa Cruz Harbor_Cabrillo,Protoperidinium spp.,13.0,Sunny,S,Incoming,,,,,"Sea lions, gulls, cormorants, pigeons",2.5,1.0,1,1,1.0,3,1,,,,1.0
2023-11-03T17:00:00Z,36.5738,-122.0005,Present,19.0,2023-11-03T17:00:00Z,34.0,CA - Santa Cruz Harbor_Cabrillo,Protoperidinium spp.,13.0,Sunny,S,Incoming,,,,,"Sea lions, gulls, cormorants, pigeons",2.5,1.0,4,4,1.0,4,1,,,,1.0
2023-11-03T17:00:00Z,36.5738,-122.0005,Present,19.0,2023-11-03T17:00:00Z,34.0,CA - Santa Cruz Harbor_Cabrillo,Thalassionema spp.,13.0,Sunny,S,Incoming,,,,,"Sea lions, gulls, cormorants, pigeons",2.5,1.0,1,1,1.0,3,1,,,,1.0
2023-11-03T17:00:00Z,36.5738,-122.0005,Present,19.0,2023-11-03T17:00:00Z,34.0,CA - Santa Cruz Harbor_Cabrillo,Thalassionema spp.,13.0,Sunny,S,Incoming,,,,,"Sea lions, gulls, cormorants, pigeons",2.5,1.0,4,4,1.0,4,1,,,,1.0
2023-11-03T17:00:00Z,36.5738,-122.0005,Present,19.0,2023-11-03T17:00:00Z,34.0,CA - Santa Cruz Harbor_Cabrillo,Tripos furca,13.0,Sunny,S,Incoming,,,,,"Sea lions, gulls, cormorants, pigeons",2.5,1.0,1,1,1.0,3,1,,,,1.0
2023-11-03T17:00:00Z,36.5738,-122.0005,Present,19.0,2023-11-03T17:00:00Z,34.0,CA - Santa Cruz Harbor_Cabrillo,Tripos furca,13.0,Sunny,S,Incoming,,,,,"Sea lions, gulls, cormorants, pigeons",2.5,1.0,4,4,1.0,4,1,,,,1.0
2023-11-17T17:15:00Z,36.5738,-122.0005,Present,16.0,2023-11-17T17:15:00Z,36.0,CA - Santa Cruz Harbor_Cabrillo,Akashiwo sanguinea,13.0,Mostly cloudy,SE,Incoming,,,,,"sea lion, western gulls, cormorant",2.5,1.0,1,1,1.0,3,1,,,,1.0
2023-11-17T17:15:00Z,36.5738,-122.0005,Present,16.0,2023-11-17T17:15:00Z,36.0,CA - Santa Cruz Harbor_Cabrillo,Akashiwo sanguinea,13.0,Mostly cloudy,SE,Incoming,,,,,"sea lion, western gulls, cormorant",2.5,1.0,4,4,1.0,4,1,,,,1.0
2023-11-17T17:15:00Z,36.5738,-122.0005,Present,16.0,2023-11-17T17:15:00Z,36.0,CA - Santa Cruz Harbor_Cabrillo,Asteromphalus,13.0,Mostly cloudy,SE,Incoming,,,,,"sea lion, western gulls, cormorant",2.5,1.0,1,1,1.0,3,1,,,,1.0
2023-11-17T17:15:00Z,36.5738,-122.0005,Present,16.0,2023-11-17T17:15:00Z,36.0,CA - Santa Cruz Harbor_Cabrillo,Asteromphalus,13.0,Mostly cloudy,SE,Incoming,,,,,"sea lion, western gulls, cormorant",2.5,1.0,4,4,1.0,4,1,,,,1.0
2023-11-17T17:15:00Z,36.5738,-122.0005,Present,16.0,2023-11-17T17:15:00Z,36.0,CA - Santa Cruz Harbor_Cabrillo,Coscinodiscus spp.,13.0,Mostly cloudy,SE,Incoming,,,,,"sea lion, western gulls, cormorant",2.5,1.0,1,1,1.0,3,1,,,,1.0
2023-11-17T17:15:00Z,36.5738,-122.0005,Present,16.0,2023-11-17T17:15:00Z,36.0,CA - Santa Cruz Harbor_Cabrillo,Coscinodiscus spp.,13.0,Mostly cloudy,SE,Incoming,,,,,"sea lion, western gulls, cormorant",2.5,1.0,4,4,1.0,4,1,,,,1.0
2023-11-17T17:15:00Z,36.5738,-122.0005,Present,16.0,2023-11-17T17:15:00Z,36.0,CA - Santa Cruz Harbor_Cabrillo,Noctiluca spp.,13.0,Mostly cloudy,SE,Incoming,,,,,"sea lion, western gulls, cormorant",2.5,1.0,1,1,1.0,3,1,,,,1.0
2023-11-17T17:15:00Z,36.5738,-122.0005,Present,16.0,2023-11-17T17:15:00Z,36.0,CA - Santa Cruz Harbor_Cabrillo,Noctiluca spp.,13.0,Mostly cloudy,SE,Incoming,,,,,"sea lion, western gulls, cormorant",2.5,1.0,4,4,1.0,4,1,,,,1.0
2023-11-17T17:15:00Z,36.5738,-122.0005,Present,16.0,2023-11-17T17:15:00Z,36.0,CA - Santa Cruz Harbor_Cabrillo,Prorocentrum spp.,13.0,Mostly cloudy,SE,Incoming,,,,,"sea lion, western gulls, cormorant",2.5,1.0,1,1,1.0,3,1,,,,1.0
2023-11-17T17:15:00Z,36.5738,-122.0005,Present,16.0,2023-11-17T17:15:00Z,36.0,CA - Santa Cruz Harbor_Cabrillo,Prorocentrum spp.,13.0,Mostly cloudy,SE,Incoming,,,,,"sea lion, western gulls, cormorant",2.5,1.0,4,4,1.0,4,1,,,,1.0
2023-11-17T17:15:00Z,36.5738,-122.0005,Present,16.0,2023-11-17T17:15:00Z,36.0,CA - Santa Cruz Harbor_Cabrillo,Protoperidinium spp.,13.0,Mostly cloudy,SE,Incoming,,,,,"sea lion, western gulls, cormorant",2.5,1.0,1,1,1.0,3,1,,,,1.0
2023-11-17T17:15:00Z,36.5738,-122.0005,Present,16.0,2023-11-17T17:15:00Z,36.0,CA - Santa Cruz Harbor_Cabrillo,Protoperidinium spp.,13.0,Mostly cloudy,SE,Incoming,,,,,"sea lion, western gulls, cormorant",2.5,1.0,4,4,1.0,4,1,,,,1.0
2023-11-17T17:15:00Z,36.5738,-122.0005,Present,16.0,2023-11-17T17:15:00Z,36.0,CA - Santa Cruz Harbor_Cabrillo,Tripos furca,13.0,Mostly cloudy,SE,Incoming,,,,,"sea lion, western gulls, cormorant",2.5,1.0,1,1,1.0,3,1,,,,1.0
2023-11-17T17:15:00Z,36.5738,-122.0005,Present,16.0,2023-11-17T17:15:00Z,36.0,CA - Santa Cruz Harbor_Cabrillo,Tripos furca,13.0,Mostly cloudy,SE,Incoming,,,,,"sea lion, western gulls, cormorant",2.5,1.0,4,4,1.0,4,1,,,,1.0
2023-03-06T11:45:00Z,36.603571,-121.889296,Present,12.0,2023-03-06T11:45:00Z,39.0,CA - Wharf 2 Monterey CA,Asterionella spp.,11.0,Partly cloudy,SW,Outgoing,,,0.0,,Spoke to 4-5 people about my activity.,7.5,1.0,1,1,1.0,1,1,,,1.0,1.0
2023-03-06T11:45:00Z,36.603571,-121.889296,Present,12.0,2023-03-06T11:45:00Z,39.0,CA - Wharf 2 Monterey CA,Asteromphalus,11.0,Partly cloudy,SW,Outgoing,,,0.0,,Spoke to 4-5 people about my activity.,7.5,1.0,1,1,1.0,1,1,,,1.0,1.0
2023-03-06T11:45:00Z,36.603571,-121.889296,Present,12.0,2023-03-06T11:45:00Z,39.0,CA - Wharf 2 Monterey CA,Ceratulina,11.0,Partly cloudy,SW,Outgoing,,,0.0,,Spoke to 4-5 people about my activity.,7.5,1.0,1,1,1.0,1,1,,,1.0,1.0
2023-03-06T11:45:00Z,36.603571,-121.889296,Present,12.0,2023-03-06T11:45:00Z,39.0,CA - Wharf 2 Monterey CA,Coscinodiscus spp.,11.0,Partly cloudy,SW,Outgoing,,,0.0,,Spoke to 4-5 people about my activity.,7.5,1.0,1,1,1.0,1,1,,,1.0,1.0
2023-03-06T11:45:00Z,36.603571,-121.889296,Present,12.0,2023-03-06T11:45:00Z,39.0,CA - Wharf 2 Monterey CA,Ditylum spp.,11.0,Partly cloudy,SW,Outgoing,,,0.0,,Spoke to 4-5 people about my activity.,7.5,1.0,1,1,1.0,1,1,,,1.0,1.0
2023-03-06T11:45:00Z,36.603571,-121.889296,Present,12.0,2023-03-06T11:45:00Z,39.0,CA - Wharf 2 Monterey CA,Lauderia spp.,11.0,Partly cloudy,SW,Outgoing,,,0.0,,Spoke to 4-5 people about my activity.,7.5,1.0,1,1,1.0,1,1,,,1.0,1.0
2023-03-06T11:45:00Z,36.603571,-121.889296,Present,12.0,2023-03-06T11:45:00Z,39.0,CA - Wharf 2 Monterey CA,Leptocylindrus spp.,11.0,Partly cloudy,SW,Outgoing,,,0.0,,Spoke to 4-5 people about my activity.,7.5,1.0,1,1,1.0,1,1,,,1.0,1.0
2023-03-06T11:45:00Z,36.603571,-121.889296,Present,12.0,2023-03-06T11:45:00Z,39.0,CA - Wharf 2 Monterey CA,Pleurosigma spp.,11.0,Partly cloudy,SW,Outgoing,,,0.0,,Spoke to 4-5 people about my activity.,7.5,1.0,1,1,1.0,1,1,,,1.0,1.0
2023-03-06T11:45:00Z,36.603571,-121.889296,Present,12.0,2023-03-06T11:45:00Z,39.0,CA - Wharf 2 Monterey CA,Protoperidinium spp.,11.0,Partly cloudy,SW,Outgoing,,,0.0,,Spoke to 4-5 people about my activity.,7.5,1.0,1,1,1.0,1,1,,,1.0,1.0
2023-03-06T11:45:00Z,36.603571,-121.889296,Present,12.0,2023-03-06T11:45:00Z,39.0,CA - Wharf 2 Monterey CA,Skeletonema spp.,11.0,Partly cloudy,SW,Outgoing,,,0.0,,Spoke to 4-5 people about my activity.,7.5,1.0,1,1,1.0,1,1,,,1.0,1.0
2023-03-25T09:45:00Z,36.603571,-121.889296,Present,13.0,2023-03-25T09:45:00Z,36.0,CA - Wharf 2 Monterey CA,Asteromphalus,12.0,Sunny,W,Incoming,,,0.0,,,7.5,1.0,1,1,1.0,1,1,,,1.0,1.0
2023-03-25T09:45:00Z,36.603571,-121.889296,Present,13.0,2023-03-25T09:45:00Z,36.0,CA - Wharf 2 Monterey CA,Chaetoceros spp.,12.0,Sunny,W,Incoming,,,0.0,,,7.5,1.0,1,1,1.0,1,1,,,1.0,1.0
2023-03-25T09:45:00Z,36.603571,-121.889296,Present,13.0,2023-03-25T09:45:00Z,36.0,CA - Wharf 2 Monterey CA,Coscinodiscus spp.,12.0,Sunny,W,Incoming,,,0.0,,,7.5,1.0,1,1,1.0,1,1,,,1.0,1.0
2023-03-25T09:45:00Z,36.603571,-121.889296,Present,13.0,2023-03-25T09:45:00Z,36.0,CA - Wharf 2 Monterey CA,Detonula spp.,12.0,Sunny,W,Incoming,,,0.0,,,7.5,1.0,1,1,1.0,1,1,,,1.0,1.0
2023-03-25T09:45:00Z,36.603571,-121.889296,Present,13.0,2023-03-25T09:45:00Z,36.0,CA - Wharf 2 Monterey CA,Ditylum spp.,12.0,Sunny,W,Incoming,,,0.0,,,7.5,1.0,1,1,1.0,1,1,,,1.0,1.0
2023-03-25T09:45:00Z,36.603571,-121.889296,Present,13.0,2023-03-25T09:45:00Z,36.0,CA - Wharf 2 Monterey CA,Grammatophora spp.,12.0,Sunny,W,Incoming,,,0.0,,,7.5,1.0,1,1,1.0,1,1,,,1.0,1.0
2023-03-25T09:45:00Z,36.603571,-121.889296,Present,13.0,2023-03-25T09:45:00Z,36.0,CA - Wharf 2 Monterey CA,Lithodesmium spp.,12.0,Sunny,W,Incoming,,,0.0,,,7.5,1.0,1,1,1.0,1,1,,,1.0,1.0
2023-03-25T09:45:00Z,36.603571,-121.889296,Present,13.0,2023-03-25T09:45:00Z,36.0,CA - Wharf 2 Monterey CA,Odontella spp.,12.0,Sunny,W,Incoming,,,0.0,,,7.5,1.0,1,1,1.0,1,1,,,1.0,1.0
2023-03-25T09:45:00Z,36.603571,-121.889296,Present,13.0,2023-03-25T09:45:00Z,36.0,CA - Wharf 2 Monterey CA,Protoperidinium spp.,12.0,Sunny,W,Incoming,,,0.0,,,7.5,1.0,1,1,1.0,1,1,,,1.0,1.0
2023-11-24T17:45:00Z,36.947117,-122.030792,Present,14.0,2023-11-24T17:45:00Z,35.0,CA - Santa Cruz Wharf,Actinoptychus spp.,14.0,Sunny,NE,Outgoing,,,,,"Boreadinium.  red throated loon, western grebe, double crested cormorant",2.5,1.0,1,1,1.0,1,1,,,,1.0
2023-11-24T17:45:00Z,36.947117,-122.030792,Present,14.0,2023-11-24T17:45:00Z,35.0,CA - Santa Cruz Wharf,Akashiwo sanguinea,14.0,Sunny,NE,Outgoing,,,,,"Boreadinium.  red throated loon, western grebe, double crested cormorant",2.5,1.0,1,1,1.0,1,1,,,,1.0
2023-11-24T17:45:00Z,36.947117,-122.030792,Present,14.0,2023-11-24T17:45:00Z,35.0,CA - Santa Cruz Wharf,Chaetoceros spp.,14.0,Sunny,NE,Outgoing,,,,,"Boreadinium.  red throated loon, western grebe, double crested cormorant",2.5,1.0,1,1,1.0,1,1,,,,1.0
2023-11-24T17:45:00Z,36.947117,-122.030792,Present,14.0,2023-11-24T17:45:00Z,35.0,CA - Santa Cruz Wharf,Dictyocha spp.,14.0,Sunny,NE,Outgoing,,,,,"Boreadinium.  red throated loon, western grebe, double crested cormorant",2.5,1.0,1,1,1.0,1,1,,,,1.0
2023-11-24T17:45:00Z,36.947117,-122.030792,Present,14.0,2023-11-24T17:45:00Z,35.0,CA - Santa Cruz Wharf,Eucampia spp.,14.0,Sunny,NE,Outgoing,,,,,"Boreadinium.  red throated loon, western grebe, double crested cormorant",2.5,1.0,1,1,1.0,1,1,,,,1.0
2023-11-24T17:45:00Z,36.947117,-122.030792,Present,14.0,2023-11-24T17:45:00Z,35.0,CA - Santa Cruz Wharf,Licmophora spp.,14.0,Sunny,NE,Outgoing,,,,,"Boreadinium.  red throated loon, western grebe, double crested cormorant",2.5,1.0,1,1,1.0,1,1,,,,1.0
2023-11-24T17:45:00Z,36.947117,-122.030792,Present,14.0,2023-11-24T17:45:00Z,35.0,CA - Santa Cruz Wharf,Lingulodinium spp.,14.0,Sunny,NE,Outgoing,,,,,"Boreadinium.  red throated loon, western grebe, double crested cormorant",2.5,1.0,1,1,1.0,1,1,,,,1.0
2023-11-24T17:45:00Z,36.947117,-122.030792,Present,14.0,2023-11-24T17:45:00Z,35.0,CA - Santa Cruz Wharf,Pleurosigma spp.,14.0,Sunny,NE,Outgoing,,,,,"Boreadinium.  red throated loon, western grebe, double crested cormorant",2.5,1.0,1,1,1.0,1,1,,,,1.0
2023-11-24T17:45:00Z,36.947117,-122.030792,Present,14.0,2023-11-24T17:45:00Z,35.0,CA - Santa Cruz Wharf,Prorocentrum spp.,14.0,Sunny,NE,Outgoing,,,,,"Boreadinium.  red throated loon, western grebe, double crested cormorant",2.5,1.0,1,1,1.0,1,1,,,,1.0
2023-11-24T17:45:00Z,36.947117,-122.030792,Present,14.0,2023-11-24T17:45:00Z,35.0,CA - Santa Cruz Wharf,Protoperidinium spp.,14.0,Sunny,NE,Outgoing,,,,,"Boreadinium.  red throated loon, western grebe, double crested cormorant",2.5,1.0,1,1,1.0,1,1,,,,1.0
2023-11-24T17:45:00Z,36.947117,-122.030792,Present,14.0,2023-11-24T17:45:00Z,35.0,CA - Santa Cruz Wharf,Thalassiosira spp.,14.0,Sunny,NE,Outgoing,,,,,"Boreadinium.  red throated loon, western grebe, double crested cormorant",2.5,1.0,1,1,1.0,1,1,,,,1.0
2023-11-24T17:45:00Z,36.947117,-122.030792,Present,14.0,2023-11-24T17:45:00Z,35.0,CA - Santa Cruz Wharf,Tripos furca,14.0,Sunny,NE,Outgoing,,,,,"Boreadinium.  red throated loon, western grebe, double crested cormorant",2.5,1.0,1,1,1.0,1,1,,,,1.0
2023-12-01T20:00:00Z,36.947117,-122.030792,Present,18.0,2023-12-01T20:00:00Z,35.0,CA - Santa Cruz Wharf,Akashiwo sanguinea,14.0,Partly cloudy,SE,High,,,,,"Akashiwo dominant, very few diatoms. Collected with Pacific Collegiate School, analyzed independently.",2.5,1.0,1,1,1.0,1,1,,,,1.0
2023-12-01T20:00:00Z,36.947117,-122.030792,Present,18.0,2023-12-01T20:00:00Z,35.0,CA - Santa Cruz Wharf,Lingulodinium spp.,14.0,Partly cloudy,SE,High,,,,,"Akashiwo dominant, very few diatoms. Collected with Pacific Collegiate School, analyzed independently.",2.5,1.0,1,1,1.0,1,1,,,,1.0
2023-12-01T20:00:00Z,36.947117,-122.030792,Present,18.0,2023-12-01T20:00:00Z,35.0,CA - Santa Cruz Wharf,Prorocentrum spp.,14.0,Partly cloudy,SE,High,,,,,"Akashiwo dominant, very few diatoms. Collected with Pacific Collegiate School, analyzed independently.",2.5,1.0,1,1,1.0,1,1,,,,1.0
2023-12-01T20:00:00Z,36.947117,-122.030792,Present,18.0,2023-12-01T20:00:00Z,35.0,CA - Santa Cruz Wharf,Protoperidinium spp.,14.0,Partly cloudy,SE,High,,,,,"Akashiwo dominant, very few diatoms. Collected with Pacific Collegiate School, analyzed independently.",2.5,1.0,1,1,1.0,1,1,,,,1.0
2023-12-01T20:00:00Z,36.947117,-122.030792,Present,18.0,2023-12-01T20:00:00Z,35.0,CA - Santa Cruz Wharf,Rhizosolenia spp.,14.0,Partly cloudy,SE,High,,,,,"Akashiwo dominant, very few diatoms. Collected with Pacific Collegiate School, analyzed independently.",2.5,1.0,1,1,1.0,1,1,,,,1.0
2023-12-01T20:00:00Z,36.947117,-122.030792,Present,18.0,2023-12-01T20:00:00Z,35.0,CA - Santa Cruz Wharf,Tripos furca,14.0,Partly cloudy,SE,High,,,,,"Akashiwo dominant, very few diatoms. Collected with Pacific Collegiate School, analyzed independently.",2.5,1.0,1,1,1.0,1,1,,,,1.0
2023-11-17T17:22:00Z,36.9617,-122.0223,Present,16.0,2023-11-17T17:22:00Z,36.0,CA - Santa Cruz Wharf 2_Cabrillo,Akashiwo sanguinea,14.0,Partly cloudy,SE,Incoming,,,,,,2.5,1.0,1,1,1.0,1,1,,,,1.0
2023-11-17T17:22:00Z,36.9617,-122.0223,Present,16.0,2023-11-17T17:22:00Z,36.0,CA - Santa Cruz Wharf 2_Cabrillo,Chaetoceros spp.,14.0,Partly cloudy,SE,Incoming,,,,,,2.5,1.0,1,1,1.0,1,1,,,,1.0
2023-11-17T17:22:00Z,36.9617,-122.0223,Present,16.0,2023-11-17T17:22:00Z,36.0,CA - Santa Cruz Wharf 2_Cabrillo,Coscinodiscus spp.,14.0,Partly cloudy,SE,Incoming,,,,,,2.5,1.0,1,1,1.0,1,1,,,,1.0
2023-11-17T17:22:00Z,36.9617,-122.0223,Present,16.0,2023-11-17T17:22:00Z,36.0,CA - Santa Cruz Wharf 2_Cabrillo,Detonula spp.,14.0,Partly cloudy,SE,Incoming,,,,,,2.5,1.0,1,1,1.0,1,1,,,,1.0
2023-11-17T17:22:00Z,36.9617,-122.0223,Present,16.0,2023-11-17T17:22:00Z,36.0,CA - Santa Cruz Wharf 2_Cabrillo,Oxytoxum spp.,14.0,Partly cloudy,SE,Incoming,,,,,,2.5,1.0,1,1,1.0,1,1,,,,1.0
2023-11-17T17:22:00Z,36.9617,-122.0223,Present,16.0,2023-11-17T17:22:00Z,36.0,CA - Santa Cruz Wharf 2_Cabrillo,Prorocentrum spp.,14.0,Partly cloudy,SE,Incoming,,,,,,2.5,1.0,1,1,1.0,1,1,,,,1.0
2023-11-17T17:22:00Z,36.9617,-122.0223,Present,16.0,2023-11-17T17:22:00Z,36.0,CA - Santa Cruz Wharf 2_Cabrillo,Protoperidinium spp.,14.0,Partly cloudy,SE,Incoming,,,,,,2.5,1.0,1,1,1.0,1,1,,,,1.0
2023-11-17T17:22:00Z,36.9617,-122.0223,Present,16.0,2023-11-17T17:22:00Z,36.0,CA - Santa Cruz Wharf 2_Cabrillo,Skeletonema spp.,14.0,Partly cloudy,SE,Incoming,,,,,,2.5,1.0,1,1,1.0,1,1,,,,1.0
2023-11-17T17:22:00Z,36.9617,-122.0223,Present,16.0,2023-11-17T17:22:00Z,36.0,CA - Santa Cruz Wharf 2_Cabrillo,Tripos furca,14.0,Partly cloudy,SE,Incoming,,,,,,2.5,1.0,1,1,1.0,1,1,,,,1.0
2023-12-01T17:17:00Z,36.96342,-121.9984,Present,19.0,2023-12-01T17:17:00Z,36.0,CA - Santa Cruz Wharf 1_Cabrillo,Akashiwo sanguinea,13.0,Sunny,NW,Incoming,,,,,"Wildlide Observations: Sea lions, cormorants, seagulls, pigeons, pelicans, barnacles, mussles.",2.5,1.0,1,1,1.0,1,1,,,,1.0
2023-12-01T17:17:00Z,36.96342,-121.9984,Present,19.0,2023-12-01T17:17:00Z,36.0,CA - Santa Cruz Wharf 1_Cabrillo,Coscinodiscus spp.,13.0,Sunny,NW,Incoming,,,,,"Wildlide Observations: Sea lions, cormorants, seagulls, pigeons, pelicans, barnacles, mussles.",2.5,1.0,1,1,1.0,1,1,,,,1.0
2023-12-01T17:17:00Z,36.96342,-121.9984,Present,19.0,2023-12-01T17:17:00Z,36.0,CA - Santa Cruz Wharf 1_Cabrillo,Prorocentrum spp.,13.0,Sunny,NW,Incoming,,,,,"Wildlide Observations: Sea lions, cormorants, seagulls, pigeons, pelicans, barnacles, mussles.",2.5,1.0,1,1,1.0,1,1,,,,1.0
2023-09-29T17:00:00Z,36.9639,-122.0003,Present,23.0,2023-09-29T17:00:00Z,35.0,CA - Santa Cruz Harbor,Akashiwo sanguinea,16.0,Mostly cloudy,SE,Incoming,,,,,Very light phytoplankton,2.5,1.0,1,1,1.0,1,1,,,,1.0
2023-09-29T17:00:00Z,36.9639,-122.0003,Present,23.0,2023-09-29T17:00:00Z,35.0,CA - Santa Cruz Harbor,Akashiwo sanguinea,16.0,Mostly cloudy,SE,Incoming,,,,,Very light phytoplankton,2.5,1.0,1,1,1.0,1,1,,,,1.0
2023-09-29T17:00:00Z,36.9639,-122.0003,Present,23.0,2023-09-29T17:00:00Z,35.0,CA - Santa Cruz Harbor,Coscinodiscus spp.,16.0,Mostly cloudy,SE,Incoming,,,,,Very light phytoplankton,2.5,1.0,1,1,1.0,1,1,,,,1.0
2023-09-29T17:00:00Z,36.9639,-122.0003,Present,23.0,2023-09-29T17:00:00Z,35.0,CA - Santa Cruz Harbor,Coscinodiscus spp.,16.0,Mostly cloudy,SE,Incoming,,,,,Very light phytoplankton,2.5,1.0,1,1,1.0,1,1,,,,1.0
2023-09-29T17:00:00Z,36.9639,-122.0003,Present,23.0,2023-09-29T17:00:00Z,35.0,CA - Santa Cruz Harbor,Prorocentrum spp.,16.0,Mostly cloudy,SE,Incoming,,,,,Very light phytoplankton,2.5,1.0,1,1,1.0,1,1,,,,1.0
2023-09-29T17:00:00Z,36.9639,-122.0003,Present,23.0,2023-09-29T17:00:00Z,35.0,CA - Santa Cruz Harbor,Prorocentrum spp.,16.0,Mostly cloudy,SE,Incoming,,,,,Very light phytoplankton,2.5,1.0,1,1,1.0,1,1,,,,1.0
2023-09-29T17:00:00Z,36.9639,-122.0003,Present,23.0,2023-09-29T17:00:00Z,35.0,CA - Santa Cruz Harbor,Protoperidinium spp.,16.0,Mostly cloudy,SE,Incoming,,,,,Very light phytoplankton,2.5,1.0,1,1,1.0,1,1,,,,1.0
2023-09-29T17:00:00Z,36.9639,-122.0003,Present,23.0,2023-09-29T17:00:00Z,35.0,CA - Santa Cruz Harbor,Protoperidinium spp.,16.0,Mostly cloudy,SE,Incoming,,,,,Very light phytoplankton,2.5,1.0,1,1,1.0,1,1,,,,1.0
2023-06-09T18:30:00Z,36.96396,-122.00256,Present,15.0,2023-06-09T18:30:00Z,36.0,"CA - CA947, Santa Cruz Harbor",Actinophrys,15.0,Cloudy,No wind,Dead low tide,,,,150.0,,2.5,1.0,1,1,1.0,1,1,,,,1.0
2023-06-09T18:30:00Z,36.96396,-122.00256,Present,15.0,2023-06-09T18:30:00Z,36.0,"CA - CA947, Santa Cruz Harbor",Bacillaria spp.,15.0,Cloudy,No wind,Dead low tide,,,,150.0,,2.5,1.0,1,1,1.0,1,1,,,,1.0
2023-06-09T18:30:00Z,36.96396,-122.00256,Present,15.0,2023-06-09T18:30:00Z,36.0,"CA - CA947, Santa Cruz Harbor",Chaetoceros spp.,15.0,Cloudy,No wind,Dead low tide,,,,150.0,,2.5,1.0,1,1,1.0,1,1,,,,1.0
2023-06-09T18:30:00Z,36.96396,-122.00256,Present,15.0,2023-06-09T18:30:00Z,36.0,"CA - CA947, Santa Cruz Harbor",Coscinodiscus spp.,15.0,Cloudy,No wind,Dead low tide,,,,150.0,,2.5,1.0,1,1,1.0,1,1,,,,1.0
2023-06-09T18:30:00Z,36.96396,-122.00256,Present,15.0,2023-06-09T18:30:00Z,36.0,"CA - CA947, Santa Cruz Harbor",Dinophysis spp.,15.0,Cloudy,No wind,Dead low tide,,,,150.0,,2.5,1.0,1,1,1.0,1,1,,,,1.0
2023-06-09T18:30:00Z,36.96396,-122.00256,Present,15.0,2023-06-09T18:30:00Z,36.0,"CA - CA947, Santa Cruz Harbor",Ditylum spp.,15.0,Cloudy,No wind,Dead low tide,,,,150.0,,2.5,1.0,1,1,1.0,1,1,,,,1.0
2023-06-09T18:30:00Z,36.96396,-122.00256,Present,15.0,2023-06-09T18:30:00Z,36.0,"CA - CA947, Santa Cruz Harbor",Entomoneis spp.,15.0,Cloudy,No wind,Dead low tide,,,,150.0,,2.5,1.0,1,1,1.0,1,1,,,,1.0
2023-06-09T18:30:00Z,36.96396,-122.00256,Present,15.0,2023-06-09T18:30:00Z,36.0,"CA - CA947, Santa Cruz Harbor",Eucampia spp.,15.0,Cloudy,No wind,Dead low tide,,,,150.0,,2.5,1.0,1,1,1.0,1,1,,,,1.0
2023-06-09T18:30:00Z,36.96396,-122.00256,Present,15.0,2023-06-09T18:30:00Z,36.0,"CA - CA947, Santa Cruz Harbor",Licmophora spp.,15.0,Cloudy,No wind,Dead low tide,,,,150.0,,2.5,1.0,1,1,1.0,1,1,,,,1.0
2023-06-09T18:30:00Z,36.96396,-122.00256,Present,15.0,2023-06-09T18:30:00Z,36.0,"CA - CA947, Santa Cruz Harbor",Melosira spp.,15.0,Cloudy,No wind,Dead low tide,,,,150.0,,2.5,1.0,1,1,1.0,1,1,,,,1.0
2023-06-09T18:30:00Z,36.96396,-122.00256,Present,15.0,2023-06-09T18:30:00Z,36.0,"CA - CA947, Santa Cruz Harbor",Navicula spp.,15.0,Cloudy,No wind,Dead low tide,,,,150.0,,2.5,1.0,1,1,1.0,1,1,,,,1.0
2023-06-09T18:30:00Z,36.96396,-122.00256,Present,15.0,2023-06-09T18:30:00Z,36.0,"CA - CA947, Santa Cruz Harbor",Nitzschia spp.,15.0,Cloudy,No wind,Dead low tide,,,,150.0,,2.5,1.0,1,1,1.0,1,1,,,,1.0
2023-06-09T18:30:00Z,36.96396,-122.00256,Present,15.0,2023-06-09T18:30:00Z,36.0,"CA - CA947, Santa Cruz Harbor",Odontella spp.,15.0,Cloudy,No wind,Dead low tide,,,,150.0,,2.5,1.0,1,1,1.0,1,1,,,,1.0
2023-06-09T18:30:00Z,36.96396,-122.00256,Present,15.0,2023-06-09T18:30:00Z,36.0,"CA - CA947, Santa Cruz Harbor",Pleurosigma spp.,15.0,Cloudy,No wind,Dead low tide,,,,150.0,,2.5,1.0,1,1,1.0,1,1,,,,1.0
2023-06-09T18:30:00Z,36.96396,-122.00256,Present,15.0,2023-06-09T18:30:00Z,36.0,"CA - CA947, Santa Cruz Harbor",Prorocentrum spp.,15.0,Cloudy,No wind,Dead low tide,,,,150.0,,2.5,1.0,1,1,1.0,1,1,,,,1.0
2023-06-09T18:30:00Z,36.96396,-122.00256,Present,15.0,2023-06-09T18:30:00Z,36.0,"CA - CA947, Santa Cruz Harbor",Pseudo-nitzschia spp.,15.0,Cloudy,No wind,Dead low tide,,,,150.0,,2.5,1.0,1,1,1.0,1,1,,,,1.0
2023-06-09T18:30:00Z,36.96396,-122.00256,Present,15.0,2023-06-09T18:30:00Z,36.0,"CA - CA947, Santa Cruz Harbor",Skeletonema spp.,15.0,Cloudy,No wind,Dead low tide,,,,150.0,,2.5,1.0,1,1,1.0,1,1,,,,1.0
2023-06-09T18:30:00Z,36.96396,-122.00256,Present,15.0,2023-06-09T18:30:00Z,36.0,"CA - CA947, Santa Cruz Harbor",Tropidoneis spp.,15.0,Cloudy,No wind,Dead low tide,,,,150.0,,2.5,1.0,1,1,1.0,1,1,,,,1.0
2023-03-11T08:00:00Z,37.76785,-122.27878,Present,14.0,2023-03-11T08:00:00Z,20.0,CA - Robert W. Crown Memorial State Beach Park,Chaetoceros spp.,15.0,Cloudy,,Outgoing,,,,,,,1.0,1,1,1.0,1,1,,,,
2023-03-26T20:00:00Z,37.76785,-122.27878,Present,11.0,2023-03-26T20:00:00Z,15.0,CA - Robert W. Crown Memorial State Beach Park,Chaetoceros spp.,16.0,Sunny,W,Dead low tide,,,,,,7.5,1.0,1,1,1.0,1,1,,,,1.0
2023-04-08T00:00:00Z,37.76785,-122.27878,Present,14.0,2023-04-08T00:00:00Z,15.0,CA - Robert W. Crown Memorial State Beach Park,Bacillaria spp.,14.0,Cloudy,SW,Outgoing,,,,,,7.5,1.0,1,1,1.0,1,1,,,,1.0
2023-04-08T00:00:00Z,37.76785,-122.27878,Present,14.0,2023-04-08T00:00:00Z,15.0,CA - Robert W. Crown Memorial State Beach Park,Ditylum spp.,14.0,Cloudy,SW,Outgoing,,,,,,7.5,1.0,1,1,1.0,1,1,,,,1.0
2023-04-08T00:00:00Z,37.76785,-122.27878,Present,14.0,2023-04-08T00:00:00Z,15.0,CA - Robert W. Crown Memorial State Beach Park,Nitzschia spp.,14.0,Cloudy,SW,Outgoing,,,,,,7.5,1.0,1,1,1.0,1,1,,,,1.0
2023-04-08T00:00:00Z,37.76785,-122.27878,Present,14.0,2023-04-08T00:00:00Z,15.0,CA - Robert W. Crown Memorial State Beach Park,Pleurosigma spp.,14.0,Cloudy,SW,Outgoing,,,,,,7.5,1.0,1,1,1.0,1,1,,,,1.0
2023-04-23T23:00:00Z,37.76785,-122.27878,Present,19.0,2023-04-23T23:00:00Z,15.0,CA - Robert W. Crown Memorial State Beach Park,Centric Diatom,12.0,Sunny,E,Incoming,,,,,,7.5,1.0,1,1,1.0,1,1,,,,1.0
2023-04-23T23:00:00Z,37.76785,-122.27878,Present,19.0,2023-04-23T23:00:00Z,15.0,CA - Robert W. Crown Memorial State Beach Park,Ceratium fusus,12.0,Sunny,E,Incoming,,,,,,7.5,1.0,1,1,1.0,1,1,,,,1.0
2023-09-29T17:00:00Z,36.9639,-122.0003,Present,23.0,2023-09-29T17:00:00Z,35.0,CA - Santa Cruz Harbor,Coscinodiscus spp.,16.0,Mostly cloudy,SE,Incoming,,,,,Very light phytoplankton,2.5,1.0,1,1,1.0,1,1,,,,1.0
2023-09-29T17:00:00Z,36.9639,-122.0003,Present,23.0,2023-09-29T17:00:00Z,35.0,CA - Santa Cruz Harbor,Protoperidinium spp.,16.0,Mostly cloudy,SE,Incoming,,,,,Very light phytoplankton,2.5,1.0,1,1,1.0,1,1,,,,1.0
2023-09-29T17:00:00Z,36.9639,-122.0003,Present,23.0,2023-09-29T17:00:00Z,35.0,CA - Santa Cruz Harbor,Prorocentrum spp.,16.0,Mostly cloudy,SE,Incoming,,,,,Very light phytoplankton,2.5,1.0,1,1,1.0,1,1,,,,1.0
2023-09-29T17:00:00Z,36.9639,-122.0003,Present,23.0,2023-09-29T17:00:00Z,35.0,CA - Santa Cruz Harbor,Akashiwo sanguinea,16.0,Mostly cloudy,SE,Incoming,,,,,Very light phytoplankton,2.5,1.0,1,1,1.0,1,1,,,,1.0
2023-11-03T17:00:00Z,36.5738,-122.0005,Present,19.0,2023-11-03T17:00:00Z,34.0,CA - Santa Cruz Harbor_Cabrillo,Protoperidinium spp.,13.0,Sunny,S,Incoming,,,,,"Sea lions, gulls, cormorants, pigeons",2.5,1.0,1,1,1.0,3,1,,,,1.0
2023-11-03T17:00:00Z,36.5738,-122.0005,Present,19.0,2023-11-03T17:00:00Z,34.0,CA - Santa Cruz Harbor_Cabrillo,Cochlodinium spp.,13.0,Sunny,S,Incoming,,,,,"Sea lions, gulls, cormorants, pigeons",2.5,1.0,1,1,1.0,3,1,,,,1.0
2023-11-03T17:00:00Z,36.5738,-122.0005,Present,19.0,2023-11-03T17:00:00Z,34.0,CA - Santa Cruz Harbor_Cabrillo,Thalassionema spp.,13.0,Sunny,S,Incoming,,,,,"Sea lions, gulls, cormorants, pigeons",2.5,1.0,1,1,1.0,3,1,,,,1.0
2023-11-03T17:00:00Z,36.5738,-122.0005,Present,19.0,2023-11-03T17:00:00Z,34.0,CA - Santa Cruz Harbor_Cabrillo,Tripos furca,13.0,Sunny,S,Incoming,,,,,"Sea lions, gulls, cormorants, pigeons",2.5,1.0,1,1,1.0,3,1,,,,1.0
2023-11-03T17:00:00Z,36.5738,-122.0005,Present,19.0,2023-11-03T17:00:00Z,34.0,CA - Santa Cruz Harbor_Cabrillo,Chaetoceros spp.,13.0,Sunny,S,Incoming,,,,,"Sea lions, gulls, cormorants, pigeons",2.5,1.0,1,1,1.0,3,1,,,,1.0
2023-11-03T17:00:00Z,36.5738,-122.0005,Present,19.0,2023-11-03T17:00:00Z,34.0,CA - Santa Cruz Harbor_Cabrillo,Prorocentrum spp.,13.0,Sunny,S,Incoming,,,,,"Sea lions, gulls, cormorants, pigeons",2.5,1.0,1,1,1.0,3,1,,,,1.0
2023-11-03T17:00:00Z,36.5738,-122.0005,Present,19.0,2023-11-03T17:00:00Z,34.0,CA - Santa Cruz Harbor_Cabrillo,Asteromphalus,13.0,Sunny,S,Incoming,,,,,"Sea lions, gulls, cormorants, pigeons",2.5,1.0,1,1,1.0,3,1,,,,1.0
2023-11-03T17:00:00Z,36.5738,-122.0005,Present,19.0,2023-11-03T17:00:00Z,34.0,CA - Santa Cruz Harbor_Cabrillo,Coscinodiscus spp.,13.0,Sunny,S,Incoming,,,,,"Sea lions, gulls, cormorants, pigeons",2.5,1.0,1,1,1.0,3,1,,,,1.0
2023-11-03T17:00:00Z,36.5738,-122.0005,Present,19.0,2023-11-03T17:00:00Z,34.0,CA - Santa Cruz Harbor_Cabrillo,Akashiwo sanguinea,13.0,Sunny,S,Incoming,,,,,"Sea lions, gulls, cormorants, pigeons",2.5,1.0,1,1,1.0,3,1,,,,1.0
2023-11-03T17:00:00Z,36.5738,-122.0005,Present,19.0,2023-11-03T17:00:00Z,34.0,CA - Santa Cruz Harbor_Cabrillo,Gyrodinium spp.,13.0,Sunny,S,Incoming,,,,,"Sea lions, gulls, cormorants, pigeons",2.5,1.0,1,1,1.0,3,1,,,,1.0
2023-11-17T17:15:00Z,36.5738,-122.0005,Present,16.0,2023-11-17T17:15:00Z,36.0,CA - Santa Cruz Harbor_Cabrillo,Protoperidinium spp.,13.0,Mostly cloudy,SE,Incoming,,,,,"sea lion, western gulls, cormorant",2.5,1.0,1,1,1.0,3,1,,,,1.0
2023-11-17T17:15:00Z,36.5738,-122.0005,Present,16.0,2023-11-17T17:15:00Z,36.0,CA - Santa Cruz Harbor_Cabrillo,Akashiwo sanguinea,13.0,Mostly cloudy,SE,Incoming,,,,,"sea lion, western gulls, cormorant",2.5,1.0,1,1,1.0,3,1,,,,1.0
2023-11-17T17:15:00Z,36.5738,-122.0005,Present,16.0,2023-11-17T17:15:00Z,36.0,CA - Santa Cruz Harbor_Cabrillo,Tripos furca,13.0,Mostly cloudy,SE,Incoming,,,,,"sea lion, western gulls, cormorant",2.5,1.0,1,1,1.0,3,1,,,,1.0
2023-11-17T17:15:00Z,36.5738,-122.0005,Present,16.0,2023-11-17T17:15:00Z,36.0,CA - Santa Cruz Harbor_Cabrillo,Prorocentrum spp.,13.0,Mostly cloudy,SE,Incoming,,,,,"sea lion, western gulls, cormorant",2.5,1.0,1,1,1.0,3,1,,,,1.0
2023-11-17T17:15:00Z,36.5738,-122.0005,Present,16.0,2023-11-17T17:15:00Z,36.0,CA - Santa Cruz Harbor_Cabrillo,Asteromphalus,13.0,Mostly cloudy,SE,Incoming,,,,,"sea lion, western gulls, cormorant",2.5,1.0,1,1,1.0,3,1,,,,1.0
2023-11-17T17:15:00Z,36.5738,-122.0005,Present,16.0,2023-11-17T17:15:00Z,36.0,CA - Santa Cruz Harbor_Cabrillo,Coscinodiscus spp.,13.0,Mostly cloudy,SE,Incoming,,,,,"sea lion, western gulls, cormorant",2.5,1.0,1,1,1.0,3,1,,,,1.0
2023-11-17T17:15:00Z,36.5738,-122.0005,Present,16.0,2023-11-17T17:15:00Z,36.0,CA - Santa Cruz Harbor_Cabrillo,Noctiluca spp.,13.0,Mostly cloudy,SE,Incoming,,,,,"sea lion, western gulls, cormorant",2.5,1.0,1,1,1.0,3,1,,,,1.0
2024-01-20T20:30:00Z,33.759834,-118.189321,Present,16.0,2024-01-20T20:30:00Z,31.0,CA - Long Beach: Marina Green,Tripos furca,16.0,Rain,,Low,,,,,,,1.0,1,1,1.0,1,1,,,,
2024-04-07T01:45:00Z,33.759834,-118.189321,Present,23.0,2024-04-07T01:45:00Z,24.0,CA - Long Beach: Marina Green,Chaetoceros spp.,21.0,Sunny,,Incoming,,,,,,,1.0,1,1,1.0,1,1,,,,
2024-06-16T18:45:00Z,33.980188,-118.447404,Present,18.0,2024-06-16T18:45:00Z,34.0,CA - Marina del Rey Marina (main channel),Akashiwo sanguinea,20.0,Sunny,W,Outgoing,,,,,"Suspect something happened, as slide is suddenly has many fewer phytoplankton, and especially few Lingulodium, which I usually have a lot of and have had some blooms.",7.5,1.0,1,1,1.0,1,1,,,,1.0
2024-06-16T18:45:00Z,33.980188,-118.447404,Present,18.0,2024-06-16T18:45:00Z,34.0,CA - Marina del Rey Marina (main channel),Cerataulina spp.,20.0,Sunny,W,Outgoing,,,,,"Suspect something happened, as slide is suddenly has many fewer phytoplankton, and especially few Lingulodium, which I usually have a lot of and have had some blooms.",7.5,1.0,1,1,1.0,1,1,,,,1.0
2024-06-16T18:45:00Z,33.980188,-118.447404,Present,18.0,2024-06-16T18:45:00Z,34.0,CA - Marina del Rey Marina (main channel),Chaetoceros socialis,20.0,Sunny,W,Outgoing,,,,,"Suspect something happened, as slide is suddenly has many fewer phytoplankton, and especially few Lingulodium, which I usually have a lot of and have had some blooms.",7.5,1.0,1,1,1.0,1,1,,,,1.0
2024-06-16T18:45:00Z,33.980188,-118.447404,Present,18.0,2024-06-16T18:45:00Z,34.0,CA - Marina del Rey Marina (main channel),Chaetoceros spp.,20.0,Sunny,W,Outgoing,,,,,"Suspect something happened, as slide is suddenly has many fewer phytoplankton, and especially few Lingulodium, which I usually have a lot of and have had some blooms.",7.5,1.0,1,1,1.0,1,1,,,,1.0
2024-06-16T18:45:00Z,33.980188,-118.447404,Present,18.0,2024-06-16T18:45:00Z,34.0,CA - Marina del Rey Marina (main channel),Cylindrotheca spp.,20.0,Sunny,W,Outgoing,,,,,"Suspect something happened, as slide is suddenly has many fewer phytoplankton, and especially few Lingulodium, which I usually have a lot of and have had some blooms.",7.5,1.0,1,1,1.0,1,1,,,,1.0
2024-06-16T18:45:00Z,33.980188,-118.447404,Present,18.0,2024-06-16T18:45:00Z,34.0,CA - Marina del Rey Marina (main channel),Leptocylindrus spp.,20.0,Sunny,W,Outgoing,,,,,"Suspect something happened, as slide is suddenly has many fewer phytoplankton, and especially few Lingulodium, which I usually have a lot of and have had some blooms.",7.5,1.0,1,1,1.0,1,1,,,,1.0
2024-06-16T18:45:00Z,33.980188,-118.447404,Present,18.0,2024-06-16T18:45:00Z,34.0,CA - Marina del Rey Marina (main channel),Lingulodinium spp.,20.0,Sunny,W,Outgoing,,,,,"Suspect something happened, as slide is suddenly has many fewer phytoplankton, and especially few Lingulodium, which I usually have a lot of and have had some blooms.",7.5,1.0,1,1,1.0,1,1,,,,1.0
2024-06-16T18:45:00Z,33.980188,-118.447404,Present,18.0,2024-06-16T18:45:00Z,34.0,CA - Marina del Rey Marina (main channel),Navicula spp.,20.0,Sunny,W,Outgoing,,,,,"Suspect something happened, as slide is suddenly has many fewer phytoplankton, and especially few Lingulodium, which I usually have a lot of and have had some blooms.",7.5,1.0,1,1,1.0,1,1,,,,1.0
2024-06-16T18:45:00Z,33.980188,-118.447404,Present,18.0,2024-06-16T18:45:00Z,34.0,CA - Marina del Rey Marina (main channel),Prorocentrum spp.,20.0,Sunny,W,Outgoing,,,,,"Suspect something happened, as slide is suddenly has many fewer phytoplankton, and especially few Lingulodium, which I usually have a lot of and have had some blooms.",7.5,1.0,1,1,1.0,1,1,,,,1.0
2024-06-16T18:45:00Z,33.980188,-118.447404,Present,18.0,2024-06-16T18:45:00Z,34.0,CA - Marina del Rey Marina (main channel),Tripos furca,20.0,Sunny,W,Outgoing,,,,,"Suspect something happened, as slide is suddenly has many fewer phytoplankton, and especially few Lingulodium, which I usually have a lot of and have had some blooms.",7.5,1.0,1,1,1.0,1,1,,,,1.0
2024-02-09T21:45:00Z,36.5659,-121.94293,Present,15.0,2024-02-09T21:45:00Z,35.0,"CA - Stillwater Cove, Pebble Beach",Licmophora spp.,14.0,Sunny,,Outgoing,,,,,Cod on net touched bottom and stirred up some sediment. Have never seen so little phytoplankton at Stillwater which normally doesn't have much.,2.5,1.0,1,1,1.0,1,1,,,,1.0
2024-02-09T21:45:00Z,36.5659,-121.94293,Present,15.0,2024-02-09T21:45:00Z,35.0,"CA - Stillwater Cove, Pebble Beach",Thalassiosira spp.,14.0,Sunny,,Outgoing,,,,,Cod on net touched bottom and stirred up some sediment. Have never seen so little phytoplankton at Stillwater which normally doesn't have much.,2.5,1.0,1,1,1.0,1,1,,,,1.0
2024-01-19T17:00:00Z,36.947117,-122.030792,Present,11.0,2024-01-19T17:00:00Z,34.0,CA - Santa Cruz Wharf,Akashiwo sanguinea,13.0,Cloudy,NE,Outgoing,,,,,"Still low numbers of phytoplankton, but good numbers of Nauplii & Copepods",2.5,1.0,1,1,1.0,1,1,,,,1.0
2024-01-19T17:00:00Z,36.947117,-122.030792,Present,11.0,2024-01-19T17:00:00Z,34.0,CA - Santa Cruz Wharf,Chaetoceros spp.,13.0,Cloudy,NE,Outgoing,,,,,"Still low numbers of phytoplankton, but good numbers of Nauplii & Copepods",2.5,1.0,1,1,1.0,1,1,,,,1.0
2024-01-19T17:00:00Z,36.947117,-122.030792,Present,11.0,2024-01-19T17:00:00Z,34.0,CA - Santa Cruz Wharf,Cylindrotheca spp.,13.0,Cloudy,NE,Outgoing,,,,,"Still low numbers of phytoplankton, but good numbers of Nauplii & Copepods",2.5,1.0,1,1,1.0,1,1,,,,1.0
2024-01-19T17:00:00Z,36.947117,-122.030792,Present,11.0,2024-01-19T17:00:00Z,34.0,CA - Santa Cruz Wharf,Dictyocha spp.,13.0,Cloudy,NE,Outgoing,,,,,"Still low numbers of phytoplankton, but good numbers of Nauplii & Copepods",2.5,1.0,1,1,1.0,1,1,,,,1.0
2024-01-19T17:00:00Z,36.947117,-122.030792,Present,11.0,2024-01-19T17:00:00Z,34.0,CA - Santa Cruz Wharf,Ditylum spp.,13.0,Cloudy,NE,Outgoing,,,,,"Still low numbers of phytoplankton, but good numbers of Nauplii & Copepods",2.5,1.0,1,1,1.0,1,1,,,,1.0
2024-01-19T17:00:00Z,36.947117,-122.030792,Present,11.0,2024-01-19T17:00:00Z,34.0,CA - Santa Cruz Wharf,Ebria,13.0,Cloudy,NE,Outgoing,,,,,"Still low numbers of phytoplankton, but good numbers of Nauplii & Copepods",2.5,1.0,1,1,1.0,1,1,,,,1.0
2024-01-19T17:00:00Z,36.947117,-122.030792,Present,11.0,2024-01-19T17:00:00Z,34.0,CA - Santa Cruz Wharf,Entomoneis spp.,13.0,Cloudy,NE,Outgoing,,,,,"Still low numbers of phytoplankton, but good numbers of Nauplii & Copepods",2.5,1.0,1,1,1.0,1,1,,,,1.0
2024-01-19T17:00:00Z,36.947117,-122.030792,Present,11.0,2024-01-19T17:00:00Z,34.0,CA - Santa Cruz Wharf,Pleurosigma spp.,13.0,Cloudy,NE,Outgoing,,,,,"Still low numbers of phytoplankton, but good numbers of Nauplii & Copepods",2.5,1.0,1,1,1.0,1,1,,,,1.0
2024-01-19T17:00:00Z,36.947117,-122.030792,Present,11.0,2024-01-19T17:00:00Z,34.0,CA - Santa Cruz Wharf,Prorocentrum spp.,13.0,Cloudy,NE,Outgoing,,,,,"Still low numbers of phytoplankton, but good numbers of Nauplii & Copepods",2.5,1.0,1,1,1.0,1,1,,,,1.0
2024-01-19T17:00:00Z,36.947117,-122.030792,Present,11.0,2024-01-19T17:00:00Z,34.0,CA - Santa Cruz Wharf,Protoperidinium spp.,13.0,Cloudy,NE,Outgoing,,,,,"Still low numbers of phytoplankton, but good numbers of Nauplii & Copepods",2.5,1.0,1,1,1.0,1,1,,,,1.0
2024-01-19T17:00:00Z,36.947117,-122.030792,Present,11.0,2024-01-19T17:00:00Z,34.0,CA - Santa Cruz Wharf,Rhizosolenia spp.,13.0,Cloudy,NE,Outgoing,,,,,"Still low numbers of phytoplankton, but good numbers of Nauplii & Copepods",2.5,1.0,1,1,1.0,1,1,,,,1.0
2024-01-19T17:00:00Z,36.947117,-122.030792,Present,11.0,2024-01-19T17:00:00Z,34.0,CA - Santa Cruz Wharf,Skeletonema spp.,13.0,Cloudy,NE,Outgoing,,,,,"Still low numbers of phytoplankton, but good numbers of Nauplii & Copepods",2.5,1.0,1,1,1.0,1,1,,,,1.0
2024-01-19T17:00:00Z,36.947117,-122.030792,Present,11.0,2024-01-19T17:00:00Z,34.0,CA - Santa Cruz Wharf,Thalassiosira spp.,13.0,Cloudy,NE,Outgoing,,,,,"Still low numbers of phytoplankton, but good numbers of Nauplii & Copepods",2.5,1.0,1,1,1.0,1,1,,,,1.0
2024-01-19T17:00:00Z,36.947117,-122.030792,Present,11.0,2024-01-19T17:00:00Z,34.0,CA - Santa Cruz Wharf,Tripos furca,13.0,Cloudy,NE,Outgoing,,,,,"Still low numbers of phytoplankton, but good numbers of Nauplii & Copepods",2.5,1.0,1,1,1.0,1,1,,,,1.0
2024-01-27T19:15:00Z,36.947117,-122.030792,Present,17.0,2024-01-27T19:15:00Z,35.0,CA - Santa Cruz Wharf,Actinoptychus spp.,15.0,Mostly cloudy,S,Full high tide,,,,,"Sample collected with 50 um mesh net.  Boreadinium. Western grebe, Common loon",2.5,1.0,1,1,1.0,1,1,,,,1.0
2024-01-27T19:15:00Z,36.947117,-122.030792,Present,17.0,2024-01-27T19:15:00Z,35.0,CA - Santa Cruz Wharf,Coscinodiscus spp.,15.0,Mostly cloudy,S,Full high tide,,,,,"Sample collected with 50 um mesh net.  Boreadinium. Western grebe, Common loon",2.5,1.0,1,1,1.0,1,1,,,,1.0
2024-01-27T19:15:00Z,36.947117,-122.030792,Present,17.0,2024-01-27T19:15:00Z,35.0,CA - Santa Cruz Wharf,Dictyocha spp.,15.0,Mostly cloudy,S,Full high tide,,,,,"Sample collected with 50 um mesh net.  Boreadinium. Western grebe, Common loon",2.5,1.0,1,1,1.0,1,1,,,,1.0
2024-01-27T19:15:00Z,36.947117,-122.030792,Present,17.0,2024-01-27T19:15:00Z,35.0,CA - Santa Cruz Wharf,Ditylum spp.,15.0,Mostly cloudy,S,Full high tide,,,,,"Sample collected with 50 um mesh net.  Boreadinium. Western grebe, Common loon",2.5,1.0,1,1,1.0,1,1,,,,1.0
2024-01-27T19:15:00Z,36.947117,-122.030792,Present,17.0,2024-01-27T19:15:00Z,35.0,CA - Santa Cruz Wharf,Paralia spp.,15.0,Mostly cloudy,S,Full high tide,,,,,"Sample collected with 50 um mesh net.  Boreadinium. Western grebe, Common loon",2.5,1.0,1,1,1.0,1,1,,,,1.0
2024-01-27T19:15:00Z,36.947117,-122.030792,Present,17.0,2024-01-27T19:15:00Z,35.0,CA - Santa Cruz Wharf,Protoperidinium spp.,15.0,Mostly cloudy,S,Full high tide,,,,,"Sample collected with 50 um mesh net.  Boreadinium. Western grebe, Common loon",2.5,1.0,1,1,1.0,1,1,,,,1.0
2024-01-27T19:15:00Z,36.947117,-122.030792,Present,17.0,2024-01-27T19:15:00Z,35.0,CA - Santa Cruz Wharf,Rhizosolenia spp.,15.0,Mostly cloudy,S,Full high tide,,,,,"Sample collected with 50 um mesh net.  Boreadinium. Western grebe, Common loon",2.5,1.0,1,1,1.0,1,1,,,,1.0
2024-01-27T19:15:00Z,36.947117,-122.030792,Present,17.0,2024-01-27T19:15:00Z,35.0,CA - Santa Cruz Wharf,Tripos furca,15.0,Mostly cloudy,S,Full high tide,,,,,"Sample collected with 50 um mesh net.  Boreadinium. Western grebe, Common loon",2.5,1.0,1,1,1.0,1,1,,,,1.0
2024-03-15T17:10:00Z,36.9617,-122.0223,Present,17.0,2024-03-15T17:10:00Z,35.0,CA - Santa Cruz Wharf 2_Cabrillo,Akashiwo sanguinea,13.0,Sunny,NE,Outgoing,,,,,"Lots of chaetoceros of different species,",7.5,1.0,1,1,1.0,1,1,,,,1.0
2024-03-15T17:10:00Z,36.9617,-122.0223,Present,17.0,2024-03-15T17:10:00Z,35.0,CA - Santa Cruz Wharf 2_Cabrillo,Chaetoceros spp.,13.0,Sunny,NE,Outgoing,,,,,"Lots of chaetoceros of different species,",7.5,1.0,1,1,1.0,1,1,,,,1.0
2024-03-15T17:10:00Z,36.9617,-122.0223,Present,17.0,2024-03-15T17:10:00Z,35.0,CA - Santa Cruz Wharf 2_Cabrillo,Coscinodiscus spp.,13.0,Sunny,NE,Outgoing,,,,,"Lots of chaetoceros of different species,",7.5,1.0,1,1,1.0,1,1,,,,1.0
2024-03-15T17:10:00Z,36.9617,-122.0223,Present,17.0,2024-03-15T17:10:00Z,35.0,CA - Santa Cruz Wharf 2_Cabrillo,Ditylum spp.,13.0,Sunny,NE,Outgoing,,,,,"Lots of chaetoceros of different species,",7.5,1.0,1,1,1.0,1,1,,,,1.0
2024-03-15T17:10:00Z,36.9617,-122.0223,Present,17.0,2024-03-15T17:10:00Z,35.0,CA - Santa Cruz Wharf 2_Cabrillo,Guinardia spp.,13.0,Sunny,NE,Outgoing,,,,,"Lots of chaetoceros of different species,",7.5,1.0,1,1,1.0,1,1,,,,1.0
2024-03-15T17:10:00Z,36.9617,-122.0223,Present,17.0,2024-03-15T17:10:00Z,35.0,CA - Santa Cruz Wharf 2_Cabrillo,Lioloma spp.,13.0,Sunny,NE,Outgoing,,,,,"Lots of chaetoceros of different species,",7.5,1.0,1,1,1.0,1,1,,,,1.0
2024-03-15T17:10:00Z,36.9617,-122.0223,Present,17.0,2024-03-15T17:10:00Z,35.0,CA - Santa Cruz Wharf 2_Cabrillo,Stephanopyxis spp.,13.0,Sunny,NE,Outgoing,,,,,"Lots of chaetoceros of different species,",7.5,1.0,1,1,1.0,1,1,,,,1.0
2024-03-15T17:10:00Z,36.9617,-122.0223,Present,17.0,2024-03-15T17:10:00Z,35.0,CA - Santa Cruz Wharf 2_Cabrillo,Tripos furca,13.0,Sunny,NE,Outgoing,,,,,"Lots of chaetoceros of different species,",7.5,1.0,1,1,1.0,1,1,,,,1.0
2024-10-18T17:00:00Z,36.96342,-121.9984,Present,19.0,2024-10-18T17:00:00Z,35.0,CA - Santa Cruz Wharf 1_Cabrillo,Akashiwo sanguinea,14.0,Sunny,N,Incoming,,,,,LOTS of akashiwo,12.5,1.0,1,1,1.0,1,1,,,,1.0
2024-10-18T17:00:00Z,36.96342,-121.9984,Present,19.0,2024-10-18T17:00:00Z,35.0,CA - Santa Cruz Wharf 1_Cabrillo,Chaetoceros spp.,14.0,Sunny,N,Incoming,,,,,LOTS of akashiwo,12.5,1.0,1,1,1.0,1,1,,,,1.0
2024-10-18T17:00:00Z,36.96342,-121.9984,Present,19.0,2024-10-18T17:00:00Z,35.0,CA - Santa Cruz Wharf 1_Cabrillo,Coscinodiscus spp.,14.0,Sunny,N,Incoming,,,,,LOTS of akashiwo,12.5,1.0,1,1,1.0,1,1,,,,1.0
2024-10-18T17:00:00Z,36.96342,-121.9984,Present,19.0,2024-10-18T17:00:00Z,35.0,CA - Santa Cruz Wharf 1_Cabrillo,Prorocentrum spp.,14.0,Sunny,N,Incoming,,,,,LOTS of akashiwo,12.5,1.0,1,1,1.0,1,1,,,,1.0
2024-10-18T17:00:00Z,36.96342,-121.9984,Present,19.0,2024-10-18T17:00:00Z,35.0,CA - Santa Cruz Wharf 1_Cabrillo,Tripos furca,14.0,Sunny,N,Incoming,,,,,LOTS of akashiwo,12.5,1.0,1,1,1.0,1,1,,,,1.0
2024-11-01T17:00:00Z,36.96342,-121.9984,Present,12.0,2024-11-01T17:00:00Z,36.0,CA - Santa Cruz Wharf 1_Cabrillo,Akashiwo sanguinea,12.0,Partly Cloudy,N,Incoming,,,,,"Other zoo: Hydroid colony, Easter Egg Worm<br /><br />Wildlife Observations: CA sea lions, CA mussels, various barnacles, western gulls, double-crested cormorants, brandt's cormorants, pelagic cormorant, brown pelicans, rock pigeons, giant kelp",2.5,1.0,1,1,1.0,1,1,,,,1.0
2024-11-01T17:00:00Z,36.96342,-121.9984,Present,12.0,2024-11-01T17:00:00Z,36.0,CA - Santa Cruz Wharf 1_Cabrillo,Chaetoceros spp.,12.0,Partly Cloudy,N,Incoming,,,,,"Other zoo: Hydroid colony, Easter Egg Worm<br /><br />Wildlife Observations: CA sea lions, CA mussels, various barnacles, western gulls, double-crested cormorants, brandt's cormorants, pelagic cormorant, brown pelicans, rock pigeons, giant kelp",2.5,1.0,1,1,1.0,1,1,,,,1.0
2024-11-01T17:00:00Z,36.96342,-121.9984,Present,12.0,2024-11-01T17:00:00Z,36.0,CA - Santa Cruz Wharf 1_Cabrillo,Cochlodinium spp.,12.0,Partly Cloudy,N,Incoming,,,,,"Other zoo: Hydroid colony, Easter Egg Worm<br /><br />Wildlife Observations: CA sea lions, CA mussels, various barnacles, western gulls, double-crested cormorants, brandt's cormorants, pelagic cormorant, brown pelicans, rock pigeons, giant kelp",2.5,1.0,1,1,1.0,1,1,,,,1.0
2024-11-01T17:00:00Z,36.96342,-121.9984,Present,12.0,2024-11-01T17:00:00Z,36.0,CA - Santa Cruz Wharf 1_Cabrillo,Eucampia spp.,12.0,Partly Cloudy,N,Incoming,,,,,"Other zoo: Hydroid colony, Easter Egg Worm<br /><br />Wildlife Observations: CA sea lions, CA mussels, various barnacles, western gulls, double-crested cormorants, brandt's cormorants, pelagic cormorant, brown pelicans, rock pigeons, giant kelp",2.5,1.0,1,1,1.0,1,1,,,,1.0
2024-11-01T17:00:00Z,36.96342,-121.9984,Present,12.0,2024-11-01T17:00:00Z,36.0,CA - Santa Cruz Wharf 1_Cabrillo,Gyrodinium spp.,12.0,Partly Cloudy,N,Incoming,,,,,"Other zoo: Hydroid colony, Easter Egg Worm<br /><br />Wildlife Observations: CA sea lions, CA mussels, various barnacles, western gulls, double-crested cormorants, brandt's cormorants, pelagic cormorant, brown pelicans, rock pigeons, giant kelp",2.5,1.0,1,1,1.0,1,1,,,,1.0
2024-11-01T17:00:00Z,36.96342,-121.9984,Present,12.0,2024-11-01T17:00:00Z,36.0,CA - Santa Cruz Wharf 1_Cabrillo,Leptocylindrus spp.,12.0,Partly Cloudy,N,Incoming,,,,,"Other zoo: Hydroid colony, Easter Egg Worm<br /><br />Wildlife Observations: CA sea lions, CA mussels, various barnacles, western gulls, double-crested cormorants, brandt's cormorants, pelagic cormorant, brown pelicans, rock pigeons, giant kelp",2.5,1.0,1,1,1.0,1,1,,,,1.0
2024-11-01T17:00:00Z,36.96342,-121.9984,Present,12.0,2024-11-01T17:00:00Z,36.0,CA - Santa Cruz Wharf 1_Cabrillo,Prorocentrum spp.,12.0,Partly Cloudy,N,Incoming,,,,,"Other zoo: Hydroid colony, Easter Egg Worm<br /><br />Wildlife Observations: CA sea lions, CA mussels, various barnacles, western gulls, double-crested cormorants, brandt's cormorants, pelagic cormorant, brown pelicans, rock pigeons, giant kelp",2.5,1.0,1,1,1.0,1,1,,,,1.0
2024-11-01T17:00:00Z,36.96342,-121.9984,Present,12.0,2024-11-01T17:00:00Z,36.0,CA - Santa Cruz Wharf 1_Cabrillo,Tripos furca,12.0,Partly Cloudy,N,Incoming,,,,,"Other zoo: Hydroid colony, Easter Egg Worm<br /><br />Wildlife Observations: CA sea lions, CA mussels, various barnacles, western gulls, double-crested cormorants, brandt's cormorants, pelagic cormorant, brown pelicans, rock pigeons, giant kelp",2.5,1.0,1,1,1.0,1,1,,,,1.0
2024-11-22T17:00:00Z,36.96342,-121.9984,Present,13.0,2024-11-22T17:00:00Z,36.0,CA - Santa Cruz Wharf 1_Cabrillo,Asteromphalus,11.0,Mostly Cloudy,SE,Outgoing,,,,,"Western gulls, California sea lion, California mussels, Barnacles (various), Bonaparte's gulls, Brown pelicans, Great egret, Brandt's cormorant, Rock pigeons, Giant kelp, Feather boa kelp, Elegant terns",2.5,1.0,1,1,1.0,1,1,,,,1.0
2024-11-22T17:00:00Z,36.96342,-121.9984,Present,13.0,2024-11-22T17:00:00Z,36.0,CA - Santa Cruz Wharf 1_Cabrillo,Coscinodiscus spp.,11.0,Mostly Cloudy,SE,Outgoing,,,,,"Western gulls, California sea lion, California mussels, Barnacles (various), Bonaparte's gulls, Brown pelicans, Great egret, Brandt's cormorant, Rock pigeons, Giant kelp, Feather boa kelp, Elegant terns",2.5,1.0,1,1,1.0,1,1,,,,1.0
2024-11-22T17:00:00Z,36.96342,-121.9984,Present,13.0,2024-11-22T17:00:00Z,36.0,CA - Santa Cruz Wharf 1_Cabrillo,Ditylum spp.,11.0,Mostly Cloudy,SE,Outgoing,,,,,"Western gulls, California sea lion, California mussels, Barnacles (various), Bonaparte's gulls, Brown pelicans, Great egret, Brandt's cormorant, Rock pigeons, Giant kelp, Feather boa kelp, Elegant terns",2.5,1.0,1,1,1.0,1,1,,,,1.0
2024-11-22T17:00:00Z,36.96342,-121.9984,Present,13.0,2024-11-22T17:00:00Z,36.0,CA - Santa Cruz Wharf 1_Cabrillo,Prorocentrum spp.,11.0,Mostly Cloudy,SE,Outgoing,,,,,"Western gulls, California sea lion, California mussels, Barnacles (various), Bonaparte's gulls, Brown pelicans, Great egret, Brandt's cormorant, Rock pigeons, Giant kelp, Feather boa kelp, Elegant terns",2.5,1.0,1,1,1.0,1,1,,,,1.0
2024-11-22T17:00:00Z,36.96342,-121.9984,Present,13.0,2024-11-22T17:00:00Z,36.0,CA - Santa Cruz Wharf 1_Cabrillo,Tripos furca,11.0,Mostly Cloudy,SE,Outgoing,,,,,"Western gulls, California sea lion, California mussels, Barnacles (various), Bonaparte's gulls, Brown pelicans, Great egret, Brandt's cormorant, Rock pigeons, Giant kelp, Feather boa kelp, Elegant terns",2.5,1.0,1,1,1.0,1,1,,,,1.0
2024-11-22T17:20:00Z,36.9639,-122.0003,Present,20.0,2024-11-22T17:20:00Z,33.0,CA - Santa Cruz Harbor,Akashiwo sanguinea,11.0,Mostly Cloudy,SE,Outgoing,,,,,"Sea gulls, pigeons, pelicans, harbor seal, gray heron. Dredger was running. Other phyto/zoo found; Licomophora, nematodes, and hydroids.",2.5,1.0,1,1,1.0,1,1,,,,1.0
2024-11-22T17:20:00Z,36.9639,-122.0003,Present,20.0,2024-11-22T17:20:00Z,33.0,CA - Santa Cruz Harbor,Akashiwo sanguinea,11.0,Mostly Cloudy,SE,Outgoing,,,,,"Sea gulls, pigeons, pelicans, harbor seal, gray heron. Dredger was running. Other phyto/zoo found; Licomophora, nematodes, and hydroids.",2.5,1.0,1,1,1.0,1,1,,,,1.0
2024-11-22T17:20:00Z,36.9639,-122.0003,Present,20.0,2024-11-22T17:20:00Z,33.0,CA - Santa Cruz Harbor,Asteromphalus,11.0,Mostly Cloudy,SE,Outgoing,,,,,"Sea gulls, pigeons, pelicans, harbor seal, gray heron. Dredger was running. Other phyto/zoo found; Licomophora, nematodes, and hydroids.",2.5,1.0,1,1,1.0,1,1,,,,1.0
2024-11-22T17:20:00Z,36.9639,-122.0003,Present,20.0,2024-11-22T17:20:00Z,33.0,CA - Santa Cruz Harbor,Asteromphalus,11.0,Mostly Cloudy,SE,Outgoing,,,,,"Sea gulls, pigeons, pelicans, harbor seal, gray heron. Dredger was running. Other phyto/zoo found; Licomophora, nematodes, and hydroids.",2.5,1.0,1,1,1.0,1,1,,,,1.0
2024-11-22T17:20:00Z,36.9639,-122.0003,Present,20.0,2024-11-22T17:20:00Z,33.0,CA - Santa Cruz Harbor,Chaetoceros spp.,11.0,Mostly Cloudy,SE,Outgoing,,,,,"Sea gulls, pigeons, pelicans, harbor seal, gray heron. Dredger was running. Other phyto/zoo found; Licomophora, nematodes, and hydroids.",2.5,1.0,1,1,1.0,1,1,,,,1.0
2024-11-22T17:20:00Z,36.9639,-122.0003,Present,20.0,2024-11-22T17:20:00Z,33.0,CA - Santa Cruz Harbor,Chaetoceros spp.,11.0,Mostly Cloudy,SE,Outgoing,,,,,"Sea gulls, pigeons, pelicans, harbor seal, gray heron. Dredger was running. Other phyto/zoo found; Licomophora, nematodes, and hydroids.",2.5,1.0,1,1,1.0,1,1,,,,1.0
2024-11-22T17:20:00Z,36.9639,-122.0003,Present,20.0,2024-11-22T17:20:00Z,33.0,CA - Santa Cruz Harbor,Coscinodiscus spp.,11.0,Mostly Cloudy,SE,Outgoing,,,,,"Sea gulls, pigeons, pelicans, harbor seal, gray heron. Dredger was running. Other phyto/zoo found; Licomophora, nematodes, and hydroids.",2.5,1.0,1,1,1.0,1,1,,,,1.0
2024-11-22T17:20:00Z,36.9639,-122.0003,Present,20.0,2024-11-22T17:20:00Z,33.0,CA - Santa Cruz Harbor,Coscinodiscus spp.,11.0,Mostly Cloudy,SE,Outgoing,,,,,"Sea gulls, pigeons, pelicans, harbor seal, gray heron. Dredger was running. Other phyto/zoo found; Licomophora, nematodes, and hydroids.",2.5,1.0,1,1,1.0,1,1,,,,1.0
2024-11-22T17:20:00Z,36.9639,-122.0003,Present,20.0,2024-11-22T17:20:00Z,33.0,CA - Santa Cruz Harbor,Ditylum spp.,11.0,Mostly Cloudy,SE,Outgoing,,,,,"Sea gulls, pigeons, pelicans, harbor seal, gray heron. Dredger was running. Other phyto/zoo found; Licomophora, nematodes, and hydroids.",2.5,1.0,1,1,1.0,1,1,,,,1.0
2024-11-22T17:20:00Z,36.9639,-122.0003,Present,20.0,2024-11-22T17:20:00Z,33.0,CA - Santa Cruz Harbor,Ditylum spp.,11.0,Mostly Cloudy,SE,Outgoing,,,,,"Sea gulls, pigeons, pelicans, harbor seal, gray heron. Dredger was running. Other phyto/zoo found; Licomophora, nematodes, and hydroids.",2.5,1.0,1,1,1.0,1,1,,,,1.0
2024-11-22T17:20:00Z,36.9639,-122.0003,Present,20.0,2024-11-22T17:20:00Z,33.0,CA - Santa Cruz Harbor,Oxyphysis spp.,11.0,Mostly Cloudy,SE,Outgoing,,,,,"Sea gulls, pigeons, pelicans, harbor seal, gray heron. Dredger was running. Other phyto/zoo found; Licomophora, nematodes, and hydroids.",2.5,1.0,1,1,1.0,1,1,,,,1.0
2024-11-22T17:20:00Z,36.9639,-122.0003,Present,20.0,2024-11-22T17:20:00Z,33.0,CA - Santa Cruz Harbor,Oxyphysis spp.,11.0,Mostly Cloudy,SE,Outgoing,,,,,"Sea gulls, pigeons, pelicans, harbor seal, gray heron. Dredger was running. Other phyto/zoo found; Licomophora, nematodes, and hydroids.",2.5,1.0,1,1,1.0,1,1,,,,1.0
2024-11-22T17:20:00Z,36.9639,-122.0003,Present,20.0,2024-11-22T17:20:00Z,33.0,CA - Santa Cruz Harbor,Pleurosigma spp.,11.0,Mostly Cloudy,SE,Outgoing,,,,,"Sea gulls, pigeons, pelicans, harbor seal, gray heron. Dredger was running. Other phyto/zoo found; Licomophora, nematodes, and hydroids.",2.5,1.0,1,1,1.0,1,1,,,,1.0
2024-11-22T17:20:00Z,36.9639,-122.0003,Present,20.0,2024-11-22T17:20:00Z,33.0,CA - Santa Cruz Harbor,Pleurosigma spp.,11.0,Mostly Cloudy,SE,Outgoing,,,,,"Sea gulls, pigeons, pelicans, harbor seal, gray heron. Dredger was running. Other phyto/zoo found; Licomophora, nematodes, and hydroids.",2.5,1.0,1,1,1.0,1,1,,,,1.0
2024-11-22T17:20:00Z,36.9639,-122.0003,Present,20.0,2024-11-22T17:20:00Z,33.0,CA - Santa Cruz Harbor,Prorocentrum spp.,11.0,Mostly Cloudy,SE,Outgoing,,,,,"Sea gulls, pigeons, pelicans, harbor seal, gray heron. Dredger was running. Other phyto/zoo found; Licomophora, nematodes, and hydroids.",2.5,1.0,1,1,1.0,1,1,,,,1.0
2024-11-22T17:20:00Z,36.9639,-122.0003,Present,20.0,2024-11-22T17:20:00Z,33.0,CA - Santa Cruz Harbor,Prorocentrum spp.,11.0,Mostly Cloudy,SE,Outgoing,,,,,"Sea gulls, pigeons, pelicans, harbor seal, gray heron. Dredger was running. Other phyto/zoo found; Licomophora, nematodes, and hydroids.",2.5,1.0,1,1,1.0,1,1,,,,1.0
2024-11-22T17:20:00Z,36.9639,-122.0003,Present,20.0,2024-11-22T17:20:00Z,33.0,CA - Santa Cruz Harbor,Protoperidinium spp.,11.0,Mostly Cloudy,SE,Outgoing,,,,,"Sea gulls, pigeons, pelicans, harbor seal, gray heron. Dredger was running. Other phyto/zoo found; Licomophora, nematodes, and hydroids.",2.5,1.0,1,1,1.0,1,1,,,,1.0
2024-11-22T17:20:00Z,36.9639,-122.0003,Present,20.0,2024-11-22T17:20:00Z,33.0,CA - Santa Cruz Harbor,Protoperidinium spp.,11.0,Mostly Cloudy,SE,Outgoing,,,,,"Sea gulls, pigeons, pelicans, harbor seal, gray heron. Dredger was running. Other phyto/zoo found; Licomophora, nematodes, and hydroids.",2.5,1.0,1,1,1.0,1,1,,,,1.0
2024-11-22T17:20:00Z,36.9639,-122.0003,Present,20.0,2024-11-22T17:20:00Z,33.0,CA - Santa Cruz Harbor,Thalassiosira spp.,11.0,Mostly Cloudy,SE,Outgoing,,,,,"Sea gulls, pigeons, pelicans, harbor seal, gray heron. Dredger was running. Other phyto/zoo found; Licomophora, nematodes, and hydroids.",2.5,1.0,1,1,1.0,1,1,,,,1.0
2024-11-22T17:20:00Z,36.9639,-122.0003,Present,20.0,2024-11-22T17:20:00Z,33.0,CA - Santa Cruz Harbor,Thalassiosira spp.,11.0,Mostly Cloudy,SE,Outgoing,,,,,"Sea gulls, pigeons, pelicans, harbor seal, gray heron. Dredger was running. Other phyto/zoo found; Licomophora, nematodes, and hydroids.",2.5,1.0,1,1,1.0,1,1,,,,1.0
2024-11-22T17:20:00Z,36.9639,-122.0003,Present,20.0,2024-11-22T17:20:00Z,33.0,CA - Santa Cruz Harbor,Tripos furca,11.0,Mostly Cloudy,SE,Outgoing,,,,,"Sea gulls, pigeons, pelicans, harbor seal, gray heron. Dredger was running. Other phyto/zoo found; Licomophora, nematodes, and hydroids.",2.5,1.0,1,1,1.0,1,1,,,,1.0
2024-11-22T17:20:00Z,36.9639,-122.0003,Present,20.0,2024-11-22T17:20:00Z,33.0,CA - Santa Cruz Harbor,Tripos furca,11.0,Mostly Cloudy,SE,Outgoing,,,,,"Sea gulls, pigeons, pelicans, harbor seal, gray heron. Dredger was running. Other phyto/zoo found; Licomophora, nematodes, and hydroids.",2.5,1.0,1,1,1.0,1,1,,,,1.0
2024-01-02T18:45:00Z,36.96396,-122.00256,Present,14.0,2024-01-02T18:45:00Z,35.0,"CA - CA947, Santa Cruz Harbor",Akashiwo sanguinea,14.0,Mostly cloudy,SE,Incoming,,,,,Lots of nothing,2.5,1.0,1,1,1.0,1,1,,,,1.0
2024-01-02T18:45:00Z,36.96396,-122.00256,Present,14.0,2024-01-02T18:45:00Z,35.0,"CA - CA947, Santa Cruz Harbor",Centric Diatom,14.0,Mostly cloudy,SE,Incoming,,,,,Lots of nothing,2.5,1.0,1,1,1.0,1,1,,,,1.0
2024-01-30T19:00:00Z,36.96396,-122.00256,Present,18.0,2024-01-30T19:00:00Z,34.0,"CA - CA947, Santa Cruz Harbor",Actinophrys,14.0,Partly cloudy,E,Incoming,,,,,,2.5,1.0,1,1,1.0,1,1,,,,1.0
2024-01-30T19:00:00Z,36.96396,-122.00256,Present,18.0,2024-01-30T19:00:00Z,34.0,"CA - CA947, Santa Cruz Harbor",Akashiwo sanguinea,14.0,Partly cloudy,E,Incoming,,,,,,2.5,1.0,1,1,1.0,1,1,,,,1.0
2024-01-30T19:00:00Z,36.96396,-122.00256,Present,18.0,2024-01-30T19:00:00Z,34.0,"CA - CA947, Santa Cruz Harbor",Chaetoceros spp.,14.0,Partly cloudy,E,Incoming,,,,,,2.5,1.0,1,1,1.0,1,1,,,,1.0
2024-01-30T19:00:00Z,36.96396,-122.00256,Present,18.0,2024-01-30T19:00:00Z,34.0,"CA - CA947, Santa Cruz Harbor",Dictyochaceae,14.0,Partly cloudy,E,Incoming,,,,,,2.5,1.0,1,1,1.0,1,1,,,,1.0
2024-01-30T19:00:00Z,36.96396,-122.00256,Present,18.0,2024-01-30T19:00:00Z,34.0,"CA - CA947, Santa Cruz Harbor",Navicula spp.,14.0,Partly cloudy,E,Incoming,,,,,,2.5,1.0,1,1,1.0,1,1,,,,1.0
2024-01-30T19:00:00Z,36.96396,-122.00256,Present,18.0,2024-01-30T19:00:00Z,34.0,"CA - CA947, Santa Cruz Harbor",Tropidoneis spp.,14.0,Partly cloudy,E,Incoming,,,,,,2.5,1.0,1,1,1.0,1,1,,,,1.0
2024-03-08T18:30:00Z,36.96396,-122.00256,Present,16.0,2024-03-08T18:30:00Z,29.0,"CA - CA947, Santa Cruz Harbor",Asterionellopsis spp.,14.0,Partly Cloudy,No wind,Outgoing,,,,,,2.5,1.0,1,1,1.0,1,1,,,,1.0
2024-03-08T18:30:00Z,36.96396,-122.00256,Present,16.0,2024-03-08T18:30:00Z,29.0,"CA - CA947, Santa Cruz Harbor",Chaetoceros spp.,14.0,Partly Cloudy,No wind,Outgoing,,,,,,2.5,1.0,1,1,1.0,1,1,,,,1.0
2024-03-08T18:30:00Z,36.96396,-122.00256,Present,16.0,2024-03-08T18:30:00Z,29.0,"CA - CA947, Santa Cruz Harbor",Dictyochaceae,14.0,Partly Cloudy,No wind,Outgoing,,,,,,2.5,1.0,1,1,1.0,1,1,,,,1.0
2024-03-08T18:30:00Z,36.96396,-122.00256,Present,16.0,2024-03-08T18:30:00Z,29.0,"CA - CA947, Santa Cruz Harbor",Eucampia spp.,14.0,Partly Cloudy,No wind,Outgoing,,,,,,2.5,1.0,1,1,1.0,1,1,,,,1.0
2024-03-08T18:30:00Z,36.96396,-122.00256,Present,16.0,2024-03-08T18:30:00Z,29.0,"CA - CA947, Santa Cruz Harbor",Skeletonema spp.,14.0,Partly Cloudy,No wind,Outgoing,,,,,,2.5,1.0,1,1,1.0,1,1,,,,1.0
2024-05-28T18:15:00Z,36.96396,-122.00256,Present,17.0,2024-05-28T18:15:00Z,36.0,"CA - CA947, Santa Cruz Harbor",Actinoptychus spp.,15.0,Partly Cloudy,S,Incoming,,,,,,12.5,1.0,1,1,1.0,1,1,,,,1.0
2024-05-28T18:15:00Z,36.96396,-122.00256,Present,17.0,2024-05-28T18:15:00Z,36.0,"CA - CA947, Santa Cruz Harbor",Akashiwo sanguinea,15.0,Partly Cloudy,S,Incoming,,,,,,12.5,1.0,1,1,1.0,1,1,,,,1.0
2024-05-28T18:15:00Z,36.96396,-122.00256,Present,17.0,2024-05-28T18:15:00Z,36.0,"CA - CA947, Santa Cruz Harbor",Chaetoceros spp.,15.0,Partly Cloudy,S,Incoming,,,,,,12.5,1.0,1,1,1.0,1,1,,,,1.0
2024-05-28T18:15:00Z,36.96396,-122.00256,Present,17.0,2024-05-28T18:15:00Z,36.0,"CA - CA947, Santa Cruz Harbor",Cylindrotheca spp.,15.0,Partly Cloudy,S,Incoming,,,,,,12.5,1.0,1,1,1.0,1,1,,,,1.0
2024-05-28T18:15:00Z,36.96396,-122.00256,Present,17.0,2024-05-28T18:15:00Z,36.0,"CA - CA947, Santa Cruz Harbor",Entomoneis spp.,15.0,Partly Cloudy,S,Incoming,,,,,,12.5,1.0,1,1,1.0,1,1,,,,1.0
2024-05-28T18:15:00Z,36.96396,-122.00256,Present,17.0,2024-05-28T18:15:00Z,36.0,"CA - CA947, Santa Cruz Harbor",Licmophora spp.,15.0,Partly Cloudy,S,Incoming,,,,,,12.5,1.0,1,1,1.0,1,1,,,,1.0
2024-05-28T18:15:00Z,36.96396,-122.00256,Present,17.0,2024-05-28T18:15:00Z,36.0,"CA - CA947, Santa Cruz Harbor",Nitzschia spp.,15.0,Partly Cloudy,S,Incoming,,,,,,12.5,1.0,1,1,1.0,1,1,,,,1.0
2024-05-28T18:15:00Z,36.96396,-122.00256,Present,17.0,2024-05-28T18:15:00Z,36.0,"CA - CA947, Santa Cruz Harbor",Prorocentrum spp.,15.0,Partly Cloudy,S,Incoming,,,,,,12.5,1.0,1,1,1.0,1,1,,,,1.0
2024-12-05T23:00:00Z,36.974117,-122.030792,Present,17.0,2024-12-05T23:00:00Z,35.0,CA - Santa Cruz Wharf,Actinoptychus spp.,13.0,Partly Cloudy,SE,Outgoing,,,,,"Feeding frenzy on anchovies with humpback whale, sea lion, western gull, bonapartes gull, heermans gull, brandts cormorant, brown pelican.  Sample collected in the afternoon after tsunami warning was cancelled",2.5,1.0,1,1,1.0,1,1,,,,1.0
2024-12-05T23:00:00Z,36.974117,-122.030792,Present,17.0,2024-12-05T23:00:00Z,35.0,CA - Santa Cruz Wharf,Akashiwo sanguinea,13.0,Partly Cloudy,SE,Outgoing,,,,,"Feeding frenzy on anchovies with humpback whale, sea lion, western gull, bonapartes gull, heermans gull, brandts cormorant, brown pelican.  Sample collected in the afternoon after tsunami warning was cancelled",2.5,1.0,1,1,1.0,1,1,,,,1.0
2024-12-05T23:00:00Z,36.974117,-122.030792,Present,17.0,2024-12-05T23:00:00Z,35.0,CA - Santa Cruz Wharf,Cocconeis spp.,13.0,Partly Cloudy,SE,Outgoing,,,,,"Feeding frenzy on anchovies with humpback whale, sea lion, western gull, bonapartes gull, heermans gull, brandts cormorant, brown pelican.  Sample collected in the afternoon after tsunami warning was cancelled",2.5,1.0,1,1,1.0,1,1,,,,1.0
2024-12-05T23:00:00Z,36.974117,-122.030792,Present,17.0,2024-12-05T23:00:00Z,35.0,CA - Santa Cruz Wharf,Coscinodiscus spp.,13.0,Partly Cloudy,SE,Outgoing,,,,,"Feeding frenzy on anchovies with humpback whale, sea lion, western gull, bonapartes gull, heermans gull, brandts cormorant, brown pelican.  Sample collected in the afternoon after tsunami warning was cancelled",2.5,1.0,1,1,1.0,1,1,,,,1.0
2024-12-05T23:00:00Z,36.974117,-122.030792,Present,17.0,2024-12-05T23:00:00Z,35.0,CA - Santa Cruz Wharf,Detonula spp.,13.0,Partly Cloudy,SE,Outgoing,,,,,"Feeding frenzy on anchovies with humpback whale, sea lion, western gull, bonapartes gull, heermans gull, brandts cormorant, brown pelican.  Sample collected in the afternoon after tsunami warning was cancelled",2.5,1.0,1,1,1.0,1,1,,,,1.0
2024-12-05T23:00:00Z,36.974117,-122.030792,Present,17.0,2024-12-05T23:00:00Z,35.0,CA - Santa Cruz Wharf,Pleurosigma spp.,13.0,Partly Cloudy,SE,Outgoing,,,,,"Feeding frenzy on anchovies with humpback whale, sea lion, western gull, bonapartes gull, heermans gull, brandts cormorant, brown pelican.  Sample collected in the afternoon after tsunami warning was cancelled",2.5,1.0,1,1,1.0,1,1,,,,1.0
2024-12-05T23:00:00Z,36.974117,-122.030792,Present,17.0,2024-12-05T23:00:00Z,35.0,CA - Santa Cruz Wharf,Prorocentrum spp.,13.0,Partly Cloudy,SE,Outgoing,,,,,"Feeding frenzy on anchovies with humpback whale, sea lion, western gull, bonapartes gull, heermans gull, brandts cormorant, brown pelican.  Sample collected in the afternoon after tsunami warning was cancelled",2.5,1.0,1,1,1.0,1,1,,,,1.0
2024-12-05T23:00:00Z,36.974117,-122.030792,Present,17.0,2024-12-05T23:00:00Z,35.0,CA - Santa Cruz Wharf,Protoperidinium spp.,13.0,Partly Cloudy,SE,Outgoing,,,,,"Feeding frenzy on anchovies with humpback whale, sea lion, western gull, bonapartes gull, heermans gull, brandts cormorant, brown pelican.  Sample collected in the afternoon after tsunami warning was cancelled",2.5,1.0,1,1,1.0,1,1,,,,1.0
2024-12-05T23:00:00Z,36.974117,-122.030792,Present,17.0,2024-12-05T23:00:00Z,35.0,CA - Santa Cruz Wharf,Tripos furca,13.0,Partly Cloudy,SE,Outgoing,,,,,"Feeding frenzy on anchovies with humpback whale, sea lion, western gull, bonapartes gull, heermans gull, brandts cormorant, brown pelican.  Sample collected in the afternoon after tsunami warning was cancelled",2.5,1.0,1,1,1.0,1,1,,,,1.0
2024-07-23T23:27:00Z,37.590926,-122.31805,Present,23.0,2024-07-23T23:27:00Z,30.0,CA - Coyote Point Marina,Chaetoceros spp.,22.0,,,Full High Tide,,,,,,,1.0,1,1,1.0,1,1,,,,
2024-06-26T00:41:00Z,37.73786,-122.374798,Present,17.0,2024-06-26T00:41:00Z,31.0,CA - Heron's Head Park,Chaetoceros spp.,21.0,,,Full High Tide,,,,,,,1.0,1,1,1.0,1,1,,,,
2024-06-26T00:41:00Z,37.73786,-122.374798,Present,17.0,2024-06-26T00:41:00Z,31.0,CA - Heron's Head Park,Dinophysis spp.,21.0,,,Full High Tide,,,,,,,1.0,1,1,1.0,1,1,,,,
2024-07-09T22:52:00Z,37.73786,-122.374798,Present,19.0,2024-07-09T22:52:00Z,30.0,CA - Heron's Head Park,Chaetoceros spp.,20.0,,,High,,,,,,,1.0,1,1,1.0,1,1,,,,
2024-07-23T22:16:00Z,37.73786,-122.374798,Present,21.0,2024-07-23T22:16:00Z,28.0,CA - Heron's Head Park,Chaetoceros spp.,22.0,,,High,,,,,Heterocapsa present,,1.0,1,1,1.0,1,1,,,,
2024-07-23T22:16:00Z,37.73786,-122.374798,Present,21.0,2024-07-23T22:16:00Z,28.0,CA - Heron's Head Park,Dinophysis spp.,22.0,,,High,,,,,Heterocapsa present,,1.0,1,1,1.0,1,1,,,,
2024-07-23T22:16:00Z,37.73786,-122.374798,Present,21.0,2024-07-23T22:16:00Z,28.0,CA - Heron's Head Park,Tripos furca,22.0,,,High,,,,,Heterocapsa present,,1.0,1,1,1.0,1,1,,,,
2024-07-30T17:45:00Z,37.73786,-122.374798,Present,20.0,2024-07-30T17:45:00Z,30.0,CA - Heron's Head Park,Chaetoceros spp.,18.0,,,Outgoing,,,,,Secchi depth units: centimeter,,1.0,1,1,1.0,1,1,,,,
2024-07-30T17:45:00Z,37.73786,-122.374798,Present,20.0,2024-07-30T17:45:00Z,30.0,CA - Heron's Head Park,Dinophysis spp.,18.0,,,Outgoing,,,,,Secchi depth units: centimeter,,1.0,1,1,1.0,1,1,,,,
2024-08-06T22:41:00Z,37.73786,-122.374798,Present,23.0,2024-08-06T22:41:00Z,30.0,CA - Heron's Head Park,Chaetoceros spp.,21.0,,,High,,,,,,,1.0,1,1,1.0,1,1,,,,
2024-08-06T22:41:00Z,37.73786,-122.374798,Present,23.0,2024-08-06T22:41:00Z,30.0,CA - Heron's Head Park,Dinophysis spp.,21.0,,,High,,,,,,,1.0,1,1,1.0,1,1,,,,
2024-08-06T22:41:00Z,37.73786,-122.374798,Present,23.0,2024-08-06T22:41:00Z,30.0,CA - Heron's Head Park,Heterosigma akashiwo,21.0,,,High,,,,,,,1.0,1,1,1.0,1,1,,,,
2024-08-23T23:21:00Z,37.73786,-122.374798,Present,20.0,2024-08-23T23:21:00Z,32.0,CA - Heron's Head Park,Chaetoceros spp.,20.0,,,Full High Tide,,,,,,,1.0,1,1,1.0,1,1,,,,
2024-08-23T23:21:00Z,37.73786,-122.374798,Present,20.0,2024-08-23T23:21:00Z,32.0,CA - Heron's Head Park,Dinophysis spp.,20.0,,,Full High Tide,,,,,,,1.0,1,1,1.0,1,1,,,,
2024-08-28T17:14:00Z,37.73786,-122.374798,Present,19.0,2024-08-28T17:14:00Z,32.0,CA - Heron's Head Park,Chaetoceros spp.,18.0,,,Full High Tide,,,,,,,1.0,1,1,1.0,1,1,,,,
2024-08-18T21:00:00Z,37.76785,-122.27878,Present,22.0,2024-08-18T21:00:00Z,31.0,CA - Robert W. Crown Memorial State Beach Park,Chaetoceros spp.,13.0,Sunny,,High,,,,,,7.5,1.0,1,1,1.0,1,1,,,,1.0
2024-06-26T23:47:00Z,37.77841,-122.385334,Present,18.0,2024-06-26T23:47:00Z,31.0,CA - South Beach Harbor Fishing Pier,Chaetoceros spp.,18.0,,,Incoming,,,,,,,1.0,1,1,1.0,1,1,,,,
2024-06-26T23:47:00Z,37.77841,-122.385334,Present,18.0,2024-06-26T23:47:00Z,31.0,CA - South Beach Harbor Fishing Pier,Noctiluca spp.,18.0,,,Incoming,,,,,,,1.0,1,1,1.0,1,1,,,,
2024-06-26T23:47:00Z,37.77841,-122.385334,Present,18.0,2024-06-26T23:47:00Z,31.0,CA - South Beach Harbor Fishing Pier,Pseudo-nitzschia spp.,18.0,,,Incoming,,,,,,,1.0,1,1,1.0,1,1,,,,
2024-07-02T20:27:00Z,37.77841,-122.385334,Present,28.0,2024-07-02T20:27:00Z,26.0,CA - South Beach Harbor Fishing Pier,Chaetoceros spp.,19.0,,,Low,,,,,,,1.0,1,1,1.0,1,1,,,,
2024-07-02T20:27:00Z,37.77841,-122.385334,Present,28.0,2024-07-02T20:27:00Z,26.0,CA - South Beach Harbor Fishing Pier,Dinophysis spp.,19.0,,,Low,,,,,,,1.0,1,1,1.0,1,1,,,,
2024-07-02T20:27:00Z,37.77841,-122.385334,Present,28.0,2024-07-02T20:27:00Z,26.0,CA - South Beach Harbor Fishing Pier,Pseudo-nitzschia spp.,19.0,,,Low,,,,,,,1.0,1,1,1.0,1,1,,,,
2024-07-16T16:44:00Z,37.77841,-122.385334,Present,17.0,2024-07-16T16:44:00Z,32.0,CA - South Beach Harbor Fishing Pier,Alexandrium spp.,18.0,,,Full High Tide,,,,,,,1.0,1,1,1.0,1,1,,,,
2024-07-16T16:44:00Z,37.77841,-122.385334,Present,17.0,2024-07-16T16:44:00Z,32.0,CA - South Beach Harbor Fishing Pier,Chaetoceros spp.,18.0,,,Full High Tide,,,,,,,1.0,1,1,1.0,1,1,,,,
2024-07-16T16:44:00Z,37.77841,-122.385334,Present,17.0,2024-07-16T16:44:00Z,32.0,CA - South Beach Harbor Fishing Pier,Dinophysis spp.,18.0,,,Full High Tide,,,,,,,1.0,1,1,1.0,1,1,,,,
2024-07-16T16:44:00Z,37.77841,-122.385334,Present,17.0,2024-07-16T16:44:00Z,32.0,CA - South Beach Harbor Fishing Pier,Prorocentrum spp.,18.0,,,Full High Tide,,,,,,,1.0,1,1,1.0,1,1,,,,
2024-07-23T21:16:00Z,37.77841,-122.385334,Present,24.0,2024-07-23T21:16:00Z,32.0,CA - South Beach Harbor Fishing Pier,Alexandrium spp.,19.0,,,Incoming,,,,,,,1.0,1,1,1.0,1,1,,,,
2024-07-23T21:16:00Z,37.77841,-122.385334,Present,24.0,2024-07-23T21:16:00Z,32.0,CA - South Beach Harbor Fishing Pier,Chaetoceros spp.,19.0,,,Incoming,,,,,,,1.0,1,1,1.0,1,1,,,,
2024-07-23T21:16:00Z,37.77841,-122.385334,Present,24.0,2024-07-23T21:16:00Z,32.0,CA - South Beach Harbor Fishing Pier,Dinophysis spp.,19.0,,,Incoming,,,,,,,1.0,1,1,1.0,1,1,,,,
2024-07-23T21:16:00Z,37.77841,-122.385334,Present,24.0,2024-07-23T21:16:00Z,32.0,CA - South Beach Harbor Fishing Pier,Pseudo-nitzschia spp.,19.0,,,Incoming,,,,,,,1.0,1,1,1.0,1,1,,,,
2024-07-30T16:19:00Z,37.77841,-122.385334,Present,16.0,2024-07-30T16:19:00Z,32.0,CA - South Beach Harbor Fishing Pier,Chaetoceros spp.,18.0,,,High,,,,,,,1.0,1,1,1.0,1,1,,,,
2024-07-30T16:19:00Z,37.77841,-122.385334,Present,16.0,2024-07-30T16:19:00Z,32.0,CA - South Beach Harbor Fishing Pier,Dinophysis spp.,18.0,,,High,,,,,,,1.0,1,1,1.0,1,1,,,,
2024-08-23T22:33:00Z,37.77841,-122.385334,Present,20.0,2024-08-23T22:33:00Z,32.0,CA - South Beach Harbor Fishing Pier,Dinophysis spp.,17.0,,,High,,,,,,,1.0,1,1,1.0,1,1,,,,
2024-08-23T22:33:00Z,37.77841,-122.385334,Present,20.0,2024-08-23T22:33:00Z,32.0,CA - South Beach Harbor Fishing Pier,Ditylum spp.,17.0,,,High,,,,,,,1.0,1,1,1.0,1,1,,,,
2024-08-23T22:33:00Z,37.77841,-122.385334,Present,20.0,2024-08-23T22:33:00Z,32.0,CA - South Beach Harbor Fishing Pier,Thalassiosira spp.,17.0,,,High,,,,,,,1.0,1,1,1.0,1,1,,,,
2024-09-05T20:59:00Z,37.77841,-122.385334,Present,26.0,2024-09-05T20:59:00Z,30.0,CA - South Beach Harbor Fishing Pier,Chaetoceros spp.,19.0,,,High,,,,,,,1.0,1,1,1.0,1,1,,,,
2024-09-05T20:59:00Z,37.77841,-122.385334,Present,26.0,2024-09-05T20:59:00Z,30.0,CA - South Beach Harbor Fishing Pier,Dinophysis spp.,19.0,,,High,,,,,,,1.0,1,1,1.0,1,1,,,,
2024-09-05T20:59:00Z,37.77841,-122.385334,Present,26.0,2024-09-05T20:59:00Z,30.0,CA - South Beach Harbor Fishing Pier,Prorocentrum spp.,19.0,,,High,,,,,,,1.0,1,1,1.0,1,1,,,,
2024-12-17T18:57:00Z,37.77841,-122.385334,Present,11.0,2024-12-17T18:57:00Z,32.0,CA - South Beach Harbor Fishing Pier,Chaetoceros spp.,12.0,,,High,,,,,Elevated Prorocentrum and Tripos are due to a known bloom outside the Golden Gate,,1.0,1,1,1.0,1,1,,,,
2024-12-17T18:57:00Z,37.77841,-122.385334,Elevated,11.0,2024-12-17T18:57:00Z,32.0,CA - South Beach Harbor Fishing Pier,Prorocentrum spp.,12.0,,,High,,,,,Elevated Prorocentrum and Tripos are due to a known bloom outside the Golden Gate,,1.0,1,1,1.0,1,1,,,,
2024-12-17T18:57:00Z,37.77841,-122.385334,Elevated,11.0,2024-12-17T18:57:00Z,32.0,CA - South Beach Harbor Fishing Pier,Tripos furca,12.0,,,High,,,,,Elevated Prorocentrum and Tripos are due to a known bloom outside the Golden Gate,,1.0,1,1,1.0,1,1,,,,
2024-07-16T16:28:00Z,37.779115,-122.387416,Present,17.0,2024-07-16T16:28:00Z,32.0,CA - South Beach Harbor,Alexandrium spp.,18.0,,,High,,,,,,,1.0,1,1,1.0,1,1,,,,
2024-07-16T16:28:00Z,37.779115,-122.387416,Present,17.0,2024-07-16T16:28:00Z,32.0,CA - South Beach Harbor,Chaetoceros spp.,18.0,,,High,,,,,,,1.0,1,1,1.0,1,1,,,,
2024-07-16T16:28:00Z,37.779115,-122.387416,Present,17.0,2024-07-16T16:28:00Z,32.0,CA - South Beach Harbor,Dinophysis spp.,18.0,,,High,,,,,,,1.0,1,1,1.0,1,1,,,,
2024-07-16T16:28:00Z,37.779115,-122.387416,Present,17.0,2024-07-16T16:28:00Z,32.0,CA - South Beach Harbor,Prorocentrum spp.,18.0,,,High,,,,,,,1.0,1,1,1.0,1,1,,,,
2024-07-23T21:33:00Z,37.779115,-122.387416,Present,27.0,2024-07-23T21:33:00Z,31.0,CA - South Beach Harbor,Dinophysis spp.,20.0,,,Incoming,,,,,,,1.0,1,1,1.0,1,1,,,,
2024-07-30T16:41:00Z,37.779115,-122.387416,Present,16.0,2024-07-30T16:41:00Z,32.0,CA - South Beach Harbor,Chaetoceros spp.,18.0,,,High,,,,,,,1.0,1,1,1.0,1,1,,,,
2024-07-30T16:41:00Z,37.779115,-122.387416,Present,16.0,2024-07-30T16:41:00Z,32.0,CA - South Beach Harbor,Dinophysis spp.,18.0,,,High,,,,,,,1.0,1,1,1.0,1,1,,,,
2024-07-30T16:41:00Z,37.779115,-122.387416,Present,16.0,2024-07-30T16:41:00Z,32.0,CA - South Beach Harbor,Pseudo-nitzschia spp.,18.0,,,High,,,,,,,1.0,1,1,1.0,1,1,,,,
2024-08-23T22:14:00Z,37.779115,-122.387416,Present,21.0,2024-08-23T22:14:00Z,32.0,CA - South Beach Harbor,Centric Diatom,18.0,,,High,,,,,,,1.0,1,1,1.0,1,1,,,,
2024-08-23T22:14:00Z,37.779115,-122.387416,Present,21.0,2024-08-23T22:14:00Z,32.0,CA - South Beach Harbor,Ceratium spp.,18.0,,,High,,,,,,,1.0,1,1,1.0,1,1,,,,
2024-08-23T22:14:00Z,37.779115,-122.387416,Present,21.0,2024-08-23T22:14:00Z,32.0,CA - South Beach Harbor,Chaetoceros spp.,18.0,,,High,,,,,,,1.0,1,1,1.0,1,1,,,,
2024-08-23T22:14:00Z,37.779115,-122.387416,Present,21.0,2024-08-23T22:14:00Z,32.0,CA - South Beach Harbor,Ditylum spp.,18.0,,,High,,,,,,,1.0,1,1,1.0,1,1,,,,
2024-08-28T18:19:00Z,37.779115,-122.387416,Present,22.0,2024-08-28T18:19:00Z,31.0,CA - South Beach Harbor,Akashiwo sanguinea,18.0,,,High,,,,,,,1.0,1,1,1.0,1,1,,,,
2024-08-28T18:19:00Z,37.779115,-122.387416,Present,22.0,2024-08-28T18:19:00Z,31.0,CA - South Beach Harbor,Chaetoceros spp.,18.0,,,High,,,,,,,1.0,1,1,1.0,1,1,,,,
2024-08-28T18:19:00Z,37.779115,-122.387416,Present,22.0,2024-08-28T18:19:00Z,31.0,CA - South Beach Harbor,Dinophysis spp.,18.0,,,High,,,,,,,1.0,1,1,1.0,1,1,,,,
2024-08-28T18:19:00Z,37.779115,-122.387416,Present,22.0,2024-08-28T18:19:00Z,31.0,CA - South Beach Harbor,Noctiluca spp.,18.0,,,High,,,,,,,1.0,1,1,1.0,1,1,,,,
2024-09-05T20:34:00Z,37.779115,-122.387416,Present,24.0,2024-09-05T20:34:00Z,32.0,CA - South Beach Harbor,Chaetoceros spp.,19.0,,,Incoming,,,,,,,1.0,1,1,1.0,1,1,,,,
2024-09-05T20:34:00Z,37.779115,-122.387416,Present,24.0,2024-09-05T20:34:00Z,32.0,CA - South Beach Harbor,Dinophysis spp.,19.0,,,Incoming,,,,,,,1.0,1,1,1.0,1,1,,,,
2024-09-10T23:58:00Z,37.779115,-122.387416,Present,18.0,2024-09-10T23:58:00Z,31.0,CA - South Beach Harbor,Chaetoceros spp.,19.0,,,High,,,,,,,1.0,1,1,1.0,1,1,,,,
2024-09-10T23:58:00Z,37.779115,-122.387416,Present,18.0,2024-09-10T23:58:00Z,31.0,CA - South Beach Harbor,Noctiluca spp.,19.0,,,High,,,,,,,1.0,1,1,1.0,1,1,,,,
2024-12-17T18:40:00Z,37.779115,-122.387416,Present,11.0,2024-12-17T18:40:00Z,31.0,CA - South Beach Harbor,Chaetoceros spp.,12.0,,,Incoming,,,,,Elevated Tripos are from a known bloom outside Golden Gate,,1.0,1,1,1.0,1,1,,,,
2024-12-17T18:40:00Z,37.779115,-122.387416,Present,11.0,2024-12-17T18:40:00Z,31.0,CA - South Beach Harbor,Prorocentrum spp.,12.0,,,Incoming,,,,,Elevated Tripos are from a known bloom outside Golden Gate,,1.0,1,1,1.0,1,1,,,,
2024-12-17T18:40:00Z,37.779115,-122.387416,Elevated,11.0,2024-12-17T18:40:00Z,31.0,CA - South Beach Harbor,Tripos furca,12.0,,,Incoming,,,,,Elevated Tripos are from a known bloom outside Golden Gate,,1.0,1,1,1.0,1,1,,,,
2024-06-28T20:47:00Z,37.779991,-122.29846,Present,21.0,2024-06-28T20:47:00Z,30.0,CA - Alameda Seaplane Lagoon,Chaetoceros spp.,20.0,,,Low,,,,,,,1.0,1,1,1.0,1,1,,,,
2024-06-28T20:47:00Z,37.779991,-122.29846,Present,21.0,2024-06-28T20:47:00Z,30.0,CA - Alameda Seaplane Lagoon,Pseudo-nitzschia spp.,20.0,,,Low,,,,,,,1.0,1,1,1.0,1,1,,,,
2024-07-03T20:52:00Z,37.779991,-122.29846,Present,30.0,2024-07-03T20:52:00Z,30.0,CA - Alameda Seaplane Lagoon,Akashiwo sanguinea,22.0,,,High,,,,,,,1.0,1,1,1.0,1,1,,,,
2024-07-03T20:52:00Z,37.779991,-122.29846,Present,30.0,2024-07-03T20:52:00Z,30.0,CA - Alameda Seaplane Lagoon,Alexandrium spp.,22.0,,,High,,,,,,,1.0,1,1,1.0,1,1,,,,
2024-07-03T20:52:00Z,37.779991,-122.29846,Present,30.0,2024-07-03T20:52:00Z,30.0,CA - Alameda Seaplane Lagoon,Chaetoceros spp.,22.0,,,High,,,,,,,1.0,1,1,1.0,1,1,,,,
2024-07-03T20:52:00Z,37.779991,-122.29846,Present,30.0,2024-07-03T20:52:00Z,30.0,CA - Alameda Seaplane Lagoon,Prorocentrum spp.,22.0,,,High,,,,,,,1.0,1,1,1.0,1,1,,,,
2024-07-03T20:52:00Z,37.779991,-122.29846,Present,30.0,2024-07-03T20:52:00Z,30.0,CA - Alameda Seaplane Lagoon,Pseudo-nitzschia spp.,22.0,,,High,,,,,,,1.0,1,1,1.0,1,1,,,,
2024-07-19T20:50:00Z,37.779991,-122.29846,Present,27.0,2024-07-19T20:50:00Z,29.0,CA - Alameda Seaplane Lagoon,Alexandrium spp.,22.0,,,Full High Tide,,,,,,,1.0,1,1,1.0,1,1,,,,
2024-07-19T20:50:00Z,37.779991,-122.29846,Present,27.0,2024-07-19T20:50:00Z,29.0,CA - Alameda Seaplane Lagoon,Chaetoceros spp.,22.0,,,Full High Tide,,,,,,,1.0,1,1,1.0,1,1,,,,
2024-07-19T20:50:00Z,37.779991,-122.29846,Present,27.0,2024-07-19T20:50:00Z,29.0,CA - Alameda Seaplane Lagoon,Prorocentrum spp.,22.0,,,Full High Tide,,,,,,,1.0,1,1,1.0,1,1,,,,
2024-07-25T20:12:00Z,37.779991,-122.29846,Present,22.0,2024-07-25T20:12:00Z,32.0,CA - Alameda Seaplane Lagoon,Chaetoceros spp.,21.0,,,Incoming,,,,,Heterocapsa present,,1.0,1,1,1.0,1,1,,,,
2024-07-25T20:12:00Z,37.779991,-122.29846,Present,22.0,2024-07-25T20:12:00Z,32.0,CA - Alameda Seaplane Lagoon,Dinophysis spp.,21.0,,,Incoming,,,,,Heterocapsa present,,1.0,1,1,1.0,1,1,,,,
2024-07-25T20:12:00Z,37.779991,-122.29846,Present,22.0,2024-07-25T20:12:00Z,32.0,CA - Alameda Seaplane Lagoon,Prorocentrum spp.,21.0,,,Incoming,,,,,Heterocapsa present,,1.0,1,1,1.0,1,1,,,,
2024-07-25T20:12:00Z,37.779991,-122.29846,Present,22.0,2024-07-25T20:12:00Z,32.0,CA - Alameda Seaplane Lagoon,Pseudo-nitzschia spp.,21.0,,,Incoming,,,,,Heterocapsa present,,1.0,1,1,1.0,1,1,,,,
2024-08-07T21:30:00Z,37.779991,-122.29846,Present,22.0,2024-08-07T21:30:00Z,30.0,CA - Alameda Seaplane Lagoon,Akashiwo sanguinea,22.0,,,High,,,,,,,1.0,1,1,1.0,1,1,,,,
2024-08-07T21:30:00Z,37.779991,-122.29846,Present,22.0,2024-08-07T21:30:00Z,30.0,CA - Alameda Seaplane Lagoon,Chaetoceros spp.,22.0,,,High,,,,,,,1.0,1,1,1.0,1,1,,,,
2024-08-07T21:30:00Z,37.779991,-122.29846,Present,22.0,2024-08-07T21:30:00Z,30.0,CA - Alameda Seaplane Lagoon,Dinophysis spp.,22.0,,,High,,,,,,,1.0,1,1,1.0,1,1,,,,
2024-08-30T21:09:00Z,37.779991,-122.29846,Present,22.0,2024-08-30T21:09:00Z,30.0,CA - Alameda Seaplane Lagoon,Akashiwo sanguinea,21.0,,,Outgoing,,,,,Secchi depth was 150cm when disk hit bottom,,1.0,1,1,1.0,1,1,,,,
2024-08-30T21:09:00Z,37.779991,-122.29846,Present,22.0,2024-08-30T21:09:00Z,30.0,CA - Alameda Seaplane Lagoon,Chaetoceros spp.,21.0,,,Outgoing,,,,,Secchi depth was 150cm when disk hit bottom,,1.0,1,1,1.0,1,1,,,,
2024-09-13T17:40:00Z,37.779991,-122.29846,Present,18.0,2024-09-13T17:40:00Z,34.0,CA - Alameda Seaplane Lagoon,Chaetoceros spp.,20.0,,,Full High Tide,,,,,,,1.0,1,1,1.0,1,1,,,,
2024-09-13T17:40:00Z,37.779991,-122.29846,Present,18.0,2024-09-13T17:40:00Z,34.0,CA - Alameda Seaplane Lagoon,Prorocentrum spp.,20.0,,,Full High Tide,,,,,,,1.0,1,1,1.0,1,1,,,,
2024-06-28T21:28:00Z,37.785057,-122.268785,Present,21.0,2024-06-28T21:28:00Z,29.0,CA - Marina Village Yacht Harbor,Chaetoceros spp.,22.0,,,Low,,,,,,,1.0,1,1,1.0,1,1,,,,
2024-07-19T21:38:00Z,37.785057,-122.268785,Present,29.0,2024-07-19T21:38:00Z,27.0,CA - Marina Village Yacht Harbor,Chaetoceros spp.,23.0,,,Outgoing,,,,,,,1.0,1,1,1.0,1,1,,,,
2024-07-19T21:38:00Z,37.785057,-122.268785,Present,29.0,2024-07-19T21:38:00Z,27.0,CA - Marina Village Yacht Harbor,Pseudo-nitzschia spp.,23.0,,,Outgoing,,,,,,,1.0,1,1,1.0,1,1,,,,
2024-07-25T20:38:00Z,37.785057,-122.268785,Present,23.0,2024-07-25T20:38:00Z,30.0,CA - Marina Village Yacht Harbor,Dinophysis spp.,23.0,,,Incoming,,,,,,,1.0,1,1,1.0,1,1,,,,
2024-07-25T20:38:00Z,37.785057,-122.268785,Present,23.0,2024-07-25T20:38:00Z,30.0,CA - Marina Village Yacht Harbor,Prorocentrum spp.,23.0,,,Incoming,,,,,,,1.0,1,1,1.0,1,1,,,,
2024-08-07T21:53:00Z,37.785057,-122.268785,Present,22.0,2024-08-07T21:53:00Z,30.0,CA - Marina Village Yacht Harbor,Akashiwo sanguinea,22.0,,,High,,,,,,,1.0,1,1,1.0,1,1,,,,
2024-08-30T21:47:00Z,37.785057,-122.268785,Present,23.0,2024-08-30T21:47:00Z,30.0,CA - Marina Village Yacht Harbor,Chaetoceros spp.,22.0,,,Outgoing,,,,,,,1.0,1,1,1.0,1,1,,,,
2024-09-06T20:25:00Z,37.785057,-122.268785,Present,26.0,2024-09-06T20:25:00Z,31.0,CA - Marina Village Yacht Harbor,Chaetoceros spp.,23.0,,,Incoming,,,,,,,1.0,1,1,1.0,1,1,,,,
2024-12-20T19:46:00Z,37.785057,-122.268785,Present,12.0,2024-12-20T19:46:00Z,28.0,CA - Marina Village Yacht Harbor,Prorocentrum spp.,12.0,,,Incoming,,,,,"We didn't capture photos of the Tripos, they are not on our list of target taxa, but they've been present in our samples due to a bloom near the Golden Gate.",,1.0,1,1,1.0,1,1,,,,
2024-12-20T19:46:00Z,37.785057,-122.268785,Present,12.0,2024-12-20T19:46:00Z,28.0,CA - Marina Village Yacht Harbor,Tripos furca,12.0,,,Incoming,,,,,"We didn't capture photos of the Tripos, they are not on our list of target taxa, but they've been present in our samples due to a bloom near the Golden Gate.",,1.0,1,1,1.0,1,1,,,,
2024-06-28T19:50:00Z,37.862811,-122.312209,Present,17.0,2024-06-28T19:50:00Z,30.0,CA - Berkeley Small Boat Launch,Prorocentrum spp.,23.0,,,Low,,,,,,,1.0,1,1,1.0,1,1,,,,
2024-07-03T23:28:00Z,37.862811,-122.312209,Present,19.0,2024-07-03T23:28:00Z,30.0,CA - Berkeley Small Boat Launch,Chaetoceros spp.,21.0,,,Low,,,,,,,1.0,1,1,1.0,1,1,,,,
2024-07-10T20:11:00Z,37.862811,-122.312209,Present,21.0,2024-07-10T20:11:00Z,30.0,CA - Berkeley Small Boat Launch,Chaetoceros spp.,22.0,,,Incoming,,,,,,,1.0,1,1,1.0,1,1,,,,
2024-07-10T20:11:00Z,37.862811,-122.312209,Present,21.0,2024-07-10T20:11:00Z,30.0,CA - Berkeley Small Boat Launch,Prorocentrum spp.,22.0,,,Incoming,,,,,,,1.0,1,1,1.0,1,1,,,,
2024-07-19T19:21:00Z,37.862811,-122.312209,Present,20.0,2024-07-19T19:21:00Z,30.0,CA - Berkeley Small Boat Launch,Chaetoceros spp.,20.0,,,High,,,,,,,1.0,1,1,1.0,1,1,,,,
2024-08-30T20:13:00Z,37.862811,-122.312209,Present,19.0,2024-08-30T20:13:00Z,31.0,CA - Berkeley Small Boat Launch,Chaetoceros spp.,19.0,,,High,,,,,,,1.0,1,1,1.0,1,1,,,,
2024-08-30T20:13:00Z,37.862811,-122.312209,Present,19.0,2024-08-30T20:13:00Z,31.0,CA - Berkeley Small Boat Launch,Dinophysis spp.,19.0,,,High,,,,,,,1.0,1,1,1.0,1,1,,,,
2024-09-06T19:21:00Z,37.862811,-122.312209,Present,21.0,2024-09-06T19:21:00Z,32.0,CA - Berkeley Small Boat Launch,Dinophysis spp.,19.0,,,Incoming,,,,,,,1.0,1,1,1.0,1,1,,,,
2024-06-28T19:30:00Z,37.864758,-122.313013,Present,17.0,2024-06-28T19:30:00Z,31.0,CA - Berkeley Marina,Chaetoceros spp.,19.0,,,Dead Low Tide,,,,,,,1.0,1,1,1.0,1,1,,,,
2024-07-03T23:07:00Z,37.864758,-122.313013,Present,20.0,2024-07-03T23:07:00Z,27.0,CA - Berkeley Marina,Pseudo-nitzschia spp.,21.0,,,Low,,,,,,,1.0,1,1,1.0,1,1,,,,
2024-07-19T19:02:00Z,37.864758,-122.313013,Present,24.0,2024-07-19T19:02:00Z,30.0,CA - Berkeley Marina,Chaetoceros spp.,21.0,,,Incoming,,,,,,,1.0,1,1,1.0,1,1,,,,
2024-08-07T20:39:00Z,37.864758,-122.313013,Present,19.0,2024-08-07T20:39:00Z,32.0,CA - Berkeley Marina,Dinophysis spp.,20.0,,,Incoming,,,,,,,1.0,1,1,1.0,1,1,,,,
2024-09-06T19:11:00Z,37.864758,-122.313013,Present,20.0,2024-09-06T19:11:00Z,31.0,CA - Berkeley Marina,Chaetoceros spp.,20.0,,,Incoming,,,,,,,1.0,1,1,1.0,1,1,,,,
2024-07-10T19:12:00Z,37.914092,-122.35387,Present,18.0,2024-07-10T19:12:00Z,30.0,CA - Safe Harbor Marina Bay Yacht Harbor,Chaetoceros spp.,20.0,,,Incoming,,,,,,,1.0,1,1,1.0,1,1,,,,
2024-07-19T18:25:00Z,37.914092,-122.35387,Present,19.0,2024-07-19T18:25:00Z,30.0,CA - Safe Harbor Marina Bay Yacht Harbor,Alexandrium spp.,20.0,,,Incoming,,,,,,,1.0,1,1,1.0,1,1,,,,
2024-07-19T18:25:00Z,37.914092,-122.35387,Present,19.0,2024-07-19T18:25:00Z,30.0,CA - Safe Harbor Marina Bay Yacht Harbor,Chaetoceros spp.,20.0,,,Incoming,,,,,,,1.0,1,1,1.0,1,1,,,,
2024-07-19T18:25:00Z,37.914092,-122.35387,Present,19.0,2024-07-19T18:25:00Z,30.0,CA - Safe Harbor Marina Bay Yacht Harbor,Prorocentrum spp.,20.0,,,Incoming,,,,,,,1.0,1,1,1.0,1,1,,,,
2024-07-25T18:14:00Z,37.914092,-122.35387,Present,19.0,2024-07-25T18:14:00Z,31.0,CA - Safe Harbor Marina Bay Yacht Harbor,Chaetoceros spp.,20.0,,,Low,,,,,,,1.0,1,1,1.0,1,1,,,,
2024-08-02T18:01:00Z,37.914092,-122.35387,Present,15.0,2024-08-02T18:01:00Z,32.0,CA - Safe Harbor Marina Bay Yacht Harbor,Chaetoceros spp.,19.0,,,Incoming,,,,,,,1.0,1,1,1.0,1,1,,,,
2024-08-02T18:01:00Z,37.914092,-122.35387,Present,15.0,2024-08-02T18:01:00Z,32.0,CA - Safe Harbor Marina Bay Yacht Harbor,Dinophysis spp.,19.0,,,Incoming,,,,,,,1.0,1,1,1.0,1,1,,,,
2024-08-07T18:32:00Z,37.914092,-122.35387,Present,18.0,2024-08-07T18:32:00Z,32.0,CA - Safe Harbor Marina Bay Yacht Harbor,Chaetoceros spp.,19.0,,,Low,,,,,,,1.0,1,1,1.0,1,1,,,,
2024-08-30T19:08:00Z,37.914092,-122.35387,Elevated,17.0,2024-08-30T19:08:00Z,31.0,CA - Safe Harbor Marina Bay Yacht Harbor,Chaetoceros spp.,20.0,,,Full High Tide,,,,,,,1.0,1,1,1.0,1,1,,,,
2024-09-06T18:35:00Z,37.914092,-122.35387,Elevated,17.0,2024-09-06T18:35:00Z,32.0,CA - Safe Harbor Marina Bay Yacht Harbor,Chaetoceros spp.,20.0,,,Incoming,,,,,,,1.0,1,1,1.0,1,1,,,,
2024-11-22T17:20:00Z,36.9639,-122.0003,Present,20.0,2024-11-22T17:20:00Z,33.0,CA - Santa Cruz Harbor,Coscinodiscus spp.,11.0,Mostly Cloudy,SE,Outgoing,,,,,"Sea gulls, pigeons, pelicans, harbor seal, gray heron. Dredger was running. Other phyto/zoo found; Licomophora, nematodes, and hydroids.",2.5,1.0,1,1,1.0,1,1,,,,1.0
2024-11-22T17:20:00Z,36.9639,-122.0003,Present,20.0,2024-11-22T17:20:00Z,33.0,CA - Santa Cruz Harbor,Oxyphysis spp.,11.0,Mostly Cloudy,SE,Outgoing,,,,,"Sea gulls, pigeons, pelicans, harbor seal, gray heron. Dredger was running. Other phyto/zoo found; Licomophora, nematodes, and hydroids.",2.5,1.0,1,1,1.0,1,1,,,,1.0
2024-11-22T17:20:00Z,36.9639,-122.0003,Present,20.0,2024-11-22T17:20:00Z,33.0,CA - Santa Cruz Harbor,Asteromphalus,11.0,Mostly Cloudy,SE,Outgoing,,,,,"Sea gulls, pigeons, pelicans, harbor seal, gray heron. Dredger was running. Other phyto/zoo found; Licomophora, nematodes, and hydroids.",2.5,1.0,1,1,1.0,1,1,,,,1.0
2024-11-22T17:20:00Z,36.9639,-122.0003,Present,20.0,2024-11-22T17:20:00Z,33.0,CA - Santa Cruz Harbor,Thalassiosira spp.,11.0,Mostly Cloudy,SE,Outgoing,,,,,"Sea gulls, pigeons, pelicans, harbor seal, gray heron. Dredger was running. Other phyto/zoo found; Licomophora, nematodes, and hydroids.",2.5,1.0,1,1,1.0,1,1,,,,1.0
2024-11-22T17:20:00Z,36.9639,-122.0003,Present,20.0,2024-11-22T17:20:00Z,33.0,CA - Santa Cruz Harbor,Akashiwo sanguinea,11.0,Mostly Cloudy,SE,Outgoing,,,,,"Sea gulls, pigeons, pelicans, harbor seal, gray heron. Dredger was running. Other phyto/zoo found; Licomophora, nematodes, and hydroids.",2.5,1.0,1,1,1.0,1,1,,,,1.0
2024-11-22T17:20:00Z,36.9639,-122.0003,Present,20.0,2024-11-22T17:20:00Z,33.0,CA - Santa Cruz Harbor,Tripos furca,11.0,Mostly Cloudy,SE,Outgoing,,,,,"Sea gulls, pigeons, pelicans, harbor seal, gray heron. Dredger was running. Other phyto/zoo found; Licomophora, nematodes, and hydroids.",2.5,1.0,1,1,1.0,1,1,,,,1.0
2024-11-22T17:20:00Z,36.9639,-122.0003,Present,20.0,2024-11-22T17:20:00Z,33.0,CA - Santa Cruz Harbor,Ditylum spp.,11.0,Mostly Cloudy,SE,Outgoing,,,,,"Sea gulls, pigeons, pelicans, harbor seal, gray heron. Dredger was running. Other phyto/zoo found; Licomophora, nematodes, and hydroids.",2.5,1.0,1,1,1.0,1,1,,,,1.0
2024-11-22T17:20:00Z,36.9639,-122.0003,Present,20.0,2024-11-22T17:20:00Z,33.0,CA - Santa Cruz Harbor,Pleurosigma spp.,11.0,Mostly Cloudy,SE,Outgoing,,,,,"Sea gulls, pigeons, pelicans, harbor seal, gray heron. Dredger was running. Other phyto/zoo found; Licomophora, nematodes, and hydroids.",2.5,1.0,1,1,1.0,1,1,,,,1.0
2024-11-22T17:20:00Z,36.9639,-122.0003,Present,20.0,2024-11-22T17:20:00Z,33.0,CA - Santa Cruz Harbor,Prorocentrum spp.,11.0,Mostly Cloudy,SE,Outgoing,,,,,"Sea gulls, pigeons, pelicans, harbor seal, gray heron. Dredger was running. Other phyto/zoo found; Licomophora, nematodes, and hydroids.",2.5,1.0,1,1,1.0,1,1,,,,1.0
2024-11-22T17:20:00Z,36.9639,-122.0003,Present,20.0,2024-11-22T17:20:00Z,33.0,CA - Santa Cruz Harbor,Chaetoceros spp.,11.0,Mostly Cloudy,SE,Outgoing,,,,,"Sea gulls, pigeons, pelicans, harbor seal, gray heron. Dredger was running. Other phyto/zoo found; Licomophora, nematodes, and hydroids.",2.5,1.0,1,1,1.0,1,1,,,,1.0
2024-11-22T17:20:00Z,36.9639,-122.0003,Present,20.0,2024-11-22T17:20:00Z,33.0,CA - Santa Cruz Harbor,Protoperidinium spp.,11.0,Mostly Cloudy,SE,Outgoing,,,,,"Sea gulls, pigeons, pelicans, harbor seal, gray heron. Dredger was running. Other phyto/zoo found; Licomophora, nematodes, and hydroids.",2.5,1.0,1,1,1.0,1,1,,,,1.0
2025-03-30T19:30:00Z,34.41005,-119.68574,Present,17.0,2025-03-30T19:30:00Z,31.0,CA - Sea Center,Prorocentrum spp.,14.0,Cloudy,,Full High Tide,,,,,,,1.0,1,1,1.0,3,1,,,,
2025-03-30T19:30:00Z,34.41005,-119.68574,Present,17.0,2025-03-30T19:30:00Z,31.0,CA - Sea Center,Tripos furca,14.0,Cloudy,,Full High Tide,,,,,,,1.0,1,1,1.0,3,1,,,,
2025-02-15T18:00:00Z,36.947117,-122.030792,Present,12.0,2025-02-15T18:00:00Z,35.0,CA - Santa Cruz Wharf,Actinoptychus spp.,12.0,Partly Cloudy,E,Incoming,,,,,"Isthmia. Mainly detritus with very few plankton. Pelagic cormorant, brandts cormorant",2.5,1.0,1,1,1.0,1,1,,,,1.0
2025-02-15T18:00:00Z,36.947117,-122.030792,Present,12.0,2025-02-15T18:00:00Z,35.0,CA - Santa Cruz Wharf,Chaetoceros spp.,12.0,Partly Cloudy,E,Incoming,,,,,"Isthmia. Mainly detritus with very few plankton. Pelagic cormorant, brandts cormorant",2.5,1.0,1,1,1.0,1,1,,,,1.0
2025-02-15T18:00:00Z,36.947117,-122.030792,Present,12.0,2025-02-15T18:00:00Z,35.0,CA - Santa Cruz Wharf,Coscinodiscus spp.,12.0,Partly Cloudy,E,Incoming,,,,,"Isthmia. Mainly detritus with very few plankton. Pelagic cormorant, brandts cormorant",2.5,1.0,1,1,1.0,1,1,,,,1.0
2025-02-15T18:00:00Z,36.947117,-122.030792,Present,12.0,2025-02-15T18:00:00Z,35.0,CA - Santa Cruz Wharf,Dictyocha spp.,12.0,Partly Cloudy,E,Incoming,,,,,"Isthmia. Mainly detritus with very few plankton. Pelagic cormorant, brandts cormorant",2.5,1.0,1,1,1.0,1,1,,,,1.0
2025-02-15T18:00:00Z,36.947117,-122.030792,Present,12.0,2025-02-15T18:00:00Z,35.0,CA - Santa Cruz Wharf,Odontella spp.,12.0,Partly Cloudy,E,Incoming,,,,,"Isthmia. Mainly detritus with very few plankton. Pelagic cormorant, brandts cormorant",2.5,1.0,1,1,1.0,1,1,,,,1.0
2025-02-15T18:00:00Z,36.947117,-122.030792,Present,12.0,2025-02-15T18:00:00Z,35.0,CA - Santa Cruz Wharf,Paralia spp.,12.0,Partly Cloudy,E,Incoming,,,,,"Isthmia. Mainly detritus with very few plankton. Pelagic cormorant, brandts cormorant",2.5,1.0,1,1,1.0,1,1,,,,1.0
2025-02-15T18:00:00Z,36.947117,-122.030792,Present,12.0,2025-02-15T18:00:00Z,35.0,CA - Santa Cruz Wharf,Pleurosigma spp.,12.0,Partly Cloudy,E,Incoming,,,,,"Isthmia. Mainly detritus with very few plankton. Pelagic cormorant, brandts cormorant",2.5,1.0,1,1,1.0,1,1,,,,1.0
2025-02-15T18:00:00Z,36.947117,-122.030792,Present,12.0,2025-02-15T18:00:00Z,35.0,CA - Santa Cruz Wharf,Rhizosolenia spp.,12.0,Partly Cloudy,E,Incoming,,,,,"Isthmia. Mainly detritus with very few plankton. Pelagic cormorant, brandts cormorant",2.5,1.0,1,1,1.0,1,1,,,,1.0
2025-02-15T18:00:00Z,36.947117,-122.030792,Present,12.0,2025-02-15T18:00:00Z,35.0,CA - Santa Cruz Wharf,Thalassionema spp.,12.0,Partly Cloudy,E,Incoming,,,,,"Isthmia. Mainly detritus with very few plankton. Pelagic cormorant, brandts cormorant",2.5,1.0,1,1,1.0,1,1,,,,1.0
2025-02-15T18:00:00Z,36.947117,-122.030792,Present,12.0,2025-02-15T18:00:00Z,35.0,CA - Santa Cruz Wharf,Thalassiosira spp.,12.0,Partly Cloudy,E,Incoming,,,,,"Isthmia. Mainly detritus with very few plankton. Pelagic cormorant, brandts cormorant",2.5,1.0,1,1,1.0,1,1,,,,1.0
2025-06-14T17:45:00Z,36.947117,-122.030792,Present,20.0,2025-06-14T17:45:00Z,35.0,CA - Santa Cruz Wharf,Akashiwo sanguinea,15.0,Partly Cloudy,SW,Incoming,,,,,"Boreadinium. Pigeon guillemot, great egret, anchovies",2.5,1.0,1,1,1.0,1,1,,,,1.0
2025-06-14T17:45:00Z,36.947117,-122.030792,Present,20.0,2025-06-14T17:45:00Z,35.0,CA - Santa Cruz Wharf,Asteromphalus,15.0,Partly Cloudy,SW,Incoming,,,,,"Boreadinium. Pigeon guillemot, great egret, anchovies",2.5,1.0,1,1,1.0,1,1,,,,1.0
2025-06-14T17:45:00Z,36.947117,-122.030792,Present,20.0,2025-06-14T17:45:00Z,35.0,CA - Santa Cruz Wharf,Chaetoceros spp.,15.0,Partly Cloudy,SW,Incoming,,,,,"Boreadinium. Pigeon guillemot, great egret, anchovies",2.5,1.0,1,1,1.0,1,1,,,,1.0
2025-06-14T17:45:00Z,36.947117,-122.030792,Present,20.0,2025-06-14T17:45:00Z,35.0,CA - Santa Cruz Wharf,Coscinodiscus spp.,15.0,Partly Cloudy,SW,Incoming,,,,,"Boreadinium. Pigeon guillemot, great egret, anchovies",2.5,1.0,1,1,1.0,1,1,,,,1.0
2025-06-14T17:45:00Z,36.947117,-122.030792,Present,20.0,2025-06-14T17:45:00Z,35.0,CA - Santa Cruz Wharf,Cylindrotheca spp.,15.0,Partly Cloudy,SW,Incoming,,,,,"Boreadinium. Pigeon guillemot, great egret, anchovies",2.5,1.0,1,1,1.0,1,1,,,,1.0
2025-06-14T17:45:00Z,36.947117,-122.030792,Present,20.0,2025-06-14T17:45:00Z,35.0,CA - Santa Cruz Wharf,Dictyocha spp.,15.0,Partly Cloudy,SW,Incoming,,,,,"Boreadinium. Pigeon guillemot, great egret, anchovies",2.5,1.0,1,1,1.0,1,1,,,,1.0
2025-06-14T17:45:00Z,36.947117,-122.030792,Present,20.0,2025-06-14T17:45:00Z,35.0,CA - Santa Cruz Wharf,Dinophysis spp.,15.0,Partly Cloudy,SW,Incoming,,,,,"Boreadinium. Pigeon guillemot, great egret, anchovies",2.5,1.0,1,1,1.0,1,1,,,,1.0
2025-06-14T17:45:00Z,36.947117,-122.030792,Present,20.0,2025-06-14T17:45:00Z,35.0,CA - Santa Cruz Wharf,Ditylum spp.,15.0,Partly Cloudy,SW,Incoming,,,,,"Boreadinium. Pigeon guillemot, great egret, anchovies",2.5,1.0,1,1,1.0,1,1,,,,1.0
2025-06-14T17:45:00Z,36.947117,-122.030792,Present,20.0,2025-06-14T17:45:00Z,35.0,CA - Santa Cruz Wharf,Gonyaulax spp.,15.0,Partly Cloudy,SW,Incoming,,,,,"Boreadinium. Pigeon guillemot, great egret, anchovies",2.5,1.0,1,1,1.0,1,1,,,,1.0
2025-06-14T17:45:00Z,36.947117,-122.030792,Present,20.0,2025-06-14T17:45:00Z,35.0,CA - Santa Cruz Wharf,Guinardia spp.,15.0,Partly Cloudy,SW,Incoming,,,,,"Boreadinium. Pigeon guillemot, great egret, anchovies",2.5,1.0,1,1,1.0,1,1,,,,1.0
2025-06-14T17:45:00Z,36.947117,-122.030792,Present,20.0,2025-06-14T17:45:00Z,35.0,CA - Santa Cruz Wharf,Lauderia spp.,15.0,Partly Cloudy,SW,Incoming,,,,,"Boreadinium. Pigeon guillemot, great egret, anchovies",2.5,1.0,1,1,1.0,1,1,,,,1.0
2025-06-14T17:45:00Z,36.947117,-122.030792,Present,20.0,2025-06-14T17:45:00Z,35.0,CA - Santa Cruz Wharf,Leptocylindrus spp.,15.0,Partly Cloudy,SW,Incoming,,,,,"Boreadinium. Pigeon guillemot, great egret, anchovies",2.5,1.0,1,1,1.0,1,1,,,,1.0
2025-06-14T17:45:00Z,36.947117,-122.030792,Present,20.0,2025-06-14T17:45:00Z,35.0,CA - Santa Cruz Wharf,Navicula spp.,15.0,Partly Cloudy,SW,Incoming,,,,,"Boreadinium. Pigeon guillemot, great egret, anchovies",2.5,1.0,1,1,1.0,1,1,,,,1.0
2025-06-14T17:45:00Z,36.947117,-122.030792,Present,20.0,2025-06-14T17:45:00Z,35.0,CA - Santa Cruz Wharf,Odontella spp.,15.0,Partly Cloudy,SW,Incoming,,,,,"Boreadinium. Pigeon guillemot, great egret, anchovies",2.5,1.0,1,1,1.0,1,1,,,,1.0
2025-06-14T17:45:00Z,36.947117,-122.030792,Present,20.0,2025-06-14T17:45:00Z,35.0,CA - Santa Cruz Wharf,Pleurosigma spp.,15.0,Partly Cloudy,SW,Incoming,,,,,"Boreadinium. Pigeon guillemot, great egret, anchovies",2.5,1.0,1,1,1.0,1,1,,,,1.0
2025-06-14T17:45:00Z,36.947117,-122.030792,Present,20.0,2025-06-14T17:45:00Z,35.0,CA - Santa Cruz Wharf,Prorocentrum spp.,15.0,Partly Cloudy,SW,Incoming,,,,,"Boreadinium. Pigeon guillemot, great egret, anchovies",2.5,1.0,1,1,1.0,1,1,,,,1.0
2025-06-14T17:45:00Z,36.947117,-122.030792,Present,20.0,2025-06-14T17:45:00Z,35.0,CA - Santa Cruz Wharf,Protoperidinium spp.,15.0,Partly Cloudy,SW,Incoming,,,,,"Boreadinium. Pigeon guillemot, great egret, anchovies",2.5,1.0,1,1,1.0,1,1,,,,1.0
2025-06-14T17:45:00Z,36.947117,-122.030792,Present,20.0,2025-06-14T17:45:00Z,35.0,CA - Santa Cruz Wharf,Pseudo-nitzschia spp.,15.0,Partly Cloudy,SW,Incoming,,,,,"Boreadinium. Pigeon guillemot, great egret, anchovies",2.5,1.0,1,1,1.0,1,1,,,,1.0
2025-06-14T17:45:00Z,36.947117,-122.030792,Present,20.0,2025-06-14T17:45:00Z,35.0,CA - Santa Cruz Wharf,Rhizosolenia spp.,15.0,Partly Cloudy,SW,Incoming,,,,,"Boreadinium. Pigeon guillemot, great egret, anchovies",2.5,1.0,1,1,1.0,1,1,,,,1.0
2025-06-14T17:45:00Z,36.947117,-122.030792,Present,20.0,2025-06-14T17:45:00Z,35.0,CA - Santa Cruz Wharf,Skeletonema spp.,15.0,Partly Cloudy,SW,Incoming,,,,,"Boreadinium. Pigeon guillemot, great egret, anchovies",2.5,1.0,1,1,1.0,1,1,,,,1.0
2025-06-14T17:45:00Z,36.947117,-122.030792,Present,20.0,2025-06-14T17:45:00Z,35.0,CA - Santa Cruz Wharf,Stephanopyxis spp.,15.0,Partly Cloudy,SW,Incoming,,,,,"Boreadinium. Pigeon guillemot, great egret, anchovies",2.5,1.0,1,1,1.0,1,1,,,,1.0
2025-06-14T17:45:00Z,36.947117,-122.030792,Present,20.0,2025-06-14T17:45:00Z,35.0,CA - Santa Cruz Wharf,Thalassionema spp.,15.0,Partly Cloudy,SW,Incoming,,,,,"Boreadinium. Pigeon guillemot, great egret, anchovies",2.5,1.0,1,1,1.0,1,1,,,,1.0
2025-06-14T17:45:00Z,36.947117,-122.030792,Present,20.0,2025-06-14T17:45:00Z,35.0,CA - Santa Cruz Wharf,Thalassiosira spp.,15.0,Partly Cloudy,SW,Incoming,,,,,"Boreadinium. Pigeon guillemot, great egret, anchovies",2.5,1.0,1,1,1.0,1,1,,,,1.0
2025-06-14T17:45:00Z,36.947117,-122.030792,Present,20.0,2025-06-14T17:45:00Z,35.0,CA - Santa Cruz Wharf,Tripos furca,15.0,Partly Cloudy,SW,Incoming,,,,,"Boreadinium. Pigeon guillemot, great egret, anchovies",2.5,1.0,1,1,1.0,1,1,,,,1.0
2025-06-14T17:45:00Z,36.947117,-122.030792,Present,20.0,2025-06-14T17:45:00Z,35.0,CA - Santa Cruz Wharf,Tropidoneis spp.,15.0,Partly Cloudy,SW,Incoming,,,,,"Boreadinium. Pigeon guillemot, great egret, anchovies",2.5,1.0,1,1,1.0,1,1,,,,1.0
2025-06-27T17:30:00Z,36.947117,-122.030792,Present,15.0,2025-06-27T17:30:00Z,35.0,CA - Santa Cruz Wharf,Akashiwo sanguinea,15.0,Foggy,S,Incoming,,,,,"Boreadinium, Pigeon guillemot, Brown pelican, brandts cormorant. Note for database entry:  pH is not the same as alkalinity. pH = -log[H+] whereas alkalinity measures buffering capacity i.e. reisistence to pH change due to carbonate ions",2.5,1.0,1,1,1.0,1,1,,,,1.0
2025-06-27T17:30:00Z,36.947117,-122.030792,Present,15.0,2025-06-27T17:30:00Z,35.0,CA - Santa Cruz Wharf,Asterionellopsis spp.,15.0,Foggy,S,Incoming,,,,,"Boreadinium, Pigeon guillemot, Brown pelican, brandts cormorant. Note for database entry:  pH is not the same as alkalinity. pH = -log[H+] whereas alkalinity measures buffering capacity i.e. reisistence to pH change due to carbonate ions",2.5,1.0,1,1,1.0,1,1,,,,1.0
2025-06-27T17:30:00Z,36.947117,-122.030792,Present,15.0,2025-06-27T17:30:00Z,35.0,CA - Santa Cruz Wharf,Asteromphalus,15.0,Foggy,S,Incoming,,,,,"Boreadinium, Pigeon guillemot, Brown pelican, brandts cormorant. Note for database entry:  pH is not the same as alkalinity. pH = -log[H+] whereas alkalinity measures buffering capacity i.e. reisistence to pH change due to carbonate ions",2.5,1.0,1,1,1.0,1,1,,,,1.0
2025-06-27T17:30:00Z,36.947117,-122.030792,Present,15.0,2025-06-27T17:30:00Z,35.0,CA - Santa Cruz Wharf,Chaetoceros spp.,15.0,Foggy,S,Incoming,,,,,"Boreadinium, Pigeon guillemot, Brown pelican, brandts cormorant. Note for database entry:  pH is not the same as alkalinity. pH = -log[H+] whereas alkalinity measures buffering capacity i.e. reisistence to pH change due to carbonate ions",2.5,1.0,1,1,1.0,1,1,,,,1.0
2025-06-27T17:30:00Z,36.947117,-122.030792,Present,15.0,2025-06-27T17:30:00Z,35.0,CA - Santa Cruz Wharf,Coscinodiscus spp.,15.0,Foggy,S,Incoming,,,,,"Boreadinium, Pigeon guillemot, Brown pelican, brandts cormorant. Note for database entry:  pH is not the same as alkalinity. pH = -log[H+] whereas alkalinity measures buffering capacity i.e. reisistence to pH change due to carbonate ions",2.5,1.0,1,1,1.0,1,1,,,,1.0
2025-06-27T17:30:00Z,36.947117,-122.030792,Present,15.0,2025-06-27T17:30:00Z,35.0,CA - Santa Cruz Wharf,Detonula spp.,15.0,Foggy,S,Incoming,,,,,"Boreadinium, Pigeon guillemot, Brown pelican, brandts cormorant. Note for database entry:  pH is not the same as alkalinity. pH = -log[H+] whereas alkalinity measures buffering capacity i.e. reisistence to pH change due to carbonate ions",2.5,1.0,1,1,1.0,1,1,,,,1.0
2025-06-27T17:30:00Z,36.947117,-122.030792,Present,15.0,2025-06-27T17:30:00Z,35.0,CA - Santa Cruz Wharf,Dinophysis spp.,15.0,Foggy,S,Incoming,,,,,"Boreadinium, Pigeon guillemot, Brown pelican, brandts cormorant. Note for database entry:  pH is not the same as alkalinity. pH = -log[H+] whereas alkalinity measures buffering capacity i.e. reisistence to pH change due to carbonate ions",2.5,1.0,1,1,1.0,1,1,,,,1.0
2025-06-27T17:30:00Z,36.947117,-122.030792,Present,15.0,2025-06-27T17:30:00Z,35.0,CA - Santa Cruz Wharf,Ditylum spp.,15.0,Foggy,S,Incoming,,,,,"Boreadinium, Pigeon guillemot, Brown pelican, brandts cormorant. Note for database entry:  pH is not the same as alkalinity. pH = -log[H+] whereas alkalinity measures buffering capacity i.e. reisistence to pH change due to carbonate ions",2.5,1.0,1,1,1.0,1,1,,,,1.0
2025-06-27T17:30:00Z,36.947117,-122.030792,Present,15.0,2025-06-27T17:30:00Z,35.0,CA - Santa Cruz Wharf,Eucampia spp.,15.0,Foggy,S,Incoming,,,,,"Boreadinium, Pigeon guillemot, Brown pelican, brandts cormorant. Note for database entry:  pH is not the same as alkalinity. pH = -log[H+] whereas alkalinity measures buffering capacity i.e. reisistence to pH change due to carbonate ions",2.5,1.0,1,1,1.0,1,1,,,,1.0
2025-06-27T17:30:00Z,36.947117,-122.030792,Present,15.0,2025-06-27T17:30:00Z,35.0,CA - Santa Cruz Wharf,Gonyaulax spp.,15.0,Foggy,S,Incoming,,,,,"Boreadinium, Pigeon guillemot, Brown pelican, brandts cormorant. Note for database entry:  pH is not the same as alkalinity. pH = -log[H+] whereas alkalinity measures buffering capacity i.e. reisistence to pH change due to carbonate ions",2.5,1.0,1,1,1.0,1,1,,,,1.0
2025-06-27T17:30:00Z,36.947117,-122.030792,Present,15.0,2025-06-27T17:30:00Z,35.0,CA - Santa Cruz Wharf,Guinardia spp.,15.0,Foggy,S,Incoming,,,,,"Boreadinium, Pigeon guillemot, Brown pelican, brandts cormorant. Note for database entry:  pH is not the same as alkalinity. pH = -log[H+] whereas alkalinity measures buffering capacity i.e. reisistence to pH change due to carbonate ions",2.5,1.0,1,1,1.0,1,1,,,,1.0
2025-06-27T17:30:00Z,36.947117,-122.030792,Present,15.0,2025-06-27T17:30:00Z,35.0,CA - Santa Cruz Wharf,Gyrodinium spp.,15.0,Foggy,S,Incoming,,,,,"Boreadinium, Pigeon guillemot, Brown pelican, brandts cormorant. Note for database entry:  pH is not the same as alkalinity. pH = -log[H+] whereas alkalinity measures buffering capacity i.e. reisistence to pH change due to carbonate ions",2.5,1.0,1,1,1.0,1,1,,,,1.0
2025-06-27T17:30:00Z,36.947117,-122.030792,Present,15.0,2025-06-27T17:30:00Z,35.0,CA - Santa Cruz Wharf,Leptocylindrus spp.,15.0,Foggy,S,Incoming,,,,,"Boreadinium, Pigeon guillemot, Brown pelican, brandts cormorant. Note for database entry:  pH is not the same as alkalinity. pH = -log[H+] whereas alkalinity measures buffering capacity i.e. reisistence to pH change due to carbonate ions",2.5,1.0,1,1,1.0,1,1,,,,1.0
2025-06-27T17:30:00Z,36.947117,-122.030792,Present,15.0,2025-06-27T17:30:00Z,35.0,CA - Santa Cruz Wharf,Odontella spp.,15.0,Foggy,S,Incoming,,,,,"Boreadinium, Pigeon guillemot, Brown pelican, brandts cormorant. Note for database entry:  pH is not the same as alkalinity. pH = -log[H+] whereas alkalinity measures buffering capacity i.e. reisistence to pH change due to carbonate ions",2.5,1.0,1,1,1.0,1,1,,,,1.0
2025-06-27T17:30:00Z,36.947117,-122.030792,Present,15.0,2025-06-27T17:30:00Z,35.0,CA - Santa Cruz Wharf,Paralia spp.,15.0,Foggy,S,Incoming,,,,,"Boreadinium, Pigeon guillemot, Brown pelican, brandts cormorant. Note for database entry:  pH is not the same as alkalinity. pH = -log[H+] whereas alkalinity measures buffering capacity i.e. reisistence to pH change due to carbonate ions",2.5,1.0,1,1,1.0,1,1,,,,1.0
2025-06-27T17:30:00Z,36.947117,-122.030792,Present,15.0,2025-06-27T17:30:00Z,35.0,CA - Santa Cruz Wharf,Pleurosigma spp.,15.0,Foggy,S,Incoming,,,,,"Boreadinium, Pigeon guillemot, Brown pelican, brandts cormorant. Note for database entry:  pH is not the same as alkalinity. pH = -log[H+] whereas alkalinity measures buffering capacity i.e. reisistence to pH change due to carbonate ions",2.5,1.0,1,1,1.0,1,1,,,,1.0
2025-06-27T17:30:00Z,36.947117,-122.030792,Present,15.0,2025-06-27T17:30:00Z,35.0,CA - Santa Cruz Wharf,Polykrikos spp.,15.0,Foggy,S,Incoming,,,,,"Boreadinium, Pigeon guillemot, Brown pelican, brandts cormorant. Note for database entry:  pH is not the same as alkalinity. pH = -log[H+] whereas alkalinity measures buffering capacity i.e. reisistence to pH change due to carbonate ions",2.5,1.0,1,1,1.0,1,1,,,,1.0
2025-06-27T17:30:00Z,36.947117,-122.030792,Present,15.0,2025-06-27T17:30:00Z,35.0,CA - Santa Cruz Wharf,Proboscia spp.,15.0,Foggy,S,Incoming,,,,,"Boreadinium, Pigeon guillemot, Brown pelican, brandts cormorant. Note for database entry:  pH is not the same as alkalinity. pH = -log[H+] whereas alkalinity measures buffering capacity i.e. reisistence to pH change due to carbonate ions",2.5,1.0,1,1,1.0,1,1,,,,1.0
2025-06-27T17:30:00Z,36.947117,-122.030792,Present,15.0,2025-06-27T17:30:00Z,35.0,CA - Santa Cruz Wharf,Prorocentrum spp.,15.0,Foggy,S,Incoming,,,,,"Boreadinium, Pigeon guillemot, Brown pelican, brandts cormorant. Note for database entry:  pH is not the same as alkalinity. pH = -log[H+] whereas alkalinity measures buffering capacity i.e. reisistence to pH change due to carbonate ions",2.5,1.0,1,1,1.0,1,1,,,,1.0
2025-06-27T17:30:00Z,36.947117,-122.030792,Present,15.0,2025-06-27T17:30:00Z,35.0,CA - Santa Cruz Wharf,Protoperidinium spp.,15.0,Foggy,S,Incoming,,,,,"Boreadinium, Pigeon guillemot, Brown pelican, brandts cormorant. Note for database entry:  pH is not the same as alkalinity. pH = -log[H+] whereas alkalinity measures buffering capacity i.e. reisistence to pH change due to carbonate ions",2.5,1.0,1,1,1.0,1,1,,,,1.0
2025-06-27T17:30:00Z,36.947117,-122.030792,Present,15.0,2025-06-27T17:30:00Z,35.0,CA - Santa Cruz Wharf,Pseudo-nitzschia spp.,15.0,Foggy,S,Incoming,,,,,"Boreadinium, Pigeon guillemot, Brown pelican, brandts cormorant. Note for database entry:  pH is not the same as alkalinity. pH = -log[H+] whereas alkalinity measures buffering capacity i.e. reisistence to pH change due to carbonate ions",2.5,1.0,1,1,1.0,1,1,,,,1.0
2025-06-27T17:30:00Z,36.947117,-122.030792,Present,15.0,2025-06-27T17:30:00Z,35.0,CA - Santa Cruz Wharf,Rhizosolenia spp.,15.0,Foggy,S,Incoming,,,,,"Boreadinium, Pigeon guillemot, Brown pelican, brandts cormorant. Note for database entry:  pH is not the same as alkalinity. pH = -log[H+] whereas alkalinity measures buffering capacity i.e. reisistence to pH change due to carbonate ions",2.5,1.0,1,1,1.0,1,1,,,,1.0
2025-06-27T17:30:00Z,36.947117,-122.030792,Present,15.0,2025-06-27T17:30:00Z,35.0,CA - Santa Cruz Wharf,Stephanopyxis spp.,15.0,Foggy,S,Incoming,,,,,"Boreadinium, Pigeon guillemot, Brown pelican, brandts cormorant. Note for database entry:  pH is not the same as alkalinity. pH = -log[H+] whereas alkalinity measures buffering capacity i.e. reisistence to pH change due to carbonate ions",2.5,1.0,1,1,1.0,1,1,,,,1.0
2025-06-27T17:30:00Z,36.947117,-122.030792,Present,15.0,2025-06-27T17:30:00Z,35.0,CA - Santa Cruz Wharf,Thalassionema spp.,15.0,Foggy,S,Incoming,,,,,"Boreadinium, Pigeon guillemot, Brown pelican, brandts cormorant. Note for database entry:  pH is not the same as alkalinity. pH = -log[H+] whereas alkalinity measures buffering capacity i.e. reisistence to pH change due to carbonate ions",2.5,1.0,1,1,1.0,1,1,,,,1.0
2025-06-27T17:30:00Z,36.947117,-122.030792,Present,15.0,2025-06-27T17:30:00Z,35.0,CA - Santa Cruz Wharf,Thalassiosira spp.,15.0,Foggy,S,Incoming,,,,,"Boreadinium, Pigeon guillemot, Brown pelican, brandts cormorant. Note for database entry:  pH is not the same as alkalinity. pH = -log[H+] whereas alkalinity measures buffering capacity i.e. reisistence to pH change due to carbonate ions",2.5,1.0,1,1,1.0,1,1,,,,1.0
2025-06-27T17:30:00Z,36.947117,-122.030792,Present,15.0,2025-06-27T17:30:00Z,35.0,CA - Santa Cruz Wharf,Tripos furca,15.0,Foggy,S,Incoming,,,,,"Boreadinium, Pigeon guillemot, Brown pelican, brandts cormorant. Note for database entry:  pH is not the same as alkalinity. pH = -log[H+] whereas alkalinity measures buffering capacity i.e. reisistence to pH change due to carbonate ions",2.5,1.0,1,1,1.0,1,1,,,,1.0
2025-06-27T17:30:00Z,36.947117,-122.030792,Present,15.0,2025-06-27T17:30:00Z,35.0,CA - Santa Cruz Wharf,Tropidoneis spp.,15.0,Foggy,S,Incoming,,,,,"Boreadinium, Pigeon guillemot, Brown pelican, brandts cormorant. Note for database entry:  pH is not the same as alkalinity. pH = -log[H+] whereas alkalinity measures buffering capacity i.e. reisistence to pH change due to carbonate ions",2.5,1.0,1,1,1.0,1,1,,,,1.0
2025-02-28T17:00:00Z,36.9617,-122.0223,Present,12.0,2025-02-28T17:00:00Z,33.0,CA - Santa Cruz Wharf 2_Cabrillo,Asterionellopsis spp.,11.0,Partly Cloudy,SE,Incoming,,,,,"Other phytoplankton: Noctiluca, Isthmia<br />Wildlife Observations: rock pigeons, CA sea lions, western gulls, cormorant spp., brown pelicans, anchovies, various barnacles, CA mussels",2.5,1.0,1,1,1.0,1,1,,,,1.0
2025-02-28T17:00:00Z,36.9617,-122.0223,Present,12.0,2025-02-28T17:00:00Z,33.0,CA - Santa Cruz Wharf 2_Cabrillo,Asteromphalus,11.0,Partly Cloudy,SE,Incoming,,,,,"Other phytoplankton: Noctiluca, Isthmia<br />Wildlife Observations: rock pigeons, CA sea lions, western gulls, cormorant spp., brown pelicans, anchovies, various barnacles, CA mussels",2.5,1.0,1,1,1.0,1,1,,,,1.0
2025-02-28T17:00:00Z,36.9617,-122.0223,Present,12.0,2025-02-28T17:00:00Z,33.0,CA - Santa Cruz Wharf 2_Cabrillo,Ceratium spp.,11.0,Partly Cloudy,SE,Incoming,,,,,"Other phytoplankton: Noctiluca, Isthmia<br />Wildlife Observations: rock pigeons, CA sea lions, western gulls, cormorant spp., brown pelicans, anchovies, various barnacles, CA mussels",2.5,1.0,1,1,1.0,1,1,,,,1.0
2025-02-28T17:00:00Z,36.9617,-122.0223,Present,12.0,2025-02-28T17:00:00Z,33.0,CA - Santa Cruz Wharf 2_Cabrillo,Detonula spp.,11.0,Partly Cloudy,SE,Incoming,,,,,"Other phytoplankton: Noctiluca, Isthmia<br />Wildlife Observations: rock pigeons, CA sea lions, western gulls, cormorant spp., brown pelicans, anchovies, various barnacles, CA mussels",2.5,1.0,1,1,1.0,1,1,,,,1.0
2025-02-28T17:00:00Z,36.9617,-122.0223,Present,12.0,2025-02-28T17:00:00Z,33.0,CA - Santa Cruz Wharf 2_Cabrillo,Lauderia spp.,11.0,Partly Cloudy,SE,Incoming,,,,,"Other phytoplankton: Noctiluca, Isthmia<br />Wildlife Observations: rock pigeons, CA sea lions, western gulls, cormorant spp., brown pelicans, anchovies, various barnacles, CA mussels",2.5,1.0,1,1,1.0,1,1,,,,1.0
2025-02-28T17:00:00Z,36.9617,-122.0223,Present,12.0,2025-02-28T17:00:00Z,33.0,CA - Santa Cruz Wharf 2_Cabrillo,Tripos furca,11.0,Partly Cloudy,SE,Incoming,,,,,"Other phytoplankton: Noctiluca, Isthmia<br />Wildlife Observations: rock pigeons, CA sea lions, western gulls, cormorant spp., brown pelicans, anchovies, various barnacles, CA mussels",2.5,1.0,1,1,1.0,1,1,,,,1.0
2025-02-28T17:00:00Z,36.96342,-121.9984,Present,12.0,2025-02-28T17:00:00Z,36.0,CA - Santa Cruz Wharf 1_Cabrillo,Asterionellopsis spp.,12.0,Mostly Cloudy,E,High,,,,,,2.5,1.0,1,1,1.0,1,1,,,,1.0
2025-02-28T17:00:00Z,36.96342,-121.9984,Present,12.0,2025-02-28T17:00:00Z,36.0,CA - Santa Cruz Wharf 1_Cabrillo,Bacteriastrum spp.,12.0,Mostly Cloudy,E,High,,,,,,2.5,1.0,1,1,1.0,1,1,,,,1.0
2025-02-28T17:00:00Z,36.96342,-121.9984,Present,12.0,2025-02-28T17:00:00Z,36.0,CA - Santa Cruz Wharf 1_Cabrillo,Chaetoceros spp.,12.0,Mostly Cloudy,E,High,,,,,,2.5,1.0,1,1,1.0,1,1,,,,1.0
2025-02-28T17:00:00Z,36.96342,-121.9984,Present,12.0,2025-02-28T17:00:00Z,36.0,CA - Santa Cruz Wharf 1_Cabrillo,Coscinodiscus spp.,12.0,Mostly Cloudy,E,High,,,,,,2.5,1.0,1,1,1.0,1,1,,,,1.0
2025-02-28T17:00:00Z,36.96342,-121.9984,Present,12.0,2025-02-28T17:00:00Z,36.0,CA - Santa Cruz Wharf 1_Cabrillo,Eucampia spp.,12.0,Mostly Cloudy,E,High,,,,,,2.5,1.0,1,1,1.0,1,1,,,,1.0
2025-02-28T17:00:00Z,36.96342,-121.9984,Present,12.0,2025-02-28T17:00:00Z,36.0,CA - Santa Cruz Wharf 1_Cabrillo,Odontella spp.,12.0,Mostly Cloudy,E,High,,,,,,2.5,1.0,1,1,1.0,1,1,,,,1.0
2025-02-28T17:00:00Z,36.96342,-121.9984,Present,12.0,2025-02-28T17:00:00Z,36.0,CA - Santa Cruz Wharf 1_Cabrillo,Pleurosigma spp.,12.0,Mostly Cloudy,E,High,,,,,,2.5,1.0,1,1,1.0,1,1,,,,1.0
2025-02-28T17:00:00Z,36.96342,-121.9984,Present,12.0,2025-02-28T17:00:00Z,36.0,CA - Santa Cruz Wharf 1_Cabrillo,Protoperidinium spp.,12.0,Mostly Cloudy,E,High,,,,,,2.5,1.0,1,1,1.0,1,1,,,,1.0
2025-02-28T17:00:00Z,36.96342,-121.9984,Present,12.0,2025-02-28T17:00:00Z,36.0,CA - Santa Cruz Wharf 1_Cabrillo,Rhizosolenia spp.,12.0,Mostly Cloudy,E,High,,,,,,2.5,1.0,1,1,1.0,1,1,,,,1.0
2025-02-28T17:00:00Z,36.96342,-121.9984,Present,12.0,2025-02-28T17:00:00Z,36.0,CA - Santa Cruz Wharf 1_Cabrillo,Skeletonema spp.,12.0,Mostly Cloudy,E,High,,,,,,2.5,1.0,1,1,1.0,1,1,,,,1.0
2025-02-28T17:00:00Z,36.96342,-121.9984,Present,12.0,2025-02-28T17:00:00Z,36.0,CA - Santa Cruz Wharf 1_Cabrillo,Thalassionema spp.,12.0,Mostly Cloudy,E,High,,,,,,2.5,1.0,1,1,1.0,1,1,,,,1.0
2025-02-28T17:00:00Z,36.96342,-121.9984,Present,12.0,2025-02-28T17:00:00Z,36.0,CA - Santa Cruz Wharf 1_Cabrillo,Thalassiosira spp.,12.0,Mostly Cloudy,E,High,,,,,,2.5,1.0,1,1,1.0,1,1,,,,1.0
2025-02-28T17:00:00Z,36.96342,-121.9984,Present,12.0,2025-02-28T17:00:00Z,36.0,CA - Santa Cruz Wharf 1_Cabrillo,Tripos furca,12.0,Mostly Cloudy,E,High,,,,,,2.5,1.0,1,1,1.0,1,1,,,,1.0
2025-01-09T22:45:00Z,36.96396,-122.00256,Present,19.0,2025-01-09T22:45:00Z,36.0,"CA - CA947, Santa Cruz Harbor",Chaetoceros spp.,13.0,Sunny,S,Dead Low Tide,,,,,"Very little in the collectionCould not load Hobaniella longicruris to the ""other phytoplankton"" section""",7.5,1.0,1,1,1.0,1,1,,,,1.0
2025-01-09T22:45:00Z,36.96396,-122.00256,Present,19.0,2025-01-09T22:45:00Z,36.0,"CA - CA947, Santa Cruz Harbor",Chaetoceros spp.,13.0,Sunny,S,Dead Low Tide,,,,,"Very little in the collectionCould not load Hobaniella longicruris to the other phytoplankton"" section""",7.5,1.0,1,1,1.0,1,1,,,,1.0
2025-01-09T22:45:00Z,36.96396,-122.00256,Present,19.0,2025-01-09T22:45:00Z,36.0,"CA - CA947, Santa Cruz Harbor",Coscinodiscus spp.,13.0,Sunny,S,Dead Low Tide,,,,,"Very little in the collectionCould not load Hobaniella longicruris to the ""other phytoplankton"" section""",7.5,1.0,1,1,1.0,1,1,,,,1.0
2025-01-09T22:45:00Z,36.96396,-122.00256,Present,19.0,2025-01-09T22:45:00Z,36.0,"CA - CA947, Santa Cruz Harbor",Coscinodiscus spp.,13.0,Sunny,S,Dead Low Tide,,,,,"Very little in the collectionCould not load Hobaniella longicruris to the other phytoplankton"" section""",7.5,1.0,1,1,1.0,1,1,,,,1.0
2025-01-09T22:45:00Z,36.96396,-122.00256,Present,19.0,2025-01-09T22:45:00Z,36.0,"CA - CA947, Santa Cruz Harbor",Thalassiosira spp.,13.0,Sunny,S,Dead Low Tide,,,,,"Very little in the collectionCould not load Hobaniella longicruris to the ""other phytoplankton"" section""",7.5,1.0,1,1,1.0,1,1,,,,1.0
2025-01-09T22:45:00Z,36.96396,-122.00256,Present,19.0,2025-01-09T22:45:00Z,36.0,"CA - CA947, Santa Cruz Harbor",Thalassiosira spp.,13.0,Sunny,S,Dead Low Tide,,,,,"Very little in the collectionCould not load Hobaniella longicruris to the other phytoplankton"" section""",7.5,1.0,1,1,1.0,1,1,,,,1.0
2025-01-24T21:45:00Z,36.96396,-122.00256,Present,16.0,2025-01-24T21:45:00Z,36.0,"CA - CA947, Santa Cruz Harbor",Asteromphalus,12.0,Sunny,S,Dead Low Tide,,,,,,,1.0,1,1,1.0,1,1,,,,
2025-01-24T21:45:00Z,36.96396,-122.00256,Present,16.0,2025-01-24T21:45:00Z,36.0,"CA - CA947, Santa Cruz Harbor",Chaetoceros spp.,12.0,Sunny,S,Dead Low Tide,,,,,,,1.0,1,1,1.0,1,1,,,,
2025-01-24T21:45:00Z,36.96396,-122.00256,Present,16.0,2025-01-24T21:45:00Z,36.0,"CA - CA947, Santa Cruz Harbor",Melosira spp.,12.0,Sunny,S,Dead Low Tide,,,,,,,1.0,1,1,1.0,1,1,,,,
2025-01-24T21:45:00Z,36.96396,-122.00256,Present,16.0,2025-01-24T21:45:00Z,36.0,"CA - CA947, Santa Cruz Harbor",Prorocentrum spp.,12.0,Sunny,S,Dead Low Tide,,,,,,,1.0,1,1,1.0,1,1,,,,
2025-01-24T21:45:00Z,36.96396,-122.00256,Present,16.0,2025-01-24T21:45:00Z,36.0,"CA - CA947, Santa Cruz Harbor",Protoperidinium spp.,12.0,Sunny,S,Dead Low Tide,,,,,,,1.0,1,1,1.0,1,1,,,,
2025-01-24T21:45:00Z,36.96396,-122.00256,Present,16.0,2025-01-24T21:45:00Z,36.0,"CA - CA947, Santa Cruz Harbor",Tripos furca,12.0,Sunny,S,Dead Low Tide,,,,,,,1.0,1,1,1.0,1,1,,,,
2025-02-22T19:00:00Z,36.96396,-122.00256,Present,15.0,2025-02-22T19:00:00Z,35.0,"CA - CA947, Santa Cruz Harbor",Asterionellopsis spp.,13.0,Sunny,S,Outgoing,,,,,,2.5,1.0,1,1,1.0,1,1,,,,1.0
2025-02-22T19:00:00Z,36.96396,-122.00256,Present,15.0,2025-02-22T19:00:00Z,35.0,"CA - CA947, Santa Cruz Harbor",Chaetoceros spp.,13.0,Sunny,S,Outgoing,,,,,,2.5,1.0,1,1,1.0,1,1,,,,1.0
2025-02-22T19:00:00Z,36.96396,-122.00256,Present,15.0,2025-02-22T19:00:00Z,35.0,"CA - CA947, Santa Cruz Harbor",Coscinodiscus spp.,13.0,Sunny,S,Outgoing,,,,,,2.5,1.0,1,1,1.0,1,1,,,,1.0
2025-02-22T19:00:00Z,36.96396,-122.00256,Present,15.0,2025-02-22T19:00:00Z,35.0,"CA - CA947, Santa Cruz Harbor",Dictyochaceae,13.0,Sunny,S,Outgoing,,,,,,2.5,1.0,1,1,1.0,1,1,,,,1.0
2025-02-22T19:00:00Z,36.96396,-122.00256,Present,15.0,2025-02-22T19:00:00Z,35.0,"CA - CA947, Santa Cruz Harbor",Entomoneis spp.,13.0,Sunny,S,Outgoing,,,,,,2.5,1.0,1,1,1.0,1,1,,,,1.0
2025-02-22T19:00:00Z,36.96396,-122.00256,Present,15.0,2025-02-22T19:00:00Z,35.0,"CA - CA947, Santa Cruz Harbor",Navicula spp.,13.0,Sunny,S,Outgoing,,,,,,2.5,1.0,1,1,1.0,1,1,,,,1.0
2025-02-22T19:00:00Z,36.96396,-122.00256,Present,15.0,2025-02-22T19:00:00Z,35.0,"CA - CA947, Santa Cruz Harbor",Skeletonema spp.,13.0,Sunny,S,Outgoing,,,,,,2.5,1.0,1,1,1.0,1,1,,,,1.0
2025-03-09T19:15:00Z,36.96396,-122.00256,Present,13.0,2025-03-09T19:15:00Z,36.0,"CA - CA947, Santa Cruz Harbor",Actinoptychus spp.,13.0,Sunny,No wind,Outgoing,,,,,Nothing elevated. No Dinophysis. Most present were Chaetoceros and Skeletonema.<br /><br />Observed but not recognized on database form:<br />Hobaniella longicruris<br />Pelagic Tunicate<br />,,1.0,1,1,1.0,1,1,,,,
2025-03-09T19:15:00Z,36.96396,-122.00256,Present,13.0,2025-03-09T19:15:00Z,36.0,"CA - CA947, Santa Cruz Harbor",Asterionellopsis spp.,13.0,Sunny,No wind,Outgoing,,,,,Nothing elevated. No Dinophysis. Most present were Chaetoceros and Skeletonema.<br /><br />Observed but not recognized on database form:<br />Hobaniella longicruris<br />Pelagic Tunicate<br />,,1.0,1,1,1.0,1,1,,,,
2025-03-09T19:15:00Z,36.96396,-122.00256,Present,13.0,2025-03-09T19:15:00Z,36.0,"CA - CA947, Santa Cruz Harbor",Chaetoceros spp.,13.0,Sunny,No wind,Outgoing,,,,,Nothing elevated. No Dinophysis. Most present were Chaetoceros and Skeletonema.<br /><br />Observed but not recognized on database form:<br />Hobaniella longicruris<br />Pelagic Tunicate<br />,,1.0,1,1,1.0,1,1,,,,
2025-03-09T19:15:00Z,36.96396,-122.00256,Present,13.0,2025-03-09T19:15:00Z,36.0,"CA - CA947, Santa Cruz Harbor",Cylindrotheca spp.,13.0,Sunny,No wind,Outgoing,,,,,Nothing elevated. No Dinophysis. Most present were Chaetoceros and Skeletonema.<br /><br />Observed but not recognized on database form:<br />Hobaniella longicruris<br />Pelagic Tunicate<br />,,1.0,1,1,1.0,1,1,,,,
2025-03-09T19:15:00Z,36.96396,-122.00256,Present,13.0,2025-03-09T19:15:00Z,36.0,"CA - CA947, Santa Cruz Harbor",Dictyochaceae,13.0,Sunny,No wind,Outgoing,,,,,Nothing elevated. No Dinophysis. Most present were Chaetoceros and Skeletonema.<br /><br />Observed but not recognized on database form:<br />Hobaniella longicruris<br />Pelagic Tunicate<br />,,1.0,1,1,1.0,1,1,,,,
2025-03-09T19:15:00Z,36.96396,-122.00256,Present,13.0,2025-03-09T19:15:00Z,36.0,"CA - CA947, Santa Cruz Harbor",Entomoneis spp.,13.0,Sunny,No wind,Outgoing,,,,,Nothing elevated. No Dinophysis. Most present were Chaetoceros and Skeletonema.<br /><br />Observed but not recognized on database form:<br />Hobaniella longicruris<br />Pelagic Tunicate<br />,,1.0,1,1,1.0,1,1,,,,
2025-03-09T19:15:00Z,36.96396,-122.00256,Present,13.0,2025-03-09T19:15:00Z,36.0,"CA - CA947, Santa Cruz Harbor",Navicula spp.,13.0,Sunny,No wind,Outgoing,,,,,Nothing elevated. No Dinophysis. Most present were Chaetoceros and Skeletonema.<br /><br />Observed but not recognized on database form:<br />Hobaniella longicruris<br />Pelagic Tunicate<br />,,1.0,1,1,1.0,1,1,,,,
2025-03-09T19:15:00Z,36.96396,-122.00256,Present,13.0,2025-03-09T19:15:00Z,36.0,"CA - CA947, Santa Cruz Harbor",Protoperidinium spp.,13.0,Sunny,No wind,Outgoing,,,,,Nothing elevated. No Dinophysis. Most present were Chaetoceros and Skeletonema.<br /><br />Observed but not recognized on database form:<br />Hobaniella longicruris<br />Pelagic Tunicate<br />,,1.0,1,1,1.0,1,1,,,,
2025-03-09T19:15:00Z,36.96396,-122.00256,Present,13.0,2025-03-09T19:15:00Z,36.0,"CA - CA947, Santa Cruz Harbor",Skeletonema spp.,13.0,Sunny,No wind,Outgoing,,,,,Nothing elevated. No Dinophysis. Most present were Chaetoceros and Skeletonema.<br /><br />Observed but not recognized on database form:<br />Hobaniella longicruris<br />Pelagic Tunicate<br />,,1.0,1,1,1.0,1,1,,,,
2025-02-22T20:30:00Z,37.5,-122.45,Present,13.0,2025-02-22T20:30:00Z,37.0,CA - Pillar Point,Achnanthes spp.,13.0,Foggy,No wind,Outgoing,,,,,,2.5,1.0,1,1,1.0,1,1,,,,1.0
2025-02-22T20:30:00Z,37.5,-122.45,Present,13.0,2025-02-22T20:30:00Z,37.0,CA - Pillar Point,Asterionellopsis spp.,13.0,Foggy,No wind,Outgoing,,,,,,2.5,1.0,1,1,1.0,1,1,,,,1.0
2025-02-22T20:30:00Z,37.5,-122.45,Present,13.0,2025-02-22T20:30:00Z,37.0,CA - Pillar Point,Chaetoceros spp.,13.0,Foggy,No wind,Outgoing,,,,,,2.5,1.0,1,1,1.0,1,1,,,,1.0
2025-02-22T20:30:00Z,37.5,-122.45,Present,13.0,2025-02-22T20:30:00Z,37.0,CA - Pillar Point,Cylindrotheca spp.,13.0,Foggy,No wind,Outgoing,,,,,,2.5,1.0,1,1,1.0,1,1,,,,1.0
2025-02-22T20:30:00Z,37.5,-122.45,Present,13.0,2025-02-22T20:30:00Z,37.0,CA - Pillar Point,Detonula spp.,13.0,Foggy,No wind,Outgoing,,,,,,2.5,1.0,1,1,1.0,1,1,,,,1.0
2025-02-22T20:30:00Z,37.5,-122.45,Present,13.0,2025-02-22T20:30:00Z,37.0,CA - Pillar Point,Ditylum spp.,13.0,Foggy,No wind,Outgoing,,,,,,2.5,1.0,1,1,1.0,1,1,,,,1.0
2025-02-22T20:30:00Z,37.5,-122.45,Present,13.0,2025-02-22T20:30:00Z,37.0,CA - Pillar Point,Melosira spp.,13.0,Foggy,No wind,Outgoing,,,,,,2.5,1.0,1,1,1.0,1,1,,,,1.0
2025-02-22T20:30:00Z,37.5,-122.45,Present,13.0,2025-02-22T20:30:00Z,37.0,CA - Pillar Point,Odontella spp.,13.0,Foggy,No wind,Outgoing,,,,,,2.5,1.0,1,1,1.0,1,1,,,,1.0
2025-02-22T20:30:00Z,37.5,-122.45,Present,13.0,2025-02-22T20:30:00Z,37.0,CA - Pillar Point,Pleurosigma spp.,13.0,Foggy,No wind,Outgoing,,,,,,2.5,1.0,1,1,1.0,1,1,,,,1.0
2025-02-22T20:30:00Z,37.5,-122.45,Present,13.0,2025-02-22T20:30:00Z,37.0,CA - Pillar Point,Rhizosolenia spp.,13.0,Foggy,No wind,Outgoing,,,,,,2.5,1.0,1,1,1.0,1,1,,,,1.0
2025-02-22T20:30:00Z,37.5,-122.45,Present,13.0,2025-02-22T20:30:00Z,37.0,CA - Pillar Point,Skeletonema spp.,13.0,Foggy,No wind,Outgoing,,,,,,2.5,1.0,1,1,1.0,1,1,,,,1.0
2025-02-22T20:30:00Z,37.5,-122.45,Present,13.0,2025-02-22T20:30:00Z,37.0,CA - Pillar Point,Thalassiosira spp.,13.0,Foggy,No wind,Outgoing,,,,,,2.5,1.0,1,1,1.0,1,1,,,,1.0
2025-02-22T20:30:00Z,37.5,-122.45,Present,13.0,2025-02-22T20:30:00Z,37.0,CA - Pillar Point,Tropidoneis spp.,13.0,Foggy,No wind,Outgoing,,,,,,2.5,1.0,1,1,1.0,1,1,,,,1.0
2025-03-08T19:30:00Z,37.5,-122.45,Present,13.0,2025-03-08T19:30:00Z,37.0,CA - Pillar Point,Achnanthes spp.,13.0,Sunny,No wind,Outgoing,,,,,,2.5,1.0,1,1,1.0,1,1,,,,1.0
2025-03-08T19:30:00Z,37.5,-122.45,Present,13.0,2025-03-08T19:30:00Z,37.0,CA - Pillar Point,Asterionellopsis spp.,13.0,Sunny,No wind,Outgoing,,,,,,2.5,1.0,1,1,1.0,1,1,,,,1.0
2025-03-08T19:30:00Z,37.5,-122.45,Present,13.0,2025-03-08T19:30:00Z,37.0,CA - Pillar Point,Asteromphalus,13.0,Sunny,No wind,Outgoing,,,,,,2.5,1.0,1,1,1.0,1,1,,,,1.0
2025-03-08T19:30:00Z,37.5,-122.45,Present,13.0,2025-03-08T19:30:00Z,37.0,CA - Pillar Point,Bacillaria spp.,13.0,Sunny,No wind,Outgoing,,,,,,2.5,1.0,1,1,1.0,1,1,,,,1.0
2025-03-08T19:30:00Z,37.5,-122.45,Present,13.0,2025-03-08T19:30:00Z,37.0,CA - Pillar Point,Chaetoceros spp.,13.0,Sunny,No wind,Outgoing,,,,,,2.5,1.0,1,1,1.0,1,1,,,,1.0
2025-03-08T19:30:00Z,37.5,-122.45,Present,13.0,2025-03-08T19:30:00Z,37.0,CA - Pillar Point,Coscinodiscus spp.,13.0,Sunny,No wind,Outgoing,,,,,,2.5,1.0,1,1,1.0,1,1,,,,1.0
2025-03-08T19:30:00Z,37.5,-122.45,Present,13.0,2025-03-08T19:30:00Z,37.0,CA - Pillar Point,Cylindrotheca spp.,13.0,Sunny,No wind,Outgoing,,,,,,2.5,1.0,1,1,1.0,1,1,,,,1.0
2025-03-08T19:30:00Z,37.5,-122.45,Present,13.0,2025-03-08T19:30:00Z,37.0,CA - Pillar Point,Detonula spp.,13.0,Sunny,No wind,Outgoing,,,,,,2.5,1.0,1,1,1.0,1,1,,,,1.0
2025-03-08T19:30:00Z,37.5,-122.45,Present,13.0,2025-03-08T19:30:00Z,37.0,CA - Pillar Point,Dictyocha spp.,13.0,Sunny,No wind,Outgoing,,,,,,2.5,1.0,1,1,1.0,1,1,,,,1.0
2025-03-08T19:30:00Z,37.5,-122.45,Present,13.0,2025-03-08T19:30:00Z,37.0,CA - Pillar Point,Ditylum spp.,13.0,Sunny,No wind,Outgoing,,,,,,2.5,1.0,1,1,1.0,1,1,,,,1.0
2025-03-08T19:30:00Z,37.5,-122.45,Present,13.0,2025-03-08T19:30:00Z,37.0,CA - Pillar Point,Gonyaulax spp.,13.0,Sunny,No wind,Outgoing,,,,,,2.5,1.0,1,1,1.0,1,1,,,,1.0
2025-03-08T19:30:00Z,37.5,-122.45,Present,13.0,2025-03-08T19:30:00Z,37.0,CA - Pillar Point,Odontella spp.,13.0,Sunny,No wind,Outgoing,,,,,,2.5,1.0,1,1,1.0,1,1,,,,1.0
2025-03-08T19:30:00Z,37.5,-122.45,Present,13.0,2025-03-08T19:30:00Z,37.0,CA - Pillar Point,Pleurosigma spp.,13.0,Sunny,No wind,Outgoing,,,,,,2.5,1.0,1,1,1.0,1,1,,,,1.0
2025-03-08T19:30:00Z,37.5,-122.45,Present,13.0,2025-03-08T19:30:00Z,37.0,CA - Pillar Point,Skeletonema spp.,13.0,Sunny,No wind,Outgoing,,,,,,2.5,1.0,1,1,1.0,1,1,,,,1.0
2025-03-08T19:30:00Z,37.5,-122.45,Present,13.0,2025-03-08T19:30:00Z,37.0,CA - Pillar Point,Thalassiosira spp.,13.0,Sunny,No wind,Outgoing,,,,,,2.5,1.0,1,1,1.0,1,1,,,,1.0
2025-03-08T19:30:00Z,37.5,-122.45,Present,13.0,2025-03-08T19:30:00Z,37.0,CA - Pillar Point,Tropidoneis spp.,13.0,Sunny,No wind,Outgoing,,,,,,2.5,1.0,1,1,1.0,1,1,,,,1.0
2025-04-18T18:00:00Z,37.5,-122.45,Present,12.0,2025-04-18T18:00:00Z,37.0,CA - Pillar Point,Asterionellopsis spp.,14.0,Cloudy,No wind,Incoming,,,,,Also boreadinium,2.5,1.0,1,1,1.0,1,1,,,,1.0
2025-04-18T18:00:00Z,37.5,-122.45,Present,12.0,2025-04-18T18:00:00Z,37.0,CA - Pillar Point,Chaetoceros spp.,14.0,Cloudy,No wind,Incoming,,,,,Also boreadinium,2.5,1.0,1,1,1.0,1,1,,,,1.0
2025-04-18T18:00:00Z,37.5,-122.45,Present,12.0,2025-04-18T18:00:00Z,37.0,CA - Pillar Point,Cylindrotheca spp.,14.0,Cloudy,No wind,Incoming,,,,,Also boreadinium,2.5,1.0,1,1,1.0,1,1,,,,1.0
2025-04-18T18:00:00Z,37.5,-122.45,Present,12.0,2025-04-18T18:00:00Z,37.0,CA - Pillar Point,Dactyliosolen spp.,14.0,Cloudy,No wind,Incoming,,,,,Also boreadinium,2.5,1.0,1,1,1.0,1,1,,,,1.0
2025-04-18T18:00:00Z,37.5,-122.45,Present,12.0,2025-04-18T18:00:00Z,37.0,CA - Pillar Point,Detonula spp.,14.0,Cloudy,No wind,Incoming,,,,,Also boreadinium,2.5,1.0,1,1,1.0,1,1,,,,1.0
2025-04-18T18:00:00Z,37.5,-122.45,Present,12.0,2025-04-18T18:00:00Z,37.0,CA - Pillar Point,Ditylum spp.,14.0,Cloudy,No wind,Incoming,,,,,Also boreadinium,2.5,1.0,1,1,1.0,1,1,,,,1.0
2025-04-18T18:00:00Z,37.5,-122.45,Present,12.0,2025-04-18T18:00:00Z,37.0,CA - Pillar Point,Eucampia spp.,14.0,Cloudy,No wind,Incoming,,,,,Also boreadinium,2.5,1.0,1,1,1.0,1,1,,,,1.0
2025-04-18T18:00:00Z,37.5,-122.45,Present,12.0,2025-04-18T18:00:00Z,37.0,CA - Pillar Point,Guinardia spp.,14.0,Cloudy,No wind,Incoming,,,,,Also boreadinium,2.5,1.0,1,1,1.0,1,1,,,,1.0
2025-04-18T18:00:00Z,37.5,-122.45,Present,12.0,2025-04-18T18:00:00Z,37.0,CA - Pillar Point,Gyrodinium spp.,14.0,Cloudy,No wind,Incoming,,,,,Also boreadinium,2.5,1.0,1,1,1.0,1,1,,,,1.0
2025-04-18T18:00:00Z,37.5,-122.45,Present,12.0,2025-04-18T18:00:00Z,37.0,CA - Pillar Point,Leptocylindrus spp.,14.0,Cloudy,No wind,Incoming,,,,,Also boreadinium,2.5,1.0,1,1,1.0,1,1,,,,1.0
2025-04-18T18:00:00Z,37.5,-122.45,Present,12.0,2025-04-18T18:00:00Z,37.0,CA - Pillar Point,Odontella spp.,14.0,Cloudy,No wind,Incoming,,,,,Also boreadinium,2.5,1.0,1,1,1.0,1,1,,,,1.0
2025-04-18T18:00:00Z,37.5,-122.45,Present,12.0,2025-04-18T18:00:00Z,37.0,CA - Pillar Point,Pleurosigma spp.,14.0,Cloudy,No wind,Incoming,,,,,Also boreadinium,2.5,1.0,1,1,1.0,1,1,,,,1.0
2025-04-18T18:00:00Z,37.5,-122.45,Present,12.0,2025-04-18T18:00:00Z,37.0,CA - Pillar Point,Protoperidinium spp.,14.0,Cloudy,No wind,Incoming,,,,,Also boreadinium,2.5,1.0,1,1,1.0,1,1,,,,1.0
2025-04-18T18:00:00Z,37.5,-122.45,Present,12.0,2025-04-18T18:00:00Z,37.0,CA - Pillar Point,Pseudo-nitzschia spp.,14.0,Cloudy,No wind,Incoming,,,,,Also boreadinium,2.5,1.0,1,1,1.0,1,1,,,,1.0
2025-04-18T18:00:00Z,37.5,-122.45,Present,12.0,2025-04-18T18:00:00Z,37.0,CA - Pillar Point,Rhizosolenia spp.,14.0,Cloudy,No wind,Incoming,,,,,Also boreadinium,2.5,1.0,1,1,1.0,1,1,,,,1.0
2025-04-18T18:00:00Z,37.5,-122.45,Present,12.0,2025-04-18T18:00:00Z,37.0,CA - Pillar Point,Skeletonema spp.,14.0,Cloudy,No wind,Incoming,,,,,Also boreadinium,2.5,1.0,1,1,1.0,1,1,,,,1.0
2025-04-18T18:00:00Z,37.5,-122.45,Present,12.0,2025-04-18T18:00:00Z,37.0,CA - Pillar Point,Thalassionema spp.,14.0,Cloudy,No wind,Incoming,,,,,Also boreadinium,2.5,1.0,1,1,1.0,1,1,,,,1.0
2025-04-18T18:00:00Z,37.5,-122.45,Present,12.0,2025-04-18T18:00:00Z,37.0,CA - Pillar Point,Thalassiosira spp.,14.0,Cloudy,No wind,Incoming,,,,,Also boreadinium,2.5,1.0,1,1,1.0,1,1,,,,1.0
2025-04-25T17:30:00Z,37.5,-122.45,Present,13.0,2025-04-25T17:30:00Z,37.0,CA - Pillar Point,Actinoptychus spp.,12.0,Cloudy,N,Full High Tide,,,,,"Very busy samples, quite different from a month ago.  Of HABs, lots of pseudo-nitzschia, might look like a bloom if there weren't so many other abundant species.",7.5,1.0,1,1,1.0,1,1,,,,1.0
2025-04-25T17:30:00Z,37.5,-122.45,Present,13.0,2025-04-25T17:30:00Z,37.0,CA - Pillar Point,Amphiprora spp.,12.0,Cloudy,N,Full High Tide,,,,,"Very busy samples, quite different from a month ago.  Of HABs, lots of pseudo-nitzschia, might look like a bloom if there weren't so many other abundant species.",7.5,1.0,1,1,1.0,1,1,,,,1.0
2025-04-25T17:30:00Z,37.5,-122.45,Present,13.0,2025-04-25T17:30:00Z,37.0,CA - Pillar Point,Asterionellopsis spp.,12.0,Cloudy,N,Full High Tide,,,,,"Very busy samples, quite different from a month ago.  Of HABs, lots of pseudo-nitzschia, might look like a bloom if there weren't so many other abundant species.",7.5,1.0,1,1,1.0,1,1,,,,1.0
2025-04-25T17:30:00Z,37.5,-122.45,Present,13.0,2025-04-25T17:30:00Z,37.0,CA - Pillar Point,Asteromphalus,12.0,Cloudy,N,Full High Tide,,,,,"Very busy samples, quite different from a month ago.  Of HABs, lots of pseudo-nitzschia, might look like a bloom if there weren't so many other abundant species.",7.5,1.0,1,1,1.0,1,1,,,,1.0
2025-04-25T17:30:00Z,37.5,-122.45,Present,13.0,2025-04-25T17:30:00Z,37.0,CA - Pillar Point,Chaetoceros spp.,12.0,Cloudy,N,Full High Tide,,,,,"Very busy samples, quite different from a month ago.  Of HABs, lots of pseudo-nitzschia, might look like a bloom if there weren't so many other abundant species.",7.5,1.0,1,1,1.0,1,1,,,,1.0
2025-04-25T17:30:00Z,37.5,-122.45,Present,13.0,2025-04-25T17:30:00Z,37.0,CA - Pillar Point,Coscinodiscus spp.,12.0,Cloudy,N,Full High Tide,,,,,"Very busy samples, quite different from a month ago.  Of HABs, lots of pseudo-nitzschia, might look like a bloom if there weren't so many other abundant species.",7.5,1.0,1,1,1.0,1,1,,,,1.0
2025-04-25T17:30:00Z,37.5,-122.45,Present,13.0,2025-04-25T17:30:00Z,37.0,CA - Pillar Point,Cylindrotheca spp.,12.0,Cloudy,N,Full High Tide,,,,,"Very busy samples, quite different from a month ago.  Of HABs, lots of pseudo-nitzschia, might look like a bloom if there weren't so many other abundant species.",7.5,1.0,1,1,1.0,1,1,,,,1.0
2025-04-25T17:30:00Z,37.5,-122.45,Present,13.0,2025-04-25T17:30:00Z,37.0,CA - Pillar Point,Dactyliosolen spp.,12.0,Cloudy,N,Full High Tide,,,,,"Very busy samples, quite different from a month ago.  Of HABs, lots of pseudo-nitzschia, might look like a bloom if there weren't so many other abundant species.",7.5,1.0,1,1,1.0,1,1,,,,1.0
2025-04-25T17:30:00Z,37.5,-122.45,Present,13.0,2025-04-25T17:30:00Z,37.0,CA - Pillar Point,Detonula spp.,12.0,Cloudy,N,Full High Tide,,,,,"Very busy samples, quite different from a month ago.  Of HABs, lots of pseudo-nitzschia, might look like a bloom if there weren't so many other abundant species.",7.5,1.0,1,1,1.0,1,1,,,,1.0
2025-04-25T17:30:00Z,37.5,-122.45,Present,13.0,2025-04-25T17:30:00Z,37.0,CA - Pillar Point,Dictyocha spp.,12.0,Cloudy,N,Full High Tide,,,,,"Very busy samples, quite different from a month ago.  Of HABs, lots of pseudo-nitzschia, might look like a bloom if there weren't so many other abundant species.",7.5,1.0,1,1,1.0,1,1,,,,1.0
2025-04-25T17:30:00Z,37.5,-122.45,Present,13.0,2025-04-25T17:30:00Z,37.0,CA - Pillar Point,Ditylum spp.,12.0,Cloudy,N,Full High Tide,,,,,"Very busy samples, quite different from a month ago.  Of HABs, lots of pseudo-nitzschia, might look like a bloom if there weren't so many other abundant species.",7.5,1.0,1,1,1.0,1,1,,,,1.0
2025-04-25T17:30:00Z,37.5,-122.45,Present,13.0,2025-04-25T17:30:00Z,37.0,CA - Pillar Point,Eucampia spp.,12.0,Cloudy,N,Full High Tide,,,,,"Very busy samples, quite different from a month ago.  Of HABs, lots of pseudo-nitzschia, might look like a bloom if there weren't so many other abundant species.",7.5,1.0,1,1,1.0,1,1,,,,1.0
2025-04-25T17:30:00Z,37.5,-122.45,Present,13.0,2025-04-25T17:30:00Z,37.0,CA - Pillar Point,Guinardia spp.,12.0,Cloudy,N,Full High Tide,,,,,"Very busy samples, quite different from a month ago.  Of HABs, lots of pseudo-nitzschia, might look like a bloom if there weren't so many other abundant species.",7.5,1.0,1,1,1.0,1,1,,,,1.0
2025-04-25T17:30:00Z,37.5,-122.45,Present,13.0,2025-04-25T17:30:00Z,37.0,CA - Pillar Point,Lauderia spp.,12.0,Cloudy,N,Full High Tide,,,,,"Very busy samples, quite different from a month ago.  Of HABs, lots of pseudo-nitzschia, might look like a bloom if there weren't so many other abundant species.",7.5,1.0,1,1,1.0,1,1,,,,1.0
2025-04-25T17:30:00Z,37.5,-122.45,Present,13.0,2025-04-25T17:30:00Z,37.0,CA - Pillar Point,Leptocylindrus spp.,12.0,Cloudy,N,Full High Tide,,,,,"Very busy samples, quite different from a month ago.  Of HABs, lots of pseudo-nitzschia, might look like a bloom if there weren't so many other abundant species.",7.5,1.0,1,1,1.0,1,1,,,,1.0
2025-04-25T17:30:00Z,37.5,-122.45,Present,13.0,2025-04-25T17:30:00Z,37.0,CA - Pillar Point,Melosira spp.,12.0,Cloudy,N,Full High Tide,,,,,"Very busy samples, quite different from a month ago.  Of HABs, lots of pseudo-nitzschia, might look like a bloom if there weren't so many other abundant species.",7.5,1.0,1,1,1.0,1,1,,,,1.0
2025-04-25T17:30:00Z,37.5,-122.45,Present,13.0,2025-04-25T17:30:00Z,37.0,CA - Pillar Point,Odontella spp.,12.0,Cloudy,N,Full High Tide,,,,,"Very busy samples, quite different from a month ago.  Of HABs, lots of pseudo-nitzschia, might look like a bloom if there weren't so many other abundant species.",7.5,1.0,1,1,1.0,1,1,,,,1.0
2025-04-25T17:30:00Z,37.5,-122.45,Present,13.0,2025-04-25T17:30:00Z,37.0,CA - Pillar Point,Pleurosigma spp.,12.0,Cloudy,N,Full High Tide,,,,,"Very busy samples, quite different from a month ago.  Of HABs, lots of pseudo-nitzschia, might look like a bloom if there weren't so many other abundant species.",7.5,1.0,1,1,1.0,1,1,,,,1.0
2025-04-25T17:30:00Z,37.5,-122.45,Present,13.0,2025-04-25T17:30:00Z,37.0,CA - Pillar Point,Protoperidinium spp.,12.0,Cloudy,N,Full High Tide,,,,,"Very busy samples, quite different from a month ago.  Of HABs, lots of pseudo-nitzschia, might look like a bloom if there weren't so many other abundant species.",7.5,1.0,1,1,1.0,1,1,,,,1.0
2025-04-25T17:30:00Z,37.5,-122.45,Elevated,13.0,2025-04-25T17:30:00Z,37.0,CA - Pillar Point,Pseudo-nitzschia spp.,12.0,Cloudy,N,Full High Tide,,,,,"Very busy samples, quite different from a month ago.  Of HABs, lots of pseudo-nitzschia, might look like a bloom if there weren't so many other abundant species.",7.5,1.0,1,1,1.0,1,1,,,,1.0
2025-04-25T17:30:00Z,37.5,-122.45,Present,13.0,2025-04-25T17:30:00Z,37.0,CA - Pillar Point,Rhizosolenia spp.,12.0,Cloudy,N,Full High Tide,,,,,"Very busy samples, quite different from a month ago.  Of HABs, lots of pseudo-nitzschia, might look like a bloom if there weren't so many other abundant species.",7.5,1.0,1,1,1.0,1,1,,,,1.0
2025-04-25T17:30:00Z,37.5,-122.45,Present,13.0,2025-04-25T17:30:00Z,37.0,CA - Pillar Point,Skeletonema spp.,12.0,Cloudy,N,Full High Tide,,,,,"Very busy samples, quite different from a month ago.  Of HABs, lots of pseudo-nitzschia, might look like a bloom if there weren't so many other abundant species.",7.5,1.0,1,1,1.0,1,1,,,,1.0
2025-04-25T17:30:00Z,37.5,-122.45,Present,13.0,2025-04-25T17:30:00Z,37.0,CA - Pillar Point,Thalassionema spp.,12.0,Cloudy,N,Full High Tide,,,,,"Very busy samples, quite different from a month ago.  Of HABs, lots of pseudo-nitzschia, might look like a bloom if there weren't so many other abundant species.",7.5,1.0,1,1,1.0,1,1,,,,1.0
2025-04-25T17:30:00Z,37.5,-122.45,Present,13.0,2025-04-25T17:30:00Z,37.0,CA - Pillar Point,Thalassiosira spp.,12.0,Cloudy,N,Full High Tide,,,,,"Very busy samples, quite different from a month ago.  Of HABs, lots of pseudo-nitzschia, might look like a bloom if there weren't so many other abundant species.",7.5,1.0,1,1,1.0,1,1,,,,1.0
2025-04-25T17:30:00Z,37.5,-122.45,Present,13.0,2025-04-25T17:30:00Z,37.0,CA - Pillar Point,Tropidoneis spp.,12.0,Cloudy,N,Full High Tide,,,,,"Very busy samples, quite different from a month ago.  Of HABs, lots of pseudo-nitzschia, might look like a bloom if there weren't so many other abundant species.",7.5,1.0,1,1,1.0,1,1,,,,1.0
2025-02-11T19:20:00Z,37.590926,-122.31805,Present,13.0,2025-02-11T19:20:00Z,23.0,CA - Coyote Point Marina,Prorocentrum spp.,11.0,,,Full High Tide,,,,,,,1.0,1,1,1.0,1,1,,,,
2025-03-23T18:15:00Z,37.621832,-122.122789,Present,18.0,2025-03-23T18:15:00Z,12.0,CA - Eden Landing_Hayward,Chaetoceros spp.,16.0,Sunny,,Outgoing,,,,,,,1.0,1,1,1.0,1,1,,,,
2025-04-18T19:00:00Z,37.621832,-122.122789,Present,17.0,2025-04-18T19:00:00Z,18.0,CA - Eden Landing_Hayward,Prorocentrum spp.,15.0,Mostly Cloudy,,Low,,,,,Unsure if this is one of the target species. <br /><br />I hope that your group is not being cut by the government.,,1.0,1,1,1.0,1,1,,,,
2025-02-11T18:19:00Z,37.73786,-122.374798,Present,13.0,2025-02-11T18:19:00Z,20.0,CA - Heron's Head Park,Chaetoceros spp.,11.0,,,Full High Tide,,,,,,,1.0,1,1,1.0,1,1,,,,
2025-02-11T18:19:00Z,37.73786,-122.374798,Present,13.0,2025-02-11T18:19:00Z,20.0,CA - Heron's Head Park,Pennate Diatom,11.0,,,Full High Tide,,,,,,,1.0,1,1,1.0,1,1,,,,
2025-02-11T18:19:00Z,37.73786,-122.374798,Present,13.0,2025-02-11T18:19:00Z,20.0,CA - Heron's Head Park,Prorocentrum spp.,11.0,,,Full High Tide,,,,,,,1.0,1,1,1.0,1,1,,,,
2025-08-05T19:45:00Z,37.73786,-122.374798,Present,18.0,2025-08-05T19:45:00Z,31.0,CA - Heron's Head Park,Dinophysis spp.,19.0,Sunny,,High,,,,,"Sparse sample, small bits of detrituse, several pennate and centric diatoms.",,1.0,1,1,1.0,1,1,,,,
2025-01-28T17:31:00Z,37.779115,-122.387416,Present,11.0,2025-01-28T17:31:00Z,30.0,CA - South Beach Harbor,Centric Diatom,11.0,,,High,,,,,"We didn't capture photos of the Tripos, they are not on our list of target taxa, but they've been present in our samples due to a bloom near the Golden Gate.",,1.0,1,1,1.0,1,1,,,,
2025-01-28T17:31:00Z,37.779115,-122.387416,Present,11.0,2025-01-28T17:31:00Z,30.0,CA - South Beach Harbor,Chaetoceros spp.,11.0,,,High,,,,,"We didn't capture photos of the Tripos, they are not on our list of target taxa, but they've been present in our samples due to a bloom near the Golden Gate.",,1.0,1,1,1.0,1,1,,,,
2025-01-28T17:31:00Z,37.779115,-122.387416,Present,11.0,2025-01-28T17:31:00Z,30.0,CA - South Beach Harbor,Ditylum spp.,11.0,,,High,,,,,"We didn't capture photos of the Tripos, they are not on our list of target taxa, but they've been present in our samples due to a bloom near the Golden Gate.",,1.0,1,1,1.0,1,1,,,,
2025-01-28T17:31:00Z,37.779115,-122.387416,Present,11.0,2025-01-28T17:31:00Z,30.0,CA - South Beach Harbor,Prorocentrum spp.,11.0,,,High,,,,,"We didn't capture photos of the Tripos, they are not on our list of target taxa, but they've been present in our samples due to a bloom near the Golden Gate.",,1.0,1,1,1.0,1,1,,,,
2025-01-28T17:31:00Z,37.779115,-122.387416,Elevated,11.0,2025-01-28T17:31:00Z,30.0,CA - South Beach Harbor,Tripos furca,11.0,,,High,,,,,"We didn't capture photos of the Tripos, they are not on our list of target taxa, but they've been present in our samples due to a bloom near the Golden Gate.",,1.0,1,1,1.0,1,1,,,,
2025-02-10T16:48:00Z,37.779115,-122.387416,Present,12.0,2025-02-10T16:48:00Z,20.0,CA - South Beach Harbor,Chaetoceros spp.,10.0,,,High,,,,,The few Tripos in this sample were dead cells. Low levels may indicate that the earlier Tripos bloom near the Golden Gate is dissipating.,,1.0,1,1,1.0,1,1,,,,
2025-02-10T16:48:00Z,37.779115,-122.387416,Present,12.0,2025-02-10T16:48:00Z,20.0,CA - South Beach Harbor,Prorocentrum spp.,10.0,,,High,,,,,The few Tripos in this sample were dead cells. Low levels may indicate that the earlier Tripos bloom near the Golden Gate is dissipating.,,1.0,1,1,1.0,1,1,,,,
2025-02-10T16:48:00Z,37.779115,-122.387416,Present,12.0,2025-02-10T16:48:00Z,20.0,CA - South Beach Harbor,Tripos furca,10.0,,,High,,,,,The few Tripos in this sample were dead cells. Low levels may indicate that the earlier Tripos bloom near the Golden Gate is dissipating.,,1.0,1,1,1.0,1,1,,,,
2025-06-20T20:00:00Z,37.808718,-122.440152,Present,19.0,2025-06-20T20:00:00Z,30.0,CA - Wave Organ,Coscinodiscus spp.,15.0,Sunny,W,Dead Low Tide,,,,,,25.0,1.0,1,1,1.0,1,1,,,,1.0
2025-06-20T20:00:00Z,37.808718,-122.440152,Present,19.0,2025-06-20T20:00:00Z,30.0,CA - Wave Organ,Heterosigma akashiwo,15.0,Sunny,W,Dead Low Tide,,,,,,25.0,1.0,1,1,1.0,1,1,,,,1.0
2025-06-20T20:00:00Z,37.808718,-122.440152,Present,19.0,2025-06-20T20:00:00Z,30.0,CA - Wave Organ,Melosira spp.,15.0,Sunny,W,Dead Low Tide,,,,,,25.0,1.0,1,1,1.0,1,1,,,,1.0
2025-06-20T20:00:00Z,37.808718,-122.440152,Present,19.0,2025-06-20T20:00:00Z,30.0,CA - Wave Organ,Oxyphysis spp.,15.0,Sunny,W,Dead Low Tide,,,,,,25.0,1.0,1,1,1.0,1,1,,,,1.0
2025-06-20T20:00:00Z,37.808718,-122.440152,Present,19.0,2025-06-20T20:00:00Z,30.0,CA - Wave Organ,Prorocentrum spp.,15.0,Sunny,W,Dead Low Tide,,,,,,25.0,1.0,1,1,1.0,1,1,,,,1.0
2025-06-20T20:00:00Z,37.808718,-122.440152,Present,19.0,2025-06-20T20:00:00Z,30.0,CA - Wave Organ,Skeletonema spp.,15.0,Sunny,W,Dead Low Tide,,,,,,25.0,1.0,1,1,1.0,1,1,,,,1.0
2025-01-16T20:14:00Z,37.914092,-122.35387,Present,18.0,2025-01-16T20:14:00Z,27.0,CA - Safe Harbor Marina Bay Yacht Harbor,Chaetoceros spp.,11.0,,,Full High Tide,,,,,"We didn't capture photos of the Tripos, they are not on our list of target taxa, but they've been present in our samples due to a bloom near the Golden Gate.",,1.0,1,1,1.0,1,1,,,,
2025-01-16T20:14:00Z,37.914092,-122.35387,Present,18.0,2025-01-16T20:14:00Z,27.0,CA - Safe Harbor Marina Bay Yacht Harbor,Prorocentrum spp.,11.0,,,Full High Tide,,,,,"We didn't capture photos of the Tripos, they are not on our list of target taxa, but they've been present in our samples due to a bloom near the Golden Gate.",,1.0,1,1,1.0,1,1,,,,
2025-01-16T20:14:00Z,37.914092,-122.35387,Present,18.0,2025-01-16T20:14:00Z,27.0,CA - Safe Harbor Marina Bay Yacht Harbor,Tripos furca,11.0,,,Full High Tide,,,,,"We didn't capture photos of the Tripos, they are not on our list of target taxa, but they've been present in our samples due to a bloom near the Golden Gate.",,1.0,1,1,1.0,1,1,,,,
2025-06-26T08:00:00Z,37.914092,-122.35387,Present,16.0,2025-06-26T08:00:00Z,30.0,CA - Safe Harbor Marina Bay Yacht Harbor,Chaetoceros spp.,19.0,,,Outgoing,,,,,also present Heterocapsa,,1.0,1,1,1.0,1,1,,,,
2025-06-26T08:00:00Z,37.914092,-122.35387,Present,16.0,2025-06-26T08:00:00Z,30.0,CA - Safe Harbor Marina Bay Yacht Harbor,Dinophysis spp.,19.0,,,Outgoing,,,,,also present Heterocapsa,,1.0,1,1,1.0,1,1,,,,
2025-02-21T08:00:00Z,40.790763,-124.187894,Present,13.0,2025-02-21T08:00:00Z,25.0,CA - Del Norte Pier,Chaetoceros spp.,13.0,Partly Cloudy,SW,Low,,,0.0,,,2.5,1.0,1,1,1.0,1,1,,,1.0,1.0
2025-02-21T08:00:00Z,40.790763,-124.187894,Present,13.0,2025-02-21T08:00:00Z,25.0,CA - Del Norte Pier,Coscinodiscus spp.,13.0,Partly Cloudy,SW,Low,,,0.0,,,2.5,1.0,1,1,1.0,1,1,,,1.0,1.0
2025-02-21T08:00:00Z,40.790763,-124.187894,Present,13.0,2025-02-21T08:00:00Z,25.0,CA - Del Norte Pier,Prorocentrum spp.,13.0,Partly Cloudy,SW,Low,,,0.0,,,2.5,1.0,1,1,1.0,1,1,,,1.0,1.0
2025-02-21T08:00:00Z,40.790763,-124.187894,Present,13.0,2025-02-21T08:00:00Z,25.0,CA - Del Norte Pier,Tripos furca,13.0,Partly Cloudy,SW,Low,,,0.0,,,2.5,1.0,1,1,1.0,1,1,,,1.0,1.0
2025-02-21T22:00:00Z,40.790763,-124.187894,Present,13.0,2025-02-21T22:00:00Z,25.0,CA - Del Norte Pier,Chaetoceros spp.,13.0,Partly Cloudy,SW,Low,,,0.0,,,2.5,1.0,1,1,1.0,1,1,,,1.0,1.0
2025-02-21T22:00:00Z,40.790763,-124.187894,Present,13.0,2025-02-21T22:00:00Z,25.0,CA - Del Norte Pier,Coscinodiscus spp.,13.0,Partly Cloudy,SW,Low,,,0.0,,,2.5,1.0,1,1,1.0,1,1,,,1.0,1.0
2025-02-21T22:00:00Z,40.790763,-124.187894,Present,13.0,2025-02-21T22:00:00Z,25.0,CA - Del Norte Pier,Prorocentrum spp.,13.0,Partly Cloudy,SW,Low,,,0.0,,,2.5,1.0,1,1,1.0,1,1,,,1.0,1.0
2025-02-21T22:00:00Z,40.790763,-124.187894,Present,13.0,2025-02-21T22:00:00Z,25.0,CA - Del Norte Pier,Tripos furca,13.0,Partly Cloudy,SW,Low,,,0.0,,,2.5,1.0,1,1,1.0,1,1,,,1.0,1.0
2025-03-07T23:49:00Z,40.790763,-124.187894,Present,12.0,2025-03-07T23:49:00Z,31.0,CA - Del Norte Pier,Ceratium spp.,12.0,Sunny,N,Incoming,,,0.0,,Radiolarian<br />Silicoflagellate,7.5,1.0,1,1,1.0,1,1,,,1.0,1.0
2025-03-07T23:49:00Z,40.790763,-124.187894,Present,12.0,2025-03-07T23:49:00Z,31.0,CA - Del Norte Pier,Chaetoceros spp.,12.0,Sunny,N,Incoming,,,0.0,,Radiolarian<br />Silicoflagellate,7.5,1.0,1,1,1.0,1,1,,,1.0,1.0
2025-03-07T23:49:00Z,40.790763,-124.187894,Present,12.0,2025-03-07T23:49:00Z,31.0,CA - Del Norte Pier,Coscinodiscus spp.,12.0,Sunny,N,Incoming,,,0.0,,Radiolarian<br />Silicoflagellate,7.5,1.0,1,1,1.0,1,1,,,1.0,1.0
2025-03-07T23:49:00Z,40.790763,-124.187894,Present,12.0,2025-03-07T23:49:00Z,31.0,CA - Del Norte Pier,Melosira spp.,12.0,Sunny,N,Incoming,,,0.0,,Radiolarian<br />Silicoflagellate,7.5,1.0,1,1,1.0,1,1,,,1.0,1.0
2025-03-07T23:49:00Z,40.790763,-124.187894,Present,12.0,2025-03-07T23:49:00Z,31.0,CA - Del Norte Pier,Odontella spp.,12.0,Sunny,N,Incoming,,,0.0,,Radiolarian<br />Silicoflagellate,7.5,1.0,1,1,1.0,1,1,,,1.0,1.0
2025-03-07T23:49:00Z,40.790763,-124.187894,Present,12.0,2025-03-07T23:49:00Z,31.0,CA - Del Norte Pier,Paralia spp.,12.0,Sunny,N,Incoming,,,0.0,,Radiolarian<br />Silicoflagellate,7.5,1.0,1,1,1.0,1,1,,,1.0,1.0
2025-03-07T23:49:00Z,40.790763,-124.187894,Present,12.0,2025-03-07T23:49:00Z,31.0,CA - Del Norte Pier,Pleurosigma spp.,12.0,Sunny,N,Incoming,,,0.0,,Radiolarian<br />Silicoflagellate,7.5,1.0,1,1,1.0,1,1,,,1.0,1.0
2025-03-07T23:49:00Z,40.790763,-124.187894,Present,12.0,2025-03-07T23:49:00Z,31.0,CA - Del Norte Pier,Tripos furca,12.0,Sunny,N,Incoming,,,0.0,,Radiolarian<br />Silicoflagellate,7.5,1.0,1,1,1.0,1,1,,,1.0,1.0
2025-06-27T17:30:00Z,36.947117,-122.030792,Present,15.0,2025-06-27T17:30:00Z,35.0,CA - Santa Cruz Wharf,Gonyaulax spp.,15.0,Foggy,S,Incoming,,,,,"Boreadinium, Pigeon guillemot, Brown pelican, brandts cormorant. Note for database entry:  pH is not the same as alkalinity. pH = -log[H+] whereas alkalinity measures buffering capacity i.e. reisistence to pH change due to carbonate ions",2.5,1.0,1,1,1.0,1,1,,,,1.0
2025-06-27T17:30:00Z,36.947117,-122.030792,Present,15.0,2025-06-27T17:30:00Z,35.0,CA - Santa Cruz Wharf,Eucampia spp.,15.0,Foggy,S,Incoming,,,,,"Boreadinium, Pigeon guillemot, Brown pelican, brandts cormorant. Note for database entry:  pH is not the same as alkalinity. pH = -log[H+] whereas alkalinity measures buffering capacity i.e. reisistence to pH change due to carbonate ions",2.5,1.0,1,1,1.0,1,1,,,,1.0
2025-06-27T17:30:00Z,36.947117,-122.030792,Present,15.0,2025-06-27T17:30:00Z,35.0,CA - Santa Cruz Wharf,Ditylum spp.,15.0,Foggy,S,Incoming,,,,,"Boreadinium, Pigeon guillemot, Brown pelican, brandts cormorant. Note for database entry:  pH is not the same as alkalinity. pH = -log[H+] whereas alkalinity measures buffering capacity i.e. reisistence to pH change due to carbonate ions",2.5,1.0,1,1,1.0,1,1,,,,1.0
2025-06-27T17:30:00Z,36.947117,-122.030792,Present,15.0,2025-06-27T17:30:00Z,35.0,CA - Santa Cruz Wharf,Detonula spp.,15.0,Foggy,S,Incoming,,,,,"Boreadinium, Pigeon guillemot, Brown pelican, brandts cormorant. Note for database entry:  pH is not the same as alkalinity. pH = -log[H+] whereas alkalinity measures buffering capacity i.e. reisistence to pH change due to carbonate ions",2.5,1.0,1,1,1.0,1,1,,,,1.0
2025-06-27T17:30:00Z,36.947117,-122.030792,Present,15.0,2025-06-27T17:30:00Z,35.0,CA - Santa Cruz Wharf,Coscinodiscus spp.,15.0,Foggy,S,Incoming,,,,,"Boreadinium, Pigeon guillemot, Brown pelican, brandts cormorant. Note for database entry:  pH is not the same as alkalinity. pH = -log[H+] whereas alkalinity measures buffering capacity i.e. reisistence to pH change due to carbonate ions",2.5,1.0,1,1,1.0,1,1,,,,1.0
2025-06-27T17:30:00Z,36.947117,-122.030792,Present,15.0,2025-06-27T17:30:00Z,35.0,CA - Santa Cruz Wharf,Asteromphalus,15.0,Foggy,S,Incoming,,,,,"Boreadinium, Pigeon guillemot, Brown pelican, brandts cormorant. Note for database entry:  pH is not the same as alkalinity. pH = -log[H+] whereas alkalinity measures buffering capacity i.e. reisistence to pH change due to carbonate ions",2.5,1.0,1,1,1.0,1,1,,,,1.0
2025-06-27T17:30:00Z,36.947117,-122.030792,Present,15.0,2025-06-27T17:30:00Z,35.0,CA - Santa Cruz Wharf,Asterionellopsis spp.,15.0,Foggy,S,Incoming,,,,,"Boreadinium, Pigeon guillemot, Brown pelican, brandts cormorant. Note for database entry:  pH is not the same as alkalinity. pH = -log[H+] whereas alkalinity measures buffering capacity i.e. reisistence to pH change due to carbonate ions",2.5,1.0,1,1,1.0,1,1,,,,1.0
2025-06-27T17:30:00Z,36.947117,-122.030792,Present,15.0,2025-06-27T17:30:00Z,35.0,CA - Santa Cruz Wharf,Tripos furca,15.0,Foggy,S,Incoming,,,,,"Boreadinium, Pigeon guillemot, Brown pelican, brandts cormorant. Note for database entry:  pH is not the same as alkalinity. pH = -log[H+] whereas alkalinity measures buffering capacity i.e. reisistence to pH change due to carbonate ions",2.5,1.0,1,1,1.0,1,1,,,,1.0
2025-06-27T17:30:00Z,36.947117,-122.030792,Present,15.0,2025-06-27T17:30:00Z,35.0,CA - Santa Cruz Wharf,Guinardia spp.,15.0,Foggy,S,Incoming,,,,,"Boreadinium, Pigeon guillemot, Brown pelican, brandts cormorant. Note for database entry:  pH is not the same as alkalinity. pH = -log[H+] whereas alkalinity measures buffering capacity i.e. reisistence to pH change due to carbonate ions",2.5,1.0,1,1,1.0,1,1,,,,1.0
2025-06-27T17:30:00Z,36.947117,-122.030792,Present,15.0,2025-06-27T17:30:00Z,35.0,CA - Santa Cruz Wharf,Chaetoceros spp.,15.0,Foggy,S,Incoming,,,,,"Boreadinium, Pigeon guillemot, Brown pelican, brandts cormorant. Note for database entry:  pH is not the same as alkalinity. pH = -log[H+] whereas alkalinity measures buffering capacity i.e. reisistence to pH change due to carbonate ions",2.5,1.0,1,1,1.0,1,1,,,,1.0
2025-06-27T17:30:00Z,36.947117,-122.030792,Present,15.0,2025-06-27T17:30:00Z,35.0,CA - Santa Cruz Wharf,Dinophysis spp.,15.0,Foggy,S,Incoming,,,,,"Boreadinium, Pigeon guillemot, Brown pelican, brandts cormorant. Note for database entry:  pH is not the same as alkalinity. pH = -log[H+] whereas alkalinity measures buffering capacity i.e. reisistence to pH change due to carbonate ions",2.5,1.0,1,1,1.0,1,1,,,,1.0
2025-06-27T17:30:00Z,36.947117,-122.030792,Present,15.0,2025-06-27T17:30:00Z,35.0,CA - Santa Cruz Wharf,Prorocentrum spp.,15.0,Foggy,S,Incoming,,,,,"Boreadinium, Pigeon guillemot, Brown pelican, brandts cormorant. Note for database entry:  pH is not the same as alkalinity. pH = -log[H+] whereas alkalinity measures buffering capacity i.e. reisistence to pH change due to carbonate ions",2.5,1.0,1,1,1.0,1,1,,,,1.0
2025-06-27T17:30:00Z,36.947117,-122.030792,Present,15.0,2025-06-27T17:30:00Z,35.0,CA - Santa Cruz Wharf,Pseudo-nitzschia spp.,15.0,Foggy,S,Incoming,,,,,"Boreadinium, Pigeon guillemot, Brown pelican, brandts cormorant. Note for database entry:  pH is not the same as alkalinity. pH = -log[H+] whereas alkalinity measures buffering capacity i.e. reisistence to pH change due to carbonate ions",2.5,1.0,1,1,1.0,1,1,,,,1.0
2025-06-27T17:30:00Z,36.947117,-122.030792,Present,15.0,2025-06-27T17:30:00Z,35.0,CA - Santa Cruz Wharf,Thalassiosira spp.,15.0,Foggy,S,Incoming,,,,,"Boreadinium, Pigeon guillemot, Brown pelican, brandts cormorant. Note for database entry:  pH is not the same as alkalinity. pH = -log[H+] whereas alkalinity measures buffering capacity i.e. reisistence to pH change due to carbonate ions",2.5,1.0,1,1,1.0,1,1,,,,1.0
2025-06-27T17:30:00Z,36.947117,-122.030792,Present,15.0,2025-06-27T17:30:00Z,35.0,CA - Santa Cruz Wharf,Tropidoneis spp.,15.0,Foggy,S,Incoming,,,,,"Boreadinium, Pigeon guillemot, Brown pelican, brandts cormorant. Note for database entry:  pH is not the same as alkalinity. pH = -log[H+] whereas alkalinity measures buffering capacity i.e. reisistence to pH change due to carbonate ions",2.5,1.0,1,1,1.0,1,1,,,,1.0
2025-06-27T17:30:00Z,36.947117,-122.030792,Present,15.0,2025-06-27T17:30:00Z,35.0,CA - Santa Cruz Wharf,Akashiwo sanguinea,15.0,Foggy,S,Incoming,,,,,"Boreadinium, Pigeon guillemot, Brown pelican, brandts cormorant. Note for database entry:  pH is not the same as alkalinity. pH = -log[H+] whereas alkalinity measures buffering capacity i.e. reisistence to pH change due to carbonate ions",2.5,1.0,1,1,1.0,1,1,,,,1.0
2025-06-27T17:30:00Z,36.947117,-122.030792,Present,15.0,2025-06-27T17:30:00Z,35.0,CA - Santa Cruz Wharf,Gyrodinium spp.,15.0,Foggy,S,Incoming,,,,,"Boreadinium, Pigeon guillemot, Brown pelican, brandts cormorant. Note for database entry:  pH is not the same as alkalinity. pH = -log[H+] whereas alkalinity measures buffering capacity i.e. reisistence to pH change due to carbonate ions",2.5,1.0,1,1,1.0,1,1,,,,1.0
2025-06-27T17:30:00Z,36.947117,-122.030792,Present,15.0,2025-06-27T17:30:00Z,35.0,CA - Santa Cruz Wharf,Thalassionema spp.,15.0,Foggy,S,Incoming,,,,,"Boreadinium, Pigeon guillemot, Brown pelican, brandts cormorant. Note for database entry:  pH is not the same as alkalinity. pH = -log[H+] whereas alkalinity measures buffering capacity i.e. reisistence to pH change due to carbonate ions",2.5,1.0,1,1,1.0,1,1,,,,1.0
2025-06-27T17:30:00Z,36.947117,-122.030792,Present,15.0,2025-06-27T17:30:00Z,35.0,CA - Santa Cruz Wharf,Leptocylindrus spp.,15.0,Foggy,S,Incoming,,,,,"Boreadinium, Pigeon guillemot, Brown pelican, brandts cormorant. Note for database entry:  pH is not the same as alkalinity. pH = -log[H+] whereas alkalinity measures buffering capacity i.e. reisistence to pH change due to carbonate ions",2.5,1.0,1,1,1.0,1,1,,,,1.0
2025-06-27T17:30:00Z,36.947117,-122.030792,Present,15.0,2025-06-27T17:30:00Z,35.0,CA - Santa Cruz Wharf,Odontella spp.,15.0,Foggy,S,Incoming,,,,,"Boreadinium, Pigeon guillemot, Brown pelican, brandts cormorant. Note for database entry:  pH is not the same as alkalinity. pH = -log[H+] whereas alkalinity measures buffering capacity i.e. reisistence to pH change due to carbonate ions",2.5,1.0,1,1,1.0,1,1,,,,1.0
2025-06-27T17:30:00Z,36.947117,-122.030792,Present,15.0,2025-06-27T17:30:00Z,35.0,CA - Santa Cruz Wharf,Paralia spp.,15.0,Foggy,S,Incoming,,,,,"Boreadinium, Pigeon guillemot, Brown pelican, brandts cormorant. Note for database entry:  pH is not the same as alkalinity. pH = -log[H+] whereas alkalinity measures buffering capacity i.e. reisistence to pH change due to carbonate ions",2.5,1.0,1,1,1.0,1,1,,,,1.0
2025-06-27T17:30:00Z,36.947117,-122.030792,Present,15.0,2025-06-27T17:30:00Z,35.0,CA - Santa Cruz Wharf,Pleurosigma spp.,15.0,Foggy,S,Incoming,,,,,"Boreadinium, Pigeon guillemot, Brown pelican, brandts cormorant. Note for database entry:  pH is not the same as alkalinity. pH = -log[H+] whereas alkalinity measures buffering capacity i.e. reisistence to pH change due to carbonate ions",2.5,1.0,1,1,1.0,1,1,,,,1.0
2025-06-27T17:30:00Z,36.947117,-122.030792,Present,15.0,2025-06-27T17:30:00Z,35.0,CA - Santa Cruz Wharf,Stephanopyxis spp.,15.0,Foggy,S,Incoming,,,,,"Boreadinium, Pigeon guillemot, Brown pelican, brandts cormorant. Note for database entry:  pH is not the same as alkalinity. pH = -log[H+] whereas alkalinity measures buffering capacity i.e. reisistence to pH change due to carbonate ions",2.5,1.0,1,1,1.0,1,1,,,,1.0
2025-06-27T17:30:00Z,36.947117,-122.030792,Present,15.0,2025-06-27T17:30:00Z,35.0,CA - Santa Cruz Wharf,Rhizosolenia spp.,15.0,Foggy,S,Incoming,,,,,"Boreadinium, Pigeon guillemot, Brown pelican, brandts cormorant. Note for database entry:  pH is not the same as alkalinity. pH = -log[H+] whereas alkalinity measures buffering capacity i.e. reisistence to pH change due to carbonate ions",2.5,1.0,1,1,1.0,1,1,,,,1.0
2025-06-27T17:30:00Z,36.947117,-122.030792,Present,15.0,2025-06-27T17:30:00Z,35.0,CA - Santa Cruz Wharf,Protoperidinium spp.,15.0,Foggy,S,Incoming,,,,,"Boreadinium, Pigeon guillemot, Brown pelican, brandts cormorant. Note for database entry:  pH is not the same as alkalinity. pH = -log[H+] whereas alkalinity measures buffering capacity i.e. reisistence to pH change due to carbonate ions",2.5,1.0,1,1,1.0,1,1,,,,1.0
2025-06-27T17:30:00Z,36.947117,-122.030792,Present,15.0,2025-06-27T17:30:00Z,35.0,CA - Santa Cruz Wharf,Proboscia spp.,15.0,Foggy,S,Incoming,,,,,"Boreadinium, Pigeon guillemot, Brown pelican, brandts cormorant. Note for database entry:  pH is not the same as alkalinity. pH = -log[H+] whereas alkalinity measures buffering capacity i.e. reisistence to pH change due to carbonate ions",2.5,1.0,1,1,1.0,1,1,,,,1.0
2025-06-27T17:30:00Z,36.947117,-122.030792,Present,15.0,2025-06-27T17:30:00Z,35.0,CA - Santa Cruz Wharf,Polykrikos spp.,15.0,Foggy,S,Incoming,,,,,"Boreadinium, Pigeon guillemot, Brown pelican, brandts cormorant. Note for database entry:  pH is not the same as alkalinity. pH = -log[H+] whereas alkalinity measures buffering capacity i.e. reisistence to pH change due to carbonate ions",2.5,1.0,1,1,1.0,1,1,,,,1.0
2025-09-26T23:30:00Z,37.914092,-122.35387,Present,18.0,2025-09-26T23:30:00Z,33.0,CA - Safe Harbor Marina Bay Yacht Harbor,Akashiwo sanguinea,21.0,,,High,,,,,,,1.0,1,1,1.0,1,1,,,,
2025-09-26T23:30:00Z,37.914092,-122.35387,Present,18.0,2025-09-26T23:30:00Z,33.0,CA - Safe Harbor Marina Bay Yacht Harbor,Prorocentrum spp.,21.0,,,High,,,,,,,1.0,1,1,1.0,1,1,,,,
2025-09-26T23:30:00Z,37.914092,-122.35387,Present,18.0,2025-09-26T23:30:00Z,33.0,CA - Safe Harbor Marina Bay Yacht Harbor,Pseudo-nitzschia spp.,21.0,,,High,,,,,,,1.0,1,1,1.0,1,1,,,,
2025-09-26T23:30:00Z,37.914092,-122.35387,Present,18.0,2025-09-26T23:30:00Z,33.0,CA - Safe Harbor Marina Bay Yacht Harbor,Chaetoceros spp.,21.0,,,High,,,,,,,1.0,1,1,1.0,1,1,,,,
2025-10-01T18:45:00Z,36.96396,-122.00256,Present,20.0,2025-10-01T18:45:00Z,34.0,"CA - CA947, Santa Cruz Harbor",Akashiwo sanguinea,18.0,Partly Cloudy,S,Outgoing,,,,,,2.5,1.0,1,1,1.0,1,1,,,,1.0
2025-10-01T18:45:00Z,36.96396,-122.00256,Present,20.0,2025-10-01T18:45:00Z,34.0,"CA - CA947, Santa Cruz Harbor",Prorocentrum spp.,18.0,Partly Cloudy,S,Outgoing,,,,,,2.5,1.0,1,1,1.0,1,1,,,,1.0
2025-11-07T17:45:00Z,36.958676,-122.018278,Present,15.0,2025-11-07T17:45:00Z,34.0,CA - Santa Cruz wharf,Protoperidinium spp.,15.0,Sunny,S,Incoming,,,,,"Noctiluca, Isthmia, Boreadinium. Lots of silt with king tide swells. Western grebe, double creasted cormorant.",2.5,1.0,4,4,1.0,4,1,,,,1.0
2025-11-07T17:45:00Z,36.958676,-122.018278,Present,15.0,2025-11-07T17:45:00Z,34.0,CA - Santa Cruz wharf,Dinophysis spp.,15.0,Sunny,S,Incoming,,,,,"Noctiluca, Isthmia, Boreadinium. Lots of silt with king tide swells. Western grebe, double creasted cormorant.",2.5,1.0,4,4,1.0,4,1,,,,1.0
2025-11-07T17:45:00Z,36.958676,-122.018278,Present,15.0,2025-11-07T17:45:00Z,34.0,CA - Santa Cruz wharf,Prorocentrum spp.,15.0,Sunny,S,Incoming,,,,,"Noctiluca, Isthmia, Boreadinium. Lots of silt with king tide swells. Western grebe, double creasted cormorant.",2.5,1.0,4,4,1.0,4,1,,,,1.0
2025-11-07T17:45:00Z,36.958676,-122.018278,Present,15.0,2025-11-07T17:45:00Z,34.0,CA - Santa Cruz wharf,Pseudo-nitzschia spp.,15.0,Sunny,S,Incoming,,,,,"Noctiluca, Isthmia, Boreadinium. Lots of silt with king tide swells. Western grebe, double creasted cormorant.",2.5,1.0,4,4,1.0,4,1,,,,1.0
2025-11-07T17:45:00Z,36.958676,-122.018278,Present,15.0,2025-11-07T17:45:00Z,34.0,CA - Santa Cruz wharf,Thalassiosira spp.,15.0,Sunny,S,Incoming,,,,,"Noctiluca, Isthmia, Boreadinium. Lots of silt with king tide swells. Western grebe, double creasted cormorant.",2.5,1.0,4,4,1.0,4,1,,,,1.0
2025-11-07T17:45:00Z,36.958676,-122.018278,Present,15.0,2025-11-07T17:45:00Z,34.0,CA - Santa Cruz wharf,Actinoptychus spp.,15.0,Sunny,S,Incoming,,,,,"Noctiluca, Isthmia, Boreadinium. Lots of silt with king tide swells. Western grebe, double creasted cormorant.",2.5,1.0,4,4,1.0,4,1,,,,1.0
2025-11-07T17:45:00Z,36.958676,-122.018278,Present,15.0,2025-11-07T17:45:00Z,34.0,CA - Santa Cruz wharf,Coscinodiscus spp.,15.0,Sunny,S,Incoming,,,,,"Noctiluca, Isthmia, Boreadinium. Lots of silt with king tide swells. Western grebe, double creasted cormorant.",2.5,1.0,4,4,1.0,4,1,,,,1.0
2025-11-07T17:45:00Z,36.958676,-122.018278,Present,15.0,2025-11-07T17:45:00Z,34.0,CA - Santa Cruz wharf,Cylindrotheca spp.,15.0,Sunny,S,Incoming,,,,,"Noctiluca, Isthmia, Boreadinium. Lots of silt with king tide swells. Western grebe, double creasted cormorant.",2.5,1.0,4,4,1.0,4,1,,,,1.0
2025-11-07T17:45:00Z,36.958676,-122.018278,Present,15.0,2025-11-07T17:45:00Z,34.0,CA - Santa Cruz wharf,Guinardia spp.,15.0,Sunny,S,Incoming,,,,,"Noctiluca, Isthmia, Boreadinium. Lots of silt with king tide swells. Western grebe, double creasted cormorant.",2.5,1.0,4,4,1.0,4,1,,,,1.0
2025-11-07T17:45:00Z,36.958676,-122.018278,Present,15.0,2025-11-07T17:45:00Z,34.0,CA - Santa Cruz wharf,Lauderia spp.,15.0,Sunny,S,Incoming,,,,,"Noctiluca, Isthmia, Boreadinium. Lots of silt with king tide swells. Western grebe, double creasted cormorant.",2.5,1.0,4,4,1.0,4,1,,,,1.0
2025-11-07T17:45:00Z,36.958676,-122.018278,Present,15.0,2025-11-07T17:45:00Z,34.0,CA - Santa Cruz wharf,Chaetoceros spp.,15.0,Sunny,S,Incoming,,,,,"Noctiluca, Isthmia, Boreadinium. Lots of silt with king tide swells. Western grebe, double creasted cormorant.",2.5,1.0,4,4,1.0,4,1,,,,1.0
2025-11-07T17:45:00Z,36.958676,-122.018278,Present,15.0,2025-11-07T17:45:00Z,34.0,CA - Santa Cruz wharf,Leptocylindrus spp.,15.0,Sunny,S,Incoming,,,,,"Noctiluca, Isthmia, Boreadinium. Lots of silt with king tide swells. Western grebe, double creasted cormorant.",2.5,1.0,4,4,1.0,4,1,,,,1.0
2025-11-07T17:45:00Z,36.958676,-122.018278,Present,15.0,2025-11-07T17:45:00Z,34.0,CA - Santa Cruz wharf,Odontella spp.,15.0,Sunny,S,Incoming,,,,,"Noctiluca, Isthmia, Boreadinium. Lots of silt with king tide swells. Western grebe, double creasted cormorant.",2.5,1.0,4,4,1.0,4,1,,,,1.0
2025-11-07T17:45:00Z,36.958676,-122.018278,Present,15.0,2025-11-07T17:45:00Z,34.0,CA - Santa Cruz wharf,Pleurosigma spp.,15.0,Sunny,S,Incoming,,,,,"Noctiluca, Isthmia, Boreadinium. Lots of silt with king tide swells. Western grebe, double creasted cormorant.",2.5,1.0,4,4,1.0,4,1,,,,1.0
2025-11-07T17:45:00Z,36.958676,-122.018278,Present,15.0,2025-11-07T17:45:00Z,34.0,CA - Santa Cruz wharf,Triceratium spp.,15.0,Sunny,S,Incoming,,,,,"Noctiluca, Isthmia, Boreadinium. Lots of silt with king tide swells. Western grebe, double creasted cormorant.",2.5,1.0,4,4,1.0,4,1,,,,1.0
2025-11-07T17:45:00Z,36.958676,-122.018278,Present,15.0,2025-11-07T17:45:00Z,34.0,CA - Santa Cruz wharf,Thalassionema spp.,15.0,Sunny,S,Incoming,,,,,"Noctiluca, Isthmia, Boreadinium. Lots of silt with king tide swells. Western grebe, double creasted cormorant.",2.5,1.0,4,4,1.0,4,1,,,,1.0
2025-11-07T17:45:00Z,36.958676,-122.018278,Present,15.0,2025-11-07T17:45:00Z,34.0,CA - Santa Cruz wharf,Skeletonema spp.,15.0,Sunny,S,Incoming,,,,,"Noctiluca, Isthmia, Boreadinium. Lots of silt with king tide swells. Western grebe, double creasted cormorant.",2.5,1.0,4,4,1.0,4,1,,,,1.0
2025-11-07T17:45:00Z,36.958676,-122.018278,Present,15.0,2025-11-07T17:45:00Z,34.0,CA - Santa Cruz wharf,Rhizosolenia spp.,15.0,Sunny,S,Incoming,,,,,"Noctiluca, Isthmia, Boreadinium. Lots of silt with king tide swells. Western grebe, double creasted cormorant.",2.5,1.0,4,4,1.0,4,1,,,,1.0
2025-11-07T17:45:00Z,36.958676,-122.018278,Present,15.0,2025-11-07T17:45:00Z,34.0,CA - Santa Cruz wharf,Gyrodinium spp.,15.0,Sunny,S,Incoming,,,,,"Noctiluca, Isthmia, Boreadinium. Lots of silt with king tide swells. Western grebe, double creasted cormorant.",2.5,1.0,4,4,1.0,4,1,,,,1.0
2025-11-07T17:45:00Z,36.958676,-122.018278,Present,15.0,2025-11-07T17:45:00Z,34.0,CA - Santa Cruz wharf,Tripos furca,15.0,Sunny,S,Incoming,,,,,"Noctiluca, Isthmia, Boreadinium. Lots of silt with king tide swells. Western grebe, double creasted cormorant.",2.5,1.0,4,4,1.0,4,1,,,,1.0
2025-11-07T17:45:00Z,36.958676,-122.018278,Present,15.0,2025-11-07T17:45:00Z,34.0,CA - Santa Cruz wharf,Polykrikos spp.,15.0,Sunny,S,Incoming,,,,,"Noctiluca, Isthmia, Boreadinium. Lots of silt with king tide swells. Western grebe, double creasted cormorant.",2.5,1.0,4,4,1.0,4,1,,,,1.0
2025-11-07T17:45:00Z,36.958676,-122.018278,Present,15.0,2025-11-07T17:45:00Z,34.0,CA - Santa Cruz wharf,Akashiwo sanguinea,15.0,Sunny,S,Incoming,,,,,"Noctiluca, Isthmia, Boreadinium. Lots of silt with king tide swells. Western grebe, double creasted cormorant.",2.5,1.0,4,4,1.0,4,1,,,,1.0
2025-11-07T17:45:00Z,36.958676,-122.018278,Present,15.0,2025-11-07T17:45:00Z,34.0,CA - Santa Cruz wharf,Alexandrium spp.,15.0,Sunny,S,Incoming,,,,,"Noctiluca, Isthmia, Boreadinium. Lots of silt with king tide swells. Western grebe, double creasted cormorant.",2.5,1.0,4,4,1.0,4,1,,,,1.0
2025-11-21T16:45:00Z,37.808718,-122.440152,Present,13.0,2025-11-21T16:45:00Z,31.0,CA - Wave Organ,Coscinodiscus spp.,14.0,Sunny,E,Incoming,,,,,,2.5,1.0,1,1,1.0,1,1,,,,1.0
2025-11-21T16:45:00Z,37.808718,-122.440152,Present,13.0,2025-11-21T16:45:00Z,31.0,CA - Wave Organ,Tripos fusus,14.0,Sunny,E,Incoming,,,,,,2.5,1.0,1,1,1.0,1,1,,,,1.0
2025-11-21T16:45:00Z,37.808718,-122.440152,Present,13.0,2025-11-21T16:45:00Z,31.0,CA - Wave Organ,Dinophysis spp.,14.0,Sunny,E,Incoming,,,,,,2.5,1.0,1,1,1.0,1,1,,,,1.0
2025-11-21T16:45:00Z,37.808718,-122.440152,Present,13.0,2025-11-21T16:45:00Z,31.0,CA - Wave Organ,Prorocentrum spp.,14.0,Sunny,E,Incoming,,,,,,2.5,1.0,1,1,1.0,1,1,,,,1.0
2025-11-21T16:45:00Z,37.808718,-122.440152,Present,13.0,2025-11-21T16:45:00Z,31.0,CA - Wave Organ,Actinoptychus spp.,14.0,Sunny,E,Incoming,,,,,,2.5,1.0,1,1,1.0,1,1,,,,1.0
2025-11-21T16:45:00Z,37.808718,-122.440152,Present,13.0,2025-11-21T16:45:00Z,31.0,CA - Wave Organ,Skeletonema spp.,14.0,Sunny,E,Incoming,,,,,,2.5,1.0,1,1,1.0,1,1,,,,1.0
2025-11-21T16:45:00Z,37.808718,-122.440152,Present,13.0,2025-11-21T16:45:00Z,31.0,CA - Wave Organ,Pleurosigma spp.,14.0,Sunny,E,Incoming,,,,,,2.5,1.0,1,1,1.0,1,1,,,,1.0
2025-11-21T16:45:00Z,37.808718,-122.440152,Present,13.0,2025-11-21T16:45:00Z,31.0,CA - Wave Organ,Ditylum spp.,14.0,Sunny,E,Incoming,,,,,,2.5,1.0,1,1,1.0,1,1,,,,1.0
2025-11-21T20:15:00Z,37.914092,-122.35387,Present,16.0,2025-11-21T20:15:00Z,29.0,CA - Safe Harbor Marina Bay Yacht Harbor,Chaetoceros spp.,15.0,Sunny,,Outgoing,,,,,,,1.0,1,1,1.0,1,1,,,,
2025-11-22T18:15:00Z,36.958676,-122.018278,Present,13.0,2025-11-22T18:15:00Z,34.0,CA - Santa Cruz wharf,Akashiwo sanguinea,13.0,Sunny,S,Full High Tide,,,,,"Very few palnkton - mainly detritus and fecal pellets. Istmia. Pelagic cormorant, double crested cormorant, western grebe.",2.5,1.0,4,4,1.0,4,1,,,,1.0
2025-11-22T18:15:00Z,36.958676,-122.018278,Present,13.0,2025-11-22T18:15:00Z,34.0,CA - Santa Cruz wharf,Pleurosigma spp.,13.0,Sunny,S,Full High Tide,,,,,"Very few palnkton - mainly detritus and fecal pellets. Istmia. Pelagic cormorant, double crested cormorant, western grebe.",2.5,1.0,4,4,1.0,4,1,,,,1.0
2025-11-22T18:15:00Z,36.958676,-122.018278,Present,13.0,2025-11-22T18:15:00Z,34.0,CA - Santa Cruz wharf,Paralia spp.,13.0,Sunny,S,Full High Tide,,,,,"Very few palnkton - mainly detritus and fecal pellets. Istmia. Pelagic cormorant, double crested cormorant, western grebe.",2.5,1.0,4,4,1.0,4,1,,,,1.0
2025-11-22T18:15:00Z,36.958676,-122.018278,Present,13.0,2025-11-22T18:15:00Z,34.0,CA - Santa Cruz wharf,Dictyocha spp.,13.0,Sunny,S,Full High Tide,,,,,"Very few palnkton - mainly detritus and fecal pellets. Istmia. Pelagic cormorant, double crested cormorant, western grebe.",2.5,1.0,4,4,1.0,4,1,,,,1.0
2025-11-22T18:15:00Z,36.958676,-122.018278,Present,13.0,2025-11-22T18:15:00Z,34.0,CA - Santa Cruz wharf,Coscinodiscus spp.,13.0,Sunny,S,Full High Tide,,,,,"Very few palnkton - mainly detritus and fecal pellets. Istmia. Pelagic cormorant, double crested cormorant, western grebe.",2.5,1.0,4,4,1.0,4,1,,,,1.0
2025-11-22T18:15:00Z,36.958676,-122.018278,Present,13.0,2025-11-22T18:15:00Z,34.0,CA - Santa Cruz wharf,Prorocentrum spp.,13.0,Sunny,S,Full High Tide,,,,,"Very few palnkton - mainly detritus and fecal pellets. Istmia. Pelagic cormorant, double crested cormorant, western grebe.",2.5,1.0,4,4,1.0,4,1,,,,1.0
2025-11-22T18:15:00Z,36.958676,-122.018278,Present,13.0,2025-11-22T18:15:00Z,34.0,CA - Santa Cruz wharf,Protoperidinium spp.,13.0,Sunny,S,Full High Tide,,,,,"Very few palnkton - mainly detritus and fecal pellets. Istmia. Pelagic cormorant, double crested cormorant, western grebe.",2.5,1.0,4,4,1.0,4,1,,,,1.0
2025-11-22T18:15:00Z,36.958676,-122.018278,Present,13.0,2025-11-22T18:15:00Z,34.0,CA - Santa Cruz wharf,Tripos furca,13.0,Sunny,S,Full High Tide,,,,,"Very few palnkton - mainly detritus and fecal pellets. Istmia. Pelagic cormorant, double crested cormorant, western grebe.",2.5,1.0,4,4,1.0,4,1,,,,1.0
2025-11-22T23:00:00Z,37.5,-122.45,Present,18.0,2025-11-22T23:00:00Z,37.0,CA - Pillar Point,Biddulphia spp.,15.0,Sunny,N,Outgoing,,,,,"Quiet sample, with very few Dinos.  Rare to see pennates as dominant.  Lots of dead or half-eaten diatoms.",7.5,1.0,1,1,1.0,1,1,,,,1.0
2025-11-22T23:00:00Z,37.5,-122.45,Present,18.0,2025-11-22T23:00:00Z,37.0,CA - Pillar Point,Bacillaria spp.,15.0,Sunny,N,Outgoing,,,,,"Quiet sample, with very few Dinos.  Rare to see pennates as dominant.  Lots of dead or half-eaten diatoms.",7.5,1.0,1,1,1.0,1,1,,,,1.0
2025-11-22T23:00:00Z,37.5,-122.45,Present,18.0,2025-11-22T23:00:00Z,37.0,CA - Pillar Point,Asteromphalus,15.0,Sunny,N,Outgoing,,,,,"Quiet sample, with very few Dinos.  Rare to see pennates as dominant.  Lots of dead or half-eaten diatoms.",7.5,1.0,1,1,1.0,1,1,,,,1.0
2025-11-22T23:00:00Z,37.5,-122.45,Present,18.0,2025-11-22T23:00:00Z,37.0,CA - Pillar Point,Actinoptychus spp.,15.0,Sunny,N,Outgoing,,,,,"Quiet sample, with very few Dinos.  Rare to see pennates as dominant.  Lots of dead or half-eaten diatoms.",7.5,1.0,1,1,1.0,1,1,,,,1.0
2025-11-22T23:00:00Z,37.5,-122.45,Present,18.0,2025-11-22T23:00:00Z,37.0,CA - Pillar Point,Pseudo-nitzschia spp.,15.0,Sunny,N,Outgoing,,,,,"Quiet sample, with very few Dinos.  Rare to see pennates as dominant.  Lots of dead or half-eaten diatoms.",7.5,1.0,1,1,1.0,1,1,,,,1.0
2025-11-22T23:00:00Z,37.5,-122.45,Present,18.0,2025-11-22T23:00:00Z,37.0,CA - Pillar Point,Thalassiosira spp.,15.0,Sunny,N,Outgoing,,,,,"Quiet sample, with very few Dinos.  Rare to see pennates as dominant.  Lots of dead or half-eaten diatoms.",7.5,1.0,1,1,1.0,1,1,,,,1.0
2025-11-22T23:00:00Z,37.5,-122.45,Present,18.0,2025-11-22T23:00:00Z,37.0,CA - Pillar Point,Prorocentrum spp.,15.0,Sunny,N,Outgoing,,,,,"Quiet sample, with very few Dinos.  Rare to see pennates as dominant.  Lots of dead or half-eaten diatoms.",7.5,1.0,1,1,1.0,1,1,,,,1.0
2025-11-22T23:00:00Z,37.5,-122.45,Present,18.0,2025-11-22T23:00:00Z,37.0,CA - Pillar Point,Chaetoceros spp.,15.0,Sunny,N,Outgoing,,,,,"Quiet sample, with very few Dinos.  Rare to see pennates as dominant.  Lots of dead or half-eaten diatoms.",7.5,1.0,1,1,1.0,1,1,,,,1.0
2025-11-22T23:00:00Z,37.5,-122.45,Present,18.0,2025-11-22T23:00:00Z,37.0,CA - Pillar Point,Coscinodiscus spp.,15.0,Sunny,N,Outgoing,,,,,"Quiet sample, with very few Dinos.  Rare to see pennates as dominant.  Lots of dead or half-eaten diatoms.",7.5,1.0,1,1,1.0,1,1,,,,1.0
2025-11-22T23:00:00Z,37.5,-122.45,Present,18.0,2025-11-22T23:00:00Z,37.0,CA - Pillar Point,Achnanthes spp.,15.0,Sunny,N,Outgoing,,,,,"Quiet sample, with very few Dinos.  Rare to see pennates as dominant.  Lots of dead or half-eaten diatoms.",7.5,1.0,1,1,1.0,1,1,,,,1.0
2025-11-22T23:00:00Z,37.5,-122.45,Present,18.0,2025-11-22T23:00:00Z,37.0,CA - Pillar Point,Cylindrotheca spp.,15.0,Sunny,N,Outgoing,,,,,"Quiet sample, with very few Dinos.  Rare to see pennates as dominant.  Lots of dead or half-eaten diatoms.",7.5,1.0,1,1,1.0,1,1,,,,1.0
2025-11-22T23:00:00Z,37.5,-122.45,Present,18.0,2025-11-22T23:00:00Z,37.0,CA - Pillar Point,Skeletonema spp.,15.0,Sunny,N,Outgoing,,,,,"Quiet sample, with very few Dinos.  Rare to see pennates as dominant.  Lots of dead or half-eaten diatoms.",7.5,1.0,1,1,1.0,1,1,,,,1.0
2025-11-22T23:00:00Z,37.5,-122.45,Present,18.0,2025-11-22T23:00:00Z,37.0,CA - Pillar Point,Ditylum spp.,15.0,Sunny,N,Outgoing,,,,,"Quiet sample, with very few Dinos.  Rare to see pennates as dominant.  Lots of dead or half-eaten diatoms.",7.5,1.0,1,1,1.0,1,1,,,,1.0
2025-11-22T23:00:00Z,37.5,-122.45,Present,18.0,2025-11-22T23:00:00Z,37.0,CA - Pillar Point,Melosira spp.,15.0,Sunny,N,Outgoing,,,,,"Quiet sample, with very few Dinos.  Rare to see pennates as dominant.  Lots of dead or half-eaten diatoms.",7.5,1.0,1,1,1.0,1,1,,,,1.0
2025-11-22T23:00:00Z,37.5,-122.45,Present,18.0,2025-11-22T23:00:00Z,37.0,CA - Pillar Point,Navicula spp.,15.0,Sunny,N,Outgoing,,,,,"Quiet sample, with very few Dinos.  Rare to see pennates as dominant.  Lots of dead or half-eaten diatoms.",7.5,1.0,1,1,1.0,1,1,,,,1.0
2025-11-22T23:00:00Z,37.5,-122.45,Present,18.0,2025-11-22T23:00:00Z,37.0,CA - Pillar Point,Odontella spp.,15.0,Sunny,N,Outgoing,,,,,"Quiet sample, with very few Dinos.  Rare to see pennates as dominant.  Lots of dead or half-eaten diatoms.",7.5,1.0,1,1,1.0,1,1,,,,1.0
2025-11-22T23:00:00Z,37.5,-122.45,Present,18.0,2025-11-22T23:00:00Z,37.0,CA - Pillar Point,Paralia spp.,15.0,Sunny,N,Outgoing,,,,,"Quiet sample, with very few Dinos.  Rare to see pennates as dominant.  Lots of dead or half-eaten diatoms.",7.5,1.0,1,1,1.0,1,1,,,,1.0
2025-11-22T23:00:00Z,37.5,-122.45,Present,18.0,2025-11-22T23:00:00Z,37.0,CA - Pillar Point,Pleurosigma spp.,15.0,Sunny,N,Outgoing,,,,,"Quiet sample, with very few Dinos.  Rare to see pennates as dominant.  Lots of dead or half-eaten diatoms.",7.5,1.0,1,1,1.0,1,1,,,,1.0
2025-11-22T23:00:00Z,37.5,-122.45,Present,18.0,2025-11-22T23:00:00Z,37.0,CA - Pillar Point,Rhizosolenia spp.,15.0,Sunny,N,Outgoing,,,,,"Quiet sample, with very few Dinos.  Rare to see pennates as dominant.  Lots of dead or half-eaten diatoms.",7.5,1.0,1,1,1.0,1,1,,,,1.0
2025-11-22T23:00:00Z,37.5,-122.45,Present,18.0,2025-11-22T23:00:00Z,37.0,CA - Pillar Point,Surirella spp.,15.0,Sunny,N,Outgoing,,,,,"Quiet sample, with very few Dinos.  Rare to see pennates as dominant.  Lots of dead or half-eaten diatoms.",7.5,1.0,1,1,1.0,1,1,,,,1.0
2025-11-22T23:00:00Z,37.5,-122.45,Present,18.0,2025-11-22T23:00:00Z,37.0,CA - Pillar Point,Unknown Centric Chain,15.0,Sunny,N,Outgoing,,,,,"Quiet sample, with very few Dinos.  Rare to see pennates as dominant.  Lots of dead or half-eaten diatoms.",7.5,1.0,1,1,1.0,1,1,,,,1.0
2025-11-22T23:00:00Z,37.5,-122.45,Present,18.0,2025-11-22T23:00:00Z,37.0,CA - Pillar Point,Centric Diatom,15.0,Sunny,N,Outgoing,,,,,"Quiet sample, with very few Dinos.  Rare to see pennates as dominant.  Lots of dead or half-eaten diatoms.",7.5,1.0,1,1,1.0,1,1,,,,1.0
2025-11-22T23:00:00Z,37.5,-122.45,Present,18.0,2025-11-22T23:00:00Z,37.0,CA - Pillar Point,Dactyliosolen spp.,15.0,Sunny,N,Outgoing,,,,,"Quiet sample, with very few Dinos.  Rare to see pennates as dominant.  Lots of dead or half-eaten diatoms.",7.5,1.0,1,1,1.0,1,1,,,,1.0
2025-11-22T23:00:00Z,37.5,-122.45,Present,18.0,2025-11-22T23:00:00Z,37.0,CA - Pillar Point,Tripos furca,15.0,Sunny,N,Outgoing,,,,,"Quiet sample, with very few Dinos.  Rare to see pennates as dominant.  Lots of dead or half-eaten diatoms.",7.5,1.0,1,1,1.0,1,1,,,,1.0
2025-01-09T22:45:00Z,36.96396,-122.00256,Present,19.0,2025-01-09T22:45:00Z,36.0,"CA - CA947, Santa Cruz Harbor",Chaetoceros spp.,13.0,Sunny,S,Dead Low Tide,,,,,"Very little in the collectionCould not load Hobaniella longicruris to the ""other phytoplankton"" section""",7.5,1.0,1,1,1.0,1,1,,,,1.0
2025-01-09T22:45:00Z,36.96396,-122.00256,Present,19.0,2025-01-09T22:45:00Z,36.0,"CA - CA947, Santa Cruz Harbor",Thalassiosira spp.,13.0,Sunny,S,Dead Low Tide,,,,,"Very little in the collectionCould not load Hobaniella longicruris to the ""other phytoplankton"" section""",7.5,1.0,1,1,1.0,1,1,,,,1.0
2025-01-09T22:45:00Z,36.96396,-122.00256,Present,19.0,2025-01-09T22:45:00Z,36.0,"CA - CA947, Santa Cruz Harbor",Coscinodiscus spp.,13.0,Sunny,S,Dead Low Tide,,,,,"Very little in the collectionCould not load Hobaniella longicruris to the ""other phytoplankton"" section""",7.5,1.0,1,1,1.0,1,1,,,,1.0
2025-01-16T20:14:00Z,37.914092,-122.35387,Present,18.0,2025-01-16T20:14:00Z,27.0,CA - Safe Harbor Marina Bay Yacht Harbor,Tripos furca,11.0,,,Full High Tide,,,,,"We didn't capture photos of the Tripos, they are not on our list of target taxa, but they've been present in our samples due to a bloom near the Golden Gate.",,1.0,1,1,1.0,1,1,,,,
2025-01-16T20:14:00Z,37.914092,-122.35387,Present,18.0,2025-01-16T20:14:00Z,27.0,CA - Safe Harbor Marina Bay Yacht Harbor,Chaetoceros spp.,11.0,,,Full High Tide,,,,,"We didn't capture photos of the Tripos, they are not on our list of target taxa, but they've been present in our samples due to a bloom near the Golden Gate.",,1.0,1,1,1.0,1,1,,,,
2025-01-16T20:14:00Z,37.914092,-122.35387,Present,18.0,2025-01-16T20:14:00Z,27.0,CA - Safe Harbor Marina Bay Yacht Harbor,Prorocentrum spp.,11.0,,,Full High Tide,,,,,"We didn't capture photos of the Tripos, they are not on our list of target taxa, but they've been present in our samples due to a bloom near the Golden Gate.",,1.0,1,1,1.0,1,1,,,,
2025-01-24T21:45:00Z,36.96396,-122.00256,Present,16.0,2025-01-24T21:45:00Z,36.0,"CA - CA947, Santa Cruz Harbor",Asteromphalus,12.0,Sunny,S,Dead Low Tide,,,,,,,1.0,1,1,1.0,1,1,,,,
2025-01-24T21:45:00Z,36.96396,-122.00256,Present,16.0,2025-01-24T21:45:00Z,36.0,"CA - CA947, Santa Cruz Harbor",Chaetoceros spp.,12.0,Sunny,S,Dead Low Tide,,,,,,,1.0,1,1,1.0,1,1,,,,
2025-01-24T21:45:00Z,36.96396,-122.00256,Present,16.0,2025-01-24T21:45:00Z,36.0,"CA - CA947, Santa Cruz Harbor",Tripos furca,12.0,Sunny,S,Dead Low Tide,,,,,,,1.0,1,1,1.0,1,1,,,,
2025-01-24T21:45:00Z,36.96396,-122.00256,Present,16.0,2025-01-24T21:45:00Z,36.0,"CA - CA947, Santa Cruz Harbor",Prorocentrum spp.,12.0,Sunny,S,Dead Low Tide,,,,,,,1.0,1,1,1.0,1,1,,,,
2025-01-24T21:45:00Z,36.96396,-122.00256,Present,16.0,2025-01-24T21:45:00Z,36.0,"CA - CA947, Santa Cruz Harbor",Melosira spp.,12.0,Sunny,S,Dead Low Tide,,,,,,,1.0,1,1,1.0,1,1,,,,
2025-01-24T21:45:00Z,36.96396,-122.00256,Present,16.0,2025-01-24T21:45:00Z,36.0,"CA - CA947, Santa Cruz Harbor",Protoperidinium spp.,12.0,Sunny,S,Dead Low Tide,,,,,,,1.0,1,1,1.0,1,1,,,,
2025-01-28T17:31:00Z,37.779115,-122.387416,Elevated,11.0,2025-01-28T17:31:00Z,30.0,CA - South Beach Harbor,Tripos furca,11.0,,,High,,,,,"We didn't capture photos of the Tripos, they are not on our list of target taxa, but they've been present in our samples due to a bloom near the Golden Gate.",,1.0,1,1,1.0,1,1,,,,
2025-01-28T17:31:00Z,37.779115,-122.387416,Present,11.0,2025-01-28T17:31:00Z,30.0,CA - South Beach Harbor,Chaetoceros spp.,11.0,,,High,,,,,"We didn't capture photos of the Tripos, they are not on our list of target taxa, but they've been present in our samples due to a bloom near the Golden Gate.",,1.0,1,1,1.0,1,1,,,,
2025-01-28T17:31:00Z,37.779115,-122.387416,Present,11.0,2025-01-28T17:31:00Z,30.0,CA - South Beach Harbor,Prorocentrum spp.,11.0,,,High,,,,,"We didn't capture photos of the Tripos, they are not on our list of target taxa, but they've been present in our samples due to a bloom near the Golden Gate.",,1.0,1,1,1.0,1,1,,,,
2025-01-28T17:31:00Z,37.779115,-122.387416,Present,11.0,2025-01-28T17:31:00Z,30.0,CA - South Beach Harbor,Centric Diatom,11.0,,,High,,,,,"We didn't capture photos of the Tripos, they are not on our list of target taxa, but they've been present in our samples due to a bloom near the Golden Gate.",,1.0,1,1,1.0,1,1,,,,
2025-01-28T17:31:00Z,37.779115,-122.387416,Present,11.0,2025-01-28T17:31:00Z,30.0,CA - South Beach Harbor,Ditylum spp.,11.0,,,High,,,,,"We didn't capture photos of the Tripos, they are not on our list of target taxa, but they've been present in our samples due to a bloom near the Golden Gate.",,1.0,1,1,1.0,1,1,,,,
2025-02-10T16:48:00Z,37.779115,-122.387416,Present,12.0,2025-02-10T16:48:00Z,20.0,CA - South Beach Harbor,Chaetoceros spp.,10.0,,,High,,,,,The few Tripos in this sample were dead cells. Low levels may indicate that the earlier Tripos bloom near the Golden Gate is dissipating.,,1.0,1,1,1.0,1,1,,,,
2025-02-10T16:48:00Z,37.779115,-122.387416,Present,12.0,2025-02-10T16:48:00Z,20.0,CA - South Beach Harbor,Tripos furca,10.0,,,High,,,,,The few Tripos in this sample were dead cells. Low levels may indicate that the earlier Tripos bloom near the Golden Gate is dissipating.,,1.0,1,1,1.0,1,1,,,,
2025-02-10T16:48:00Z,37.779115,-122.387416,Present,12.0,2025-02-10T16:48:00Z,20.0,CA - South Beach Harbor,Prorocentrum spp.,10.0,,,High,,,,,The few Tripos in this sample were dead cells. Low levels may indicate that the earlier Tripos bloom near the Golden Gate is dissipating.,,1.0,1,1,1.0,1,1,,,,
2025-02-11T18:19:00Z,37.73786,-122.374798,Present,13.0,2025-02-11T18:19:00Z,20.0,CA - Heron's Head Park,Chaetoceros spp.,11.0,,,Full High Tide,,,,,,,1.0,1,1,1.0,1,1,,,,
2025-02-11T18:19:00Z,37.73786,-122.374798,Present,13.0,2025-02-11T18:19:00Z,20.0,CA - Heron's Head Park,Pennate Diatom,11.0,,,Full High Tide,,,,,,,1.0,1,1,1.0,1,1,,,,
2025-02-11T18:19:00Z,37.73786,-122.374798,Present,13.0,2025-02-11T18:19:00Z,20.0,CA - Heron's Head Park,Prorocentrum spp.,11.0,,,Full High Tide,,,,,,,1.0,1,1,1.0,1,1,,,,
2025-02-11T19:20:00Z,37.590926,-122.31805,Present,13.0,2025-02-11T19:20:00Z,23.0,CA - Coyote Point Marina,Prorocentrum spp.,11.0,,,Full High Tide,,,,,,,1.0,1,1,1.0,1,1,,,,
2025-02-15T18:00:00Z,36.947117,-122.030792,Present,12.0,2025-02-15T18:00:00Z,35.0,CA - Santa Cruz Wharf,Rhizosolenia spp.,12.0,Partly Cloudy,E,Incoming,,,,,"Isthmia. Mainly detritus with very few plankton. Pelagic cormorant, brandts cormorant",2.5,1.0,1,1,1.0,1,1,,,,1.0
2025-02-15T18:00:00Z,36.947117,-122.030792,Present,12.0,2025-02-15T18:00:00Z,35.0,CA - Santa Cruz Wharf,Chaetoceros spp.,12.0,Partly Cloudy,E,Incoming,,,,,"Isthmia. Mainly detritus with very few plankton. Pelagic cormorant, brandts cormorant",2.5,1.0,1,1,1.0,1,1,,,,1.0
2025-02-15T18:00:00Z,36.947117,-122.030792,Present,12.0,2025-02-15T18:00:00Z,35.0,CA - Santa Cruz Wharf,Thalassiosira spp.,12.0,Partly Cloudy,E,Incoming,,,,,"Isthmia. Mainly detritus with very few plankton. Pelagic cormorant, brandts cormorant",2.5,1.0,1,1,1.0,1,1,,,,1.0
2025-02-15T18:00:00Z,36.947117,-122.030792,Present,12.0,2025-02-15T18:00:00Z,35.0,CA - Santa Cruz Wharf,Actinoptychus spp.,12.0,Partly Cloudy,E,Incoming,,,,,"Isthmia. Mainly detritus with very few plankton. Pelagic cormorant, brandts cormorant",2.5,1.0,1,1,1.0,1,1,,,,1.0
2025-02-15T18:00:00Z,36.947117,-122.030792,Present,12.0,2025-02-15T18:00:00Z,35.0,CA - Santa Cruz Wharf,Coscinodiscus spp.,12.0,Partly Cloudy,E,Incoming,,,,,"Isthmia. Mainly detritus with very few plankton. Pelagic cormorant, brandts cormorant",2.5,1.0,1,1,1.0,1,1,,,,1.0
2025-02-15T18:00:00Z,36.947117,-122.030792,Present,12.0,2025-02-15T18:00:00Z,35.0,CA - Santa Cruz Wharf,Dictyocha spp.,12.0,Partly Cloudy,E,Incoming,,,,,"Isthmia. Mainly detritus with very few plankton. Pelagic cormorant, brandts cormorant",2.5,1.0,1,1,1.0,1,1,,,,1.0
2025-02-15T18:00:00Z,36.947117,-122.030792,Present,12.0,2025-02-15T18:00:00Z,35.0,CA - Santa Cruz Wharf,Odontella spp.,12.0,Partly Cloudy,E,Incoming,,,,,"Isthmia. Mainly detritus with very few plankton. Pelagic cormorant, brandts cormorant",2.5,1.0,1,1,1.0,1,1,,,,1.0
2025-02-15T18:00:00Z,36.947117,-122.030792,Present,12.0,2025-02-15T18:00:00Z,35.0,CA - Santa Cruz Wharf,Paralia spp.,12.0,Partly Cloudy,E,Incoming,,,,,"Isthmia. Mainly detritus with very few plankton. Pelagic cormorant, brandts cormorant",2.5,1.0,1,1,1.0,1,1,,,,1.0
2025-02-15T18:00:00Z,36.947117,-122.030792,Present,12.0,2025-02-15T18:00:00Z,35.0,CA - Santa Cruz Wharf,Pleurosigma spp.,12.0,Partly Cloudy,E,Incoming,,,,,"Isthmia. Mainly detritus with very few plankton. Pelagic cormorant, brandts cormorant",2.5,1.0,1,1,1.0,1,1,,,,1.0
2025-02-15T18:00:00Z,36.947117,-122.030792,Present,12.0,2025-02-15T18:00:00Z,35.0,CA - Santa Cruz Wharf,Thalassionema spp.,12.0,Partly Cloudy,E,Incoming,,,,,"Isthmia. Mainly detritus with very few plankton. Pelagic cormorant, brandts cormorant",2.5,1.0,1,1,1.0,1,1,,,,1.0
2025-02-21T08:00:00Z,40.790763,-124.187894,Present,13.0,2025-02-21T08:00:00Z,25.0,CA - Del Norte Pier,Tripos furca,13.0,Partly Cloudy,SW,Low,,,0.0,,,2.5,1.0,1,1,1.0,1,1,,,1.0,1.0
2025-02-21T08:00:00Z,40.790763,-124.187894,Present,13.0,2025-02-21T08:00:00Z,25.0,CA - Del Norte Pier,Chaetoceros spp.,13.0,Partly Cloudy,SW,Low,,,0.0,,,2.5,1.0,1,1,1.0,1,1,,,1.0,1.0
2025-02-21T08:00:00Z,40.790763,-124.187894,Present,13.0,2025-02-21T08:00:00Z,25.0,CA - Del Norte Pier,Coscinodiscus spp.,13.0,Partly Cloudy,SW,Low,,,0.0,,,2.5,1.0,1,1,1.0,1,1,,,1.0,1.0
2025-02-21T08:00:00Z,40.790763,-124.187894,Present,13.0,2025-02-21T08:00:00Z,25.0,CA - Del Norte Pier,Prorocentrum spp.,13.0,Partly Cloudy,SW,Low,,,0.0,,,2.5,1.0,1,1,1.0,1,1,,,1.0,1.0
2025-02-21T22:00:00Z,40.790763,-124.187894,Present,13.0,2025-02-21T22:00:00Z,25.0,CA - Del Norte Pier,Coscinodiscus spp.,13.0,Partly Cloudy,SW,Low,,,0.0,,,2.5,1.0,1,1,1.0,1,1,,,1.0,1.0
2025-02-21T22:00:00Z,40.790763,-124.187894,Present,13.0,2025-02-21T22:00:00Z,25.0,CA - Del Norte Pier,Tripos furca,13.0,Partly Cloudy,SW,Low,,,0.0,,,2.5,1.0,1,1,1.0,1,1,,,1.0,1.0
2025-02-21T22:00:00Z,40.790763,-124.187894,Present,13.0,2025-02-21T22:00:00Z,25.0,CA - Del Norte Pier,Chaetoceros spp.,13.0,Partly Cloudy,SW,Low,,,0.0,,,2.5,1.0,1,1,1.0,1,1,,,1.0,1.0
2025-02-21T22:00:00Z,40.790763,-124.187894,Present,13.0,2025-02-21T22:00:00Z,25.0,CA - Del Norte Pier,Prorocentrum spp.,13.0,Partly Cloudy,SW,Low,,,0.0,,,2.5,1.0,1,1,1.0,1,1,,,1.0,1.0
2025-02-22T19:00:00Z,36.96396,-122.00256,Present,15.0,2025-02-22T19:00:00Z,35.0,"CA - CA947, Santa Cruz Harbor",Dictyochaceae,13.0,Sunny,S,Outgoing,,,,,,2.5,1.0,1,1,1.0,1,1,,,,1.0
2025-02-22T19:00:00Z,36.96396,-122.00256,Present,15.0,2025-02-22T19:00:00Z,35.0,"CA - CA947, Santa Cruz Harbor",Entomoneis spp.,13.0,Sunny,S,Outgoing,,,,,,2.5,1.0,1,1,1.0,1,1,,,,1.0
2025-02-22T19:00:00Z,36.96396,-122.00256,Present,15.0,2025-02-22T19:00:00Z,35.0,"CA - CA947, Santa Cruz Harbor",Navicula spp.,13.0,Sunny,S,Outgoing,,,,,,2.5,1.0,1,1,1.0,1,1,,,,1.0
2025-02-22T19:00:00Z,36.96396,-122.00256,Present,15.0,2025-02-22T19:00:00Z,35.0,"CA - CA947, Santa Cruz Harbor",Skeletonema spp.,13.0,Sunny,S,Outgoing,,,,,,2.5,1.0,1,1,1.0,1,1,,,,1.0
2025-02-22T19:00:00Z,36.96396,-122.00256,Present,15.0,2025-02-22T19:00:00Z,35.0,"CA - CA947, Santa Cruz Harbor",Asterionellopsis spp.,13.0,Sunny,S,Outgoing,,,,,,2.5,1.0,1,1,1.0,1,1,,,,1.0
2025-02-22T19:00:00Z,36.96396,-122.00256,Present,15.0,2025-02-22T19:00:00Z,35.0,"CA - CA947, Santa Cruz Harbor",Coscinodiscus spp.,13.0,Sunny,S,Outgoing,,,,,,2.5,1.0,1,1,1.0,1,1,,,,1.0
2025-02-22T19:00:00Z,36.96396,-122.00256,Present,15.0,2025-02-22T19:00:00Z,35.0,"CA - CA947, Santa Cruz Harbor",Chaetoceros spp.,13.0,Sunny,S,Outgoing,,,,,,2.5,1.0,1,1,1.0,1,1,,,,1.0
2025-02-22T20:30:00Z,37.5,-122.45,Present,13.0,2025-02-22T20:30:00Z,37.0,CA - Pillar Point,Detonula spp.,13.0,Foggy,No wind,Outgoing,,,,,,2.5,1.0,1,1,1.0,1,1,,,,1.0
2025-02-22T20:30:00Z,37.5,-122.45,Present,13.0,2025-02-22T20:30:00Z,37.0,CA - Pillar Point,Odontella spp.,13.0,Foggy,No wind,Outgoing,,,,,,2.5,1.0,1,1,1.0,1,1,,,,1.0
2025-02-22T20:30:00Z,37.5,-122.45,Present,13.0,2025-02-22T20:30:00Z,37.0,CA - Pillar Point,Pleurosigma spp.,13.0,Foggy,No wind,Outgoing,,,,,,2.5,1.0,1,1,1.0,1,1,,,,1.0
2025-02-22T20:30:00Z,37.5,-122.45,Present,13.0,2025-02-22T20:30:00Z,37.0,CA - Pillar Point,Ditylum spp.,13.0,Foggy,No wind,Outgoing,,,,,,2.5,1.0,1,1,1.0,1,1,,,,1.0
2025-02-22T20:30:00Z,37.5,-122.45,Present,13.0,2025-02-22T20:30:00Z,37.0,CA - Pillar Point,Rhizosolenia spp.,13.0,Foggy,No wind,Outgoing,,,,,,2.5,1.0,1,1,1.0,1,1,,,,1.0
2025-02-22T20:30:00Z,37.5,-122.45,Present,13.0,2025-02-22T20:30:00Z,37.0,CA - Pillar Point,Skeletonema spp.,13.0,Foggy,No wind,Outgoing,,,,,,2.5,1.0,1,1,1.0,1,1,,,,1.0
2025-02-22T20:30:00Z,37.5,-122.45,Present,13.0,2025-02-22T20:30:00Z,37.0,CA - Pillar Point,Cylindrotheca spp.,13.0,Foggy,No wind,Outgoing,,,,,,2.5,1.0,1,1,1.0,1,1,,,,1.0
2025-02-22T20:30:00Z,37.5,-122.45,Present,13.0,2025-02-22T20:30:00Z,37.0,CA - Pillar Point,Melosira spp.,13.0,Foggy,No wind,Outgoing,,,,,,2.5,1.0,1,1,1.0,1,1,,,,1.0
2025-02-22T20:30:00Z,37.5,-122.45,Present,13.0,2025-02-22T20:30:00Z,37.0,CA - Pillar Point,Tropidoneis spp.,13.0,Foggy,No wind,Outgoing,,,,,,2.5,1.0,1,1,1.0,1,1,,,,1.0
2025-02-22T20:30:00Z,37.5,-122.45,Present,13.0,2025-02-22T20:30:00Z,37.0,CA - Pillar Point,Chaetoceros spp.,13.0,Foggy,No wind,Outgoing,,,,,,2.5,1.0,1,1,1.0,1,1,,,,1.0
2025-02-22T20:30:00Z,37.5,-122.45,Present,13.0,2025-02-22T20:30:00Z,37.0,CA - Pillar Point,Thalassiosira spp.,13.0,Foggy,No wind,Outgoing,,,,,,2.5,1.0,1,1,1.0,1,1,,,,1.0
2025-02-22T20:30:00Z,37.5,-122.45,Present,13.0,2025-02-22T20:30:00Z,37.0,CA - Pillar Point,Achnanthes spp.,13.0,Foggy,No wind,Outgoing,,,,,,2.5,1.0,1,1,1.0,1,1,,,,1.0
2025-02-22T20:30:00Z,37.5,-122.45,Present,13.0,2025-02-22T20:30:00Z,37.0,CA - Pillar Point,Asterionellopsis spp.,13.0,Foggy,No wind,Outgoing,,,,,,2.5,1.0,1,1,1.0,1,1,,,,1.0
2025-02-28T17:00:00Z,36.96342,-121.9984,Present,12.0,2025-02-28T17:00:00Z,36.0,CA - Santa Cruz Wharf 1_Cabrillo,Rhizosolenia spp.,12.0,Mostly Cloudy,E,High,,,,,,2.5,1.0,1,1,1.0,1,1,,,,1.0
2025-02-28T17:00:00Z,36.96342,-121.9984,Present,12.0,2025-02-28T17:00:00Z,36.0,CA - Santa Cruz Wharf 1_Cabrillo,Protoperidinium spp.,12.0,Mostly Cloudy,E,High,,,,,,2.5,1.0,1,1,1.0,1,1,,,,1.0
2025-02-28T17:00:00Z,36.96342,-121.9984,Present,12.0,2025-02-28T17:00:00Z,36.0,CA - Santa Cruz Wharf 1_Cabrillo,Odontella spp.,12.0,Mostly Cloudy,E,High,,,,,,2.5,1.0,1,1,1.0,1,1,,,,1.0
2025-02-28T17:00:00Z,36.96342,-121.9984,Present,12.0,2025-02-28T17:00:00Z,36.0,CA - Santa Cruz Wharf 1_Cabrillo,Eucampia spp.,12.0,Mostly Cloudy,E,High,,,,,,2.5,1.0,1,1,1.0,1,1,,,,1.0
2025-02-28T17:00:00Z,36.96342,-121.9984,Present,12.0,2025-02-28T17:00:00Z,36.0,CA - Santa Cruz Wharf 1_Cabrillo,Coscinodiscus spp.,12.0,Mostly Cloudy,E,High,,,,,,2.5,1.0,1,1,1.0,1,1,,,,1.0
2025-02-28T17:00:00Z,36.96342,-121.9984,Present,12.0,2025-02-28T17:00:00Z,36.0,CA - Santa Cruz Wharf 1_Cabrillo,Bacteriastrum spp.,12.0,Mostly Cloudy,E,High,,,,,,2.5,1.0,1,1,1.0,1,1,,,,1.0
2025-02-28T17:00:00Z,36.96342,-121.9984,Present,12.0,2025-02-28T17:00:00Z,36.0,CA - Santa Cruz Wharf 1_Cabrillo,Asterionellopsis spp.,12.0,Mostly Cloudy,E,High,,,,,,2.5,1.0,1,1,1.0,1,1,,,,1.0
2025-02-28T17:00:00Z,36.96342,-121.9984,Present,12.0,2025-02-28T17:00:00Z,36.0,CA - Santa Cruz Wharf 1_Cabrillo,Skeletonema spp.,12.0,Mostly Cloudy,E,High,,,,,,2.5,1.0,1,1,1.0,1,1,,,,1.0
2025-02-28T17:00:00Z,36.96342,-121.9984,Present,12.0,2025-02-28T17:00:00Z,36.0,CA - Santa Cruz Wharf 1_Cabrillo,Pleurosigma spp.,12.0,Mostly Cloudy,E,High,,,,,,2.5,1.0,1,1,1.0,1,1,,,,1.0
2025-02-28T17:00:00Z,36.96342,-121.9984,Present,12.0,2025-02-28T17:00:00Z,36.0,CA - Santa Cruz Wharf 1_Cabrillo,Chaetoceros spp.,12.0,Mostly Cloudy,E,High,,,,,,2.5,1.0,1,1,1.0,1,1,,,,1.0
2025-02-28T17:00:00Z,36.96342,-121.9984,Present,12.0,2025-02-28T17:00:00Z,36.0,CA - Santa Cruz Wharf 1_Cabrillo,Thalassiosira spp.,12.0,Mostly Cloudy,E,High,,,,,,2.5,1.0,1,1,1.0,1,1,,,,1.0
2025-02-28T17:00:00Z,36.9617,-122.0223,Present,12.0,2025-02-28T17:00:00Z,33.0,CA - Santa Cruz Wharf 2_Cabrillo,Tripos furca,11.0,Partly Cloudy,SE,Incoming,,,,,"Other phytoplankton: Noctiluca, IsthmiaWildlife Observations: rock pigeons, CA sea lions, western gulls, cormorant spp., brown pelicans, anchovies, various barnacles, CA mussels",2.5,1.0,1,1,1.0,1,1,,,,1.0
2025-02-28T17:00:00Z,36.9617,-122.0223,Present,12.0,2025-02-28T17:00:00Z,33.0,CA - Santa Cruz Wharf 2_Cabrillo,Asterionellopsis spp.,11.0,Partly Cloudy,SE,Incoming,,,,,"Other phytoplankton: Noctiluca, IsthmiaWildlife Observations: rock pigeons, CA sea lions, western gulls, cormorant spp., brown pelicans, anchovies, various barnacles, CA mussels",2.5,1.0,1,1,1.0,1,1,,,,1.0
2025-02-28T17:00:00Z,36.9617,-122.0223,Present,12.0,2025-02-28T17:00:00Z,33.0,CA - Santa Cruz Wharf 2_Cabrillo,Asteromphalus,11.0,Partly Cloudy,SE,Incoming,,,,,"Other phytoplankton: Noctiluca, IsthmiaWildlife Observations: rock pigeons, CA sea lions, western gulls, cormorant spp., brown pelicans, anchovies, various barnacles, CA mussels",2.5,1.0,1,1,1.0,1,1,,,,1.0
2025-02-28T17:00:00Z,36.9617,-122.0223,Present,12.0,2025-02-28T17:00:00Z,33.0,CA - Santa Cruz Wharf 2_Cabrillo,Ceratium spp.,11.0,Partly Cloudy,SE,Incoming,,,,,"Other phytoplankton: Noctiluca, IsthmiaWildlife Observations: rock pigeons, CA sea lions, western gulls, cormorant spp., brown pelicans, anchovies, various barnacles, CA mussels",2.5,1.0,1,1,1.0,1,1,,,,1.0
2025-02-28T17:00:00Z,36.9617,-122.0223,Present,12.0,2025-02-28T17:00:00Z,33.0,CA - Santa Cruz Wharf 2_Cabrillo,Detonula spp.,11.0,Partly Cloudy,SE,Incoming,,,,,"Other phytoplankton: Noctiluca, IsthmiaWildlife Observations: rock pigeons, CA sea lions, western gulls, cormorant spp., brown pelicans, anchovies, various barnacles, CA mussels",2.5,1.0,1,1,1.0,1,1,,,,1.0
2025-02-28T17:00:00Z,36.96342,-121.9984,Present,12.0,2025-02-28T17:00:00Z,36.0,CA - Santa Cruz Wharf 1_Cabrillo,Thalassionema spp.,12.0,Mostly Cloudy,E,High,,,,,,2.5,1.0,1,1,1.0,1,1,,,,1.0
2025-02-28T17:00:00Z,36.96342,-121.9984,Present,12.0,2025-02-28T17:00:00Z,36.0,CA - Santa Cruz Wharf 1_Cabrillo,Tripos furca,12.0,Mostly Cloudy,E,High,,,,,,2.5,1.0,1,1,1.0,1,1,,,,1.0
2025-02-28T17:00:00Z,36.9617,-122.0223,Present,12.0,2025-02-28T17:00:00Z,33.0,CA - Santa Cruz Wharf 2_Cabrillo,Lauderia spp.,11.0,Partly Cloudy,SE,Incoming,,,,,"Other phytoplankton: Noctiluca, IsthmiaWildlife Observations: rock pigeons, CA sea lions, western gulls, cormorant spp., brown pelicans, anchovies, various barnacles, CA mussels",2.5,1.0,1,1,1.0,1,1,,,,1.0
2025-03-07T23:49:00Z,40.790763,-124.187894,Present,12.0,2025-03-07T23:49:00Z,31.0,CA - Del Norte Pier,Paralia spp.,12.0,Sunny,N,Incoming,,,0.0,,RadiolarianSilicoflagellate,7.5,1.0,1,1,1.0,1,1,,,1.0,1.0
2025-03-07T23:49:00Z,40.790763,-124.187894,Present,12.0,2025-03-07T23:49:00Z,31.0,CA - Del Norte Pier,Tripos furca,12.0,Sunny,N,Incoming,,,0.0,,RadiolarianSilicoflagellate,7.5,1.0,1,1,1.0,1,1,,,1.0,1.0
2025-03-07T23:49:00Z,40.790763,-124.187894,Present,12.0,2025-03-07T23:49:00Z,31.0,CA - Del Norte Pier,Coscinodiscus spp.,12.0,Sunny,N,Incoming,,,0.0,,RadiolarianSilicoflagellate,7.5,1.0,1,1,1.0,1,1,,,1.0,1.0
2025-03-07T23:49:00Z,40.790763,-124.187894,Present,12.0,2025-03-07T23:49:00Z,31.0,CA - Del Norte Pier,Ceratium spp.,12.0,Sunny,N,Incoming,,,0.0,,RadiolarianSilicoflagellate,7.5,1.0,1,1,1.0,1,1,,,1.0,1.0
2025-03-07T23:49:00Z,40.790763,-124.187894,Present,12.0,2025-03-07T23:49:00Z,31.0,CA - Del Norte Pier,Melosira spp.,12.0,Sunny,N,Incoming,,,0.0,,RadiolarianSilicoflagellate,7.5,1.0,1,1,1.0,1,1,,,1.0,1.0
2025-03-07T23:49:00Z,40.790763,-124.187894,Present,12.0,2025-03-07T23:49:00Z,31.0,CA - Del Norte Pier,Odontella spp.,12.0,Sunny,N,Incoming,,,0.0,,RadiolarianSilicoflagellate,7.5,1.0,1,1,1.0,1,1,,,1.0,1.0
2025-03-07T23:49:00Z,40.790763,-124.187894,Present,12.0,2025-03-07T23:49:00Z,31.0,CA - Del Norte Pier,Pleurosigma spp.,12.0,Sunny,N,Incoming,,,0.0,,RadiolarianSilicoflagellate,7.5,1.0,1,1,1.0,1,1,,,1.0,1.0
2025-03-07T23:49:00Z,40.790763,-124.187894,Present,12.0,2025-03-07T23:49:00Z,31.0,CA - Del Norte Pier,Chaetoceros spp.,12.0,Sunny,N,Incoming,,,0.0,,RadiolarianSilicoflagellate,7.5,1.0,1,1,1.0,1,1,,,1.0,1.0
2025-03-08T19:30:00Z,37.5,-122.45,Present,13.0,2025-03-08T19:30:00Z,37.0,CA - Pillar Point,Ditylum spp.,13.0,Sunny,No wind,Outgoing,,,,,,2.5,1.0,1,1,1.0,1,1,,,,1.0
2025-03-08T19:30:00Z,37.5,-122.45,Present,13.0,2025-03-08T19:30:00Z,37.0,CA - Pillar Point,Chaetoceros spp.,13.0,Sunny,No wind,Outgoing,,,,,,2.5,1.0,1,1,1.0,1,1,,,,1.0
2025-03-08T19:30:00Z,37.5,-122.45,Present,13.0,2025-03-08T19:30:00Z,37.0,CA - Pillar Point,Asterionellopsis spp.,13.0,Sunny,No wind,Outgoing,,,,,,2.5,1.0,1,1,1.0,1,1,,,,1.0
2025-03-08T19:30:00Z,37.5,-122.45,Present,13.0,2025-03-08T19:30:00Z,37.0,CA - Pillar Point,Asteromphalus,13.0,Sunny,No wind,Outgoing,,,,,,2.5,1.0,1,1,1.0,1,1,,,,1.0
2025-03-08T19:30:00Z,37.5,-122.45,Present,13.0,2025-03-08T19:30:00Z,37.0,CA - Pillar Point,Bacillaria spp.,13.0,Sunny,No wind,Outgoing,,,,,,2.5,1.0,1,1,1.0,1,1,,,,1.0
2025-03-08T19:30:00Z,37.5,-122.45,Present,13.0,2025-03-08T19:30:00Z,37.0,CA - Pillar Point,Coscinodiscus spp.,13.0,Sunny,No wind,Outgoing,,,,,,2.5,1.0,1,1,1.0,1,1,,,,1.0
2025-03-08T19:30:00Z,37.5,-122.45,Present,13.0,2025-03-08T19:30:00Z,37.0,CA - Pillar Point,Cylindrotheca spp.,13.0,Sunny,No wind,Outgoing,,,,,,2.5,1.0,1,1,1.0,1,1,,,,1.0
2025-03-08T19:30:00Z,37.5,-122.45,Present,13.0,2025-03-08T19:30:00Z,37.0,CA - Pillar Point,Detonula spp.,13.0,Sunny,No wind,Outgoing,,,,,,2.5,1.0,1,1,1.0,1,1,,,,1.0
2025-03-08T19:30:00Z,37.5,-122.45,Present,13.0,2025-03-08T19:30:00Z,37.0,CA - Pillar Point,Dictyocha spp.,13.0,Sunny,No wind,Outgoing,,,,,,2.5,1.0,1,1,1.0,1,1,,,,1.0
2025-03-08T19:30:00Z,37.5,-122.45,Present,13.0,2025-03-08T19:30:00Z,37.0,CA - Pillar Point,Achnanthes spp.,13.0,Sunny,No wind,Outgoing,,,,,,2.5,1.0,1,1,1.0,1,1,,,,1.0
2025-03-08T19:30:00Z,37.5,-122.45,Present,13.0,2025-03-08T19:30:00Z,37.0,CA - Pillar Point,Thalassiosira spp.,13.0,Sunny,No wind,Outgoing,,,,,,2.5,1.0,1,1,1.0,1,1,,,,1.0
2025-03-08T19:30:00Z,37.5,-122.45,Present,13.0,2025-03-08T19:30:00Z,37.0,CA - Pillar Point,Gonyaulax spp.,13.0,Sunny,No wind,Outgoing,,,,,,2.5,1.0,1,1,1.0,1,1,,,,1.0
2025-03-08T19:30:00Z,37.5,-122.45,Present,13.0,2025-03-08T19:30:00Z,37.0,CA - Pillar Point,Tropidoneis spp.,13.0,Sunny,No wind,Outgoing,,,,,,2.5,1.0,1,1,1.0,1,1,,,,1.0
2025-03-08T19:30:00Z,37.5,-122.45,Present,13.0,2025-03-08T19:30:00Z,37.0,CA - Pillar Point,Skeletonema spp.,13.0,Sunny,No wind,Outgoing,,,,,,2.5,1.0,1,1,1.0,1,1,,,,1.0
2025-03-08T19:30:00Z,37.5,-122.45,Present,13.0,2025-03-08T19:30:00Z,37.0,CA - Pillar Point,Pleurosigma spp.,13.0,Sunny,No wind,Outgoing,,,,,,2.5,1.0,1,1,1.0,1,1,,,,1.0
2025-03-08T19:30:00Z,37.5,-122.45,Present,13.0,2025-03-08T19:30:00Z,37.0,CA - Pillar Point,Odontella spp.,13.0,Sunny,No wind,Outgoing,,,,,,2.5,1.0,1,1,1.0,1,1,,,,1.0
2025-03-09T19:15:00Z,36.96396,-122.00256,Present,13.0,2025-03-09T19:15:00Z,36.0,"CA - CA947, Santa Cruz Harbor",Cylindrotheca spp.,13.0,Sunny,No wind,Outgoing,,,,,Nothing elevated. No Dinophysis. Most present were Chaetoceros and Skeletonema.Observed but not recognized on database form:Hobaniella longicrurisPelagic Tunicate,,1.0,1,1,1.0,1,1,,,,
2025-03-09T19:15:00Z,36.96396,-122.00256,Present,13.0,2025-03-09T19:15:00Z,36.0,"CA - CA947, Santa Cruz Harbor",Navicula spp.,13.0,Sunny,No wind,Outgoing,,,,,Nothing elevated. No Dinophysis. Most present were Chaetoceros and Skeletonema.Observed but not recognized on database form:Hobaniella longicrurisPelagic Tunicate,,1.0,1,1,1.0,1,1,,,,
2025-03-09T19:15:00Z,36.96396,-122.00256,Present,13.0,2025-03-09T19:15:00Z,36.0,"CA - CA947, Santa Cruz Harbor",Protoperidinium spp.,13.0,Sunny,No wind,Outgoing,,,,,Nothing elevated. No Dinophysis. Most present were Chaetoceros and Skeletonema.Observed but not recognized on database form:Hobaniella longicrurisPelagic Tunicate,,1.0,1,1,1.0,1,1,,,,
2025-03-09T19:15:00Z,36.96396,-122.00256,Present,13.0,2025-03-09T19:15:00Z,36.0,"CA - CA947, Santa Cruz Harbor",Skeletonema spp.,13.0,Sunny,No wind,Outgoing,,,,,Nothing elevated. No Dinophysis. Most present were Chaetoceros and Skeletonema.Observed but not recognized on database form:Hobaniella longicrurisPelagic Tunicate,,1.0,1,1,1.0,1,1,,,,
2025-03-09T19:15:00Z,36.96396,-122.00256,Present,13.0,2025-03-09T19:15:00Z,36.0,"CA - CA947, Santa Cruz Harbor",Chaetoceros spp.,13.0,Sunny,No wind,Outgoing,,,,,Nothing elevated. No Dinophysis. Most present were Chaetoceros and Skeletonema.Observed but not recognized on database form:Hobaniella longicrurisPelagic Tunicate,,1.0,1,1,1.0,1,1,,,,
2025-03-09T19:15:00Z,36.96396,-122.00256,Present,13.0,2025-03-09T19:15:00Z,36.0,"CA - CA947, Santa Cruz Harbor",Actinoptychus spp.,13.0,Sunny,No wind,Outgoing,,,,,Nothing elevated. No Dinophysis. Most present were Chaetoceros and Skeletonema.Observed but not recognized on database form:Hobaniella longicrurisPelagic Tunicate,,1.0,1,1,1.0,1,1,,,,
2025-03-09T19:15:00Z,36.96396,-122.00256,Present,13.0,2025-03-09T19:15:00Z,36.0,"CA - CA947, Santa Cruz Harbor",Asterionellopsis spp.,13.0,Sunny,No wind,Outgoing,,,,,Nothing elevated. No Dinophysis. Most present were Chaetoceros and Skeletonema.Observed but not recognized on database form:Hobaniella longicrurisPelagic Tunicate,,1.0,1,1,1.0,1,1,,,,
2025-03-09T19:15:00Z,36.96396,-122.00256,Present,13.0,2025-03-09T19:15:00Z,36.0,"CA - CA947, Santa Cruz Harbor",Dictyochaceae,13.0,Sunny,No wind,Outgoing,,,,,Nothing elevated. No Dinophysis. Most present were Chaetoceros and Skeletonema.Observed but not recognized on database form:Hobaniella longicrurisPelagic Tunicate,,1.0,1,1,1.0,1,1,,,,
2025-03-09T19:15:00Z,36.96396,-122.00256,Present,13.0,2025-03-09T19:15:00Z,36.0,"CA - CA947, Santa Cruz Harbor",Entomoneis spp.,13.0,Sunny,No wind,Outgoing,,,,,Nothing elevated. No Dinophysis. Most present were Chaetoceros and Skeletonema.Observed but not recognized on database form:Hobaniella longicrurisPelagic Tunicate,,1.0,1,1,1.0,1,1,,,,
2025-03-23T18:15:00Z,37.621832,-122.122789,Present,18.0,2025-03-23T18:15:00Z,12.0,CA - Eden Landing_Hayward,Chaetoceros spp.,16.0,Sunny,,Outgoing,,,,,,,1.0,1,1,1.0,1,1,,,,
2025-03-30T19:30:00Z,34.41005,-119.68574,Present,17.0,2025-03-30T19:30:00Z,31.0,CA - Sea Center,Tripos furca,14.0,Cloudy,,Full High Tide,,,,,,,1.0,1,1,1.0,3,1,,,,
2025-03-30T19:30:00Z,34.41005,-119.68574,Present,17.0,2025-03-30T19:30:00Z,31.0,CA - Sea Center,Prorocentrum spp.,14.0,Cloudy,,Full High Tide,,,,,,,1.0,1,1,1.0,3,1,,,,
2025-04-18T18:00:00Z,37.5,-122.45,Present,12.0,2025-04-18T18:00:00Z,37.0,CA - Pillar Point,Odontella spp.,14.0,Cloudy,No wind,Incoming,,,,,Also boreadinium,2.5,1.0,1,1,1.0,1,1,,,,1.0
2025-04-18T18:00:00Z,37.5,-122.45,Present,12.0,2025-04-18T18:00:00Z,37.0,CA - Pillar Point,Pleurosigma spp.,14.0,Cloudy,No wind,Incoming,,,,,Also boreadinium,2.5,1.0,1,1,1.0,1,1,,,,1.0
2025-04-18T18:00:00Z,37.5,-122.45,Present,12.0,2025-04-18T18:00:00Z,37.0,CA - Pillar Point,Eucampia spp.,14.0,Cloudy,No wind,Incoming,,,,,Also boreadinium,2.5,1.0,1,1,1.0,1,1,,,,1.0
2025-04-18T18:00:00Z,37.5,-122.45,Present,12.0,2025-04-18T18:00:00Z,37.0,CA - Pillar Point,Rhizosolenia spp.,14.0,Cloudy,No wind,Incoming,,,,,Also boreadinium,2.5,1.0,1,1,1.0,1,1,,,,1.0
2025-04-18T18:00:00Z,37.5,-122.45,Present,12.0,2025-04-18T18:00:00Z,37.0,CA - Pillar Point,Skeletonema spp.,14.0,Cloudy,No wind,Incoming,,,,,Also boreadinium,2.5,1.0,1,1,1.0,1,1,,,,1.0
2025-04-18T18:00:00Z,37.5,-122.45,Present,12.0,2025-04-18T18:00:00Z,37.0,CA - Pillar Point,Thalassionema spp.,14.0,Cloudy,No wind,Incoming,,,,,Also boreadinium,2.5,1.0,1,1,1.0,1,1,,,,1.0
2025-04-18T18:00:00Z,37.5,-122.45,Present,12.0,2025-04-18T18:00:00Z,37.0,CA - Pillar Point,Guinardia spp.,14.0,Cloudy,No wind,Incoming,,,,,Also boreadinium,2.5,1.0,1,1,1.0,1,1,,,,1.0
2025-04-18T18:00:00Z,37.5,-122.45,Present,12.0,2025-04-18T18:00:00Z,37.0,CA - Pillar Point,Ditylum spp.,14.0,Cloudy,No wind,Incoming,,,,,Also boreadinium,2.5,1.0,1,1,1.0,1,1,,,,1.0
2025-04-18T18:00:00Z,37.5,-122.45,Present,12.0,2025-04-18T18:00:00Z,37.0,CA - Pillar Point,Detonula spp.,14.0,Cloudy,No wind,Incoming,,,,,Also boreadinium,2.5,1.0,1,1,1.0,1,1,,,,1.0
2025-04-18T18:00:00Z,37.5,-122.45,Present,12.0,2025-04-18T18:00:00Z,37.0,CA - Pillar Point,Dactyliosolen spp.,14.0,Cloudy,No wind,Incoming,,,,,Also boreadinium,2.5,1.0,1,1,1.0,1,1,,,,1.0
2025-04-18T18:00:00Z,37.5,-122.45,Present,12.0,2025-04-18T18:00:00Z,37.0,CA - Pillar Point,Cylindrotheca spp.,14.0,Cloudy,No wind,Incoming,,,,,Also boreadinium,2.5,1.0,1,1,1.0,1,1,,,,1.0
2025-04-18T18:00:00Z,37.5,-122.45,Present,12.0,2025-04-18T18:00:00Z,37.0,CA - Pillar Point,Asterionellopsis spp.,14.0,Cloudy,No wind,Incoming,,,,,Also boreadinium,2.5,1.0,1,1,1.0,1,1,,,,1.0
2025-04-18T18:00:00Z,37.5,-122.45,Present,12.0,2025-04-18T18:00:00Z,37.0,CA - Pillar Point,Thalassiosira spp.,14.0,Cloudy,No wind,Incoming,,,,,Also boreadinium,2.5,1.0,1,1,1.0,1,1,,,,1.0
2025-04-18T18:00:00Z,37.5,-122.45,Present,12.0,2025-04-18T18:00:00Z,37.0,CA - Pillar Point,Pseudo-nitzschia spp.,14.0,Cloudy,No wind,Incoming,,,,,Also boreadinium,2.5,1.0,1,1,1.0,1,1,,,,1.0
2025-04-18T18:00:00Z,37.5,-122.45,Present,12.0,2025-04-18T18:00:00Z,37.0,CA - Pillar Point,Chaetoceros spp.,14.0,Cloudy,No wind,Incoming,,,,,Also boreadinium,2.5,1.0,1,1,1.0,1,1,,,,1.0
2025-04-18T18:00:00Z,37.5,-122.45,Present,12.0,2025-04-18T18:00:00Z,37.0,CA - Pillar Point,Leptocylindrus spp.,14.0,Cloudy,No wind,Incoming,,,,,Also boreadinium,2.5,1.0,1,1,1.0,1,1,,,,1.0
2025-04-18T18:00:00Z,37.5,-122.45,Present,12.0,2025-04-18T18:00:00Z,37.0,CA - Pillar Point,Protoperidinium spp.,14.0,Cloudy,No wind,Incoming,,,,,Also boreadinium,2.5,1.0,1,1,1.0,1,1,,,,1.0
2025-04-18T18:00:00Z,37.5,-122.45,Present,12.0,2025-04-18T18:00:00Z,37.0,CA - Pillar Point,Gyrodinium spp.,14.0,Cloudy,No wind,Incoming,,,,,Also boreadinium,2.5,1.0,1,1,1.0,1,1,,,,1.0
2025-04-18T19:00:00Z,37.621832,-122.122789,Present,17.0,2025-04-18T19:00:00Z,18.0,CA - Eden Landing_Hayward,Prorocentrum spp.,15.0,Mostly Cloudy,,Low,,,,,Unsure if this is one of the target species. I hope that your group is not being cut by the government.,,1.0,1,1,1.0,1,1,,,,
2025-04-25T17:30:00Z,37.5,-122.45,Present,13.0,2025-04-25T17:30:00Z,37.0,CA - Pillar Point,Guinardia spp.,12.0,Cloudy,N,Full High Tide,,,,,"Very busy samples, quite different from a month ago.  Of HABs, lots of pseudo-nitzschia, might look like a bloom if there weren't so many other abundant species.",7.5,1.0,1,1,1.0,1,1,,,,1.0
2025-04-25T17:30:00Z,37.5,-122.45,Present,13.0,2025-04-25T17:30:00Z,37.0,CA - Pillar Point,Asteromphalus,12.0,Cloudy,N,Full High Tide,,,,,"Very busy samples, quite different from a month ago.  Of HABs, lots of pseudo-nitzschia, might look like a bloom if there weren't so many other abundant species.",7.5,1.0,1,1,1.0,1,1,,,,1.0
2025-04-25T17:30:00Z,37.5,-122.45,Present,13.0,2025-04-25T17:30:00Z,37.0,CA - Pillar Point,Pleurosigma spp.,12.0,Cloudy,N,Full High Tide,,,,,"Very busy samples, quite different from a month ago.  Of HABs, lots of pseudo-nitzschia, might look like a bloom if there weren't so many other abundant species.",7.5,1.0,1,1,1.0,1,1,,,,1.0
2025-04-25T17:30:00Z,37.5,-122.45,Present,13.0,2025-04-25T17:30:00Z,37.0,CA - Pillar Point,Asterionellopsis spp.,12.0,Cloudy,N,Full High Tide,,,,,"Very busy samples, quite different from a month ago.  Of HABs, lots of pseudo-nitzschia, might look like a bloom if there weren't so many other abundant species.",7.5,1.0,1,1,1.0,1,1,,,,1.0
2025-04-25T17:30:00Z,37.5,-122.45,Present,13.0,2025-04-25T17:30:00Z,37.0,CA - Pillar Point,Protoperidinium spp.,12.0,Cloudy,N,Full High Tide,,,,,"Very busy samples, quite different from a month ago.  Of HABs, lots of pseudo-nitzschia, might look like a bloom if there weren't so many other abundant species.",7.5,1.0,1,1,1.0,1,1,,,,1.0
2025-04-25T17:30:00Z,37.5,-122.45,Present,13.0,2025-04-25T17:30:00Z,37.0,CA - Pillar Point,Amphiprora spp.,12.0,Cloudy,N,Full High Tide,,,,,"Very busy samples, quite different from a month ago.  Of HABs, lots of pseudo-nitzschia, might look like a bloom if there weren't so many other abundant species.",7.5,1.0,1,1,1.0,1,1,,,,1.0
2025-04-25T17:30:00Z,37.5,-122.45,Present,13.0,2025-04-25T17:30:00Z,37.0,CA - Pillar Point,Cylindrotheca spp.,12.0,Cloudy,N,Full High Tide,,,,,"Very busy samples, quite different from a month ago.  Of HABs, lots of pseudo-nitzschia, might look like a bloom if there weren't so many other abundant species.",7.5,1.0,1,1,1.0,1,1,,,,1.0
2025-04-25T17:30:00Z,37.5,-122.45,Present,13.0,2025-04-25T17:30:00Z,37.0,CA - Pillar Point,Leptocylindrus spp.,12.0,Cloudy,N,Full High Tide,,,,,"Very busy samples, quite different from a month ago.  Of HABs, lots of pseudo-nitzschia, might look like a bloom if there weren't so many other abundant species.",7.5,1.0,1,1,1.0,1,1,,,,1.0
2025-04-25T17:30:00Z,37.5,-122.45,Present,13.0,2025-04-25T17:30:00Z,37.0,CA - Pillar Point,Coscinodiscus spp.,12.0,Cloudy,N,Full High Tide,,,,,"Very busy samples, quite different from a month ago.  Of HABs, lots of pseudo-nitzschia, might look like a bloom if there weren't so many other abundant species.",7.5,1.0,1,1,1.0,1,1,,,,1.0
2025-04-25T17:30:00Z,37.5,-122.45,Present,13.0,2025-04-25T17:30:00Z,37.0,CA - Pillar Point,Ditylum spp.,12.0,Cloudy,N,Full High Tide,,,,,"Very busy samples, quite different from a month ago.  Of HABs, lots of pseudo-nitzschia, might look like a bloom if there weren't so many other abundant species.",7.5,1.0,1,1,1.0,1,1,,,,1.0
2025-04-25T17:30:00Z,37.5,-122.45,Present,13.0,2025-04-25T17:30:00Z,37.0,CA - Pillar Point,Lauderia spp.,12.0,Cloudy,N,Full High Tide,,,,,"Very busy samples, quite different from a month ago.  Of HABs, lots of pseudo-nitzschia, might look like a bloom if there weren't so many other abundant species.",7.5,1.0,1,1,1.0,1,1,,,,1.0
2025-04-25T17:30:00Z,37.5,-122.45,Present,13.0,2025-04-25T17:30:00Z,37.0,CA - Pillar Point,Eucampia spp.,12.0,Cloudy,N,Full High Tide,,,,,"Very busy samples, quite different from a month ago.  Of HABs, lots of pseudo-nitzschia, might look like a bloom if there weren't so many other abundant species.",7.5,1.0,1,1,1.0,1,1,,,,1.0
2025-04-25T17:30:00Z,37.5,-122.45,Present,13.0,2025-04-25T17:30:00Z,37.0,CA - Pillar Point,Melosira spp.,12.0,Cloudy,N,Full High Tide,,,,,"Very busy samples, quite different from a month ago.  Of HABs, lots of pseudo-nitzschia, might look like a bloom if there weren't so many other abundant species.",7.5,1.0,1,1,1.0,1,1,,,,1.0
2025-04-25T17:30:00Z,37.5,-122.45,Present,13.0,2025-04-25T17:30:00Z,37.0,CA - Pillar Point,Actinoptychus spp.,12.0,Cloudy,N,Full High Tide,,,,,"Very busy samples, quite different from a month ago.  Of HABs, lots of pseudo-nitzschia, might look like a bloom if there weren't so many other abundant species.",7.5,1.0,1,1,1.0,1,1,,,,1.0
2025-04-25T17:30:00Z,37.5,-122.45,Present,13.0,2025-04-25T17:30:00Z,37.0,CA - Pillar Point,Dictyocha spp.,12.0,Cloudy,N,Full High Tide,,,,,"Very busy samples, quite different from a month ago.  Of HABs, lots of pseudo-nitzschia, might look like a bloom if there weren't so many other abundant species.",7.5,1.0,1,1,1.0,1,1,,,,1.0
2025-04-25T17:30:00Z,37.5,-122.45,Elevated,13.0,2025-04-25T17:30:00Z,37.0,CA - Pillar Point,Pseudo-nitzschia spp.,12.0,Cloudy,N,Full High Tide,,,,,"Very busy samples, quite different from a month ago.  Of HABs, lots of pseudo-nitzschia, might look like a bloom if there weren't so many other abundant species.",7.5,1.0,1,1,1.0,1,1,,,,1.0
2025-04-25T17:30:00Z,37.5,-122.45,Present,13.0,2025-04-25T17:30:00Z,37.0,CA - Pillar Point,Thalassiosira spp.,12.0,Cloudy,N,Full High Tide,,,,,"Very busy samples, quite different from a month ago.  Of HABs, lots of pseudo-nitzschia, might look like a bloom if there weren't so many other abundant species.",7.5,1.0,1,1,1.0,1,1,,,,1.0
2025-04-25T17:30:00Z,37.5,-122.45,Present,13.0,2025-04-25T17:30:00Z,37.0,CA - Pillar Point,Tropidoneis spp.,12.0,Cloudy,N,Full High Tide,,,,,"Very busy samples, quite different from a month ago.  Of HABs, lots of pseudo-nitzschia, might look like a bloom if there weren't so many other abundant species.",7.5,1.0,1,1,1.0,1,1,,,,1.0
2025-04-25T17:30:00Z,37.5,-122.45,Present,13.0,2025-04-25T17:30:00Z,37.0,CA - Pillar Point,Thalassionema spp.,12.0,Cloudy,N,Full High Tide,,,,,"Very busy samples, quite different from a month ago.  Of HABs, lots of pseudo-nitzschia, might look like a bloom if there weren't so many other abundant species.",7.5,1.0,1,1,1.0,1,1,,,,1.0
2025-04-25T17:30:00Z,37.5,-122.45,Present,13.0,2025-04-25T17:30:00Z,37.0,CA - Pillar Point,Skeletonema spp.,12.0,Cloudy,N,Full High Tide,,,,,"Very busy samples, quite different from a month ago.  Of HABs, lots of pseudo-nitzschia, might look like a bloom if there weren't so many other abundant species.",7.5,1.0,1,1,1.0,1,1,,,,1.0
2025-04-25T17:30:00Z,37.5,-122.45,Present,13.0,2025-04-25T17:30:00Z,37.0,CA - Pillar Point,Rhizosolenia spp.,12.0,Cloudy,N,Full High Tide,,,,,"Very busy samples, quite different from a month ago.  Of HABs, lots of pseudo-nitzschia, might look like a bloom if there weren't so many other abundant species.",7.5,1.0,1,1,1.0,1,1,,,,1.0
2025-04-25T17:30:00Z,37.5,-122.45,Present,13.0,2025-04-25T17:30:00Z,37.0,CA - Pillar Point,Detonula spp.,12.0,Cloudy,N,Full High Tide,,,,,"Very busy samples, quite different from a month ago.  Of HABs, lots of pseudo-nitzschia, might look like a bloom if there weren't so many other abundant species.",7.5,1.0,1,1,1.0,1,1,,,,1.0
2025-04-25T17:30:00Z,37.5,-122.45,Present,13.0,2025-04-25T17:30:00Z,37.0,CA - Pillar Point,Odontella spp.,12.0,Cloudy,N,Full High Tide,,,,,"Very busy samples, quite different from a month ago.  Of HABs, lots of pseudo-nitzschia, might look like a bloom if there weren't so many other abundant species.",7.5,1.0,1,1,1.0,1,1,,,,1.0
2025-04-25T17:30:00Z,37.5,-122.45,Present,13.0,2025-04-25T17:30:00Z,37.0,CA - Pillar Point,Chaetoceros spp.,12.0,Cloudy,N,Full High Tide,,,,,"Very busy samples, quite different from a month ago.  Of HABs, lots of pseudo-nitzschia, might look like a bloom if there weren't so many other abundant species.",7.5,1.0,1,1,1.0,1,1,,,,1.0
2025-04-25T17:30:00Z,37.5,-122.45,Present,13.0,2025-04-25T17:30:00Z,37.0,CA - Pillar Point,Dactyliosolen spp.,12.0,Cloudy,N,Full High Tide,,,,,"Very busy samples, quite different from a month ago.  Of HABs, lots of pseudo-nitzschia, might look like a bloom if there weren't so many other abundant species.",7.5,1.0,1,1,1.0,1,1,,,,1.0
2025-06-14T17:45:00Z,36.947117,-122.030792,Present,20.0,2025-06-14T17:45:00Z,35.0,CA - Santa Cruz Wharf,Stephanopyxis spp.,15.0,Partly Cloudy,SW,Incoming,,,,,"Boreadinium. Pigeon guillemot, great egret, anchovies",2.5,1.0,1,1,1.0,1,1,,,,1.0
2025-06-14T17:45:00Z,36.947117,-122.030792,Present,20.0,2025-06-14T17:45:00Z,35.0,CA - Santa Cruz Wharf,Tropidoneis spp.,15.0,Partly Cloudy,SW,Incoming,,,,,"Boreadinium. Pigeon guillemot, great egret, anchovies",2.5,1.0,1,1,1.0,1,1,,,,1.0
2025-06-14T17:45:00Z,36.947117,-122.030792,Present,20.0,2025-06-14T17:45:00Z,35.0,CA - Santa Cruz Wharf,Thalassionema spp.,15.0,Partly Cloudy,SW,Incoming,,,,,"Boreadinium. Pigeon guillemot, great egret, anchovies",2.5,1.0,1,1,1.0,1,1,,,,1.0
2025-06-14T17:45:00Z,36.947117,-122.030792,Present,20.0,2025-06-14T17:45:00Z,35.0,CA - Santa Cruz Wharf,Skeletonema spp.,15.0,Partly Cloudy,SW,Incoming,,,,,"Boreadinium. Pigeon guillemot, great egret, anchovies",2.5,1.0,1,1,1.0,1,1,,,,1.0
2025-06-14T17:45:00Z,36.947117,-122.030792,Present,20.0,2025-06-14T17:45:00Z,35.0,CA - Santa Cruz Wharf,Guinardia spp.,15.0,Partly Cloudy,SW,Incoming,,,,,"Boreadinium. Pigeon guillemot, great egret, anchovies",2.5,1.0,1,1,1.0,1,1,,,,1.0
2025-06-14T17:45:00Z,36.947117,-122.030792,Present,20.0,2025-06-14T17:45:00Z,35.0,CA - Santa Cruz Wharf,Protoperidinium spp.,15.0,Partly Cloudy,SW,Incoming,,,,,"Boreadinium. Pigeon guillemot, great egret, anchovies",2.5,1.0,1,1,1.0,1,1,,,,1.0
2025-06-14T17:45:00Z,36.947117,-122.030792,Present,20.0,2025-06-14T17:45:00Z,35.0,CA - Santa Cruz Wharf,Akashiwo sanguinea,15.0,Partly Cloudy,SW,Incoming,,,,,"Boreadinium. Pigeon guillemot, great egret, anchovies",2.5,1.0,1,1,1.0,1,1,,,,1.0
2025-06-14T17:45:00Z,36.947117,-122.030792,Present,20.0,2025-06-14T17:45:00Z,35.0,CA - Santa Cruz Wharf,Tripos furca,15.0,Partly Cloudy,SW,Incoming,,,,,"Boreadinium. Pigeon guillemot, great egret, anchovies",2.5,1.0,1,1,1.0,1,1,,,,1.0
2025-06-14T17:45:00Z,36.947117,-122.030792,Present,20.0,2025-06-14T17:45:00Z,35.0,CA - Santa Cruz Wharf,Chaetoceros spp.,15.0,Partly Cloudy,SW,Incoming,,,,,"Boreadinium. Pigeon guillemot, great egret, anchovies",2.5,1.0,1,1,1.0,1,1,,,,1.0
2025-06-14T17:45:00Z,36.947117,-122.030792,Present,20.0,2025-06-14T17:45:00Z,35.0,CA - Santa Cruz Wharf,Dinophysis spp.,15.0,Partly Cloudy,SW,Incoming,,,,,"Boreadinium. Pigeon guillemot, great egret, anchovies",2.5,1.0,1,1,1.0,1,1,,,,1.0
2025-06-14T17:45:00Z,36.947117,-122.030792,Present,20.0,2025-06-14T17:45:00Z,35.0,CA - Santa Cruz Wharf,Prorocentrum spp.,15.0,Partly Cloudy,SW,Incoming,,,,,"Boreadinium. Pigeon guillemot, great egret, anchovies",2.5,1.0,1,1,1.0,1,1,,,,1.0
2025-06-14T17:45:00Z,36.947117,-122.030792,Present,20.0,2025-06-14T17:45:00Z,35.0,CA - Santa Cruz Wharf,Rhizosolenia spp.,15.0,Partly Cloudy,SW,Incoming,,,,,"Boreadinium. Pigeon guillemot, great egret, anchovies",2.5,1.0,1,1,1.0,1,1,,,,1.0
2025-06-14T17:45:00Z,36.947117,-122.030792,Present,20.0,2025-06-14T17:45:00Z,35.0,CA - Santa Cruz Wharf,Thalassiosira spp.,15.0,Partly Cloudy,SW,Incoming,,,,,"Boreadinium. Pigeon guillemot, great egret, anchovies",2.5,1.0,1,1,1.0,1,1,,,,1.0
2025-06-14T17:45:00Z,36.947117,-122.030792,Present,20.0,2025-06-14T17:45:00Z,35.0,CA - Santa Cruz Wharf,Asteromphalus,15.0,Partly Cloudy,SW,Incoming,,,,,"Boreadinium. Pigeon guillemot, great egret, anchovies",2.5,1.0,1,1,1.0,1,1,,,,1.0
2025-06-14T17:45:00Z,36.947117,-122.030792,Present,20.0,2025-06-14T17:45:00Z,35.0,CA - Santa Cruz Wharf,Coscinodiscus spp.,15.0,Partly Cloudy,SW,Incoming,,,,,"Boreadinium. Pigeon guillemot, great egret, anchovies",2.5,1.0,1,1,1.0,1,1,,,,1.0
2025-06-14T17:45:00Z,36.947117,-122.030792,Present,20.0,2025-06-14T17:45:00Z,35.0,CA - Santa Cruz Wharf,Cylindrotheca spp.,15.0,Partly Cloudy,SW,Incoming,,,,,"Boreadinium. Pigeon guillemot, great egret, anchovies",2.5,1.0,1,1,1.0,1,1,,,,1.0
2025-06-14T17:45:00Z,36.947117,-122.030792,Present,20.0,2025-06-14T17:45:00Z,35.0,CA - Santa Cruz Wharf,Pseudo-nitzschia spp.,15.0,Partly Cloudy,SW,Incoming,,,,,"Boreadinium. Pigeon guillemot, great egret, anchovies",2.5,1.0,1,1,1.0,1,1,,,,1.0
2025-06-14T17:45:00Z,36.947117,-122.030792,Present,20.0,2025-06-14T17:45:00Z,35.0,CA - Santa Cruz Wharf,Dictyocha spp.,15.0,Partly Cloudy,SW,Incoming,,,,,"Boreadinium. Pigeon guillemot, great egret, anchovies",2.5,1.0,1,1,1.0,1,1,,,,1.0
2025-06-14T17:45:00Z,36.947117,-122.030792,Present,20.0,2025-06-14T17:45:00Z,35.0,CA - Santa Cruz Wharf,Ditylum spp.,15.0,Partly Cloudy,SW,Incoming,,,,,"Boreadinium. Pigeon guillemot, great egret, anchovies",2.5,1.0,1,1,1.0,1,1,,,,1.0
2025-06-14T17:45:00Z,36.947117,-122.030792,Present,20.0,2025-06-14T17:45:00Z,35.0,CA - Santa Cruz Wharf,Gonyaulax spp.,15.0,Partly Cloudy,SW,Incoming,,,,,"Boreadinium. Pigeon guillemot, great egret, anchovies",2.5,1.0,1,1,1.0,1,1,,,,1.0
2025-06-14T17:45:00Z,36.947117,-122.030792,Present,20.0,2025-06-14T17:45:00Z,35.0,CA - Santa Cruz Wharf,Lauderia spp.,15.0,Partly Cloudy,SW,Incoming,,,,,"Boreadinium. Pigeon guillemot, great egret, anchovies",2.5,1.0,1,1,1.0,1,1,,,,1.0
2025-06-14T17:45:00Z,36.947117,-122.030792,Present,20.0,2025-06-14T17:45:00Z,35.0,CA - Santa Cruz Wharf,Pleurosigma spp.,15.0,Partly Cloudy,SW,Incoming,,,,,"Boreadinium. Pigeon guillemot, great egret, anchovies",2.5,1.0,1,1,1.0,1,1,,,,1.0
2025-06-14T17:45:00Z,36.947117,-122.030792,Present,20.0,2025-06-14T17:45:00Z,35.0,CA - Santa Cruz Wharf,Odontella spp.,15.0,Partly Cloudy,SW,Incoming,,,,,"Boreadinium. Pigeon guillemot, great egret, anchovies",2.5,1.0,1,1,1.0,1,1,,,,1.0
2025-06-14T17:45:00Z,36.947117,-122.030792,Present,20.0,2025-06-14T17:45:00Z,35.0,CA - Santa Cruz Wharf,Leptocylindrus spp.,15.0,Partly Cloudy,SW,Incoming,,,,,"Boreadinium. Pigeon guillemot, great egret, anchovies",2.5,1.0,1,1,1.0,1,1,,,,1.0
2025-06-14T17:45:00Z,36.947117,-122.030792,Present,20.0,2025-06-14T17:45:00Z,35.0,CA - Santa Cruz Wharf,Navicula spp.,15.0,Partly Cloudy,SW,Incoming,,,,,"Boreadinium. Pigeon guillemot, great egret, anchovies",2.5,1.0,1,1,1.0,1,1,,,,1.0
2025-06-20T20:00:00Z,37.808718,-122.440152,Present,19.0,2025-06-20T20:00:00Z,30.0,CA - Wave Organ,Coscinodiscus spp.,15.0,Sunny,W,Dead Low Tide,,,,,,25.0,1.0,1,1,1.0,1,1,,,,1.0
2025-06-20T20:00:00Z,37.808718,-122.440152,Present,19.0,2025-06-20T20:00:00Z,30.0,CA - Wave Organ,Heterosigma akashiwo,15.0,Sunny,W,Dead Low Tide,,,,,,25.0,1.0,1,1,1.0,1,1,,,,1.0
2025-06-20T20:00:00Z,37.808718,-122.440152,Present,19.0,2025-06-20T20:00:00Z,30.0,CA - Wave Organ,Prorocentrum spp.,15.0,Sunny,W,Dead Low Tide,,,,,,25.0,1.0,1,1,1.0,1,1,,,,1.0
2025-06-20T20:00:00Z,37.808718,-122.440152,Present,19.0,2025-06-20T20:00:00Z,30.0,CA - Wave Organ,Melosira spp.,15.0,Sunny,W,Dead Low Tide,,,,,,25.0,1.0,1,1,1.0,1,1,,,,1.0
2025-06-20T20:00:00Z,37.808718,-122.440152,Present,19.0,2025-06-20T20:00:00Z,30.0,CA - Wave Organ,Oxyphysis spp.,15.0,Sunny,W,Dead Low Tide,,,,,,25.0,1.0,1,1,1.0,1,1,,,,1.0
2025-06-20T20:00:00Z,37.808718,-122.440152,Present,19.0,2025-06-20T20:00:00Z,30.0,CA - Wave Organ,Skeletonema spp.,15.0,Sunny,W,Dead Low Tide,,,,,,25.0,1.0,1,1,1.0,1,1,,,,1.0
2025-06-26T08:00:00Z,37.914092,-122.35387,Present,16.0,2025-06-26T08:00:00Z,30.0,CA - Safe Harbor Marina Bay Yacht Harbor,Chaetoceros spp.,19.0,,,Outgoing,,,,,also present Heterocapsa,,1.0,1,1,1.0,1,1,,,,
2025-06-26T08:00:00Z,37.914092,-122.35387,Present,16.0,2025-06-26T08:00:00Z,30.0,CA - Safe Harbor Marina Bay Yacht Harbor,Dinophysis spp.,19.0,,,Outgoing,,,,,also present Heterocapsa,,1.0,1,1,1.0,1,1,,,,
2025-06-27T17:30:00Z,36.947117,-122.030792,Present,15.0,2025-06-27T17:30:00Z,35.0,CA - Santa Cruz Wharf,Paralia spp.,15.0,Foggy,S,Incoming,,,,,"Boreadinium, Pigeon guillemot, Brown pelican, brandts cormorant. Note for database entry:  pH is not the same as alkalinity. pH = -log[H+] whereas alkalinity measures buffering capacity i.e. reisistence to pH change due to carbonate ions",2.5,1.0,1,1,1.0,1,1,,,,1.0
2025-06-27T17:30:00Z,36.947117,-122.030792,Present,15.0,2025-06-27T17:30:00Z,35.0,CA - Santa Cruz Wharf,Odontella spp.,15.0,Foggy,S,Incoming,,,,,"Boreadinium, Pigeon guillemot, Brown pelican, brandts cormorant. Note for database entry:  pH is not the same as alkalinity. pH = -log[H+] whereas alkalinity measures buffering capacity i.e. reisistence to pH change due to carbonate ions",2.5,1.0,1,1,1.0,1,1,,,,1.0
2025-06-27T17:30:00Z,36.947117,-122.030792,Present,15.0,2025-06-27T17:30:00Z,35.0,CA - Santa Cruz Wharf,Leptocylindrus spp.,15.0,Foggy,S,Incoming,,,,,"Boreadinium, Pigeon guillemot, Brown pelican, brandts cormorant. Note for database entry:  pH is not the same as alkalinity. pH = -log[H+] whereas alkalinity measures buffering capacity i.e. reisistence to pH change due to carbonate ions",2.5,1.0,1,1,1.0,1,1,,,,1.0
2025-06-27T17:30:00Z,36.947117,-122.030792,Present,15.0,2025-06-27T17:30:00Z,35.0,CA - Santa Cruz Wharf,Polykrikos spp.,15.0,Foggy,S,Incoming,,,,,"Boreadinium, Pigeon guillemot, Brown pelican, brandts cormorant. Note for database entry:  pH is not the same as alkalinity. pH = -log[H+] whereas alkalinity measures buffering capacity i.e. reisistence to pH change due to carbonate ions",2.5,1.0,1,1,1.0,1,1,,,,1.0
2025-06-27T17:30:00Z,36.947117,-122.030792,Present,15.0,2025-06-27T17:30:00Z,35.0,CA - Santa Cruz Wharf,Proboscia spp.,15.0,Foggy,S,Incoming,,,,,"Boreadinium, Pigeon guillemot, Brown pelican, brandts cormorant. Note for database entry:  pH is not the same as alkalinity. pH = -log[H+] whereas alkalinity measures buffering capacity i.e. reisistence to pH change due to carbonate ions",2.5,1.0,1,1,1.0,1,1,,,,1.0
2025-06-27T17:30:00Z,36.947117,-122.030792,Present,15.0,2025-06-27T17:30:00Z,35.0,CA - Santa Cruz Wharf,Protoperidinium spp.,15.0,Foggy,S,Incoming,,,,,"Boreadinium, Pigeon guillemot, Brown pelican, brandts cormorant. Note for database entry:  pH is not the same as alkalinity. pH = -log[H+] whereas alkalinity measures buffering capacity i.e. reisistence to pH change due to carbonate ions",2.5,1.0,1,1,1.0,1,1,,,,1.0
2025-06-27T17:30:00Z,36.947117,-122.030792,Present,15.0,2025-06-27T17:30:00Z,35.0,CA - Santa Cruz Wharf,Gyrodinium spp.,15.0,Foggy,S,Incoming,,,,,"Boreadinium, Pigeon guillemot, Brown pelican, brandts cormorant. Note for database entry:  pH is not the same as alkalinity. pH = -log[H+] whereas alkalinity measures buffering capacity i.e. reisistence to pH change due to carbonate ions",2.5,1.0,1,1,1.0,1,1,,,,1.0
2025-06-27T17:30:00Z,36.947117,-122.030792,Present,15.0,2025-06-27T17:30:00Z,35.0,CA - Santa Cruz Wharf,Guinardia spp.,15.0,Foggy,S,Incoming,,,,,"Boreadinium, Pigeon guillemot, Brown pelican, brandts cormorant. Note for database entry:  pH is not the same as alkalinity. pH = -log[H+] whereas alkalinity measures buffering capacity i.e. reisistence to pH change due to carbonate ions",2.5,1.0,1,1,1.0,1,1,,,,1.0
2025-06-27T17:30:00Z,36.947117,-122.030792,Present,15.0,2025-06-27T17:30:00Z,35.0,CA - Santa Cruz Wharf,Gonyaulax spp.,15.0,Foggy,S,Incoming,,,,,"Boreadinium, Pigeon guillemot, Brown pelican, brandts cormorant. Note for database entry:  pH is not the same as alkalinity. pH = -log[H+] whereas alkalinity measures buffering capacity i.e. reisistence to pH change due to carbonate ions",2.5,1.0,1,1,1.0,1,1,,,,1.0
2025-06-27T17:30:00Z,36.947117,-122.030792,Present,15.0,2025-06-27T17:30:00Z,35.0,CA - Santa Cruz Wharf,Eucampia spp.,15.0,Foggy,S,Incoming,,,,,"Boreadinium, Pigeon guillemot, Brown pelican, brandts cormorant. Note for database entry:  pH is not the same as alkalinity. pH = -log[H+] whereas alkalinity measures buffering capacity i.e. reisistence to pH change due to carbonate ions",2.5,1.0,1,1,1.0,1,1,,,,1.0
2025-06-27T17:30:00Z,36.947117,-122.030792,Present,15.0,2025-06-27T17:30:00Z,35.0,CA - Santa Cruz Wharf,Dinophysis spp.,15.0,Foggy,S,Incoming,,,,,"Boreadinium, Pigeon guillemot, Brown pelican, brandts cormorant. Note for database entry:  pH is not the same as alkalinity. pH = -log[H+] whereas alkalinity measures buffering capacity i.e. reisistence to pH change due to carbonate ions",2.5,1.0,1,1,1.0,1,1,,,,1.0
2025-06-27T17:30:00Z,36.947117,-122.030792,Present,15.0,2025-06-27T17:30:00Z,35.0,CA - Santa Cruz Wharf,Chaetoceros spp.,15.0,Foggy,S,Incoming,,,,,"Boreadinium, Pigeon guillemot, Brown pelican, brandts cormorant. Note for database entry:  pH is not the same as alkalinity. pH = -log[H+] whereas alkalinity measures buffering capacity i.e. reisistence to pH change due to carbonate ions",2.5,1.0,1,1,1.0,1,1,,,,1.0
2025-06-27T17:30:00Z,36.947117,-122.030792,Present,15.0,2025-06-27T17:30:00Z,35.0,CA - Santa Cruz Wharf,Pleurosigma spp.,15.0,Foggy,S,Incoming,,,,,"Boreadinium, Pigeon guillemot, Brown pelican, brandts cormorant. Note for database entry:  pH is not the same as alkalinity. pH = -log[H+] whereas alkalinity measures buffering capacity i.e. reisistence to pH change due to carbonate ions",2.5,1.0,1,1,1.0,1,1,,,,1.0
2025-06-27T17:30:00Z,36.947117,-122.030792,Present,15.0,2025-06-27T17:30:00Z,35.0,CA - Santa Cruz Wharf,Ditylum spp.,15.0,Foggy,S,Incoming,,,,,"Boreadinium, Pigeon guillemot, Brown pelican, brandts cormorant. Note for database entry:  pH is not the same as alkalinity. pH = -log[H+] whereas alkalinity measures buffering capacity i.e. reisistence to pH change due to carbonate ions",2.5,1.0,1,1,1.0,1,1,,,,1.0
2025-06-27T17:30:00Z,36.947117,-122.030792,Present,15.0,2025-06-27T17:30:00Z,35.0,CA - Santa Cruz Wharf,Akashiwo sanguinea,15.0,Foggy,S,Incoming,,,,,"Boreadinium, Pigeon guillemot, Brown pelican, brandts cormorant. Note for database entry:  pH is not the same as alkalinity. pH = -log[H+] whereas alkalinity measures buffering capacity i.e. reisistence to pH change due to carbonate ions",2.5,1.0,1,1,1.0,1,1,,,,1.0
2025-06-27T17:30:00Z,36.947117,-122.030792,Present,15.0,2025-06-27T17:30:00Z,35.0,CA - Santa Cruz Wharf,Stephanopyxis spp.,15.0,Foggy,S,Incoming,,,,,"Boreadinium, Pigeon guillemot, Brown pelican, brandts cormorant. Note for database entry:  pH is not the same as alkalinity. pH = -log[H+] whereas alkalinity measures buffering capacity i.e. reisistence to pH change due to carbonate ions",2.5,1.0,1,1,1.0,1,1,,,,1.0
2025-06-27T17:30:00Z,36.947117,-122.030792,Present,15.0,2025-06-27T17:30:00Z,35.0,CA - Santa Cruz Wharf,Coscinodiscus spp.,15.0,Foggy,S,Incoming,,,,,"Boreadinium, Pigeon guillemot, Brown pelican, brandts cormorant. Note for database entry:  pH is not the same as alkalinity. pH = -log[H+] whereas alkalinity measures buffering capacity i.e. reisistence to pH change due to carbonate ions",2.5,1.0,1,1,1.0,1,1,,,,1.0
2025-06-27T17:30:00Z,36.947117,-122.030792,Present,15.0,2025-06-27T17:30:00Z,35.0,CA - Santa Cruz Wharf,Asteromphalus,15.0,Foggy,S,Incoming,,,,,"Boreadinium, Pigeon guillemot, Brown pelican, brandts cormorant. Note for database entry:  pH is not the same as alkalinity. pH = -log[H+] whereas alkalinity measures buffering capacity i.e. reisistence to pH change due to carbonate ions",2.5,1.0,1,1,1.0,1,1,,,,1.0
2025-06-27T17:30:00Z,36.947117,-122.030792,Present,15.0,2025-06-27T17:30:00Z,35.0,CA - Santa Cruz Wharf,Asterionellopsis spp.,15.0,Foggy,S,Incoming,,,,,"Boreadinium, Pigeon guillemot, Brown pelican, brandts cormorant. Note for database entry:  pH is not the same as alkalinity. pH = -log[H+] whereas alkalinity measures buffering capacity i.e. reisistence to pH change due to carbonate ions",2.5,1.0,1,1,1.0,1,1,,,,1.0
2025-06-27T17:30:00Z,36.947117,-122.030792,Present,15.0,2025-06-27T17:30:00Z,35.0,CA - Santa Cruz Wharf,Thalassiosira spp.,15.0,Foggy,S,Incoming,,,,,"Boreadinium, Pigeon guillemot, Brown pelican, brandts cormorant. Note for database entry:  pH is not the same as alkalinity. pH = -log[H+] whereas alkalinity measures buffering capacity i.e. reisistence to pH change due to carbonate ions",2.5,1.0,1,1,1.0,1,1,,,,1.0
2025-06-27T17:30:00Z,36.947117,-122.030792,Present,15.0,2025-06-27T17:30:00Z,35.0,CA - Santa Cruz Wharf,Tripos furca,15.0,Foggy,S,Incoming,,,,,"Boreadinium, Pigeon guillemot, Brown pelican, brandts cormorant. Note for database entry:  pH is not the same as alkalinity. pH = -log[H+] whereas alkalinity measures buffering capacity i.e. reisistence to pH change due to carbonate ions",2.5,1.0,1,1,1.0,1,1,,,,1.0
2025-06-27T17:30:00Z,36.947117,-122.030792,Present,15.0,2025-06-27T17:30:00Z,35.0,CA - Santa Cruz Wharf,Pseudo-nitzschia spp.,15.0,Foggy,S,Incoming,,,,,"Boreadinium, Pigeon guillemot, Brown pelican, brandts cormorant. Note for database entry:  pH is not the same as alkalinity. pH = -log[H+] whereas alkalinity measures buffering capacity i.e. reisistence to pH change due to carbonate ions",2.5,1.0,1,1,1.0,1,1,,,,1.0
2025-06-27T17:30:00Z,36.947117,-122.030792,Present,15.0,2025-06-27T17:30:00Z,35.0,CA - Santa Cruz Wharf,Rhizosolenia spp.,15.0,Foggy,S,Incoming,,,,,"Boreadinium, Pigeon guillemot, Brown pelican, brandts cormorant. Note for database entry:  pH is not the same as alkalinity. pH = -log[H+] whereas alkalinity measures buffering capacity i.e. reisistence to pH change due to carbonate ions",2.5,1.0,1,1,1.0,1,1,,,,1.0
2025-06-27T17:30:00Z,36.947117,-122.030792,Present,15.0,2025-06-27T17:30:00Z,35.0,CA - Santa Cruz Wharf,Prorocentrum spp.,15.0,Foggy,S,Incoming,,,,,"Boreadinium, Pigeon guillemot, Brown pelican, brandts cormorant. Note for database entry:  pH is not the same as alkalinity. pH = -log[H+] whereas alkalinity measures buffering capacity i.e. reisistence to pH change due to carbonate ions",2.5,1.0,1,1,1.0,1,1,,,,1.0
2025-06-27T17:30:00Z,36.947117,-122.030792,Present,15.0,2025-06-27T17:30:00Z,35.0,CA - Santa Cruz Wharf,Detonula spp.,15.0,Foggy,S,Incoming,,,,,"Boreadinium, Pigeon guillemot, Brown pelican, brandts cormorant. Note for database entry:  pH is not the same as alkalinity. pH = -log[H+] whereas alkalinity measures buffering capacity i.e. reisistence to pH change due to carbonate ions",2.5,1.0,1,1,1.0,1,1,,,,1.0
2025-06-27T17:30:00Z,36.947117,-122.030792,Present,15.0,2025-06-27T17:30:00Z,35.0,CA - Santa Cruz Wharf,Thalassionema spp.,15.0,Foggy,S,Incoming,,,,,"Boreadinium, Pigeon guillemot, Brown pelican, brandts cormorant. Note for database entry:  pH is not the same as alkalinity. pH = -log[H+] whereas alkalinity measures buffering capacity i.e. reisistence to pH change due to carbonate ions",2.5,1.0,1,1,1.0,1,1,,,,1.0
2025-06-27T17:30:00Z,36.947117,-122.030792,Present,15.0,2025-06-27T17:30:00Z,35.0,CA - Santa Cruz Wharf,Tropidoneis spp.,15.0,Foggy,S,Incoming,,,,,"Boreadinium, Pigeon guillemot, Brown pelican, brandts cormorant. Note for database entry:  pH is not the same as alkalinity. pH = -log[H+] whereas alkalinity measures buffering capacity i.e. reisistence to pH change due to carbonate ions",2.5,1.0,1,1,1.0,1,1,,,,1.0
2025-08-05T19:45:00Z,37.73786,-122.374798,Present,18.0,2025-08-05T19:45:00Z,31.0,CA - Heron's Head Park,Dinophysis spp.,19.0,Sunny,,High,,,,,"Sparse sample, small bits of detrituse, several pennate and centric diatoms.",,1.0,1,1,1.0,1,1,,,,
2025-09-26T23:30:00Z,37.914092,-122.35387,Present,18.0,2025-09-26T23:30:00Z,33.0,CA - Safe Harbor Marina Bay Yacht Harbor,Chaetoceros spp.,21.0,,,High,,,,,,,1.0,1,1,1.0,1,1,,,,
2025-09-26T23:30:00Z,37.914092,-122.35387,Present,18.0,2025-09-26T23:30:00Z,33.0,CA - Safe Harbor Marina Bay Yacht Harbor,Akashiwo sanguinea,21.0,,,High,,,,,,,1.0,1,1,1.0,1,1,,,,
2025-09-26T23:30:00Z,37.914092,-122.35387,Present,18.0,2025-09-26T23:30:00Z,33.0,CA - Safe Harbor Marina Bay Yacht Harbor,Prorocentrum spp.,21.0,,,High,,,,,,,1.0,1,1,1.0,1,1,,,,
2025-09-26T23:30:00Z,37.914092,-122.35387,Present,18.0,2025-09-26T23:30:00Z,33.0,CA - Safe Harbor Marina Bay Yacht Harbor,Pseudo-nitzschia spp.,21.0,,,High,,,,,,,1.0,1,1,1.0,1,1,,,,
2025-09-30T00:15:00Z,37.5,-122.45,Present,20.0,2025-09-30T00:15:00Z,37.0,CA - Pillar Point,Thalassionema spp.,18.0,Mostly Cloudy,SW,Outgoing,,,,,"Almost entirely dinoflagellates, particularly akashiwo/prorocentrum/cochlodinium.",2.5,1.0,1,1,1.0,1,1,,,,1.0
2025-09-30T00:15:00Z,37.5,-122.45,Present,20.0,2025-09-30T00:15:00Z,37.0,CA - Pillar Point,Akashiwo sanguinea,18.0,Mostly Cloudy,SW,Outgoing,,,,,"Almost entirely dinoflagellates, particularly akashiwo/prorocentrum/cochlodinium.",2.5,1.0,1,1,1.0,1,1,,,,1.0
2025-09-30T00:15:00Z,37.5,-122.45,Present,20.0,2025-09-30T00:15:00Z,37.0,CA - Pillar Point,Alexandrium spp.,18.0,Mostly Cloudy,SW,Outgoing,,,,,"Almost entirely dinoflagellates, particularly akashiwo/prorocentrum/cochlodinium.",2.5,1.0,1,1,1.0,1,1,,,,1.0
2025-09-30T00:15:00Z,37.5,-122.45,Present,20.0,2025-09-30T00:15:00Z,37.0,CA - Pillar Point,Tripos furca,18.0,Mostly Cloudy,SW,Outgoing,,,,,"Almost entirely dinoflagellates, particularly akashiwo/prorocentrum/cochlodinium.",2.5,1.0,1,1,1.0,1,1,,,,1.0
2025-09-30T00:15:00Z,37.5,-122.45,Present,20.0,2025-09-30T00:15:00Z,37.0,CA - Pillar Point,Chaetoceros spp.,18.0,Mostly Cloudy,SW,Outgoing,,,,,"Almost entirely dinoflagellates, particularly akashiwo/prorocentrum/cochlodinium.",2.5,1.0,1,1,1.0,1,1,,,,1.0
2025-09-30T00:15:00Z,37.5,-122.45,Present,20.0,2025-09-30T00:15:00Z,37.0,CA - Pillar Point,Dinophysis spp.,18.0,Mostly Cloudy,SW,Outgoing,,,,,"Almost entirely dinoflagellates, particularly akashiwo/prorocentrum/cochlodinium.",2.5,1.0,1,1,1.0,1,1,,,,1.0
2025-09-30T00:15:00Z,37.5,-122.45,Present,20.0,2025-09-30T00:15:00Z,37.0,CA - Pillar Point,Prorocentrum spp.,18.0,Mostly Cloudy,SW,Outgoing,,,,,"Almost entirely dinoflagellates, particularly akashiwo/prorocentrum/cochlodinium.",2.5,1.0,1,1,1.0,1,1,,,,1.0
2025-09-30T00:15:00Z,37.5,-122.45,Present,20.0,2025-09-30T00:15:00Z,37.0,CA - Pillar Point,Pseudo-nitzschia spp.,18.0,Mostly Cloudy,SW,Outgoing,,,,,"Almost entirely dinoflagellates, particularly akashiwo/prorocentrum/cochlodinium.",2.5,1.0,1,1,1.0,1,1,,,,1.0
2025-09-30T00:15:00Z,37.5,-122.45,Present,20.0,2025-09-30T00:15:00Z,37.0,CA - Pillar Point,Thalassiosira spp.,18.0,Mostly Cloudy,SW,Outgoing,,,,,"Almost entirely dinoflagellates, particularly akashiwo/prorocentrum/cochlodinium.",2.5,1.0,1,1,1.0,1,1,,,,1.0
2025-09-30T00:15:00Z,37.5,-122.45,Present,20.0,2025-09-30T00:15:00Z,37.0,CA - Pillar Point,Asterionellopsis spp.,18.0,Mostly Cloudy,SW,Outgoing,,,,,"Almost entirely dinoflagellates, particularly akashiwo/prorocentrum/cochlodinium.",2.5,1.0,1,1,1.0,1,1,,,,1.0
2025-09-30T00:15:00Z,37.5,-122.45,Present,20.0,2025-09-30T00:15:00Z,37.0,CA - Pillar Point,Entomoneis spp.,18.0,Mostly Cloudy,SW,Outgoing,,,,,"Almost entirely dinoflagellates, particularly akashiwo/prorocentrum/cochlodinium.",2.5,1.0,1,1,1.0,1,1,,,,1.0
2025-09-30T00:15:00Z,37.5,-122.45,Present,20.0,2025-09-30T00:15:00Z,37.0,CA - Pillar Point,Eucampia spp.,18.0,Mostly Cloudy,SW,Outgoing,,,,,"Almost entirely dinoflagellates, particularly akashiwo/prorocentrum/cochlodinium.",2.5,1.0,1,1,1.0,1,1,,,,1.0
2025-09-30T00:15:00Z,37.5,-122.45,Present,20.0,2025-09-30T00:15:00Z,37.0,CA - Pillar Point,Gyrodinium spp.,18.0,Mostly Cloudy,SW,Outgoing,,,,,"Almost entirely dinoflagellates, particularly akashiwo/prorocentrum/cochlodinium.",2.5,1.0,1,1,1.0,1,1,,,,1.0
2025-09-30T00:15:00Z,37.5,-122.45,Present,20.0,2025-09-30T00:15:00Z,37.0,CA - Pillar Point,Lauderia spp.,18.0,Mostly Cloudy,SW,Outgoing,,,,,"Almost entirely dinoflagellates, particularly akashiwo/prorocentrum/cochlodinium.",2.5,1.0,1,1,1.0,1,1,,,,1.0
2025-09-30T00:15:00Z,37.5,-122.45,Present,20.0,2025-09-30T00:15:00Z,37.0,CA - Pillar Point,Polykrikos spp.,18.0,Mostly Cloudy,SW,Outgoing,,,,,"Almost entirely dinoflagellates, particularly akashiwo/prorocentrum/cochlodinium.",2.5,1.0,1,1,1.0,1,1,,,,1.0
2025-09-30T00:15:00Z,37.5,-122.45,Present,20.0,2025-09-30T00:15:00Z,37.0,CA - Pillar Point,Cylindrotheca spp.,18.0,Mostly Cloudy,SW,Outgoing,,,,,"Almost entirely dinoflagellates, particularly akashiwo/prorocentrum/cochlodinium.",2.5,1.0,1,1,1.0,1,1,,,,1.0
2025-09-30T00:15:00Z,37.5,-122.45,Present,20.0,2025-09-30T00:15:00Z,37.0,CA - Pillar Point,Skeletonema spp.,18.0,Mostly Cloudy,SW,Outgoing,,,,,"Almost entirely dinoflagellates, particularly akashiwo/prorocentrum/cochlodinium.",2.5,1.0,1,1,1.0,1,1,,,,1.0
2025-09-30T00:15:00Z,37.5,-122.45,Present,20.0,2025-09-30T00:15:00Z,37.0,CA - Pillar Point,Scrippsiella spp.,18.0,Mostly Cloudy,SW,Outgoing,,,,,"Almost entirely dinoflagellates, particularly akashiwo/prorocentrum/cochlodinium.",2.5,1.0,1,1,1.0,1,1,,,,1.0
2025-09-30T00:15:00Z,37.5,-122.45,Present,20.0,2025-09-30T00:15:00Z,37.0,CA - Pillar Point,Protoperidinium spp.,18.0,Mostly Cloudy,SW,Outgoing,,,,,"Almost entirely dinoflagellates, particularly akashiwo/prorocentrum/cochlodinium.",2.5,1.0,1,1,1.0,1,1,,,,1.0
2025-10-01T18:45:00Z,36.96396,-122.00256,Present,20.0,2025-10-01T18:45:00Z,34.0,"CA - CA947, Santa Cruz Harbor",Prorocentrum spp.,18.0,Partly Cloudy,S,Outgoing,,,,,,2.5,1.0,1,1,1.0,1,1,,,,1.0
2025-10-01T18:45:00Z,36.96396,-122.00256,Present,20.0,2025-10-01T18:45:00Z,34.0,"CA - CA947, Santa Cruz Harbor",Akashiwo sanguinea,18.0,Partly Cloudy,S,Outgoing,,,,,,2.5,1.0,1,1,1.0,1,1,,,,1.0
2025-10-11T18:30:00Z,36.958676,-122.018278,Present,18.0,2025-10-11T18:30:00Z,35.0,CA - Santa Cruz wharf,Tripos furca,16.0,Sunny,SW,Incoming,,,,,"Humpback whale approached within 40 ft. Boreadinium, Pyrocyctis lunula. Procentrum/akashiwo dominant. Pelagic cormorant, common murre",7.5,1.0,4,4,1.0,4,1,,,,1.0
2025-10-11T18:30:00Z,36.958676,-122.018278,Present,18.0,2025-10-11T18:30:00Z,35.0,CA - Santa Cruz wharf,Chaetoceros spp.,16.0,Sunny,SW,Incoming,,,,,"Humpback whale approached within 40 ft. Boreadinium, Pyrocyctis lunula. Procentrum/akashiwo dominant. Pelagic cormorant, common murre",7.5,1.0,4,4,1.0,4,1,,,,1.0
2025-10-11T18:30:00Z,36.958676,-122.018278,Present,18.0,2025-10-11T18:30:00Z,35.0,CA - Santa Cruz wharf,Dinophysis spp.,16.0,Sunny,SW,Incoming,,,,,"Humpback whale approached within 40 ft. Boreadinium, Pyrocyctis lunula. Procentrum/akashiwo dominant. Pelagic cormorant, common murre",7.5,1.0,4,4,1.0,4,1,,,,1.0
2025-10-11T18:30:00Z,36.958676,-122.018278,Present,18.0,2025-10-11T18:30:00Z,35.0,CA - Santa Cruz wharf,Licmophora spp.,16.0,Sunny,SW,Incoming,,,,,"Humpback whale approached within 40 ft. Boreadinium, Pyrocyctis lunula. Procentrum/akashiwo dominant. Pelagic cormorant, common murre",7.5,1.0,4,4,1.0,4,1,,,,1.0
2025-10-11T18:30:00Z,36.958676,-122.018278,Present,18.0,2025-10-11T18:30:00Z,35.0,CA - Santa Cruz wharf,Protoperidinium spp.,16.0,Sunny,SW,Incoming,,,,,"Humpback whale approached within 40 ft. Boreadinium, Pyrocyctis lunula. Procentrum/akashiwo dominant. Pelagic cormorant, common murre",7.5,1.0,4,4,1.0,4,1,,,,1.0
2025-10-11T18:30:00Z,36.958676,-122.018278,Present,18.0,2025-10-11T18:30:00Z,35.0,CA - Santa Cruz wharf,Polykrikos spp.,16.0,Sunny,SW,Incoming,,,,,"Humpback whale approached within 40 ft. Boreadinium, Pyrocyctis lunula. Procentrum/akashiwo dominant. Pelagic cormorant, common murre",7.5,1.0,4,4,1.0,4,1,,,,1.0
2025-10-11T18:30:00Z,36.958676,-122.018278,Present,18.0,2025-10-11T18:30:00Z,35.0,CA - Santa Cruz wharf,Pleurosigma spp.,16.0,Sunny,SW,Incoming,,,,,"Humpback whale approached within 40 ft. Boreadinium, Pyrocyctis lunula. Procentrum/akashiwo dominant. Pelagic cormorant, common murre",7.5,1.0,4,4,1.0,4,1,,,,1.0
2025-10-11T18:30:00Z,36.958676,-122.018278,Present,18.0,2025-10-11T18:30:00Z,35.0,CA - Santa Cruz wharf,Prorocentrum spp.,16.0,Sunny,SW,Incoming,,,,,"Humpback whale approached within 40 ft. Boreadinium, Pyrocyctis lunula. Procentrum/akashiwo dominant. Pelagic cormorant, common murre",7.5,1.0,4,4,1.0,4,1,,,,1.0
2025-10-11T18:30:00Z,36.958676,-122.018278,Present,18.0,2025-10-11T18:30:00Z,35.0,CA - Santa Cruz wharf,Coscinodiscus spp.,16.0,Sunny,SW,Incoming,,,,,"Humpback whale approached within 40 ft. Boreadinium, Pyrocyctis lunula. Procentrum/akashiwo dominant. Pelagic cormorant, common murre",7.5,1.0,4,4,1.0,4,1,,,,1.0
2025-10-11T18:30:00Z,36.958676,-122.018278,Present,18.0,2025-10-11T18:30:00Z,35.0,CA - Santa Cruz wharf,Dictyocha spp.,16.0,Sunny,SW,Incoming,,,,,"Humpback whale approached within 40 ft. Boreadinium, Pyrocyctis lunula. Procentrum/akashiwo dominant. Pelagic cormorant, common murre",7.5,1.0,4,4,1.0,4,1,,,,1.0
2025-10-11T18:30:00Z,36.958676,-122.018278,Present,18.0,2025-10-11T18:30:00Z,35.0,CA - Santa Cruz wharf,Akashiwo sanguinea,16.0,Sunny,SW,Incoming,,,,,"Humpback whale approached within 40 ft. Boreadinium, Pyrocyctis lunula. Procentrum/akashiwo dominant. Pelagic cormorant, common murre",7.5,1.0,4,4,1.0,4,1,,,,1.0
2025-10-11T18:30:00Z,36.958676,-122.018278,Present,18.0,2025-10-11T18:30:00Z,35.0,CA - Santa Cruz wharf,Navicula spp.,16.0,Sunny,SW,Incoming,,,,,"Humpback whale approached within 40 ft. Boreadinium, Pyrocyctis lunula. Procentrum/akashiwo dominant. Pelagic cormorant, common murre",7.5,1.0,4,4,1.0,4,1,,,,1.0
2025-10-20T08:00:00Z,36.96396,-122.00256,Present,18.0,2025-10-20T08:00:00Z,35.0,"CA - CA947, Santa Cruz Harbor",Chaetoceros spp.,16.0,Sunny,No wind,Full High Tide,,,,,,2.5,1.0,1,1,1.0,1,1,,,,1.0
2025-10-20T08:00:00Z,36.96396,-122.00256,Present,18.0,2025-10-20T08:00:00Z,35.0,"CA - CA947, Santa Cruz Harbor",Coscinodiscus spp.,16.0,Sunny,No wind,Full High Tide,,,,,,2.5,1.0,1,1,1.0,1,1,,,,1.0
2025-10-20T08:00:00Z,36.96396,-122.00256,Present,18.0,2025-10-20T08:00:00Z,35.0,"CA - CA947, Santa Cruz Harbor",Prorocentrum spp.,16.0,Sunny,No wind,Full High Tide,,,,,,2.5,1.0,1,1,1.0,1,1,,,,1.0
2025-10-20T08:00:00Z,36.96396,-122.00256,Present,18.0,2025-10-20T08:00:00Z,35.0,"CA - CA947, Santa Cruz Harbor",Pseudo-nitzschia spp.,16.0,Sunny,No wind,Full High Tide,,,,,,2.5,1.0,1,1,1.0,1,1,,,,1.0
2025-10-20T08:00:00Z,36.96396,-122.00256,Present,18.0,2025-10-20T08:00:00Z,35.0,"CA - CA947, Santa Cruz Harbor",Entomoneis spp.,16.0,Sunny,No wind,Full High Tide,,,,,,2.5,1.0,1,1,1.0,1,1,,,,1.0
2025-10-20T22:15:00Z,37.5,-122.45,Present,20.0,2025-10-20T22:15:00Z,37.0,CA - Pillar Point,Bacillaria spp.,16.0,Sunny,No wind,Outgoing,,,,,"Low plankton quantity & diversity.  Highest count on skeltonema, but not even much of that.  Most common (only) Dino was prorocentrum, but also not so many.",2.5,1.0,1,1,1.0,1,1,,,,1.0
2025-10-20T22:15:00Z,37.5,-122.45,Present,20.0,2025-10-20T22:15:00Z,37.0,CA - Pillar Point,Skeletonema spp.,16.0,Sunny,No wind,Outgoing,,,,,"Low plankton quantity & diversity.  Highest count on skeltonema, but not even much of that.  Most common (only) Dino was prorocentrum, but also not so many.",2.5,1.0,1,1,1.0,1,1,,,,1.0
2025-10-20T22:15:00Z,37.5,-122.45,Present,20.0,2025-10-20T22:15:00Z,37.0,CA - Pillar Point,Akashiwo sanguinea,16.0,Sunny,No wind,Outgoing,,,,,"Low plankton quantity & diversity.  Highest count on skeltonema, but not even much of that.  Most common (only) Dino was prorocentrum, but also not so many.",2.5,1.0,1,1,1.0,1,1,,,,1.0
2025-10-20T22:15:00Z,37.5,-122.45,Present,20.0,2025-10-20T22:15:00Z,37.0,CA - Pillar Point,Chaetoceros spp.,16.0,Sunny,No wind,Outgoing,,,,,"Low plankton quantity & diversity.  Highest count on skeltonema, but not even much of that.  Most common (only) Dino was prorocentrum, but also not so many.",2.5,1.0,1,1,1.0,1,1,,,,1.0
2025-10-20T22:15:00Z,37.5,-122.45,Present,20.0,2025-10-20T22:15:00Z,37.0,CA - Pillar Point,Prorocentrum spp.,16.0,Sunny,No wind,Outgoing,,,,,"Low plankton quantity & diversity.  Highest count on skeltonema, but not even much of that.  Most common (only) Dino was prorocentrum, but also not so many.",2.5,1.0,1,1,1.0,1,1,,,,1.0
2025-10-20T22:15:00Z,37.5,-122.45,Present,20.0,2025-10-20T22:15:00Z,37.0,CA - Pillar Point,Pseudo-nitzschia spp.,16.0,Sunny,No wind,Outgoing,,,,,"Low plankton quantity & diversity.  Highest count on skeltonema, but not even much of that.  Most common (only) Dino was prorocentrum, but also not so many.",2.5,1.0,1,1,1.0,1,1,,,,1.0
2025-10-20T22:15:00Z,37.5,-122.45,Present,20.0,2025-10-20T22:15:00Z,37.0,CA - Pillar Point,Thalassiosira spp.,16.0,Sunny,No wind,Outgoing,,,,,"Low plankton quantity & diversity.  Highest count on skeltonema, but not even much of that.  Most common (only) Dino was prorocentrum, but also not so many.",2.5,1.0,1,1,1.0,1,1,,,,1.0
2025-10-20T22:15:00Z,37.5,-122.45,Present,20.0,2025-10-20T22:15:00Z,37.0,CA - Pillar Point,Cylindrotheca spp.,16.0,Sunny,No wind,Outgoing,,,,,"Low plankton quantity & diversity.  Highest count on skeltonema, but not even much of that.  Most common (only) Dino was prorocentrum, but also not so many.",2.5,1.0,1,1,1.0,1,1,,,,1.0
2025-10-20T22:15:00Z,37.5,-122.45,Present,20.0,2025-10-20T22:15:00Z,37.0,CA - Pillar Point,Licmophora spp.,16.0,Sunny,No wind,Outgoing,,,,,"Low plankton quantity & diversity.  Highest count on skeltonema, but not even much of that.  Most common (only) Dino was prorocentrum, but also not so many.",2.5,1.0,1,1,1.0,1,1,,,,1.0
2025-10-20T22:15:00Z,37.5,-122.45,Present,20.0,2025-10-20T22:15:00Z,37.0,CA - Pillar Point,Coscinodiscus spp.,16.0,Sunny,No wind,Outgoing,,,,,"Low plankton quantity & diversity.  Highest count on skeltonema, but not even much of that.  Most common (only) Dino was prorocentrum, but also not so many.",2.5,1.0,1,1,1.0,1,1,,,,1.0
2025-10-20T22:15:00Z,37.5,-122.45,Present,20.0,2025-10-20T22:15:00Z,37.0,CA - Pillar Point,Pleurosigma spp.,16.0,Sunny,No wind,Outgoing,,,,,"Low plankton quantity & diversity.  Highest count on skeltonema, but not even much of that.  Most common (only) Dino was prorocentrum, but also not so many.",2.5,1.0,1,1,1.0,1,1,,,,1.0
2025-10-20T22:15:00Z,37.5,-122.45,Present,20.0,2025-10-20T22:15:00Z,37.0,CA - Pillar Point,Thalassionema spp.,16.0,Sunny,No wind,Outgoing,,,,,"Low plankton quantity & diversity.  Highest count on skeltonema, but not even much of that.  Most common (only) Dino was prorocentrum, but also not so many.",2.5,1.0,1,1,1.0,1,1,,,,1.0
2025-10-20T22:15:00Z,37.5,-122.45,Present,20.0,2025-10-20T22:15:00Z,37.0,CA - Pillar Point,Asteromphalus,16.0,Sunny,No wind,Outgoing,,,,,"Low plankton quantity & diversity.  Highest count on skeltonema, but not even much of that.  Most common (only) Dino was prorocentrum, but also not so many.",2.5,1.0,1,1,1.0,1,1,,,,1.0
2025-10-20T22:15:00Z,37.5,-122.45,Present,20.0,2025-10-20T22:15:00Z,37.0,CA - Pillar Point,Asterionellopsis spp.,16.0,Sunny,No wind,Outgoing,,,,,"Low plankton quantity & diversity.  Highest count on skeltonema, but not even much of that.  Most common (only) Dino was prorocentrum, but also not so many.",2.5,1.0,1,1,1.0,1,1,,,,1.0
2025-10-20T22:15:00Z,37.5,-122.45,Present,20.0,2025-10-20T22:15:00Z,37.0,CA - Pillar Point,Actinoptychus spp.,16.0,Sunny,No wind,Outgoing,,,,,"Low plankton quantity & diversity.  Highest count on skeltonema, but not even much of that.  Most common (only) Dino was prorocentrum, but also not so many.",2.5,1.0,1,1,1.0,1,1,,,,1.0
2025-10-20T22:15:00Z,37.5,-122.45,Present,20.0,2025-10-20T22:15:00Z,37.0,CA - Pillar Point,Achnanthes spp.,16.0,Sunny,No wind,Outgoing,,,,,"Low plankton quantity & diversity.  Highest count on skeltonema, but not even much of that.  Most common (only) Dino was prorocentrum, but also not so many.",2.5,1.0,1,1,1.0,1,1,,,,1.0
2025-10-21T17:00:00Z,37.808718,-122.440152,Present,17.0,2025-10-21T17:00:00Z,31.0,CA - Wave Organ,Helicotheca spp.,17.0,Sunny,W,Incoming,,,,,Pictures of several unknown species.  PLMK if you can identify them.,2.5,1.0,1,1,1.0,1,1,,,,1.0
2025-10-21T17:00:00Z,37.808718,-122.440152,Present,17.0,2025-10-21T17:00:00Z,31.0,CA - Wave Organ,Ditylum spp.,17.0,Sunny,W,Incoming,,,,,Pictures of several unknown species.  PLMK if you can identify them.,2.5,1.0,1,1,1.0,1,1,,,,1.0
2025-10-21T17:00:00Z,37.808718,-122.440152,Present,17.0,2025-10-21T17:00:00Z,31.0,CA - Wave Organ,Prorocentrum spp.,17.0,Sunny,W,Incoming,,,,,Pictures of several unknown species.  PLMK if you can identify them.,2.5,1.0,1,1,1.0,1,1,,,,1.0
2025-10-21T17:00:00Z,37.808718,-122.440152,Present,17.0,2025-10-21T17:00:00Z,31.0,CA - Wave Organ,Coscinodiscus spp.,17.0,Sunny,W,Incoming,,,,,Pictures of several unknown species.  PLMK if you can identify them.,2.5,1.0,1,1,1.0,1,1,,,,1.0
2025-10-21T17:00:00Z,37.808718,-122.440152,Present,17.0,2025-10-21T17:00:00Z,31.0,CA - Wave Organ,Tripos furca,17.0,Sunny,W,Incoming,,,,,Pictures of several unknown species.  PLMK if you can identify them.,2.5,1.0,1,1,1.0,1,1,,,,1.0
2025-10-21T17:00:00Z,37.808718,-122.440152,Present,17.0,2025-10-21T17:00:00Z,31.0,CA - Wave Organ,Pleurosigma spp.,17.0,Sunny,W,Incoming,,,,,Pictures of several unknown species.  PLMK if you can identify them.,2.5,1.0,1,1,1.0,1,1,,,,1.0
2025-10-24T08:00:00Z,37.914092,-122.35387,Present,17.0,2025-10-24T08:00:00Z,31.0,CA - Safe Harbor Marina Bay Yacht Harbor,Chaetoceros spp.,17.0,Sunny,,Incoming,,,,,,2.5,1.0,1,1,1.0,1,1,,,,1.0
2025-10-24T08:00:00Z,37.914092,-122.35387,Present,17.0,2025-10-24T08:00:00Z,31.0,CA - Safe Harbor Marina Bay Yacht Harbor,Akashiwo sanguinea,17.0,Sunny,,Incoming,,,,,,2.5,1.0,1,1,1.0,1,1,,,,1.0
2025-10-25T17:15:00Z,36.958676,-122.018278,Present,14.0,2025-10-25T17:15:00Z,35.0,CA - Santa Cruz wharf,Tropidoneis spp.,15.0,Cloudy,SE,Incoming,,,,,"Collected with Lisa Uttal. Brandts cormorant, brown pelican.",7.5,1.0,4,4,1.0,4,1,,,,1.0
2025-10-25T17:15:00Z,36.958676,-122.018278,Present,14.0,2025-10-25T17:15:00Z,35.0,CA - Santa Cruz wharf,Thalassionema spp.,15.0,Cloudy,SE,Incoming,,,,,"Collected with Lisa Uttal. Brandts cormorant, brown pelican.",7.5,1.0,4,4,1.0,4,1,,,,1.0
2025-10-25T17:15:00Z,36.958676,-122.018278,Present,14.0,2025-10-25T17:15:00Z,35.0,CA - Santa Cruz wharf,Protoperidinium spp.,15.0,Cloudy,SE,Incoming,,,,,"Collected with Lisa Uttal. Brandts cormorant, brown pelican.",7.5,1.0,4,4,1.0,4,1,,,,1.0
2025-10-25T17:15:00Z,36.958676,-122.018278,Present,14.0,2025-10-25T17:15:00Z,35.0,CA - Santa Cruz wharf,Skeletonema spp.,15.0,Cloudy,SE,Incoming,,,,,"Collected with Lisa Uttal. Brandts cormorant, brown pelican.",7.5,1.0,4,4,1.0,4,1,,,,1.0
2025-10-25T17:15:00Z,36.958676,-122.018278,Present,14.0,2025-10-25T17:15:00Z,35.0,CA - Santa Cruz wharf,Odontella spp.,15.0,Cloudy,SE,Incoming,,,,,"Collected with Lisa Uttal. Brandts cormorant, brown pelican.",7.5,1.0,4,4,1.0,4,1,,,,1.0
2025-10-25T17:15:00Z,36.958676,-122.018278,Present,14.0,2025-10-25T17:15:00Z,35.0,CA - Santa Cruz wharf,Chaetoceros spp.,15.0,Cloudy,SE,Incoming,,,,,"Collected with Lisa Uttal. Brandts cormorant, brown pelican.",7.5,1.0,4,4,1.0,4,1,,,,1.0
2025-10-25T17:15:00Z,36.958676,-122.018278,Present,14.0,2025-10-25T17:15:00Z,35.0,CA - Santa Cruz wharf,Dinophysis spp.,15.0,Cloudy,SE,Incoming,,,,,"Collected with Lisa Uttal. Brandts cormorant, brown pelican.",7.5,1.0,4,4,1.0,4,1,,,,1.0
2025-10-25T17:15:00Z,36.958676,-122.018278,Present,14.0,2025-10-25T17:15:00Z,35.0,CA - Santa Cruz wharf,Prorocentrum spp.,15.0,Cloudy,SE,Incoming,,,,,"Collected with Lisa Uttal. Brandts cormorant, brown pelican.",7.5,1.0,4,4,1.0,4,1,,,,1.0
2025-10-25T17:15:00Z,36.958676,-122.018278,Present,14.0,2025-10-25T17:15:00Z,35.0,CA - Santa Cruz wharf,Pseudo-nitzschia spp.,15.0,Cloudy,SE,Incoming,,,,,"Collected with Lisa Uttal. Brandts cormorant, brown pelican.",7.5,1.0,4,4,1.0,4,1,,,,1.0
2025-10-25T17:15:00Z,36.958676,-122.018278,Present,14.0,2025-10-25T17:15:00Z,35.0,CA - Santa Cruz wharf,Thalassiosira spp.,15.0,Cloudy,SE,Incoming,,,,,"Collected with Lisa Uttal. Brandts cormorant, brown pelican.",7.5,1.0,4,4,1.0,4,1,,,,1.0
2025-10-25T17:15:00Z,36.958676,-122.018278,Present,14.0,2025-10-25T17:15:00Z,35.0,CA - Santa Cruz wharf,Actinoptychus spp.,15.0,Cloudy,SE,Incoming,,,,,"Collected with Lisa Uttal. Brandts cormorant, brown pelican.",7.5,1.0,4,4,1.0,4,1,,,,1.0
2025-10-25T17:15:00Z,36.958676,-122.018278,Present,14.0,2025-10-25T17:15:00Z,35.0,CA - Santa Cruz wharf,Asterionellopsis spp.,15.0,Cloudy,SE,Incoming,,,,,"Collected with Lisa Uttal. Brandts cormorant, brown pelican.",7.5,1.0,4,4,1.0,4,1,,,,1.0
2025-10-25T17:15:00Z,36.958676,-122.018278,Present,14.0,2025-10-25T17:15:00Z,35.0,CA - Santa Cruz wharf,Coscinodiscus spp.,15.0,Cloudy,SE,Incoming,,,,,"Collected with Lisa Uttal. Brandts cormorant, brown pelican.",7.5,1.0,4,4,1.0,4,1,,,,1.0
2025-10-25T17:15:00Z,36.958676,-122.018278,Present,14.0,2025-10-25T17:15:00Z,35.0,CA - Santa Cruz wharf,Detonula spp.,15.0,Cloudy,SE,Incoming,,,,,"Collected with Lisa Uttal. Brandts cormorant, brown pelican.",7.5,1.0,4,4,1.0,4,1,,,,1.0
2025-10-25T17:15:00Z,36.958676,-122.018278,Present,14.0,2025-10-25T17:15:00Z,35.0,CA - Santa Cruz wharf,Dictyocha spp.,15.0,Cloudy,SE,Incoming,,,,,"Collected with Lisa Uttal. Brandts cormorant, brown pelican.",7.5,1.0,4,4,1.0,4,1,,,,1.0
2025-10-25T17:15:00Z,36.958676,-122.018278,Present,14.0,2025-10-25T17:15:00Z,35.0,CA - Santa Cruz wharf,Tripos fusus,15.0,Cloudy,SE,Incoming,,,,,"Collected with Lisa Uttal. Brandts cormorant, brown pelican.",7.5,1.0,4,4,1.0,4,1,,,,1.0
2025-10-25T17:15:00Z,36.958676,-122.018278,Present,14.0,2025-10-25T17:15:00Z,35.0,CA - Santa Cruz wharf,Eucampia spp.,15.0,Cloudy,SE,Incoming,,,,,"Collected with Lisa Uttal. Brandts cormorant, brown pelican.",7.5,1.0,4,4,1.0,4,1,,,,1.0
2025-10-25T17:15:00Z,36.958676,-122.018278,Present,14.0,2025-10-25T17:15:00Z,35.0,CA - Santa Cruz wharf,Guinardia spp.,15.0,Cloudy,SE,Incoming,,,,,"Collected with Lisa Uttal. Brandts cormorant, brown pelican.",7.5,1.0,4,4,1.0,4,1,,,,1.0
2025-10-25T17:15:00Z,36.958676,-122.018278,Present,14.0,2025-10-25T17:15:00Z,35.0,CA - Santa Cruz wharf,Gyrodinium spp.,15.0,Cloudy,SE,Incoming,,,,,"Collected with Lisa Uttal. Brandts cormorant, brown pelican.",7.5,1.0,4,4,1.0,4,1,,,,1.0
2025-10-25T17:15:00Z,36.958676,-122.018278,Present,14.0,2025-10-25T17:15:00Z,35.0,CA - Santa Cruz wharf,Lauderia spp.,15.0,Cloudy,SE,Incoming,,,,,"Collected with Lisa Uttal. Brandts cormorant, brown pelican.",7.5,1.0,4,4,1.0,4,1,,,,1.0
2025-10-25T17:15:00Z,36.958676,-122.018278,Present,14.0,2025-10-25T17:15:00Z,35.0,CA - Santa Cruz wharf,Leptocylindrus spp.,15.0,Cloudy,SE,Incoming,,,,,"Collected with Lisa Uttal. Brandts cormorant, brown pelican.",7.5,1.0,4,4,1.0,4,1,,,,1.0
2025-10-25T17:15:00Z,36.958676,-122.018278,Present,14.0,2025-10-25T17:15:00Z,35.0,CA - Santa Cruz wharf,Lithodesmium spp.,15.0,Cloudy,SE,Incoming,,,,,"Collected with Lisa Uttal. Brandts cormorant, brown pelican.",7.5,1.0,4,4,1.0,4,1,,,,1.0
2025-10-25T17:15:00Z,36.958676,-122.018278,Present,14.0,2025-10-25T17:15:00Z,35.0,CA - Santa Cruz wharf,Alexandrium spp.,15.0,Cloudy,SE,Incoming,,,,,"Collected with Lisa Uttal. Brandts cormorant, brown pelican.",7.5,1.0,4,4,1.0,4,1,,,,1.0
2025-10-25T17:15:00Z,36.958676,-122.018278,Present,14.0,2025-10-25T17:15:00Z,35.0,CA - Santa Cruz wharf,Akashiwo sanguinea,15.0,Cloudy,SE,Incoming,,,,,"Collected with Lisa Uttal. Brandts cormorant, brown pelican.",7.5,1.0,4,4,1.0,4,1,,,,1.0
2025-10-25T17:15:00Z,36.958676,-122.018278,Present,14.0,2025-10-25T17:15:00Z,35.0,CA - Santa Cruz wharf,Pleurosigma spp.,15.0,Cloudy,SE,Incoming,,,,,"Collected with Lisa Uttal. Brandts cormorant, brown pelican.",7.5,1.0,4,4,1.0,4,1,,,,1.0
2025-10-25T17:15:00Z,36.958676,-122.018278,Present,14.0,2025-10-25T17:15:00Z,35.0,CA - Santa Cruz wharf,Gonyaulax spp.,15.0,Cloudy,SE,Incoming,,,,,"Collected with Lisa Uttal. Brandts cormorant, brown pelican.",7.5,1.0,4,4,1.0,4,1,,,,1.0
2025-10-25T17:15:00Z,36.958676,-122.018278,Present,14.0,2025-10-25T17:15:00Z,35.0,CA - Santa Cruz wharf,Tripos furca,15.0,Cloudy,SE,Incoming,,,,,"Collected with Lisa Uttal. Brandts cormorant, brown pelican.",7.5,1.0,4,4,1.0,4,1,,,,1.0
2025-10-31T22:45:00Z,37.5,-122.45,Present,18.0,2025-10-31T22:45:00Z,37.0,CA - Pillar Point,Cylindrotheca spp.,15.0,Sunny,N,Incoming,,,,,"Sparse sample and very few dinoflagellates, dominant split between skeletonema and pseudo-nitzschia.",7.5,1.0,1,1,1.0,1,1,,,,1.0
2025-10-31T22:45:00Z,37.5,-122.45,Present,18.0,2025-10-31T22:45:00Z,37.0,CA - Pillar Point,Dactyliosolen spp.,15.0,Sunny,N,Incoming,,,,,"Sparse sample and very few dinoflagellates, dominant split between skeletonema and pseudo-nitzschia.",7.5,1.0,1,1,1.0,1,1,,,,1.0
2025-10-31T22:45:00Z,37.5,-122.45,Present,18.0,2025-10-31T22:45:00Z,37.0,CA - Pillar Point,Licmophora spp.,15.0,Sunny,N,Incoming,,,,,"Sparse sample and very few dinoflagellates, dominant split between skeletonema and pseudo-nitzschia.",7.5,1.0,1,1,1.0,1,1,,,,1.0
2025-10-31T22:45:00Z,37.5,-122.45,Present,18.0,2025-10-31T22:45:00Z,37.0,CA - Pillar Point,Pleurosigma spp.,15.0,Sunny,N,Incoming,,,,,"Sparse sample and very few dinoflagellates, dominant split between skeletonema and pseudo-nitzschia.",7.5,1.0,1,1,1.0,1,1,,,,1.0
2025-10-31T22:45:00Z,37.5,-122.45,Present,18.0,2025-10-31T22:45:00Z,37.0,CA - Pillar Point,Odontella spp.,15.0,Sunny,N,Incoming,,,,,"Sparse sample and very few dinoflagellates, dominant split between skeletonema and pseudo-nitzschia.",7.5,1.0,1,1,1.0,1,1,,,,1.0
2025-10-31T22:45:00Z,37.5,-122.45,Present,18.0,2025-10-31T22:45:00Z,37.0,CA - Pillar Point,Protoperidinium spp.,15.0,Sunny,N,Incoming,,,,,"Sparse sample and very few dinoflagellates, dominant split between skeletonema and pseudo-nitzschia.",7.5,1.0,1,1,1.0,1,1,,,,1.0
2025-10-31T22:45:00Z,37.5,-122.45,Present,18.0,2025-10-31T22:45:00Z,37.0,CA - Pillar Point,Coscinodiscus spp.,15.0,Sunny,N,Incoming,,,,,"Sparse sample and very few dinoflagellates, dominant split between skeletonema and pseudo-nitzschia.",7.5,1.0,1,1,1.0,1,1,,,,1.0
2025-10-31T22:45:00Z,37.5,-122.45,Present,18.0,2025-10-31T22:45:00Z,37.0,CA - Pillar Point,Thalassionema spp.,15.0,Sunny,N,Incoming,,,,,"Sparse sample and very few dinoflagellates, dominant split between skeletonema and pseudo-nitzschia.",7.5,1.0,1,1,1.0,1,1,,,,1.0
2025-10-31T22:45:00Z,37.5,-122.45,Present,18.0,2025-10-31T22:45:00Z,37.0,CA - Pillar Point,Melosira spp.,15.0,Sunny,N,Incoming,,,,,"Sparse sample and very few dinoflagellates, dominant split between skeletonema and pseudo-nitzschia.",7.5,1.0,1,1,1.0,1,1,,,,1.0
2025-10-31T22:45:00Z,37.5,-122.45,Present,18.0,2025-10-31T22:45:00Z,37.0,CA - Pillar Point,Skeletonema spp.,15.0,Sunny,N,Incoming,,,,,"Sparse sample and very few dinoflagellates, dominant split between skeletonema and pseudo-nitzschia.",7.5,1.0,1,1,1.0,1,1,,,,1.0
2025-10-31T22:45:00Z,37.5,-122.45,Present,18.0,2025-10-31T22:45:00Z,37.0,CA - Pillar Point,Rhizosolenia spp.,15.0,Sunny,N,Incoming,,,,,"Sparse sample and very few dinoflagellates, dominant split between skeletonema and pseudo-nitzschia.",7.5,1.0,1,1,1.0,1,1,,,,1.0
2025-10-31T22:45:00Z,37.5,-122.45,Present,18.0,2025-10-31T22:45:00Z,37.0,CA - Pillar Point,Asteromphalus,15.0,Sunny,N,Incoming,,,,,"Sparse sample and very few dinoflagellates, dominant split between skeletonema and pseudo-nitzschia.",7.5,1.0,1,1,1.0,1,1,,,,1.0
2025-10-31T22:45:00Z,37.5,-122.45,Present,18.0,2025-10-31T22:45:00Z,37.0,CA - Pillar Point,Asterionellopsis spp.,15.0,Sunny,N,Incoming,,,,,"Sparse sample and very few dinoflagellates, dominant split between skeletonema and pseudo-nitzschia.",7.5,1.0,1,1,1.0,1,1,,,,1.0
2025-10-31T22:45:00Z,37.5,-122.45,Present,18.0,2025-10-31T22:45:00Z,37.0,CA - Pillar Point,Thalassiosira spp.,15.0,Sunny,N,Incoming,,,,,"Sparse sample and very few dinoflagellates, dominant split between skeletonema and pseudo-nitzschia.",7.5,1.0,1,1,1.0,1,1,,,,1.0
2025-10-31T22:45:00Z,37.5,-122.45,Present,18.0,2025-10-31T22:45:00Z,37.0,CA - Pillar Point,Pseudo-nitzschia spp.,15.0,Sunny,N,Incoming,,,,,"Sparse sample and very few dinoflagellates, dominant split between skeletonema and pseudo-nitzschia.",7.5,1.0,1,1,1.0,1,1,,,,1.0
2025-10-31T22:45:00Z,37.5,-122.45,Present,18.0,2025-10-31T22:45:00Z,37.0,CA - Pillar Point,Chaetoceros spp.,15.0,Sunny,N,Incoming,,,,,"Sparse sample and very few dinoflagellates, dominant split between skeletonema and pseudo-nitzschia.",7.5,1.0,1,1,1.0,1,1,,,,1.0
2025-11-03T23:00:00Z,36.96396,-122.00256,Present,14.0,2025-11-03T23:00:00Z,35.0,"CA - CA947, Santa Cruz Harbor",Guinardia spp.,16.0,Cloudy,SW,Incoming,,,,,,7.5,1.0,1,1,1.0,1,1,,,,1.0
2025-11-03T23:00:00Z,36.96396,-122.00256,Present,14.0,2025-11-03T23:00:00Z,35.0,"CA - CA947, Santa Cruz Harbor",Pseudo-nitzschia spp.,16.0,Cloudy,SW,Incoming,,,,,,7.5,1.0,1,1,1.0,1,1,,,,1.0
2025-11-03T23:00:00Z,36.96396,-122.00256,Present,14.0,2025-11-03T23:00:00Z,35.0,"CA - CA947, Santa Cruz Harbor",Paralia spp.,16.0,Cloudy,SW,Incoming,,,,,,7.5,1.0,1,1,1.0,1,1,,,,1.0
2025-11-03T23:00:00Z,36.96396,-122.00256,Present,14.0,2025-11-03T23:00:00Z,35.0,"CA - CA947, Santa Cruz Harbor",Thalassionema spp.,16.0,Cloudy,SW,Incoming,,,,,,7.5,1.0,1,1,1.0,1,1,,,,1.0
2025-11-03T23:00:00Z,36.96396,-122.00256,Present,14.0,2025-11-03T23:00:00Z,35.0,"CA - CA947, Santa Cruz Harbor",Chaetoceros spp.,16.0,Cloudy,SW,Incoming,,,,,,7.5,1.0,1,1,1.0,1,1,,,,1.0
2025-11-03T23:00:00Z,36.96396,-122.00256,Present,14.0,2025-11-03T23:00:00Z,35.0,"CA - CA947, Santa Cruz Harbor",Actinoptychus spp.,16.0,Cloudy,SW,Incoming,,,,,,7.5,1.0,1,1,1.0,1,1,,,,1.0
2025-11-03T23:00:00Z,36.96396,-122.00256,Present,14.0,2025-11-03T23:00:00Z,35.0,"CA - CA947, Santa Cruz Harbor",Entomoneis spp.,16.0,Cloudy,SW,Incoming,,,,,,7.5,1.0,1,1,1.0,1,1,,,,1.0
2025-11-07T16:30:00Z,37.5,-122.45,Present,16.0,2025-11-07T16:30:00Z,37.0,CA - Pillar Point,Prorocentrum spp.,15.0,Cloudy,No wind,Incoming,,,,,"Also noctiluca, arachnodiscus.  Moderate plankton quantity and diversity.  Most common was dinophyis, followed by unknown Dino.  Very low quantity of diatoms.",2.5,1.0,1,1,1.0,1,1,,,,1.0
2025-11-07T16:30:00Z,37.5,-122.45,Present,16.0,2025-11-07T16:30:00Z,37.0,CA - Pillar Point,Asterionellopsis spp.,15.0,Cloudy,No wind,Incoming,,,,,"Also noctiluca, arachnodiscus.  Moderate plankton quantity and diversity.  Most common was dinophyis, followed by unknown Dino.  Very low quantity of diatoms.",2.5,1.0,1,1,1.0,1,1,,,,1.0
2025-11-07T16:30:00Z,37.5,-122.45,Present,16.0,2025-11-07T16:30:00Z,37.0,CA - Pillar Point,Thalassiosira spp.,15.0,Cloudy,No wind,Incoming,,,,,"Also noctiluca, arachnodiscus.  Moderate plankton quantity and diversity.  Most common was dinophyis, followed by unknown Dino.  Very low quantity of diatoms.",2.5,1.0,1,1,1.0,1,1,,,,1.0
2025-11-07T16:30:00Z,37.5,-122.45,Present,16.0,2025-11-07T16:30:00Z,37.0,CA - Pillar Point,Pseudo-nitzschia spp.,15.0,Cloudy,No wind,Incoming,,,,,"Also noctiluca, arachnodiscus.  Moderate plankton quantity and diversity.  Most common was dinophyis, followed by unknown Dino.  Very low quantity of diatoms.",2.5,1.0,1,1,1.0,1,1,,,,1.0
2025-11-07T16:30:00Z,37.5,-122.45,Present,16.0,2025-11-07T16:30:00Z,37.0,CA - Pillar Point,Skeletonema spp.,15.0,Cloudy,No wind,Incoming,,,,,"Also noctiluca, arachnodiscus.  Moderate plankton quantity and diversity.  Most common was dinophyis, followed by unknown Dino.  Very low quantity of diatoms.",2.5,1.0,1,1,1.0,1,1,,,,1.0
2025-11-07T16:30:00Z,37.5,-122.45,Present,16.0,2025-11-07T16:30:00Z,37.0,CA - Pillar Point,Tripos furca,15.0,Cloudy,No wind,Incoming,,,,,"Also noctiluca, arachnodiscus.  Moderate plankton quantity and diversity.  Most common was dinophyis, followed by unknown Dino.  Very low quantity of diatoms.",2.5,1.0,1,1,1.0,1,1,,,,1.0
2025-11-07T16:30:00Z,37.5,-122.45,Present,16.0,2025-11-07T16:30:00Z,37.0,CA - Pillar Point,Chaetoceros spp.,15.0,Cloudy,No wind,Incoming,,,,,"Also noctiluca, arachnodiscus.  Moderate plankton quantity and diversity.  Most common was dinophyis, followed by unknown Dino.  Very low quantity of diatoms.",2.5,1.0,1,1,1.0,1,1,,,,1.0
2025-11-07T16:30:00Z,37.5,-122.45,Present,16.0,2025-11-07T16:30:00Z,37.0,CA - Pillar Point,Tripos fusus,15.0,Cloudy,No wind,Incoming,,,,,"Also noctiluca, arachnodiscus.  Moderate plankton quantity and diversity.  Most common was dinophyis, followed by unknown Dino.  Very low quantity of diatoms.",2.5,1.0,1,1,1.0,1,1,,,,1.0
2025-11-07T16:30:00Z,37.5,-122.45,Present,16.0,2025-11-07T16:30:00Z,37.0,CA - Pillar Point,Coscinodiscus spp.,15.0,Cloudy,No wind,Incoming,,,,,"Also noctiluca, arachnodiscus.  Moderate plankton quantity and diversity.  Most common was dinophyis, followed by unknown Dino.  Very low quantity of diatoms.",2.5,1.0,1,1,1.0,1,1,,,,1.0
2025-11-07T16:30:00Z,37.5,-122.45,Present,16.0,2025-11-07T16:30:00Z,37.0,CA - Pillar Point,Alexandrium spp.,15.0,Cloudy,No wind,Incoming,,,,,"Also noctiluca, arachnodiscus.  Moderate plankton quantity and diversity.  Most common was dinophyis, followed by unknown Dino.  Very low quantity of diatoms.",2.5,1.0,1,1,1.0,1,1,,,,1.0
2025-11-07T16:30:00Z,37.5,-122.45,Present,16.0,2025-11-07T16:30:00Z,37.0,CA - Pillar Point,Akashiwo sanguinea,15.0,Cloudy,No wind,Incoming,,,,,"Also noctiluca, arachnodiscus.  Moderate plankton quantity and diversity.  Most common was dinophyis, followed by unknown Dino.  Very low quantity of diatoms.",2.5,1.0,1,1,1.0,1,1,,,,1.0
2025-11-07T16:30:00Z,37.5,-122.45,Present,16.0,2025-11-07T16:30:00Z,37.0,CA - Pillar Point,Dinophysis spp.,15.0,Cloudy,No wind,Incoming,,,,,"Also noctiluca, arachnodiscus.  Moderate plankton quantity and diversity.  Most common was dinophyis, followed by unknown Dino.  Very low quantity of diatoms.",2.5,1.0,1,1,1.0,1,1,,,,1.0
2025-11-07T16:30:00Z,37.5,-122.45,Present,16.0,2025-11-07T16:30:00Z,37.0,CA - Pillar Point,Dictyocha spp.,15.0,Cloudy,No wind,Incoming,,,,,"Also noctiluca, arachnodiscus.  Moderate plankton quantity and diversity.  Most common was dinophyis, followed by unknown Dino.  Very low quantity of diatoms.",2.5,1.0,1,1,1.0,1,1,,,,1.0
2025-11-07T16:30:00Z,37.5,-122.45,Present,16.0,2025-11-07T16:30:00Z,37.0,CA - Pillar Point,Paralia spp.,15.0,Cloudy,No wind,Incoming,,,,,"Also noctiluca, arachnodiscus.  Moderate plankton quantity and diversity.  Most common was dinophyis, followed by unknown Dino.  Very low quantity of diatoms.",2.5,1.0,1,1,1.0,1,1,,,,1.0
2025-11-07T16:30:00Z,37.5,-122.45,Present,16.0,2025-11-07T16:30:00Z,37.0,CA - Pillar Point,Lauderia spp.,15.0,Cloudy,No wind,Incoming,,,,,"Also noctiluca, arachnodiscus.  Moderate plankton quantity and diversity.  Most common was dinophyis, followed by unknown Dino.  Very low quantity of diatoms.",2.5,1.0,1,1,1.0,1,1,,,,1.0
2025-11-07T16:30:00Z,37.5,-122.45,Present,16.0,2025-11-07T16:30:00Z,37.0,CA - Pillar Point,Oxyphysis spp.,15.0,Cloudy,No wind,Incoming,,,,,"Also noctiluca, arachnodiscus.  Moderate plankton quantity and diversity.  Most common was dinophyis, followed by unknown Dino.  Very low quantity of diatoms.",2.5,1.0,1,1,1.0,1,1,,,,1.0
2025-11-07T16:30:00Z,37.5,-122.45,Present,16.0,2025-11-07T16:30:00Z,37.0,CA - Pillar Point,Pleurosigma spp.,15.0,Cloudy,No wind,Incoming,,,,,"Also noctiluca, arachnodiscus.  Moderate plankton quantity and diversity.  Most common was dinophyis, followed by unknown Dino.  Very low quantity of diatoms.",2.5,1.0,1,1,1.0,1,1,,,,1.0
2025-11-07T16:30:00Z,37.5,-122.45,Present,16.0,2025-11-07T16:30:00Z,37.0,CA - Pillar Point,Protoperidinium spp.,15.0,Cloudy,No wind,Incoming,,,,,"Also noctiluca, arachnodiscus.  Moderate plankton quantity and diversity.  Most common was dinophyis, followed by unknown Dino.  Very low quantity of diatoms.",2.5,1.0,1,1,1.0,1,1,,,,1.0
2025-11-07T16:30:00Z,37.5,-122.45,Present,16.0,2025-11-07T16:30:00Z,37.0,CA - Pillar Point,Rhizosolenia spp.,15.0,Cloudy,No wind,Incoming,,,,,"Also noctiluca, arachnodiscus.  Moderate plankton quantity and diversity.  Most common was dinophyis, followed by unknown Dino.  Very low quantity of diatoms.",2.5,1.0,1,1,1.0,1,1,,,,1.0
2025-11-07T16:30:00Z,37.5,-122.45,Present,16.0,2025-11-07T16:30:00Z,37.0,CA - Pillar Point,Stephanopyxis spp.,15.0,Cloudy,No wind,Incoming,,,,,"Also noctiluca, arachnodiscus.  Moderate plankton quantity and diversity.  Most common was dinophyis, followed by unknown Dino.  Very low quantity of diatoms.",2.5,1.0,1,1,1.0,1,1,,,,1.0
2025-11-07T16:30:00Z,37.5,-122.45,Present,16.0,2025-11-07T16:30:00Z,37.0,CA - Pillar Point,Thalassionema spp.,15.0,Cloudy,No wind,Incoming,,,,,"Also noctiluca, arachnodiscus.  Moderate plankton quantity and diversity.  Most common was dinophyis, followed by unknown Dino.  Very low quantity of diatoms.",2.5,1.0,1,1,1.0,1,1,,,,1.0
2025-11-07T16:30:00Z,37.5,-122.45,Present,16.0,2025-11-07T16:30:00Z,37.0,CA - Pillar Point,Dinoflagellate,15.0,Cloudy,No wind,Incoming,,,,,"Also noctiluca, arachnodiscus.  Moderate plankton quantity and diversity.  Most common was dinophyis, followed by unknown Dino.  Very low quantity of diatoms.",2.5,1.0,1,1,1.0,1,1,,,,1.0
2025-11-07T16:30:00Z,37.5,-122.45,Present,16.0,2025-11-07T16:30:00Z,37.0,CA - Pillar Point,Ditylum spp.,15.0,Cloudy,No wind,Incoming,,,,,"Also noctiluca, arachnodiscus.  Moderate plankton quantity and diversity.  Most common was dinophyis, followed by unknown Dino.  Very low quantity of diatoms.",2.5,1.0,1,1,1.0,1,1,,,,1.0
2025-11-07T17:45:00Z,36.958676,-122.018278,Present,15.0,2025-11-07T17:45:00Z,34.0,CA - Santa Cruz wharf,Akashiwo sanguinea,15.0,Sunny,S,Incoming,,,,,"Noctiluca, Isthmia, Boreadinium. Lots of silt with king tide swells. Western grebe, double creasted cormorant.",2.5,1.0,4,4,1.0,4,1,,,,1.0
2025-11-07T17:45:00Z,36.958676,-122.018278,Present,15.0,2025-11-07T17:45:00Z,34.0,CA - Santa Cruz wharf,Alexandrium spp.,15.0,Sunny,S,Incoming,,,,,"Noctiluca, Isthmia, Boreadinium. Lots of silt with king tide swells. Western grebe, double creasted cormorant.",2.5,1.0,4,4,1.0,4,1,,,,1.0
2025-11-07T17:45:00Z,36.958676,-122.018278,Present,15.0,2025-11-07T17:45:00Z,34.0,CA - Santa Cruz wharf,Tripos furca,15.0,Sunny,S,Incoming,,,,,"Noctiluca, Isthmia, Boreadinium. Lots of silt with king tide swells. Western grebe, double creasted cormorant.",2.5,1.0,4,4,1.0,4,1,,,,1.0
2025-11-07T17:45:00Z,36.958676,-122.018278,Present,15.0,2025-11-07T17:45:00Z,34.0,CA - Santa Cruz wharf,Leptocylindrus spp.,15.0,Sunny,S,Incoming,,,,,"Noctiluca, Isthmia, Boreadinium. Lots of silt with king tide swells. Western grebe, double creasted cormorant.",2.5,1.0,4,4,1.0,4,1,,,,1.0
2025-11-07T17:45:00Z,36.958676,-122.018278,Present,15.0,2025-11-07T17:45:00Z,34.0,CA - Santa Cruz wharf,Lauderia spp.,15.0,Sunny,S,Incoming,,,,,"Noctiluca, Isthmia, Boreadinium. Lots of silt with king tide swells. Western grebe, double creasted cormorant.",2.5,1.0,4,4,1.0,4,1,,,,1.0
2025-11-07T17:45:00Z,36.958676,-122.018278,Present,15.0,2025-11-07T17:45:00Z,34.0,CA - Santa Cruz wharf,Gyrodinium spp.,15.0,Sunny,S,Incoming,,,,,"Noctiluca, Isthmia, Boreadinium. Lots of silt with king tide swells. Western grebe, double creasted cormorant.",2.5,1.0,4,4,1.0,4,1,,,,1.0
2025-11-07T17:45:00Z,36.958676,-122.018278,Present,15.0,2025-11-07T17:45:00Z,34.0,CA - Santa Cruz wharf,Guinardia spp.,15.0,Sunny,S,Incoming,,,,,"Noctiluca, Isthmia, Boreadinium. Lots of silt with king tide swells. Western grebe, double creasted cormorant.",2.5,1.0,4,4,1.0,4,1,,,,1.0
2025-11-07T17:45:00Z,36.958676,-122.018278,Present,15.0,2025-11-07T17:45:00Z,34.0,CA - Santa Cruz wharf,Thalassiosira spp.,15.0,Sunny,S,Incoming,,,,,"Noctiluca, Isthmia, Boreadinium. Lots of silt with king tide swells. Western grebe, double creasted cormorant.",2.5,1.0,4,4,1.0,4,1,,,,1.0
2025-11-07T17:45:00Z,36.958676,-122.018278,Present,15.0,2025-11-07T17:45:00Z,34.0,CA - Santa Cruz wharf,Dinophysis spp.,15.0,Sunny,S,Incoming,,,,,"Noctiluca, Isthmia, Boreadinium. Lots of silt with king tide swells. Western grebe, double creasted cormorant.",2.5,1.0,4,4,1.0,4,1,,,,1.0
2025-11-07T17:45:00Z,36.958676,-122.018278,Present,15.0,2025-11-07T17:45:00Z,34.0,CA - Santa Cruz wharf,Prorocentrum spp.,15.0,Sunny,S,Incoming,,,,,"Noctiluca, Isthmia, Boreadinium. Lots of silt with king tide swells. Western grebe, double creasted cormorant.",2.5,1.0,4,4,1.0,4,1,,,,1.0
2025-11-07T17:45:00Z,36.958676,-122.018278,Present,15.0,2025-11-07T17:45:00Z,34.0,CA - Santa Cruz wharf,Pseudo-nitzschia spp.,15.0,Sunny,S,Incoming,,,,,"Noctiluca, Isthmia, Boreadinium. Lots of silt with king tide swells. Western grebe, double creasted cormorant.",2.5,1.0,4,4,1.0,4,1,,,,1.0
2025-11-07T17:45:00Z,36.958676,-122.018278,Present,15.0,2025-11-07T17:45:00Z,34.0,CA - Santa Cruz wharf,Actinoptychus spp.,15.0,Sunny,S,Incoming,,,,,"Noctiluca, Isthmia, Boreadinium. Lots of silt with king tide swells. Western grebe, double creasted cormorant.",2.5,1.0,4,4,1.0,4,1,,,,1.0
2025-11-07T17:45:00Z,36.958676,-122.018278,Present,15.0,2025-11-07T17:45:00Z,34.0,CA - Santa Cruz wharf,Coscinodiscus spp.,15.0,Sunny,S,Incoming,,,,,"Noctiluca, Isthmia, Boreadinium. Lots of silt with king tide swells. Western grebe, double creasted cormorant.",2.5,1.0,4,4,1.0,4,1,,,,1.0
2025-11-07T17:45:00Z,36.958676,-122.018278,Present,15.0,2025-11-07T17:45:00Z,34.0,CA - Santa Cruz wharf,Cylindrotheca spp.,15.0,Sunny,S,Incoming,,,,,"Noctiluca, Isthmia, Boreadinium. Lots of silt with king tide swells. Western grebe, double creasted cormorant.",2.5,1.0,4,4,1.0,4,1,,,,1.0
2025-11-07T17:45:00Z,36.958676,-122.018278,Present,15.0,2025-11-07T17:45:00Z,34.0,CA - Santa Cruz wharf,Pleurosigma spp.,15.0,Sunny,S,Incoming,,,,,"Noctiluca, Isthmia, Boreadinium. Lots of silt with king tide swells. Western grebe, double creasted cormorant.",2.5,1.0,4,4,1.0,4,1,,,,1.0
2025-11-07T17:45:00Z,36.958676,-122.018278,Present,15.0,2025-11-07T17:45:00Z,34.0,CA - Santa Cruz wharf,Chaetoceros spp.,15.0,Sunny,S,Incoming,,,,,"Noctiluca, Isthmia, Boreadinium. Lots of silt with king tide swells. Western grebe, double creasted cormorant.",2.5,1.0,4,4,1.0,4,1,,,,1.0
2025-11-07T17:45:00Z,36.958676,-122.018278,Present,15.0,2025-11-07T17:45:00Z,34.0,CA - Santa Cruz wharf,Polykrikos spp.,15.0,Sunny,S,Incoming,,,,,"Noctiluca, Isthmia, Boreadinium. Lots of silt with king tide swells. Western grebe, double creasted cormorant.",2.5,1.0,4,4,1.0,4,1,,,,1.0
2025-11-07T17:45:00Z,36.958676,-122.018278,Present,15.0,2025-11-07T17:45:00Z,34.0,CA - Santa Cruz wharf,Odontella spp.,15.0,Sunny,S,Incoming,,,,,"Noctiluca, Isthmia, Boreadinium. Lots of silt with king tide swells. Western grebe, double creasted cormorant.",2.5,1.0,4,4,1.0,4,1,,,,1.0
2025-11-07T17:45:00Z,36.958676,-122.018278,Present,15.0,2025-11-07T17:45:00Z,34.0,CA - Santa Cruz wharf,Rhizosolenia spp.,15.0,Sunny,S,Incoming,,,,,"Noctiluca, Isthmia, Boreadinium. Lots of silt with king tide swells. Western grebe, double creasted cormorant.",2.5,1.0,4,4,1.0,4,1,,,,1.0
2025-11-07T17:45:00Z,36.958676,-122.018278,Present,15.0,2025-11-07T17:45:00Z,34.0,CA - Santa Cruz wharf,Skeletonema spp.,15.0,Sunny,S,Incoming,,,,,"Noctiluca, Isthmia, Boreadinium. Lots of silt with king tide swells. Western grebe, double creasted cormorant.",2.5,1.0,4,4,1.0,4,1,,,,1.0
2025-11-07T17:45:00Z,36.958676,-122.018278,Present,15.0,2025-11-07T17:45:00Z,34.0,CA - Santa Cruz wharf,Protoperidinium spp.,15.0,Sunny,S,Incoming,,,,,"Noctiluca, Isthmia, Boreadinium. Lots of silt with king tide swells. Western grebe, double creasted cormorant.",2.5,1.0,4,4,1.0,4,1,,,,1.0
2025-11-07T17:45:00Z,36.958676,-122.018278,Present,15.0,2025-11-07T17:45:00Z,34.0,CA - Santa Cruz wharf,Thalassionema spp.,15.0,Sunny,S,Incoming,,,,,"Noctiluca, Isthmia, Boreadinium. Lots of silt with king tide swells. Western grebe, double creasted cormorant.",2.5,1.0,4,4,1.0,4,1,,,,1.0
2025-11-07T17:45:00Z,36.958676,-122.018278,Present,15.0,2025-11-07T17:45:00Z,34.0,CA - Santa Cruz wharf,Triceratium spp.,15.0,Sunny,S,Incoming,,,,,"Noctiluca, Isthmia, Boreadinium. Lots of silt with king tide swells. Western grebe, double creasted cormorant.",2.5,1.0,4,4,1.0,4,1,,,,1.0
2025-11-14T18:30:00Z,37.5,-122.45,Present,17.0,2025-11-14T18:30:00Z,37.0,CA - Pillar Point,Coscinodiscus spp.,15.0,Sunny,No wind,Outgoing,,,,,"High diversity, even mix of diatom/dino with no obvious dominant type.  Saw all type of ceratium, even the one that isn't a ceratium.  Also saw noctiluca & arachnodiscus which are not on the dropdown list.",2.5,1.0,1,1,1.0,1,1,,,,1.0
2025-11-14T18:30:00Z,37.5,-122.45,Present,17.0,2025-11-14T18:30:00Z,37.0,CA - Pillar Point,Achnanthes spp.,15.0,Sunny,No wind,Outgoing,,,,,"High diversity, even mix of diatom/dino with no obvious dominant type.  Saw all type of ceratium, even the one that isn't a ceratium.  Also saw noctiluca & arachnodiscus which are not on the dropdown list.",2.5,1.0,1,1,1.0,1,1,,,,1.0
2025-11-14T18:30:00Z,37.5,-122.45,Present,17.0,2025-11-14T18:30:00Z,37.0,CA - Pillar Point,Actinoptychus spp.,15.0,Sunny,No wind,Outgoing,,,,,"High diversity, even mix of diatom/dino with no obvious dominant type.  Saw all type of ceratium, even the one that isn't a ceratium.  Also saw noctiluca & arachnodiscus which are not on the dropdown list.",2.5,1.0,1,1,1.0,1,1,,,,1.0
2025-11-14T18:30:00Z,37.5,-122.45,Present,17.0,2025-11-14T18:30:00Z,37.0,CA - Pillar Point,Asterionellopsis spp.,15.0,Sunny,No wind,Outgoing,,,,,"High diversity, even mix of diatom/dino with no obvious dominant type.  Saw all type of ceratium, even the one that isn't a ceratium.  Also saw noctiluca & arachnodiscus which are not on the dropdown list.",2.5,1.0,1,1,1.0,1,1,,,,1.0
2025-11-14T18:30:00Z,37.5,-122.45,Present,17.0,2025-11-14T18:30:00Z,37.0,CA - Pillar Point,Asteromphalus,15.0,Sunny,No wind,Outgoing,,,,,"High diversity, even mix of diatom/dino with no obvious dominant type.  Saw all type of ceratium, even the one that isn't a ceratium.  Also saw noctiluca & arachnodiscus which are not on the dropdown list.",2.5,1.0,1,1,1.0,1,1,,,,1.0
2025-11-14T18:30:00Z,37.5,-122.45,Present,17.0,2025-11-14T18:30:00Z,37.0,CA - Pillar Point,Odontella spp.,15.0,Sunny,No wind,Outgoing,,,,,"High diversity, even mix of diatom/dino with no obvious dominant type.  Saw all type of ceratium, even the one that isn't a ceratium.  Also saw noctiluca & arachnodiscus which are not on the dropdown list.",2.5,1.0,1,1,1.0,1,1,,,,1.0
2025-11-14T18:30:00Z,37.5,-122.45,Present,17.0,2025-11-14T18:30:00Z,37.0,CA - Pillar Point,Cylindrotheca spp.,15.0,Sunny,No wind,Outgoing,,,,,"High diversity, even mix of diatom/dino with no obvious dominant type.  Saw all type of ceratium, even the one that isn't a ceratium.  Also saw noctiluca & arachnodiscus which are not on the dropdown list.",2.5,1.0,1,1,1.0,1,1,,,,1.0
2025-11-14T18:30:00Z,37.5,-122.45,Present,17.0,2025-11-14T18:30:00Z,37.0,CA - Pillar Point,Dictyocha spp.,15.0,Sunny,No wind,Outgoing,,,,,"High diversity, even mix of diatom/dino with no obvious dominant type.  Saw all type of ceratium, even the one that isn't a ceratium.  Also saw noctiluca & arachnodiscus which are not on the dropdown list.",2.5,1.0,1,1,1.0,1,1,,,,1.0
2025-11-14T18:30:00Z,37.5,-122.45,Present,17.0,2025-11-14T18:30:00Z,37.0,CA - Pillar Point,Ditylum spp.,15.0,Sunny,No wind,Outgoing,,,,,"High diversity, even mix of diatom/dino with no obvious dominant type.  Saw all type of ceratium, even the one that isn't a ceratium.  Also saw noctiluca & arachnodiscus which are not on the dropdown list.",2.5,1.0,1,1,1.0,1,1,,,,1.0
2025-11-14T18:30:00Z,37.5,-122.45,Present,17.0,2025-11-14T18:30:00Z,37.0,CA - Pillar Point,Entomoneis spp.,15.0,Sunny,No wind,Outgoing,,,,,"High diversity, even mix of diatom/dino with no obvious dominant type.  Saw all type of ceratium, even the one that isn't a ceratium.  Also saw noctiluca & arachnodiscus which are not on the dropdown list.",2.5,1.0,1,1,1.0,1,1,,,,1.0
2025-11-14T18:30:00Z,37.5,-122.45,Present,17.0,2025-11-14T18:30:00Z,37.0,CA - Pillar Point,Prorocentrum spp.,15.0,Sunny,No wind,Outgoing,,,,,"High diversity, even mix of diatom/dino with no obvious dominant type.  Saw all type of ceratium, even the one that isn't a ceratium.  Also saw noctiluca & arachnodiscus which are not on the dropdown list.",2.5,1.0,1,1,1.0,1,1,,,,1.0
2025-11-14T18:30:00Z,37.5,-122.45,Present,17.0,2025-11-14T18:30:00Z,37.0,CA - Pillar Point,Akashiwo sanguinea,15.0,Sunny,No wind,Outgoing,,,,,"High diversity, even mix of diatom/dino with no obvious dominant type.  Saw all type of ceratium, even the one that isn't a ceratium.  Also saw noctiluca & arachnodiscus which are not on the dropdown list.",2.5,1.0,1,1,1.0,1,1,,,,1.0
2025-11-14T18:30:00Z,37.5,-122.45,Present,17.0,2025-11-14T18:30:00Z,37.0,CA - Pillar Point,Leptocylindrus spp.,15.0,Sunny,No wind,Outgoing,,,,,"High diversity, even mix of diatom/dino with no obvious dominant type.  Saw all type of ceratium, even the one that isn't a ceratium.  Also saw noctiluca & arachnodiscus which are not on the dropdown list.",2.5,1.0,1,1,1.0,1,1,,,,1.0
2025-11-14T18:30:00Z,37.5,-122.45,Present,17.0,2025-11-14T18:30:00Z,37.0,CA - Pillar Point,Surirella spp.,15.0,Sunny,No wind,Outgoing,,,,,"High diversity, even mix of diatom/dino with no obvious dominant type.  Saw all type of ceratium, even the one that isn't a ceratium.  Also saw noctiluca & arachnodiscus which are not on the dropdown list.",2.5,1.0,1,1,1.0,1,1,,,,1.0
2025-11-14T18:30:00Z,37.5,-122.45,Present,17.0,2025-11-14T18:30:00Z,37.0,CA - Pillar Point,Skeletonema spp.,15.0,Sunny,No wind,Outgoing,,,,,"High diversity, even mix of diatom/dino with no obvious dominant type.  Saw all type of ceratium, even the one that isn't a ceratium.  Also saw noctiluca & arachnodiscus which are not on the dropdown list.",2.5,1.0,1,1,1.0,1,1,,,,1.0
2025-11-14T18:30:00Z,37.5,-122.45,Present,17.0,2025-11-14T18:30:00Z,37.0,CA - Pillar Point,Rhizosolenia spp.,15.0,Sunny,No wind,Outgoing,,,,,"High diversity, even mix of diatom/dino with no obvious dominant type.  Saw all type of ceratium, even the one that isn't a ceratium.  Also saw noctiluca & arachnodiscus which are not on the dropdown list.",2.5,1.0,1,1,1.0,1,1,,,,1.0
2025-11-14T18:30:00Z,37.5,-122.45,Present,17.0,2025-11-14T18:30:00Z,37.0,CA - Pillar Point,Protoperidinium spp.,15.0,Sunny,No wind,Outgoing,,,,,"High diversity, even mix of diatom/dino with no obvious dominant type.  Saw all type of ceratium, even the one that isn't a ceratium.  Also saw noctiluca & arachnodiscus which are not on the dropdown list.",2.5,1.0,1,1,1.0,1,1,,,,1.0
2025-11-14T18:30:00Z,37.5,-122.45,Present,17.0,2025-11-14T18:30:00Z,37.0,CA - Pillar Point,Dinoflagellate,15.0,Sunny,No wind,Outgoing,,,,,"High diversity, even mix of diatom/dino with no obvious dominant type.  Saw all type of ceratium, even the one that isn't a ceratium.  Also saw noctiluca & arachnodiscus which are not on the dropdown list.",2.5,1.0,1,1,1.0,1,1,,,,1.0
2025-11-14T18:30:00Z,37.5,-122.45,Present,17.0,2025-11-14T18:30:00Z,37.0,CA - Pillar Point,Triceratium spp.,15.0,Sunny,No wind,Outgoing,,,,,"High diversity, even mix of diatom/dino with no obvious dominant type.  Saw all type of ceratium, even the one that isn't a ceratium.  Also saw noctiluca & arachnodiscus which are not on the dropdown list.",2.5,1.0,1,1,1.0,1,1,,,,1.0
2025-11-14T18:30:00Z,37.5,-122.45,Present,17.0,2025-11-14T18:30:00Z,37.0,CA - Pillar Point,Thalassionema spp.,15.0,Sunny,No wind,Outgoing,,,,,"High diversity, even mix of diatom/dino with no obvious dominant type.  Saw all type of ceratium, even the one that isn't a ceratium.  Also saw noctiluca & arachnodiscus which are not on the dropdown list.",2.5,1.0,1,1,1.0,1,1,,,,1.0
2025-11-14T18:30:00Z,37.5,-122.45,Present,17.0,2025-11-14T18:30:00Z,37.0,CA - Pillar Point,Pleurosigma spp.,15.0,Sunny,No wind,Outgoing,,,,,"High diversity, even mix of diatom/dino with no obvious dominant type.  Saw all type of ceratium, even the one that isn't a ceratium.  Also saw noctiluca & arachnodiscus which are not on the dropdown list.",2.5,1.0,1,1,1.0,1,1,,,,1.0
2025-11-14T18:30:00Z,37.5,-122.45,Present,17.0,2025-11-14T18:30:00Z,37.0,CA - Pillar Point,Paralia spp.,15.0,Sunny,No wind,Outgoing,,,,,"High diversity, even mix of diatom/dino with no obvious dominant type.  Saw all type of ceratium, even the one that isn't a ceratium.  Also saw noctiluca & arachnodiscus which are not on the dropdown list.",2.5,1.0,1,1,1.0,1,1,,,,1.0
2025-11-14T18:30:00Z,37.5,-122.45,Present,17.0,2025-11-14T18:30:00Z,37.0,CA - Pillar Point,Dinophysis spp.,15.0,Sunny,No wind,Outgoing,,,,,"High diversity, even mix of diatom/dino with no obvious dominant type.  Saw all type of ceratium, even the one that isn't a ceratium.  Also saw noctiluca & arachnodiscus which are not on the dropdown list.",2.5,1.0,1,1,1.0,1,1,,,,1.0
2025-11-14T18:30:00Z,37.5,-122.45,Present,17.0,2025-11-14T18:30:00Z,37.0,CA - Pillar Point,Melosira spp.,15.0,Sunny,No wind,Outgoing,,,,,"High diversity, even mix of diatom/dino with no obvious dominant type.  Saw all type of ceratium, even the one that isn't a ceratium.  Also saw noctiluca & arachnodiscus which are not on the dropdown list.",2.5,1.0,1,1,1.0,1,1,,,,1.0
2025-11-14T18:30:00Z,37.5,-122.45,Present,17.0,2025-11-14T18:30:00Z,37.0,CA - Pillar Point,Tripos furca,15.0,Sunny,No wind,Outgoing,,,,,"High diversity, even mix of diatom/dino with no obvious dominant type.  Saw all type of ceratium, even the one that isn't a ceratium.  Also saw noctiluca & arachnodiscus which are not on the dropdown list.",2.5,1.0,1,1,1.0,1,1,,,,1.0
2025-11-14T18:30:00Z,37.5,-122.45,Present,17.0,2025-11-14T18:30:00Z,37.0,CA - Pillar Point,Alexandrium spp.,15.0,Sunny,No wind,Outgoing,,,,,"High diversity, even mix of diatom/dino with no obvious dominant type.  Saw all type of ceratium, even the one that isn't a ceratium.  Also saw noctiluca & arachnodiscus which are not on the dropdown list.",2.5,1.0,1,1,1.0,1,1,,,,1.0
2025-11-14T18:30:00Z,37.5,-122.45,Present,17.0,2025-11-14T18:30:00Z,37.0,CA - Pillar Point,Stephanopyxis spp.,15.0,Sunny,No wind,Outgoing,,,,,"High diversity, even mix of diatom/dino with no obvious dominant type.  Saw all type of ceratium, even the one that isn't a ceratium.  Also saw noctiluca & arachnodiscus which are not on the dropdown list.",2.5,1.0,1,1,1.0,1,1,,,,1.0
2025-11-14T18:30:00Z,37.5,-122.45,Present,17.0,2025-11-14T18:30:00Z,37.0,CA - Pillar Point,Chaetoceros spp.,15.0,Sunny,No wind,Outgoing,,,,,"High diversity, even mix of diatom/dino with no obvious dominant type.  Saw all type of ceratium, even the one that isn't a ceratium.  Also saw noctiluca & arachnodiscus which are not on the dropdown list.",2.5,1.0,1,1,1.0,1,1,,,,1.0
2025-11-21T16:45:00Z,37.808718,-122.440152,Present,13.0,2025-11-21T16:45:00Z,31.0,CA - Wave Organ,Dinophysis spp.,14.0,Sunny,E,Incoming,,,,,,2.5,1.0,1,1,1.0,1,1,,,,1.0
2025-11-21T16:45:00Z,37.808718,-122.440152,Present,13.0,2025-11-21T16:45:00Z,31.0,CA - Wave Organ,Coscinodiscus spp.,14.0,Sunny,E,Incoming,,,,,,2.5,1.0,1,1,1.0,1,1,,,,1.0
2025-11-21T16:45:00Z,37.808718,-122.440152,Present,13.0,2025-11-21T16:45:00Z,31.0,CA - Wave Organ,Prorocentrum spp.,14.0,Sunny,E,Incoming,,,,,,2.5,1.0,1,1,1.0,1,1,,,,1.0
2025-11-21T16:45:00Z,37.808718,-122.440152,Present,13.0,2025-11-21T16:45:00Z,31.0,CA - Wave Organ,Actinoptychus spp.,14.0,Sunny,E,Incoming,,,,,,2.5,1.0,1,1,1.0,1,1,,,,1.0
2025-11-21T16:45:00Z,37.808718,-122.440152,Present,13.0,2025-11-21T16:45:00Z,31.0,CA - Wave Organ,Ditylum spp.,14.0,Sunny,E,Incoming,,,,,,2.5,1.0,1,1,1.0,1,1,,,,1.0
2025-11-21T16:45:00Z,37.808718,-122.440152,Present,13.0,2025-11-21T16:45:00Z,31.0,CA - Wave Organ,Pleurosigma spp.,14.0,Sunny,E,Incoming,,,,,,2.5,1.0,1,1,1.0,1,1,,,,1.0
2025-11-21T16:45:00Z,37.808718,-122.440152,Present,13.0,2025-11-21T16:45:00Z,31.0,CA - Wave Organ,Tripos fusus,14.0,Sunny,E,Incoming,,,,,,2.5,1.0,1,1,1.0,1,1,,,,1.0
2025-11-21T16:45:00Z,37.808718,-122.440152,Present,13.0,2025-11-21T16:45:00Z,31.0,CA - Wave Organ,Skeletonema spp.,14.0,Sunny,E,Incoming,,,,,,2.5,1.0,1,1,1.0,1,1,,,,1.0
2025-11-21T20:15:00Z,37.914092,-122.35387,Present,16.0,2025-11-21T20:15:00Z,29.0,CA - Safe Harbor Marina Bay Yacht Harbor,Chaetoceros spp.,15.0,Sunny,,Outgoing,,,,,,,1.0,1,1,1.0,1,1,,,,
2025-11-22T18:15:00Z,36.958676,-122.018278,Present,13.0,2025-11-22T18:15:00Z,34.0,CA - Santa Cruz wharf,Protoperidinium spp.,13.0,Sunny,S,Full High Tide,,,,,"Very few palnkton - mainly detritus and fecal pellets. Istmia. Pelagic cormorant, double crested cormorant, western grebe.",2.5,1.0,4,4,1.0,4,1,,,,1.0
2025-11-22T18:15:00Z,36.958676,-122.018278,Present,13.0,2025-11-22T18:15:00Z,34.0,CA - Santa Cruz wharf,Pleurosigma spp.,13.0,Sunny,S,Full High Tide,,,,,"Very few palnkton - mainly detritus and fecal pellets. Istmia. Pelagic cormorant, double crested cormorant, western grebe.",2.5,1.0,4,4,1.0,4,1,,,,1.0
2025-11-22T18:15:00Z,36.958676,-122.018278,Present,13.0,2025-11-22T18:15:00Z,34.0,CA - Santa Cruz wharf,Paralia spp.,13.0,Sunny,S,Full High Tide,,,,,"Very few palnkton - mainly detritus and fecal pellets. Istmia. Pelagic cormorant, double crested cormorant, western grebe.",2.5,1.0,4,4,1.0,4,1,,,,1.0
2025-11-22T18:15:00Z,36.958676,-122.018278,Present,13.0,2025-11-22T18:15:00Z,34.0,CA - Santa Cruz wharf,Dictyocha spp.,13.0,Sunny,S,Full High Tide,,,,,"Very few palnkton - mainly detritus and fecal pellets. Istmia. Pelagic cormorant, double crested cormorant, western grebe.",2.5,1.0,4,4,1.0,4,1,,,,1.0
2025-11-22T18:15:00Z,36.958676,-122.018278,Present,13.0,2025-11-22T18:15:00Z,34.0,CA - Santa Cruz wharf,Prorocentrum spp.,13.0,Sunny,S,Full High Tide,,,,,"Very few palnkton - mainly detritus and fecal pellets. Istmia. Pelagic cormorant, double crested cormorant, western grebe.",2.5,1.0,4,4,1.0,4,1,,,,1.0
2025-11-22T18:15:00Z,36.958676,-122.018278,Present,13.0,2025-11-22T18:15:00Z,34.0,CA - Santa Cruz wharf,Tripos furca,13.0,Sunny,S,Full High Tide,,,,,"Very few palnkton - mainly detritus and fecal pellets. Istmia. Pelagic cormorant, double crested cormorant, western grebe.",2.5,1.0,4,4,1.0,4,1,,,,1.0
2025-11-22T18:15:00Z,36.958676,-122.018278,Present,13.0,2025-11-22T18:15:00Z,34.0,CA - Santa Cruz wharf,Akashiwo sanguinea,13.0,Sunny,S,Full High Tide,,,,,"Very few palnkton - mainly detritus and fecal pellets. Istmia. Pelagic cormorant, double crested cormorant, western grebe.",2.5,1.0,4,4,1.0,4,1,,,,1.0
2025-11-22T18:15:00Z,36.958676,-122.018278,Present,13.0,2025-11-22T18:15:00Z,34.0,CA - Santa Cruz wharf,Coscinodiscus spp.,13.0,Sunny,S,Full High Tide,,,,,"Very few palnkton - mainly detritus and fecal pellets. Istmia. Pelagic cormorant, double crested cormorant, western grebe.",2.5,1.0,4,4,1.0,4,1,,,,1.0
2025-11-22T23:00:00Z,37.5,-122.45,Present,18.0,2025-11-22T23:00:00Z,37.0,CA - Pillar Point,Ditylum spp.,15.0,Sunny,N,Outgoing,,,,,"Quiet sample, with very few Dinos.  Rare to see pennates as dominant.  Lots of dead or half-eaten diatoms.",7.5,1.0,1,1,1.0,1,1,,,,1.0
2025-11-22T23:00:00Z,37.5,-122.45,Present,18.0,2025-11-22T23:00:00Z,37.0,CA - Pillar Point,Centric Diatom,15.0,Sunny,N,Outgoing,,,,,"Quiet sample, with very few Dinos.  Rare to see pennates as dominant.  Lots of dead or half-eaten diatoms.",7.5,1.0,1,1,1.0,1,1,,,,1.0
2025-11-22T23:00:00Z,37.5,-122.45,Present,18.0,2025-11-22T23:00:00Z,37.0,CA - Pillar Point,Unknown Centric Chain,15.0,Sunny,N,Outgoing,,,,,"Quiet sample, with very few Dinos.  Rare to see pennates as dominant.  Lots of dead or half-eaten diatoms.",7.5,1.0,1,1,1.0,1,1,,,,1.0
2025-11-22T23:00:00Z,37.5,-122.45,Present,18.0,2025-11-22T23:00:00Z,37.0,CA - Pillar Point,Chaetoceros spp.,15.0,Sunny,N,Outgoing,,,,,"Quiet sample, with very few Dinos.  Rare to see pennates as dominant.  Lots of dead or half-eaten diatoms.",7.5,1.0,1,1,1.0,1,1,,,,1.0
2025-11-22T23:00:00Z,37.5,-122.45,Present,18.0,2025-11-22T23:00:00Z,37.0,CA - Pillar Point,Prorocentrum spp.,15.0,Sunny,N,Outgoing,,,,,"Quiet sample, with very few Dinos.  Rare to see pennates as dominant.  Lots of dead or half-eaten diatoms.",7.5,1.0,1,1,1.0,1,1,,,,1.0
2025-11-22T23:00:00Z,37.5,-122.45,Present,18.0,2025-11-22T23:00:00Z,37.0,CA - Pillar Point,Pseudo-nitzschia spp.,15.0,Sunny,N,Outgoing,,,,,"Quiet sample, with very few Dinos.  Rare to see pennates as dominant.  Lots of dead or half-eaten diatoms.",7.5,1.0,1,1,1.0,1,1,,,,1.0
2025-11-22T23:00:00Z,37.5,-122.45,Present,18.0,2025-11-22T23:00:00Z,37.0,CA - Pillar Point,Surirella spp.,15.0,Sunny,N,Outgoing,,,,,"Quiet sample, with very few Dinos.  Rare to see pennates as dominant.  Lots of dead or half-eaten diatoms.",7.5,1.0,1,1,1.0,1,1,,,,1.0
2025-11-22T23:00:00Z,37.5,-122.45,Present,18.0,2025-11-22T23:00:00Z,37.0,CA - Pillar Point,Skeletonema spp.,15.0,Sunny,N,Outgoing,,,,,"Quiet sample, with very few Dinos.  Rare to see pennates as dominant.  Lots of dead or half-eaten diatoms.",7.5,1.0,1,1,1.0,1,1,,,,1.0
2025-11-22T23:00:00Z,37.5,-122.45,Present,18.0,2025-11-22T23:00:00Z,37.0,CA - Pillar Point,Rhizosolenia spp.,15.0,Sunny,N,Outgoing,,,,,"Quiet sample, with very few Dinos.  Rare to see pennates as dominant.  Lots of dead or half-eaten diatoms.",7.5,1.0,1,1,1.0,1,1,,,,1.0
2025-11-22T23:00:00Z,37.5,-122.45,Present,18.0,2025-11-22T23:00:00Z,37.0,CA - Pillar Point,Thalassiosira spp.,15.0,Sunny,N,Outgoing,,,,,"Quiet sample, with very few Dinos.  Rare to see pennates as dominant.  Lots of dead or half-eaten diatoms.",7.5,1.0,1,1,1.0,1,1,,,,1.0
2025-11-22T23:00:00Z,37.5,-122.45,Present,18.0,2025-11-22T23:00:00Z,37.0,CA - Pillar Point,Achnanthes spp.,15.0,Sunny,N,Outgoing,,,,,"Quiet sample, with very few Dinos.  Rare to see pennates as dominant.  Lots of dead or half-eaten diatoms.",7.5,1.0,1,1,1.0,1,1,,,,1.0
2025-11-22T23:00:00Z,37.5,-122.45,Present,18.0,2025-11-22T23:00:00Z,37.0,CA - Pillar Point,Actinoptychus spp.,15.0,Sunny,N,Outgoing,,,,,"Quiet sample, with very few Dinos.  Rare to see pennates as dominant.  Lots of dead or half-eaten diatoms.",7.5,1.0,1,1,1.0,1,1,,,,1.0
2025-11-22T23:00:00Z,37.5,-122.45,Present,18.0,2025-11-22T23:00:00Z,37.0,CA - Pillar Point,Asteromphalus,15.0,Sunny,N,Outgoing,,,,,"Quiet sample, with very few Dinos.  Rare to see pennates as dominant.  Lots of dead or half-eaten diatoms.",7.5,1.0,1,1,1.0,1,1,,,,1.0
2025-11-22T23:00:00Z,37.5,-122.45,Present,18.0,2025-11-22T23:00:00Z,37.0,CA - Pillar Point,Pleurosigma spp.,15.0,Sunny,N,Outgoing,,,,,"Quiet sample, with very few Dinos.  Rare to see pennates as dominant.  Lots of dead or half-eaten diatoms.",7.5,1.0,1,1,1.0,1,1,,,,1.0
2025-11-22T23:00:00Z,37.5,-122.45,Present,18.0,2025-11-22T23:00:00Z,37.0,CA - Pillar Point,Bacillaria spp.,15.0,Sunny,N,Outgoing,,,,,"Quiet sample, with very few Dinos.  Rare to see pennates as dominant.  Lots of dead or half-eaten diatoms.",7.5,1.0,1,1,1.0,1,1,,,,1.0
2025-11-22T23:00:00Z,37.5,-122.45,Present,18.0,2025-11-22T23:00:00Z,37.0,CA - Pillar Point,Paralia spp.,15.0,Sunny,N,Outgoing,,,,,"Quiet sample, with very few Dinos.  Rare to see pennates as dominant.  Lots of dead or half-eaten diatoms.",7.5,1.0,1,1,1.0,1,1,,,,1.0
2025-11-22T23:00:00Z,37.5,-122.45,Present,18.0,2025-11-22T23:00:00Z,37.0,CA - Pillar Point,Odontella spp.,15.0,Sunny,N,Outgoing,,,,,"Quiet sample, with very few Dinos.  Rare to see pennates as dominant.  Lots of dead or half-eaten diatoms.",7.5,1.0,1,1,1.0,1,1,,,,1.0
2025-11-22T23:00:00Z,37.5,-122.45,Present,18.0,2025-11-22T23:00:00Z,37.0,CA - Pillar Point,Navicula spp.,15.0,Sunny,N,Outgoing,,,,,"Quiet sample, with very few Dinos.  Rare to see pennates as dominant.  Lots of dead or half-eaten diatoms.",7.5,1.0,1,1,1.0,1,1,,,,1.0
2025-11-22T23:00:00Z,37.5,-122.45,Present,18.0,2025-11-22T23:00:00Z,37.0,CA - Pillar Point,Biddulphia spp.,15.0,Sunny,N,Outgoing,,,,,"Quiet sample, with very few Dinos.  Rare to see pennates as dominant.  Lots of dead or half-eaten diatoms.",7.5,1.0,1,1,1.0,1,1,,,,1.0
2025-11-22T23:00:00Z,37.5,-122.45,Present,18.0,2025-11-22T23:00:00Z,37.0,CA - Pillar Point,Coscinodiscus spp.,15.0,Sunny,N,Outgoing,,,,,"Quiet sample, with very few Dinos.  Rare to see pennates as dominant.  Lots of dead or half-eaten diatoms.",7.5,1.0,1,1,1.0,1,1,,,,1.0
2025-11-22T23:00:00Z,37.5,-122.45,Present,18.0,2025-11-22T23:00:00Z,37.0,CA - Pillar Point,Cylindrotheca spp.,15.0,Sunny,N,Outgoing,,,,,"Quiet sample, with very few Dinos.  Rare to see pennates as dominant.  Lots of dead or half-eaten diatoms.",7.5,1.0,1,1,1.0,1,1,,,,1.0
2025-11-22T23:00:00Z,37.5,-122.45,Present,18.0,2025-11-22T23:00:00Z,37.0,CA - Pillar Point,Dactyliosolen spp.,15.0,Sunny,N,Outgoing,,,,,"Quiet sample, with very few Dinos.  Rare to see pennates as dominant.  Lots of dead or half-eaten diatoms.",7.5,1.0,1,1,1.0,1,1,,,,1.0
2025-11-22T23:00:00Z,37.5,-122.45,Present,18.0,2025-11-22T23:00:00Z,37.0,CA - Pillar Point,Melosira spp.,15.0,Sunny,N,Outgoing,,,,,"Quiet sample, with very few Dinos.  Rare to see pennates as dominant.  Lots of dead or half-eaten diatoms.",7.5,1.0,1,1,1.0,1,1,,,,1.0
2025-11-22T23:00:00Z,37.5,-122.45,Present,18.0,2025-11-22T23:00:00Z,37.0,CA - Pillar Point,Tripos furca,15.0,Sunny,N,Outgoing,,,,,"Quiet sample, with very few Dinos.  Rare to see pennates as dominant.  Lots of dead or half-eaten diatoms.",7.5,1.0,1,1,1.0,1,1,,,,1.0
2025-12-02T01:00:00Z,37.5,-122.45,Present,13.0,2025-12-02T01:00:00Z,37.0,CA - Pillar Point,Rhizosolenia spp.,14.0,Sunny,No wind,Incoming,,,,,"Mostly dinoflagellates -- heterocapsa, prorocentrum.   Diverse diatoms, though not so many.",2.5,1.0,1,1,1.0,1,1,,,,1.0
2025-12-02T01:00:00Z,37.5,-122.45,Present,13.0,2025-12-02T01:00:00Z,37.0,CA - Pillar Point,Ditylum spp.,14.0,Sunny,No wind,Incoming,,,,,"Mostly dinoflagellates -- heterocapsa, prorocentrum.   Diverse diatoms, though not so many.",2.5,1.0,1,1,1.0,1,1,,,,1.0
2025-12-02T01:00:00Z,37.5,-122.45,Present,13.0,2025-12-02T01:00:00Z,37.0,CA - Pillar Point,Thalassiosira spp.,14.0,Sunny,No wind,Incoming,,,,,"Mostly dinoflagellates -- heterocapsa, prorocentrum.   Diverse diatoms, though not so many.",2.5,1.0,1,1,1.0,1,1,,,,1.0
2025-12-02T01:00:00Z,37.5,-122.45,Present,13.0,2025-12-02T01:00:00Z,37.0,CA - Pillar Point,Asterionellopsis spp.,14.0,Sunny,No wind,Incoming,,,,,"Mostly dinoflagellates -- heterocapsa, prorocentrum.   Diverse diatoms, though not so many.",2.5,1.0,1,1,1.0,1,1,,,,1.0
2025-12-02T01:00:00Z,37.5,-122.45,Present,13.0,2025-12-02T01:00:00Z,37.0,CA - Pillar Point,Coscinodiscus spp.,14.0,Sunny,No wind,Incoming,,,,,"Mostly dinoflagellates -- heterocapsa, prorocentrum.   Diverse diatoms, though not so many.",2.5,1.0,1,1,1.0,1,1,,,,1.0
2025-12-02T01:00:00Z,37.5,-122.45,Present,13.0,2025-12-02T01:00:00Z,37.0,CA - Pillar Point,Cylindrotheca spp.,14.0,Sunny,No wind,Incoming,,,,,"Mostly dinoflagellates -- heterocapsa, prorocentrum.   Diverse diatoms, though not so many.",2.5,1.0,1,1,1.0,1,1,,,,1.0
2025-12-02T01:00:00Z,37.5,-122.45,Present,13.0,2025-12-02T01:00:00Z,37.0,CA - Pillar Point,Prorocentrum spp.,14.0,Sunny,No wind,Incoming,,,,,"Mostly dinoflagellates -- heterocapsa, prorocentrum.   Diverse diatoms, though not so many.",2.5,1.0,1,1,1.0,1,1,,,,1.0
2025-12-02T01:00:00Z,37.5,-122.45,Present,13.0,2025-12-02T01:00:00Z,37.0,CA - Pillar Point,Lioloma spp.,14.0,Sunny,No wind,Incoming,,,,,"Mostly dinoflagellates -- heterocapsa, prorocentrum.   Diverse diatoms, though not so many.",2.5,1.0,1,1,1.0,1,1,,,,1.0
2025-12-02T01:00:00Z,37.5,-122.45,Present,13.0,2025-12-02T01:00:00Z,37.0,CA - Pillar Point,Odontella spp.,14.0,Sunny,No wind,Incoming,,,,,"Mostly dinoflagellates -- heterocapsa, prorocentrum.   Diverse diatoms, though not so many.",2.5,1.0,1,1,1.0,1,1,,,,1.0
2025-12-02T01:00:00Z,37.5,-122.45,Present,13.0,2025-12-02T01:00:00Z,37.0,CA - Pillar Point,Pleurosigma spp.,14.0,Sunny,No wind,Incoming,,,,,"Mostly dinoflagellates -- heterocapsa, prorocentrum.   Diverse diatoms, though not so many.",2.5,1.0,1,1,1.0,1,1,,,,1.0
2025-12-02T01:00:00Z,37.5,-122.45,Present,13.0,2025-12-02T01:00:00Z,37.0,CA - Pillar Point,Pseudo-nitzschia spp.,14.0,Sunny,No wind,Incoming,,,,,"Mostly dinoflagellates -- heterocapsa, prorocentrum.   Diverse diatoms, though not so many.",2.5,1.0,1,1,1.0,1,1,,,,1.0
2025-12-02T01:00:00Z,37.5,-122.45,Present,13.0,2025-12-02T01:00:00Z,37.0,CA - Pillar Point,Chaetoceros spp.,14.0,Sunny,No wind,Incoming,,,,,"Mostly dinoflagellates -- heterocapsa, prorocentrum.   Diverse diatoms, though not so many.",2.5,1.0,1,1,1.0,1,1,,,,1.0
2025-12-02T01:00:00Z,37.5,-122.45,Present,13.0,2025-12-02T01:00:00Z,37.0,CA - Pillar Point,Tripos furca,14.0,Sunny,No wind,Incoming,,,,,"Mostly dinoflagellates -- heterocapsa, prorocentrum.   Diverse diatoms, though not so many.",2.5,1.0,1,1,1.0,1,1,,,,1.0
2025-12-02T01:00:00Z,37.5,-122.45,Present,13.0,2025-12-02T01:00:00Z,37.0,CA - Pillar Point,Akashiwo sanguinea,14.0,Sunny,No wind,Incoming,,,,,"Mostly dinoflagellates -- heterocapsa, prorocentrum.   Diverse diatoms, though not so many.",2.5,1.0,1,1,1.0,1,1,,,,1.0
2025-12-02T01:00:00Z,37.5,-122.45,Present,13.0,2025-12-02T01:00:00Z,37.0,CA - Pillar Point,Protoperidinium spp.,14.0,Sunny,No wind,Incoming,,,,,"Mostly dinoflagellates -- heterocapsa, prorocentrum.   Diverse diatoms, though not so many.",2.5,1.0,1,1,1.0,1,1,,,,1.0
2025-12-02T01:00:00Z,37.5,-122.45,Present,13.0,2025-12-02T01:00:00Z,37.0,CA - Pillar Point,Tropidoneis spp.,14.0,Sunny,No wind,Incoming,,,,,"Mostly dinoflagellates -- heterocapsa, prorocentrum.   Diverse diatoms, though not so many.",2.5,1.0,1,1,1.0,1,1,,,,1.0
2025-12-02T01:00:00Z,37.5,-122.45,Present,13.0,2025-12-02T01:00:00Z,37.0,CA - Pillar Point,Thalassionema spp.,14.0,Sunny,No wind,Incoming,,,,,"Mostly dinoflagellates -- heterocapsa, prorocentrum.   Diverse diatoms, though not so many.",2.5,1.0,1,1,1.0,1,1,,,,1.0
2025-12-02T01:00:00Z,37.5,-122.45,Present,13.0,2025-12-02T01:00:00Z,37.0,CA - Pillar Point,Skeletonema spp.,14.0,Sunny,No wind,Incoming,,,,,"Mostly dinoflagellates -- heterocapsa, prorocentrum.   Diverse diatoms, though not so many.",2.5,1.0,1,1,1.0,1,1,,,,1.0
2025-12-02T01:00:00Z,37.5,-122.45,Present,13.0,2025-12-02T01:00:00Z,37.0,CA - Pillar Point,Dinophysis spp.,14.0,Sunny,No wind,Incoming,,,,,"Mostly dinoflagellates -- heterocapsa, prorocentrum.   Diverse diatoms, though not so many.",2.5,1.0,1,1,1.0,1,1,,,,1.0
2025-12-05T18:30:00Z,37.808718,-122.440152,Present,9.0,2025-12-05T18:30:00Z,31.0,CA - Wave Organ,Tripos furca,12.0,Sunny,N,Full High Tide,,,,,,22.5,1.0,1,1,1.0,1,1,,,,1.0
2025-12-05T18:30:00Z,37.808718,-122.440152,Present,9.0,2025-12-05T18:30:00Z,31.0,CA - Wave Organ,Ditylum spp.,12.0,Sunny,N,Full High Tide,,,,,,22.5,1.0,1,1,1.0,1,1,,,,1.0
2025-12-05T18:30:00Z,37.808718,-122.440152,Present,9.0,2025-12-05T18:30:00Z,31.0,CA - Wave Organ,Coscinodiscus spp.,12.0,Sunny,N,Full High Tide,,,,,,22.5,1.0,1,1,1.0,1,1,,,,1.0
2025-12-05T18:30:00Z,37.808718,-122.440152,Present,9.0,2025-12-05T18:30:00Z,31.0,CA - Wave Organ,Protoperidinium spp.,12.0,Sunny,N,Full High Tide,,,,,,22.5,1.0,1,1,1.0,1,1,,,,1.0
2025-12-05T18:30:00Z,37.808718,-122.440152,Present,9.0,2025-12-05T18:30:00Z,31.0,CA - Wave Organ,Prorocentrum spp.,12.0,Sunny,N,Full High Tide,,,,,,22.5,1.0,1,1,1.0,1,1,,,,1.0
2025-12-05T18:30:00Z,37.808718,-122.440152,Present,9.0,2025-12-05T18:30:00Z,31.0,CA - Wave Organ,Dinophysis spp.,12.0,Sunny,N,Full High Tide,,,,,,22.5,1.0,1,1,1.0,1,1,,,,1.0
2025-12-08T00:15:00Z,37.5,-122.45,Present,16.0,2025-12-08T00:15:00Z,37.0,CA - Pillar Point,Chaetoceros spp.,14.0,Sunny,N,Outgoing,,,,,"Not a lot of cells overall.  Most common species chaetoceros, followed by coscinodiscus.  Surprisingly few Dinos, and first time this Fall with no prorocentrum.",2.5,1.0,1,1,1.0,1,1,,,,1.0
2025-12-08T00:15:00Z,37.5,-122.45,Present,16.0,2025-12-08T00:15:00Z,37.0,CA - Pillar Point,Cylindrotheca spp.,14.0,Sunny,N,Outgoing,,,,,"Not a lot of cells overall.  Most common species chaetoceros, followed by coscinodiscus.  Surprisingly few Dinos, and first time this Fall with no prorocentrum.",2.5,1.0,1,1,1.0,1,1,,,,1.0
2025-12-08T00:15:00Z,37.5,-122.45,Present,16.0,2025-12-08T00:15:00Z,37.0,CA - Pillar Point,Dinophysis spp.,14.0,Sunny,N,Outgoing,,,,,"Not a lot of cells overall.  Most common species chaetoceros, followed by coscinodiscus.  Surprisingly few Dinos, and first time this Fall with no prorocentrum.",2.5,1.0,1,1,1.0,1,1,,,,1.0
2025-12-08T00:15:00Z,37.5,-122.45,Present,16.0,2025-12-08T00:15:00Z,37.0,CA - Pillar Point,Pseudo-nitzschia spp.,14.0,Sunny,N,Outgoing,,,,,"Not a lot of cells overall.  Most common species chaetoceros, followed by coscinodiscus.  Surprisingly few Dinos, and first time this Fall with no prorocentrum.",2.5,1.0,1,1,1.0,1,1,,,,1.0
2025-12-08T00:15:00Z,37.5,-122.45,Present,16.0,2025-12-08T00:15:00Z,37.0,CA - Pillar Point,Thalassiosira spp.,14.0,Sunny,N,Outgoing,,,,,"Not a lot of cells overall.  Most common species chaetoceros, followed by coscinodiscus.  Surprisingly few Dinos, and first time this Fall with no prorocentrum.",2.5,1.0,1,1,1.0,1,1,,,,1.0
2025-12-08T00:15:00Z,37.5,-122.45,Present,16.0,2025-12-08T00:15:00Z,37.0,CA - Pillar Point,Actinoptychus spp.,14.0,Sunny,N,Outgoing,,,,,"Not a lot of cells overall.  Most common species chaetoceros, followed by coscinodiscus.  Surprisingly few Dinos, and first time this Fall with no prorocentrum.",2.5,1.0,1,1,1.0,1,1,,,,1.0
2025-12-08T00:15:00Z,37.5,-122.45,Present,16.0,2025-12-08T00:15:00Z,37.0,CA - Pillar Point,Coscinodiscus spp.,14.0,Sunny,N,Outgoing,,,,,"Not a lot of cells overall.  Most common species chaetoceros, followed by coscinodiscus.  Surprisingly few Dinos, and first time this Fall with no prorocentrum.",2.5,1.0,1,1,1.0,1,1,,,,1.0
2025-12-08T00:15:00Z,37.5,-122.45,Present,16.0,2025-12-08T00:15:00Z,37.0,CA - Pillar Point,Detonula spp.,14.0,Sunny,N,Outgoing,,,,,"Not a lot of cells overall.  Most common species chaetoceros, followed by coscinodiscus.  Surprisingly few Dinos, and first time this Fall with no prorocentrum.",2.5,1.0,1,1,1.0,1,1,,,,1.0
2025-12-08T00:15:00Z,37.5,-122.45,Present,16.0,2025-12-08T00:15:00Z,37.0,CA - Pillar Point,Cerataulina spp.,14.0,Sunny,N,Outgoing,,,,,"Not a lot of cells overall.  Most common species chaetoceros, followed by coscinodiscus.  Surprisingly few Dinos, and first time this Fall with no prorocentrum.",2.5,1.0,1,1,1.0,1,1,,,,1.0
2025-12-08T00:15:00Z,37.5,-122.45,Present,16.0,2025-12-08T00:15:00Z,37.0,CA - Pillar Point,Eucampia spp.,14.0,Sunny,N,Outgoing,,,,,"Not a lot of cells overall.  Most common species chaetoceros, followed by coscinodiscus.  Surprisingly few Dinos, and first time this Fall with no prorocentrum.",2.5,1.0,1,1,1.0,1,1,,,,1.0
2025-12-08T00:15:00Z,37.5,-122.45,Present,16.0,2025-12-08T00:15:00Z,37.0,CA - Pillar Point,Dinoflagellate,14.0,Sunny,N,Outgoing,,,,,"Not a lot of cells overall.  Most common species chaetoceros, followed by coscinodiscus.  Surprisingly few Dinos, and first time this Fall with no prorocentrum.",2.5,1.0,1,1,1.0,1,1,,,,1.0
2025-12-08T00:15:00Z,37.5,-122.45,Present,16.0,2025-12-08T00:15:00Z,37.0,CA - Pillar Point,Thalassionema spp.,14.0,Sunny,N,Outgoing,,,,,"Not a lot of cells overall.  Most common species chaetoceros, followed by coscinodiscus.  Surprisingly few Dinos, and first time this Fall with no prorocentrum.",2.5,1.0,1,1,1.0,1,1,,,,1.0
2025-12-08T00:15:00Z,37.5,-122.45,Present,16.0,2025-12-08T00:15:00Z,37.0,CA - Pillar Point,Ditylum spp.,14.0,Sunny,N,Outgoing,,,,,"Not a lot of cells overall.  Most common species chaetoceros, followed by coscinodiscus.  Surprisingly few Dinos, and first time this Fall with no prorocentrum.",2.5,1.0,1,1,1.0,1,1,,,,1.0
2025-12-08T00:15:00Z,37.5,-122.45,Present,16.0,2025-12-08T00:15:00Z,37.0,CA - Pillar Point,Rhizosolenia spp.,14.0,Sunny,N,Outgoing,,,,,"Not a lot of cells overall.  Most common species chaetoceros, followed by coscinodiscus.  Surprisingly few Dinos, and first time this Fall with no prorocentrum.",2.5,1.0,1,1,1.0,1,1,,,,1.0
2025-12-08T00:15:00Z,37.5,-122.45,Present,16.0,2025-12-08T00:15:00Z,37.0,CA - Pillar Point,Protoperidinium spp.,14.0,Sunny,N,Outgoing,,,,,"Not a lot of cells overall.  Most common species chaetoceros, followed by coscinodiscus.  Surprisingly few Dinos, and first time this Fall with no prorocentrum.",2.5,1.0,1,1,1.0,1,1,,,,1.0
2025-12-08T00:15:00Z,37.5,-122.45,Present,16.0,2025-12-08T00:15:00Z,37.0,CA - Pillar Point,Stephanopyxis spp.,14.0,Sunny,N,Outgoing,,,,,"Not a lot of cells overall.  Most common species chaetoceros, followed by coscinodiscus.  Surprisingly few Dinos, and first time this Fall with no prorocentrum.",2.5,1.0,1,1,1.0,1,1,,,,1.0
2025-12-08T00:15:00Z,37.5,-122.45,Present,16.0,2025-12-08T00:15:00Z,37.0,CA - Pillar Point,Odontella spp.,14.0,Sunny,N,Outgoing,,,,,"Not a lot of cells overall.  Most common species chaetoceros, followed by coscinodiscus.  Surprisingly few Dinos, and first time this Fall with no prorocentrum.",2.5,1.0,1,1,1.0,1,1,,,,1.0
2025-12-08T00:15:00Z,37.5,-122.45,Present,16.0,2025-12-08T00:15:00Z,37.0,CA - Pillar Point,Lioloma spp.,14.0,Sunny,N,Outgoing,,,,,"Not a lot of cells overall.  Most common species chaetoceros, followed by coscinodiscus.  Surprisingly few Dinos, and first time this Fall with no prorocentrum.",2.5,1.0,1,1,1.0,1,1,,,,1.0
2025-12-08T00:15:00Z,37.5,-122.45,Present,16.0,2025-12-08T00:15:00Z,37.0,CA - Pillar Point,Lauderia spp.,14.0,Sunny,N,Outgoing,,,,,"Not a lot of cells overall.  Most common species chaetoceros, followed by coscinodiscus.  Surprisingly few Dinos, and first time this Fall with no prorocentrum.",2.5,1.0,1,1,1.0,1,1,,,,1.0
2025-12-08T00:15:00Z,37.5,-122.45,Present,16.0,2025-12-08T00:15:00Z,37.0,CA - Pillar Point,Pleurosigma spp.,14.0,Sunny,N,Outgoing,,,,,"Not a lot of cells overall.  Most common species chaetoceros, followed by coscinodiscus.  Surprisingly few Dinos, and first time this Fall with no prorocentrum.",2.5,1.0,1,1,1.0,1,1,,,,1.0
2025-12-08T00:15:00Z,37.5,-122.45,Present,16.0,2025-12-08T00:15:00Z,37.0,CA - Pillar Point,Skeletonema spp.,14.0,Sunny,N,Outgoing,,,,,"Not a lot of cells overall.  Most common species chaetoceros, followed by coscinodiscus.  Surprisingly few Dinos, and first time this Fall with no prorocentrum.",2.5,1.0,1,1,1.0,1,1,,,,1.0
2025-12-12T21:30:00Z,37.914092,-122.35387,Present,18.0,2025-12-12T21:30:00Z,30.0,CA - Safe Harbor Marina Bay Yacht Harbor,Chaetoceros spp.,12.0,Sunny,,Incoming,,,,,,,1.0,1,1,1.0,1,1,,,,
2025-12-18T18:45:00Z,36.958676,-122.018278,Present,14.0,2025-12-18T18:45:00Z,34.0,CA - Santa Cruz wharf,Lithodesmium spp.,14.0,Partly Cloudy,SW,Outgoing,,,,,"Sparse sample with Margalefidinium dominant. Boreadinium. Few birds, pelagic cormorant.",2.5,1.0,4,4,1.0,4,1,,,,1.0
2025-12-18T18:45:00Z,36.958676,-122.018278,Present,14.0,2025-12-18T18:45:00Z,34.0,CA - Santa Cruz wharf,Pleurosigma spp.,14.0,Partly Cloudy,SW,Outgoing,,,,,"Sparse sample with Margalefidinium dominant. Boreadinium. Few birds, pelagic cormorant.",2.5,1.0,4,4,1.0,4,1,,,,1.0
2025-12-18T18:45:00Z,36.958676,-122.018278,Present,14.0,2025-12-18T18:45:00Z,34.0,CA - Santa Cruz wharf,Protoperidinium spp.,14.0,Partly Cloudy,SW,Outgoing,,,,,"Sparse sample with Margalefidinium dominant. Boreadinium. Few birds, pelagic cormorant.",2.5,1.0,4,4,1.0,4,1,,,,1.0
2025-12-18T18:45:00Z,36.958676,-122.018278,Present,14.0,2025-12-18T18:45:00Z,34.0,CA - Santa Cruz wharf,Rhizosolenia spp.,14.0,Partly Cloudy,SW,Outgoing,,,,,"Sparse sample with Margalefidinium dominant. Boreadinium. Few birds, pelagic cormorant.",2.5,1.0,4,4,1.0,4,1,,,,1.0
2025-12-18T18:45:00Z,36.958676,-122.018278,Present,14.0,2025-12-18T18:45:00Z,34.0,CA - Santa Cruz wharf,Dinophysis spp.,14.0,Partly Cloudy,SW,Outgoing,,,,,"Sparse sample with Margalefidinium dominant. Boreadinium. Few birds, pelagic cormorant.",2.5,1.0,4,4,1.0,4,1,,,,1.0
2025-12-18T18:45:00Z,36.958676,-122.018278,Present,14.0,2025-12-18T18:45:00Z,34.0,CA - Santa Cruz wharf,Chaetoceros spp.,14.0,Partly Cloudy,SW,Outgoing,,,,,"Sparse sample with Margalefidinium dominant. Boreadinium. Few birds, pelagic cormorant.",2.5,1.0,4,4,1.0,4,1,,,,1.0
2025-12-18T18:45:00Z,36.958676,-122.018278,Present,14.0,2025-12-18T18:45:00Z,34.0,CA - Santa Cruz wharf,Tripos furca,14.0,Partly Cloudy,SW,Outgoing,,,,,"Sparse sample with Margalefidinium dominant. Boreadinium. Few birds, pelagic cormorant.",2.5,1.0,4,4,1.0,4,1,,,,1.0
2025-12-18T18:45:00Z,36.958676,-122.018278,Present,14.0,2025-12-18T18:45:00Z,34.0,CA - Santa Cruz wharf,Paralia spp.,14.0,Partly Cloudy,SW,Outgoing,,,,,"Sparse sample with Margalefidinium dominant. Boreadinium. Few birds, pelagic cormorant.",2.5,1.0,4,4,1.0,4,1,,,,1.0
2025-12-18T18:45:00Z,36.958676,-122.018278,Present,14.0,2025-12-18T18:45:00Z,34.0,CA - Santa Cruz wharf,Navicula spp.,14.0,Partly Cloudy,SW,Outgoing,,,,,"Sparse sample with Margalefidinium dominant. Boreadinium. Few birds, pelagic cormorant.",2.5,1.0,4,4,1.0,4,1,,,,1.0
2025-12-18T18:45:00Z,36.958676,-122.018278,Present,14.0,2025-12-18T18:45:00Z,34.0,CA - Santa Cruz wharf,Akashiwo sanguinea,14.0,Partly Cloudy,SW,Outgoing,,,,,"Sparse sample with Margalefidinium dominant. Boreadinium. Few birds, pelagic cormorant.",2.5,1.0,4,4,1.0,4,1,,,,1.0
2025-12-18T18:45:00Z,36.958676,-122.018278,Present,14.0,2025-12-18T18:45:00Z,34.0,CA - Santa Cruz wharf,Licmophora spp.,14.0,Partly Cloudy,SW,Outgoing,,,,,"Sparse sample with Margalefidinium dominant. Boreadinium. Few birds, pelagic cormorant.",2.5,1.0,4,4,1.0,4,1,,,,1.0
2025-12-18T18:45:00Z,36.958676,-122.018278,Present,14.0,2025-12-18T18:45:00Z,34.0,CA - Santa Cruz wharf,Ditylum spp.,14.0,Partly Cloudy,SW,Outgoing,,,,,"Sparse sample with Margalefidinium dominant. Boreadinium. Few birds, pelagic cormorant.",2.5,1.0,4,4,1.0,4,1,,,,1.0
2025-12-18T18:45:00Z,36.958676,-122.018278,Present,14.0,2025-12-18T18:45:00Z,34.0,CA - Santa Cruz wharf,Lingulodinium spp.,14.0,Partly Cloudy,SW,Outgoing,,,,,"Sparse sample with Margalefidinium dominant. Boreadinium. Few birds, pelagic cormorant.",2.5,1.0,4,4,1.0,4,1,,,,1.0
2025-12-18T18:45:00Z,36.958676,-122.018278,Present,14.0,2025-12-18T18:45:00Z,34.0,CA - Santa Cruz wharf,Prorocentrum spp.,14.0,Partly Cloudy,SW,Outgoing,,,,,"Sparse sample with Margalefidinium dominant. Boreadinium. Few birds, pelagic cormorant.",2.5,1.0,4,4,1.0,4,1,,,,1.0
2025-12-18T18:45:00Z,36.958676,-122.018278,Present,14.0,2025-12-18T18:45:00Z,34.0,CA - Santa Cruz wharf,Pseudo-nitzschia spp.,14.0,Partly Cloudy,SW,Outgoing,,,,,"Sparse sample with Margalefidinium dominant. Boreadinium. Few birds, pelagic cormorant.",2.5,1.0,4,4,1.0,4,1,,,,1.0
2025-12-18T18:45:00Z,36.958676,-122.018278,Present,14.0,2025-12-18T18:45:00Z,34.0,CA - Santa Cruz wharf,Actinoptychus spp.,14.0,Partly Cloudy,SW,Outgoing,,,,,"Sparse sample with Margalefidinium dominant. Boreadinium. Few birds, pelagic cormorant.",2.5,1.0,4,4,1.0,4,1,,,,1.0
2025-12-18T18:45:00Z,36.958676,-122.018278,Present,14.0,2025-12-18T18:45:00Z,34.0,CA - Santa Cruz wharf,Detonula spp.,14.0,Partly Cloudy,SW,Outgoing,,,,,"Sparse sample with Margalefidinium dominant. Boreadinium. Few birds, pelagic cormorant.",2.5,1.0,4,4,1.0,4,1,,,,1.0
2025-12-19T19:30:00Z,37.808718,-122.440152,Present,15.0,2025-12-19T19:30:00Z,31.0,CA - Wave Organ,Cerataulina spp.,12.0,Cloudy,W,Outgoing,,,,,,17.5,1.0,1,1,1.0,1,1,,,,1.0
2025-12-19T19:30:00Z,37.808718,-122.440152,Present,15.0,2025-12-19T19:30:00Z,31.0,CA - Wave Organ,Prorocentrum spp.,12.0,Cloudy,W,Outgoing,,,,,,17.5,1.0,1,1,1.0,1,1,,,,1.0
2025-12-19T19:30:00Z,37.808718,-122.440152,Present,15.0,2025-12-19T19:30:00Z,31.0,CA - Wave Organ,Coscinodiscus spp.,12.0,Cloudy,W,Outgoing,,,,,,17.5,1.0,1,1,1.0,1,1,,,,1.0
2025-12-19T19:30:00Z,37.808718,-122.440152,Present,15.0,2025-12-19T19:30:00Z,31.0,CA - Wave Organ,Thalassiosira spp.,12.0,Cloudy,W,Outgoing,,,,,,17.5,1.0,1,1,1.0,1,1,,,,1.0
2025-12-19T19:30:00Z,37.808718,-122.440152,Present,15.0,2025-12-19T19:30:00Z,31.0,CA - Wave Organ,Oxyphysis spp.,12.0,Cloudy,W,Outgoing,,,,,,17.5,1.0,1,1,1.0,1,1,,,,1.0
2025-12-19T19:30:00Z,37.808718,-122.440152,Present,15.0,2025-12-19T19:30:00Z,31.0,CA - Wave Organ,Pleurosigma spp.,12.0,Cloudy,W,Outgoing,,,,,,17.5,1.0,1,1,1.0,1,1,,,,1.0
2025-12-19T19:30:00Z,37.808718,-122.440152,Present,15.0,2025-12-19T19:30:00Z,31.0,CA - Wave Organ,Navicula spp.,12.0,Cloudy,W,Outgoing,,,,,,17.5,1.0,1,1,1.0,1,1,,,,1.0
2025-12-19T19:30:00Z,37.808718,-122.440152,Present,15.0,2025-12-19T19:30:00Z,31.0,CA - Wave Organ,Akashiwo sanguinea,12.0,Cloudy,W,Outgoing,,,,,,17.5,1.0,1,1,1.0,1,1,,,,1.0
2025-12-19T19:30:00Z,37.808718,-122.440152,Present,15.0,2025-12-19T19:30:00Z,31.0,CA - Wave Organ,Skeletonema spp.,12.0,Cloudy,W,Outgoing,,,,,,17.5,1.0,1,1,1.0,1,1,,,,1.0
2025-12-19T19:30:00Z,37.808718,-122.440152,Present,15.0,2025-12-19T19:30:00Z,31.0,CA - Wave Organ,Ditylum spp.,12.0,Cloudy,W,Outgoing,,,,,,17.5,1.0,1,1,1.0,1,1,,,,1.0
2025-12-19T21:15:00Z,36.96396,-122.00256,Present,16.0,2025-12-19T21:15:00Z,35.0,"CA - CA947, Santa Cruz Harbor",Pseudo-nitzschia spp.,15.0,Cloudy,S,Outgoing,,,,,,2.5,1.0,1,1,1.0,1,1,,,,1.0
2025-12-19T21:15:00Z,36.96396,-122.00256,Present,16.0,2025-12-19T21:15:00Z,35.0,"CA - CA947, Santa Cruz Harbor",Tripos furca,15.0,Cloudy,S,Outgoing,,,,,,2.5,1.0,1,1,1.0,1,1,,,,1.0
2025-12-19T21:15:00Z,36.96396,-122.00256,Present,16.0,2025-12-19T21:15:00Z,35.0,"CA - CA947, Santa Cruz Harbor",Chaetoceros spp.,15.0,Cloudy,S,Outgoing,,,,,,2.5,1.0,1,1,1.0,1,1,,,,1.0
2025-12-19T21:15:00Z,36.96396,-122.00256,Present,16.0,2025-12-19T21:15:00Z,35.0,"CA - CA947, Santa Cruz Harbor",Entomoneis spp.,15.0,Cloudy,S,Outgoing,,,,,,2.5,1.0,1,1,1.0,1,1,,,,1.0
2025-12-19T21:15:00Z,36.96396,-122.00256,Present,16.0,2025-12-19T21:15:00Z,35.0,"CA - CA947, Santa Cruz Harbor",Akashiwo sanguinea,15.0,Cloudy,S,Outgoing,,,,,,2.5,1.0,1,1,1.0,1,1,,,,1.0
